Track name,Artist name,Album,Playlist name,Type,ISRC,Spotify - id
"Kalorier & kokain","Hov1","Jag önskar jag brydde mig mer... men det gör jag egentligen","Swedish","Playlist","SE7N92400014","4GVknQFMoAQiih18N9itGG"
"Nåt i vattnet","Hov1","Nåt i vattnet","Swedish","Playlist","SEUM72201376","7dIHE7NhkIDUAKDPOtjLGa"
"Försent","Hov1","Jag önskar jag brydde mig mer... men det gör jag egentligen","Swedish","Playlist","SE7N92400006","1U49LNwMAgAwlLMQxeqWL6"
"Vi sitter i Ventrilo och Spelar DotA","Basshunter","DotA","Swedish","Playlist","SEPQA0650981","29BLha9wij5tpUtoOpxy49"
"Gamora","Hov1","Barn av vår tid","Swedish","Playlist","SEUM72100196","2Gd0oV24QsH0zb9nKFx7s5"
"Kärleken väntar","kent","Vapen & ammunition","Swedish","Playlist","SEBMC0219060","6jvqpOz4CrGUIk7d5iaI7i"
"Främling","Carola","Främling 25 år","Swedish","Playlist","SEBMI8351010","17zFOtbuquEAAxSttpfWWl"
"Jag kommer","Veronica Maggio","Satan i gatan (Bonus Version)","Swedish","Playlist","SEUM71100165","5M2y8QdDepGYMsWyxhoxQU"
"Musik Non Stop","kent","Hagnesta Hill","Swedish","Playlist","SEBMC9961010","3vWDO1RBKS8Ce4lfr3n6v3"
"Kan Inte Gå","Bolaget","Kan Inte Gå","Swedish","Playlist","SE5S62109301","6KOzO2mUwSwe8a9GiJAn7X"
"Långt bort härifrån","Hov1","Långt bort härifrån","Swedish","Playlist","SEUM72001385","7MS6BDazrQAzyMCrCvkUmJ"
"Ikväll Igen","Bolaget","Ikväll Igen","Swedish","Playlist","SE69R2300001","4o5Ob60pz8QHcFKcr4MWyf"
"Välkommen in","Veronica Maggio","Satan i gatan (Bonus Version)","Swedish","Playlist","SEUM71100344","5MEuFY2DxrozPEgGpR8Fji"
"När vi två blir en","Gyllene Tider","Moderna Tider","Swedish","Playlist","SEAME0400037","2EKzS2s2VKnbQ7jxyk2WHi"
"Sommartider","Gyllene Tider","Puls","Swedish","Playlist","SEAME0400058","1d1BeKPNgaQ36wcxGqnfU3"
"Trädgården en fredag","Veronica Maggio","Handen i fickan fast jag bryr mig","Swedish","Playlist","SEUM71301694","1oFoY6INRnHIpHY6ssPxBm"
"Töntarna","kent","Röd","Swedish","Playlist","SEBMC0900034","6obXvjVF91KAeLNDOECFvi"
"Debut","Oskar Linnros","Vilja Bli","Swedish","Playlist","SEUM71000263","1pz5OQpD60mtOyqX3fDf78"
"Radioaktivitet (Ny version)","Emil Jensen","Om du inte står för något faller du för allt (Samlade låtar)","Swedish","Playlist","SEVUE1301502","141afKGhPmUowc0FRDO9Xt"
"Egoist","kent","Egoist","Swedish","Playlist","SEBMC1600017","6ZZA5LtiMyhmo4jU3oldOZ"
"Ingen kommer sörja när du dör","Ida Redig","Ingen kommer sörja när du dör","Swedish","Playlist","SEUM71600647","4QkiVyRAKe4CSXZXC2eBh8"
"Ben kött & känsler","Markus Krunegård","Ben kött & känsler","Swedish","Playlist","SE5BU1712956","48EtV8RCG9i7P8CWGrUWj4"
"Början av filmen","Navid Modiri & Gudarna","Ska du verkligen skjuta ner månen med den där?","Swedish","Playlist","SEVQI1303307","3uTtjYv2xMBRiYlAPTFxlm"
"Verkligheten","Veronica Maggio","Den första är alltid gratis","Swedish","Playlist","SEUM71600620","0ndLVZeY2xxbsphiUIK3JF"
"Bäst","Oskar Linnros","Väntar","Swedish","Playlist","SEUM71700334","1KZisUrtRpcafagqjIqwDG"
"Förlåtelsen","kent","Då Som Nu För Alltid","Swedish","Playlist","SEBMC1600007","4lgFAspCCj6QFU5Pk985kR"
"70/30","Llojd","70/30","Swedish","Playlist","SEPEL1403401","3dSTxalZlGK6KafgzrnkQ0"
"Sommaren står o väger","Markus Krunegård","Lev som en gris dö som en hund","Swedish","Playlist","SEUM70900704","6JuOvRMIOKE7aVuzKDd1Lc"
"Gör inget dumt nu","Jonas Bergsten","Ska vinna en miljon inatt","Swedish","Playlist","SENAA1502602","6FYqwoodmgGXrZ26ROrL2Y"
"Drömmen har sagt sitt","Klara Keller","Drömmen har sagt sitt - Single","Swedish","Playlist","SE3OH1504025","4ti4WMgTHrusCrug8kfedk"
"Ayahuasca","Veronica Maggio","Den första är alltid gratis","Swedish","Playlist","SEUM71600617","4pyHldZW3x2kdpmLKkifgI"
"En delad värld","Love Antell","En delad värld","Swedish","Playlist","SEVGT1500102","7JsZeNEpTxrnf2DdqZsUNq"
"Gjord av sten","Veronica Maggio","Den första är alltid gratis","Swedish","Playlist","SEUM71600601","0jrcxfpLNXhbMGsHT0YkW8"
"Över taken","Llojd","Jag kommer älska mitt liv snart","Swedish","Playlist","SEUM71501151","4InxQl68oxKhxZfPg2Igjf"
"I samma bil","Bo Kaspers Orkester","Så mycket Bo Kaspers Orkester","Swedish","Playlist","SEBGA0600510","2qkma39oRZ0rzGkyE2gdHd"
"Vi forever","Nadja Evelina","Aska, glitter och annat som försvinner med vinden","Swedish","Playlist","SE6AA2100301","0A87PX84ZzC3r1JwWDGFNH"
"För er","Daniel Adams-Ray","För er","Swedish","Playlist","SEUM71601042","1ih6Frm9HIWo9xYjDXKF7K"
"Ålen","Amason","Ålen","Swedish","Playlist","SE3EM1400101","29VkJ1UHrhjKaSlPRnSsK6"
"Nattpojken & Dagflickan (feat. Anna Ternheim)","kent","Då Som Nu För Alltid","Swedish","Playlist","SEBMC1600005","4qx4LtQrMBRyy7oozNZuQ2"
"Tråkigt liv","Adam Chiapponi","Tråkigt liv","Swedish","Playlist","SE3OH1520036","5qEy9Nab5s0dqUwzYxnrb2"
"Snook, svett & tårar","Snook","Är","Swedish","Playlist","SEVJH0600903","0Q74vFnksX7lUe8bhm5tGD"
"Alla vill till himmelen men ingen vill dö","Timbuktu","Alla vill till himmelen men ingen vill dö","Swedish","Playlist","SEVLE0400401","6I1kZgg3bGrPKxhZOltbRW"
"Var är vi nu? - Alternativ Version","kent","Var är vi nu? (Alternativ Version)","Swedish","Playlist","SEUM71401239","17RoeP6xkg7KmrdSqwgVzN"
"Satan i gatan","Veronica Maggio","Satan i gatan (Bonus Version)","Swedish","Playlist","SEUM71100167","3q8WojYJVZsGClFGFBYdTc"
"Brinner för ikväll","Roos","Brinner för ikväll","Swedish","Playlist","SEWGI1527001","4wBbFYWkFVeVV1bAZxCLE3"
"Vadfanärdetmedmig","Nadja Evelina","Aska, glitter och annat som försvinner med vinden","Swedish","Playlist","SE6AA2100201","3GVh6i812Qj0INRuj5JNW3"
"Aldrig Bli Som Förr","Laleh","Kristaller","Swedish","Playlist","USUM71608281","6tzMayfma0grBj04CuvaQq"
"Lev fort","Llojd","Jag kommer älska mitt liv snart","Swedish","Playlist","SEUM71600113","7j1O1RQPGTzAxQ1pbBTgde"
"Alla drömmar är uppfyllda","Håkan Hellström","Rampljus","Swedish","Playlist","SENAA2000301","0zdIjvHllQn24vOZCzpbVu"
"SMS","Linnea Henriksson","SMS","Swedish","Playlist","SEBGA1700895","5DcybaTc0ddTinM5EVyJb2"
"Slå mig hårt i ansiktet","Thomas Stenström","Fulkultur","Swedish","Playlist","SEYQH1400102","2Lv9FudgITbthtKK1B5wxY"
"Rosa himmel","Jonathan Johansson","Love & Devotion","Swedish","Playlist","SEBGA1602915","2lWIShFroC58eaaU77tmjA"
"Rök och speglar","Familjen","Kom","Swedish","Playlist","SE4IT1800101","1R26A7IbRrqcGYVSassmCh"
"Den vänstra stranden","kent","Då Som Nu För Alltid","Swedish","Playlist","SEBMC1600004","7rT0E6Zdt9pUXWg4E5UXVI"
"Hela huset","Veronica Maggio","Handen i fickan fast jag bryr mig","Swedish","Playlist","SEUM71301689","71CFZjdSm2WSh5S6TPd69A"
"Du står kvar","Ida Redig","Du står kvar","Swedish","Playlist","SEUM71500948","2rHzX9RO1Rtv8nZNkoqBKK"
"Olof, kära Olof","Solen","Känslor säljer / Miljonär","Swedish","Playlist","SEVJH1605504","4PUf342kdrsvG9kC5xIs1g"
"Simrishamnsgatan","Llojd","Jag kommer älska mitt liv snart","Swedish","Playlist","SEUM71600115","0jWjdBq3eQh5OWev7CbSUJ"
"Mitt hjärta blöder","Veronica Maggio","Satan i gatan (Bonus Version)","Swedish","Playlist","SEUM71100339","6CtVEyME2La34RATPuJcnx"
"Beach House","Nadja Evelina","Vi?","Swedish","Playlist","SE6AA1900201","6TcH4RFliNgMnxc5wFztP2"
"Super 8","Little Jinder","Allting suger","Swedish","Playlist","SEPQA1500813","1eYX9oRvZFiWrtac2v1H9F"
"La Belle Epoque","kent","Best Of","Swedish","Playlist","SEUM71400493","4uL4P9fbyFQIbVO5WLEhmU"
"Musik Non Stop - Spotify Singles","Felicia Takman","Musik Non Stop - Spotify Singles","Swedish","Playlist","SEUM72200631","6SNLVpwJXem00Ku9XizbPA"
"Sthlm","Adam Chiapponi","Sthlm - Single","Swedish","Playlist","SE3OH1508649","3BshhvY42v50O21xIgH23N"
"Sitter på en dröm","Oskar Linnros","Sitter på en dröm","Swedish","Playlist","SEUM71601456","3E9ttpd4Btjak9UzcEWYjV"
"O A O A E vi förlorade","Markus Krunegård","O A O A E vi förlorade","Swedish","Playlist","SE5BU1861734","5E2EyhF2z7sNFjemSXNOjO"
"Den sista sången","kent","Då Som Nu För Alltid","Swedish","Playlist","SEBMC1600011","0C0AlZKEPGUzpePvzqwkxP"
"Fuldans","Fulkultur","Fuldans","Swedish","Playlist","SE2GI1000101","0F2lR2lRl4EkSoSvF5RUW0"
"tystnar i luren","Miriam Bryant","tystnar i luren","Swedish","Playlist","SE5EM2000701","4dxeRrYgeAQ1F0uH9g04lN"
"Boten Anna - Radio edit","Basshunter","LOL (2008 yellow bonus version/no videos_France)","Swedish","Playlist","SEPQA0650723","4rino0wsmUcK36Ro4CCrke"
"Ta mig tillbaka","Darin","Fjärilar i magen","Swedish","Playlist","SE4H41500101","6qjYBkoKcMRjQkVfwDU2Te"
"Dansbandstechno","Dunderpatrullen","Dansbandstechno","Swedish","Playlist","QMPKX1700344","7EbG6CU8aFnE631dQOcMiV"
"Pengar","Fulkultur","Masshypnos","Swedish","Playlist","SE2GI1100102","2cWf0CjmnRjRz1Q06gSXts"
"Äckligt","Ansiktet","#DENNYARNBMANNEN","Swedish","Playlist","SEUM71300408","1UKtiT6LpuzDd29zAkztXU"
"Ser du månen där du är ikväll? (Tillsammans igen)","Thomas Stenström","Ser du månen där du är ikväll? (Tillsammans igen)","Swedish","Playlist","SEBGA2001461","4SLYrBfzgbLmiEdoKajyHL"
"Längesen (feat. Veronica Maggio)","Petter","Samlar ut den","Swedish","Playlist","SEVLE1000104","5VkQnKKveR6C7MngcsoZ6P"
"Komplicerad","Miss Li","Underbart i all misär","Swedish","Playlist","SE5HK2000139","4QKscNaTs47Zv3QV9o62yX"
"Trakten min","Yasin","Allstars","Swedish","Playlist","SEBGA1601482","2HuMRW4PILLHwRb21oUhdO"
"Se på mig nu (feat. Linnea Henriksson) - Singelversion","Petter","Skeppsholmen","Swedish","Playlist","SEBGA1602150","7rklm17yoayxw45lpzv5uv"
"Svag","Victor Leksell","Fånga mig när jag faller","Swedish","Playlist","SEBGA2000001","4SS4YfDAEQG0fZAe1xfgn3"
"Ansvar (feat. Eye N'I)","Petter","Hälsa Stockholm","Swedish","Playlist","SEBGA2202013","01pOAvqEUFkWnm1WnUt02U"
"Lose my mind","Myra Granberg","ANDRA SIDAN ÄR NI KLARA","Swedish","Playlist","SEBGA2100144","5D2ZobLrLLFcPoOWw5YE0e"
"Välkommen in","Veronica Maggio","Satan i gatan","Swedish","Playlist","SEUM71100344","3O56xDyPRTBeiqaijnUA1b"
"Fuldans","Fulkultur","Fuldans","Swedish","Playlist","SE2GI1000101","0F2lR2lRl4EkSoSvF5RUW0"
"tystnar i luren","Miriam Bryant","tystnar i luren","Swedish","Playlist","SE5EM2000701","4dxeRrYgeAQ1F0uH9g04lN"
"Boten Anna - Radio edit","Basshunter","LOL (2008 yellow bonus version/no videos_France)","Swedish","Playlist","SEPQA0650723","4rino0wsmUcK36Ro4CCrke"
"Ta mig tillbaka","Darin","Fjärilar i magen","Swedish","Playlist","SE4H41500101","6qjYBkoKcMRjQkVfwDU2Te"
"Dansbandstechno","Dunderpatrullen","Dansbandstechno","Swedish","Playlist","QMPKX1700344","7EbG6CU8aFnE631dQOcMiV"
"Pengar","Fulkultur","Masshypnos","Swedish","Playlist","SE2GI1100102","2cWf0CjmnRjRz1Q06gSXts"
"Äckligt","Ansiktet","#DENNYARNBMANNEN","Swedish","Playlist","SEUM71300408","1UKtiT6LpuzDd29zAkztXU"
"Ser du månen där du är ikväll? (Tillsammans igen)","Thomas Stenström","Ser du månen där du är ikväll? (Tillsammans igen)","Swedish","Playlist","SEBGA2001461","4SLYrBfzgbLmiEdoKajyHL"
"Längesen (feat. Veronica Maggio)","Petter","Samlar ut den","Swedish","Playlist","SEVLE1000104","5VkQnKKveR6C7MngcsoZ6P"
"Komplicerad","Miss Li","Underbart i all misär","Swedish","Playlist","SE5HK2000139","4QKscNaTs47Zv3QV9o62yX"
"Trakten min","Yasin","Allstars","Swedish","Playlist","SEBGA1601482","2HuMRW4PILLHwRb21oUhdO"
"Se på mig nu (feat. Linnea Henriksson) - Singelversion","Petter","Skeppsholmen","Swedish","Playlist","SEBGA1602150","7rklm17yoayxw45lpzv5uv"
"Svag","Victor Leksell","Fånga mig när jag faller","Swedish","Playlist","SEBGA2000001","4SS4YfDAEQG0fZAe1xfgn3"
"Ansvar (feat. Eye N'I)","Petter","Hälsa Stockholm","Swedish","Playlist","SEBGA2202013","01pOAvqEUFkWnm1WnUt02U"
"Lose my mind","Myra Granberg","ANDRA SIDAN ÄR NI KLARA","Swedish","Playlist","SEBGA2100144","5D2ZobLrLLFcPoOWw5YE0e"
"Välkommen in","Veronica Maggio","Satan i gatan","Swedish","Playlist","SEUM71100344","3O56xDyPRTBeiqaijnUA1b"
"Sol, vind och vatten","Ted Gärdestad","Ted","Swedish","Playlist","SEAYD9306050","0lwJH1BDr8Z4wfXvi6yC9y"
"Oh, vilken härlig da'","Ted Gärdestad","Ted","Swedish","Playlist","SEAYD7314190","1Taqw1VEHl8Gy9qAZtRLAq"
"Jag lovar","Veronica Maggio","Handen i fickan fast jag bryr mig","Swedish","Playlist","SEUM71301688","72VZdaavE1q0kHihIfr8eh"
"Underbart","Kalle Moraeus","Underbart","Swedish","Playlist","SEBGA0900331","5Tbc2O2q1NCux8F0lYiEo0"
"Visa från Utanmyra","Monica Zetterlund","Monicas Bästa -Svenska klassiker","Swedish","Playlist","SEAZC9214190","2miSCGoSiQ8VYp1yaeOGtM"
"Det kommer aldrig va över för mig","Håkan Hellström","Det kommer aldrig va över för mig","Swedish","Playlist","SEUM71300303","3SjXx3rbNGk8nCho8YEoz5"
"Jag ljuger så bra","Linda Bengtzing","Ingenting att förlora","Swedish","Playlist","SEPQM0610088","4IV8dOSLi26stONnuQg8Kf"
"Ett sista glas","Miriam Bryant","Hisingen och hem igen","Swedish","Playlist","SE3R51500116","1SZDQMXX1FrA97YY7Lt3Fj"
"Säg mig var du står","Carola","Främling 25 år","Swedish","Playlist","SEBMI8350020","32qGFJqweMFsGvsxRKgdjk"
"Kärleksvisan","Sarah Dawn Finer","Winterland","Swedish","Playlist","DKBV71008001","0BpNF9WORyHveiUQbCGtiR"
"Sjumilakliv","Martin Stenmarck","9 sanningar och en lögn","Swedish","Playlist","SEUM70600404","3njweosKzGwLCGi7Mnwo8s"
"Komplicerad","Miss Li","Komplicerad","Swedish","Playlist","SE5HK2000139","29nwG4y9NFmN76yfUfc01d"
"Sergels torg","Veronica Maggio","Handen i fickan fast jag bryr mig","Swedish","Playlist","SEUM71301582","48ubkDBO9GAFRkn3hXFHVt"
"Nöjd? - Radio Version","Veronica Maggio","Vatten och bröd","Swedish","Playlist","SEUM70600227","41zd6KvWRFDlTy7TgYj3lp"
"Vi ska aldrig gå hem","Molly Sandén","DOM SKA VETA","Swedish","Playlist","SEBGA2100591","7iSuirVvJsBXZ95UEd9vQ0"
"Sand","Molly Sandén","Större","Swedish","Playlist","SE4T41800103","7CYKovD8hNKg0w902IASMi"
"Rosa himmel (från ""Störst av allt"")","Molly Sandén","Rosa himmel (från ""Störst av allt"")","Swedish","Playlist","SE4T41900102","3xkGJKpWrn1n6Bk2m84bJP"
"Rygg mot rygg","Molly Sandén","Större","Swedish","Playlist","SE4T41700101","2CtulN3uMMD4YOyGSjuYP4"
"Allt du gör och att du finns","Mares","Allt du gör och att du finns","Swedish","Playlist","SEWGI1509001","1esiASrlFXBkqzPZVswYNM"
"Gift","Hov1","Hov1","Swedish","Playlist","SEUM71700222","2NHAh9RwSCEwDo9jHeeQbp"
"Oss","RMK & Toppen","Oss","Swedish","Playlist","SEPQA1600286","5sIv5un0PeN7xriCGEn3rq"
"Spontanitet","Kaliffa","Spontanitet","Swedish","Playlist","SEUM71500697","6MdKTNPEDaD8HLRSyRISAd"
"Från och med Du","Oskar Linnros","Vilja Bli","Swedish","Playlist","SEUM71000245","6sjGsKuInpaK3uoaWGe22W"
"Satellit","Ted Gärdestad","Blue Virgin Isles","Swedish","Playlist","SEAYD9306140","10AwlsmVEASSiWORkKcgRo"
"Längesen (feat. Veronica Maggio) - Kyaal Remix","Petter","Krafter","Swedish","Playlist","SEUM71100549","6piWnVkzaYenWppYl1Rgsz"
"Se Mig","Adrijana","Se Mig","Swedish","Playlist","SEUM71800384","1ATzLFC8bfoi6rRtkUCKrc"
"Space","Parham","Torsken","Swedish","Playlist","SE3SA1702701","6DAGtQbqGoVPy1zJ7D4Dsk"
"Tappat","Victor Leksell","Fånga mig när jag faller","Swedish","Playlist","SEBGA1803041","6pgZeXZxdJM8uG7DB52SPj"
"Över dig","Newkid","MOUNT JHUN","Swedish","Playlist","SEBGA2000126","0yMqsfOKzzKnUqPtsSmwVy"
"Genom Eld & Vatten","Sarek","Genom Eld & Vatten","Swedish","Playlist","SEMDA0300903","4wLWZx74WHOosQq5p8VVkL"
"Eiffeltornet","Ted Gärdestad","Upptåg (Remastered 2009)","Swedish","Playlist","SEAYD9304030","1bqIqDtDl9BJYKwppd9bbK"
"Här kommer alla känslorna (på en och samma gång)","Per Gessle","Mazarin","Swedish","Playlist","SEVWA0301011","3dyHvTXrfU6wZbuxl6h3H3"
"Tommy tycker om mig","Carola","Steg För Steg","Swedish","Playlist","SEBMI8411010","63vK4u4uKwRD9KVJ5nHc46"
"Sommaren i City","Angel","Äventyr i natten","Swedish","Playlist","SEAZG9201010","4XoOCFKvikhwp0UcpBwJsO"
"(Du är så) Yeah Yeah, Wow Wow","Martin","En helt vanlig Svensson","Swedish","Playlist","SEBLM9826060","7fsWDVy88i6gznoQtlbOio"
"Vill ha dej","Style","12 Bästa","Swedish","Playlist","SEBMA8067090","1gprScNuzOM4pOQuE2VQk7"
"När vindarna viskar mitt namn","Roger Pontare","I vargens spår","Swedish","Playlist","SEANF0000201","6NfqYh7rujA0HOLhYhJTSJ"
"Det gör ont","Lena Philipsson","Det gör ont en stund på natten men inget på dan","Swedish","Playlist","SEBGA0403010","51md9KzX92LQh84mUsaPPD"
"Stockholm i mitt hjärta","Lasse Berghagen","Sträck ut din hand","Swedish","Playlist","SEAOF0500057","234PnxGS83ve7Rqzdytp8p"
"Känn ingen sorg för mig Göteborg","Håkan Hellström","Känn ingen sorg för mig Göteborg","Swedish","Playlist","SEBIA0005010","2yz5IaQLnO8WBCIWMXoRBS"
"Miss Decibel","Medina","Sista minuten","Swedish","Playlist","SEXVP1300104","1DLgyG3oqFB1pZacMOsdLB"
"Om","Niklas Strömstedt","Om","Swedish","Playlist","SEPQA9041010","3tgDP0BTRP10i4HkLlAER3"
"Min kärlek","Shirley Clamp","Den långsamma blomman","Swedish","Playlist","SEPEL0401301","5dpkOqj8pVFn3nS8OvMJNG"
"Du gamla, du fria","Traditional","Swedish Highlights","Swedish","Playlist","SEAGA8611080","3qZGesA0G1rGjZTrpJZ5PD"
"Värsta schlagern - Radio Version","Markoolio","Värsta Plattan","Swedish","Playlist","SEBMA0600056","05B2RicVswcCU2To7wPVtw"
"Sanna vänner","Carola","Personligt","Swedish","Playlist","SEBMI9425100","5AGXO3iao804D7WuOm0Lyl"
"Vill ha dig","Freestyle","Guldkorn Den Kompletta Samlingen","Swedish","Playlist","SEPQD9821050","1ecJdAizaDklfgCVtEUQsG"
"Längesen (feat. Veronica Maggio) - Kyaal Remix","Petter","Längesen (feat. Veronica Maggio)","Swedish","Playlist","SEUM71100549","6x5RzkzGxbLnpXw3ySyJOx"
"Nu är det påsk","Old No.7 Band","Påsklåtar","Swedish","Playlist","TCACT1696590","13FslMU4Ow0Yx7OxrsEafQ"
"Blåkullavisan","Old No.7 Band","Påsklåtar","Swedish","Playlist","TCACT1696584","2ljkczomS1XuVs1IGfY5wQ"
"Tillfälligheter","Veronica Maggio","Fiender är tråkigt","Swedish","Playlist","SEUM71900174","0rBj6lYQUMHwTJ33sdj6Qz"
"Come Give Me Love","Ted Gärdestad","Ted","Swedish","Playlist","SEAYD7302040","1eu3GSrsyUxWMmEKgC4Xr5"
"En kväll i juni","Lasse Berghagen","20 av Lars Berghagens bästa","Swedish","Playlist","SEAZG8624020","6xYeTISkTw4S9K9hJgr1KJ"
"Cara mia","Måns Zelmerlöw","Stand By For...","Swedish","Playlist","SEPQA0651419","4vxn2p4GbiFhnVsIASACrf"
"Fantasi","Freestyle","Fantasi","Swedish","Playlist","SEPQD9821160","4vWPVWeyKZn1DSMmdbnWBq"
"Leva livet","Lill-Babs","40-Bästa","Swedish","Playlist","SEAZA6318120","6htE3RapzBlVxx2DVddjm9"
"Kom","Timoteij","Längtan","Swedish","Playlist","SEPEL1000701","52iMLtr3V7EenocLKoZZ2X"
"Never Let It Go","Afro-Dite","Never Let It Go","Swedish","Playlist","SEPQM0610668","28ihA2Fp5zRmcmi8hpfWiC"
"Eloise","Arvingarna","Eloise","Swedish","Playlist","SE4WJ1500201","4QZ6hp2CKRaZG5RI9zXQqg"
"Mickey","Carola","Främling 25 år","Swedish","Playlist","SEBMI8350070","2pLKsJoxz6zX27lIHuAXyj"
"Evighet","Carola","Från nu till evighet","Swedish","Playlist","SEUM70600107","6XGIQNU8VmOBRIdL5OBYKp"
"Alla flickor","Linda Bengtzing","Ingenting att förlora","Swedish","Playlist","SEPQM0610092","6YGqMb6MmqcwIHaDSCA7Nq"
"Ingen sommar utan reggae","Markoolio","Värsta Plattan","Swedish","Playlist","SEBMA0700023","5YuLlTsWYK9uslUdGM83dJ"
"Bra vibrationer","Kikki Danielsson","Bra vibrationer","Swedish","Playlist","SEPQM0611410","0FSlaiuv4eBrrjz05jpxz6"
"Han jobbar i affär","Lena Philipsson","Jag ångrar ingenting","Swedish","Playlist","SEBMC0500076","1VXM7D9kvIm1onyLT2cVRo"
"Hej Sofia","Benjamin","Jag är en astronaut","Swedish","Playlist","SEVFN0601102","66nntYnGINU0erjcXth4Kf"
"Jag vill ha en egen måne","Ted Gärdestad","Undringar","Swedish","Playlist","SEAYD7121120","4LqNNFPl9lfT5deIQiRPwI"
"Var ligger landet där man böjer bananerna","Mojje","Barnvakt","Swedish","Playlist","SEWDL6142390","5d6aSlJ9GcgwBCIWjevHlH"
"ABC","Anna Book","Killsnack","Swedish","Playlist","SEBGA1600669","47KyjSYbTBolLgz8HNFXz5"
"E det fel på mej","Linda Bengtzing","E det fel på mej","Swedish","Playlist","SEPQA1000628","3Xu7jqTBv5dpYAWIjPwit1"
"Sensuella Isabella","Tomas Ledin","40 år 40 hits ett samlingsalbum 1972 - 2012","Swedish","Playlist","SEUM71200566","3gix2z7XVD0siCCBf37A4X"
"La Dolce Vita","After Dark","La Dolce Vita","Swedish","Playlist","SEMDA0400401","5QQz3p0cnmlOYsfyAmgwkw"
"Fyra Bugg & en Coca-Cola","Lotta Engberg","Fyra bugg & en Coca-Cola","Swedish","Playlist","SEPQM0610789","4UuKT9xgMQQUPD3VWRGLJb"
"Vi drar till fjällen","Markoolio","Sticker hårt","Swedish","Playlist","SEVGT0405102","4IxxFoYgZJ7tGoklB6UCOr"
"Dansa i neon","Lena Philipsson","Dansa i neon","Swedish","Playlist","SEPQM0610012","0jZ4fre462hosE6k5EgRVS"
"This Is The Way - Radio Edit","E-Type","Made In Sweden","Swedish","Playlist","SEBKA9425040","1BBIW3lDfwK9PXOFOedZmo"
"Picadilly Circus","Pernilla Wahlgren","Pernilla Wahlgren","Swedish","Playlist","SEAMA8531040","4prmEJ4F7lHcBeumKk2PhH"
"Vem vet?","Lisa Ekdahl","Lisa Ekdahl","Swedish","Playlist","SEAMA9381010","0oKOAL9nhFMieApXNLYkZ8"
"Komplicerat","Ant Wan","The Only Wan","Swedish","Playlist","TCAGF2210561","7ofOfhBu0FCuVemv4zL8Ry"
"Dum","Ant Wan","The Only Wan (Deluxe)","Swedish","Playlist","TCAGN2227622","1PcFYA0p9UxvQkLe18s8gz"
"Hey Baby","Lamix","Hey Baby","Swedish","Playlist","SEBGA1700186","6tqV3r11AD8w5nrpyLtsxo"
"Ankare","Lamix","Ankare","Swedish","Playlist","SEBGA1701028","00ISNjqq27aOPyyQAbeDnb"
"Gå & fiska!","Gyllene Tider","Konstpaus","Swedish","Playlist","SEAME9627020","0qOaBijMN2tDbSDogOmhYC"
"Värsta grymma tjejen","Magnus Uggla","Den tatuerade generationen","Swedish","Playlist","SEBGA0407010","2y4xigAglMGjn9WW8eRA7b"
"Kung för en dag","Magnus Uggla","Uggla Box","Swedish","Playlist","SEVBS9701020","1DzYDC7LD4dyKSp0AeLj63"
"Tusen och en natt","Charlotte Perrelli","Take Me To Your Heaven","Swedish","Playlist","SEPQM0611154","6JIwvW8ioos5KFp0Q0mS3Y"
"X","Miss Li","X","Swedish","Playlist","SE5HK2022170","3Tp6XRivI85TAfpgja9ILh"
"Late","Amanda Aasa","Late","Swedish","Playlist","SE5BU2018503","7wrcZm0n6Id8XrA5m9PqCt"
"En värld full av strider (feat. Aninia) - Eatneme gusnie jeenh dåaroeh","Jon Henrik Fjällgren","En värld full av strider (feat. Aninia) [Eatneme gusnie jeenh dåaroeh]","Swedish","Playlist","SEBGA1602949","7lVYacTM1U7n6mdsruLoUN"
"In i en ny värld","Annika Herlitz","Frost 2 (Svenskt Original Soundtrack/Deluxe Edition)","Swedish","Playlist","USWD11994931","1V1PZd7RMzMSX9Og6wznnz"
"Tappat","Victor Leksell","Tappat","Swedish","Playlist","SEBGA1803041","2jPCvYRyIXQf2if8CTyabC"
"Jag finns kvar","Poets","We are Poets","Swedish","Playlist","USWD10220751","1xzdilEWhJR5JwNIc95onA"
"Chanslös","Julia Adams","Chanslös","Swedish","Playlist","SEVQI1500801","32zBhjfmA3u1Yn84f5TxIz"
"En Vinternatt","Farväl till ungdomen","En Vinternatt","Swedish","Playlist","SEYOL1604401","7KpX6L5kymAUqzjR0WPUjN"
"Rygg mot rygg","Molly Sandén","Rygg mot rygg","Swedish","Playlist","SE4T41700101","0cccQnHmOjKIFued6rsfKG"
"Herr Mannelig","Garmarna","Guds Spelemän","Swedish","Playlist","SELIA9601010","2ovD5JwItQasZDVBJgarfK"
"Tror Du Att Han Bryr Sig","Benjamin Ingrosso","Tror Du Att Han Bryr Sig","Swedish","Playlist","SEWEE1800801","1ODyGSzjAYmJ7PvrrnRgHB"
"Kär i din kärlek (Recorded at Spotify Studios Stockholm)","Molly Sandén","Spotify Singles (Recorded at Spotify Studios Stockholm)","Swedish","Playlist","SE4T41800110","0jy5qTrMlMXXZEx9MLiETy"
"Den första är alltid gratis","Veronica Maggio","Den första är alltid gratis","Swedish","Playlist","SEUM71600463","5barc5pR0YG8wm2Kecqxyz"
"Caramelldansen","Caramella Girls","Supergott (Speedy Mixes)","Swedish","Playlist","SERJR0805021","7MwwPyZJ7UKFROj2oVnH6R"
"Stormande hav","Timoteij","Stormande hav","Swedish","Playlist","SEPEL1200801","1ynG0Ej6hJzKEAQl5ZB4D5"
"Piga & dräng","Drängarna","Piga & dräng","Swedish","Playlist","SEXER2000101","0fXANVK5oDCujoed5II6La"
"Guld och gröna skogar","Hasse Andersson","Guld och gröna skogar","Swedish","Playlist","SEPQA1401134","4duZ7qHSwXKrgNNSZAAaic"
"Händerna mot himlen","Petra Marklund","Inferno","Swedish","Playlist","SEWBD1206710","14AJI1RloVWTh8bJe9gBPM"
"Vart du sover","Victor Leksell","Vart du sover","Swedish","Playlist","TCADQ1872573","0SQIqzlha4iu1cGlvm0gZO"
"Om du lämnar mig nu","Norlie & KKV","Om du lämnar mig nu","Swedish","Playlist","SEUM71800507","0L1dQD7v94waLO2azsFvbw"
"Vi kommer aldrig att dö","Bo Kaspers Orkester","Amerika","Swedish","Playlist","SEBGA9611901","3HSt1ZgyKd8MONJ722o8PT"
"Själens skrubbsår","Mando Diao","Själens skrubbsår","Swedish","Playlist","SE3SA2000701","4gORhI3PNglK7JHL5WeLKl"
"Alla drömmar är uppfyllda","Håkan Hellström","Rampljus Vol. 1","Swedish","Playlist","SENAA2000301","1qssB6V0u9ETaLUzaOoMuK"
"Men åh","Nord & Syd","Som en människa","Swedish","Playlist","USV291356766","3hu1vvyocTsNo1m2lO7ZNb"
"Några Ord Om Dig","Amason","Några Ord Om Dig","Swedish","Playlist","GBKPL2087031","65eoJ9D8XUufqowmxeAFDB"
"Kajanaland","Vasas flora och fauna","Kajanaland","Swedish","Playlist","SEUHA2000201","0LAjfEwZE58Job2o7bGsLl"
"En dag till","Slowgold","En dag till","Swedish","Playlist","SEVJH1906202","6X5wl9RmFCmpvCjb00Z2SV"
"Förlorare","Mattias Alkberg","Bodensia","Swedish","Playlist","SE2FY2000208","3TgTCk5wF1IFCiEQttFyFU"
"Sordin","Iiris Viljanen","Sordin","Swedish","Playlist","SE2S82000101","0j1V3RqSFwicuJ1fQ4O9lx"
"Psalm","Anna Järvinen","Psalm","Swedish","Playlist","SE43Y2000101","04NlleKM88a8DCQGBsRbb9"
"Blå","Maja Gödicke","Blå","Swedish","Playlist","SENAA1601301","6OyURAWisqW2PIVxFpF9EW"
"Min pelare","Paulina Palmgren","Min pelare","Swedish","Playlist","SE46Q1801502","66DfNbJ0nHDG5Ayx85TvME"
"Ge mig luft","Joss Ture","Ge mig luft","Swedish","Playlist","SE3OH1501837","6jkPitoqr0jIMIjbudE23v"
"Stockholms tunnelbana","Marie Lalá","Har jag sagt att jag älskar dig?","Swedish","Playlist","SE2ZT1400201","1GQtdDQUe4N3rEJvqySNhO"
"Sista dansen","Ludwig Bell","Sista dansen","Swedish","Playlist","SEUHA1900601","1oc9MgxJOvFkdYAUij9X34"
"Fixa dig","Havet","Fixa dig","Swedish","Playlist","SEYDQ1600701","0qNlJmwc2IE7DmzpFGtl9u"
"Bara fortsätt","Det Brinner","Bara öppna ögon kan se","Swedish","Playlist","SE54O1901106","5LfpBSByHTz2MGDzKk3D6t"
"Stockholm, sett snett uppifrån","Vapnet","Döda fallet","Swedish","Playlist","USA560815894","6wqFgEf5VXWlSjsQPC4USt"
"Färger I En Vind","Julia Adams","We Love Disney","Swedish","Playlist","SEUM71900739","1sYUvsj6O4AJm86EdV27N5"
"Gå Rå","Hemliga Klubben","Gå Rå","Swedish","Playlist","SEUM71900736","1SAhKJnu2l4DZEQQArmod0"
"Ibland gråter jag bara för att tiden går","Marit Bergman","Molnfabriken","Swedish","Playlist","SEYEB1600101","3qhYl8zFudxYVMeOnq9j9r"
"Miljonär","Solen","Känslor säljer / Miljonär","Swedish","Playlist","SEVJH1605501","0YmuzC0Klnx0u0AuxARDbn"
"Jag vill va sjuk med dig","Andreas Söderlund","Daustralien","Swedish","Playlist","SEWBD1004006","0OLZpNC0fnan7R8sZqsjRV"
"Jag är en idiot","Ludwig Bell","Jag har försökt förklara","Swedish","Playlist","SEWBD1003901","71a4XKZQzF6kFpUWYWte3e"
"Amerika","1987","Amerika","Swedish","Playlist","SEPQA1700045","0gseT0WDmRTXqpqsfP8ygZ"
"Ett steg fram","Junie","Ett steg fram","Swedish","Playlist","SEUM72001165","2qnIZKUoJxwZjUbMqW2KYz"
"Bete dig","Amanda Aasa","Bete dig","Swedish","Playlist","SE5BU2090655","2ShkQpjVzyp2ZwK6Zx8Sik"
"Överallt på mig","Amanda Aasa","Real Love","Swedish","Playlist","SE6QE2026003","6mj6QvxmVrQtE2ApcxeyHW"
"Samla dina tankar","Amanda Aasa","Real Love","Swedish","Playlist","SE6QE2026004","2u2lAVRfyw6sDHSHeeJ5dv"
"Sverige","kent","Vapen & ammunition","Swedish","Playlist","SEBMC0219100","3LodQuubJHwPgkxp4BxHE7"
"Du gamla du fria","ZLATAN","Du gamla du fria","Swedish","Playlist","SEWDL6021597","4xtbfs4diau2gycTSMLMvs"
"Du gamla, Du fria","Ida Redig","Tills döden skiljer oss åt","Swedish","Playlist","SEUM71600865","1HqMkGAXTQFOBp4myl8G31"
"Pärlor","kent","Vapen & ammunition","Swedish","Playlist","SEBMC0219020","5YCKObb1A7YIeOKzXhREwz"
"Musik Non Stop","kent","Hagnesta Hill","Swedish","Playlist","SEBMC9961010","0kNN4E7Ai5u5JprxgLJH3R"
"Ingenting","kent","Tillbaka Till Samtiden","Swedish","Playlist","SEBMC0700075","1KJe9UbBelM1Jz0uZRPlhi"
"Andromeda","kent","Då Som Nu För Alltid","Swedish","Playlist","SEBMC1600001","4kDxEgxDsxbvepRR3LwpOn"
"Max 500","kent","Du & jag döden","Swedish","Playlist","SEBMC0500004","770E8KGmhSNiv6tD7PQ55E"
"Sista morgonen","Niklas Strömstedt","En gång i livet","Swedish","Playlist","SEAMA8822040","1JAy2eD5rhtvBo4xEMB9BS"
"Oslagbara!","Niklas Strömstedt","Halvvägs Till Framtiden","Swedish","Playlist","SEPQA9204110","6Y4TjH3wA2r76NML5BGASz"
"Tills mitt hjärta går under","Myra Granberg","Tills mitt hjärta går under","Swedish","Playlist","SE5751829878","71q2qYTo4BzqNGpy5S7vV3"
"Om igen","Victor Leksell","Fånga mig när jag faller","Swedish","Playlist","SEBGA2000501","3xVkdn1dj0fP1KesvRsGru"
"Alla dessa gånger","Victor Leksell","Fånga mig när jag faller","Swedish","Playlist","SEBGA2000502","6zOl4SRKOapc0rQmJQ1Fjm"
"Du är bäst","Ida Redig","Du är bäst","Swedish","Playlist","SEUM71600001","7x4tkof9z26i2s58Hgxnef"
"En Helt Ny Värld","Mattias Andréasson","We Love Disney","Swedish","Playlist","SEUM71901027","6RNCEhXiulEOuemRpUxNZA"
"Slå Dig Fri","Kamferdrops","We Love Disney","Swedish","Playlist","SEUM71901026","0o5ItTpMCdbOKfEhO092pp"
"Håll till godo","Björn Bengtsson","Vaiana (Svenskt Original Soundtrack/Deluxe Edition)","Swedish","Playlist","USWD11678508","356LhRbKqHnQfjwf8nyqnR"
"Vad jag kan nå","Wiktoria","Vaiana (Svenskt Original Soundtrack/Deluxe Edition)","Swedish","Playlist","USWD11678505","4ms1Vy7ta7b7cpAksfoMT4"
"Känn En Doft Av Kärleken","Lisa Ajax","We Love Disney","Swedish","Playlist","SEUM71901000","3O8y8BrS97OlbXfjJ0fkvy"
"Låt mig gå","Veronica Maggio","Och som vanligt händer det något hemskt","Swedish","Playlist","SEUM72200286","0NXqhf7bDVLz8fGUVyzajw"
"Finast utan filter","Nadja Evelina","Finast utan filter","Swedish","Playlist","SEWGI1608001","2MUaIa4EpKRzqgMLbpgxUk"
"Landet","Marit Bergman","Molnfabriken","Swedish","Playlist","SEYEB1600310","3x2OxAIGwPW0XxaOkkHDOZ"
"God Morgon","Ida Redig","God Morgon","Swedish","Playlist","SE5LX1700103","0gPbQF0inZBrudiuEPAm4a"
"I Riden Så","Helisir","Sårbare","Swedish","Playlist","NLP5X1600004","4Dsk2Fi9YdHzbtCpHUu4aV"
"Timmarna","Garmarna","6","Swedish","Playlist","SE3OW1600004","3sfuMet0QeffWda0ykdhSC"
"Inte sörja vi...","Garmarna","Vittrad","Swedish","Playlist","SELIA9402100","11GvThide5CPLKFj4DZk7i"
"Gröne Lunden","OMNIA","Musick and Poëtree","Swedish","Playlist","NLT641100076","28KfOiSzbCuchoyCqg0sLT"
"Du som har mitt hela hjärta","Poeta Magica","SAGA","Swedish","Playlist","ushm81631617","2RF8ZEBXhObafTo8GUiDYL"
"Te boern å berga blå","Ulrika Bodén","Te berga blå (EP)","Swedish","Playlist","SEXQX1600502","1gYqx4Ms6t9V5Uy2MBVmdj"
"Alla gossar","Triakel","Triakel","Swedish","Playlist","SELAE9801080","0q5Yc3aRcLMGpynw3uCALD"
"Dalarna","Moonica Mac","PART TWO","Swedish","Playlist","SE62M2118183","7CvgVJQSqfZUur2Q2Gkgps"
"Till slutet av augusti","Moonica Mac","Stark & Sårbar","Swedish","Playlist","NLS6R1861208","2m2errv0ukOnsFL2mAOifj"
"Visa vid vindens ängar","Mats Paulson","Visor vid vindens ängar","Swedish","Playlist","SEAYD7804080","2f9Wq2T8qty2EmsUMNNPxq"
"tystnar i luren","Miriam Bryant","PS jag hatar dig","Swedish","Playlist","SE5EM2000701","5IZGN81VVgBv1lPrjXzOD6"
"Döda hjärtan kan slå igen","Daniel Adams-Ray","Döda hjärtan kan slå igen","Swedish","Playlist","SE6I32197721","4CZAKCH7hNagnKhJe60IyU"
"Just idag är jag stark","Kenta","Kenta","Swedish","Playlist","SEPQC7916010","4TBEx9Vq1TyuVoIope0DMK"
"Brev från kolonien","Cornelis Vreeswijk","Visor och oförskämdheter","Swedish","Playlist","SEPQB6406030","4bl8idKCKkuvOyHRFSWot4"
"Somliga går med trasiga skor","Cornelis Vreeswijk","Tio vackra visor och personliga Person","Swedish","Playlist","SEPQB6803200","3RziapqS8nr6DiejCtI3cd"
"Jag ska fånga en ängel","Ted Gärdestad","Ted","Swedish","Playlist","SEAYD9306040","3No0idjeViPyWDP4gh1YGo"
"Slå mig hårt i ansiktet","Thomas Stenström","Fulkultur","Swedish","Playlist","SEYQH1400102","55qzWY5YYvMFSF36ePMY4T"
"En midsommarnattsdröm","Håkan Hellström","Ett kolikbarns bekännelser","Swedish","Playlist","SEVBU0500001","2PD70CPXPOsnTxJdoaaN95"
"Ramlar","Håkan Hellström","Känn ingen sorg för mig Göteborg","Swedish","Playlist","SEVBU0002010","6BvtcJlv2kdlUodAt7PD6c"
"Kom igen Lena!","Håkan Hellström","Det är så jag säger det","Swedish","Playlist","SEVBU0200153","4UDaVq5tm2mQ6tNgWydhUX"
"Vart jag mig i världen vänder","Den svenska björnstammen","Ett fel närmare rätt","Swedish","Playlist","SE2UI1200107","7nLMZKhfkFZLr9rz4VyOpF"
"Sean den förste Banan","Sean Banan","Sean den förste Banan","Swedish","Playlist","SEBGA1100586","5J2UfqBylH8jDQZJnxby81"
"Gubben i lådan","Daniel Adams-Ray","Svart, vitt och allt däremellan","Swedish","Playlist","SEYMV1000304","08bjJuoHJwfTnjNcuENOFz"
"Lyckligare nu","Linnea Henriksson","Till mina älskade och älskare","Swedish","Playlist","SEBGA1200722","61o5tmzK4TdftIGykP7stT"
"Valborg","Håkan Hellström","Det kommer aldrig va över för mig","Swedish","Playlist","SEUM71300323","0Hz0ySp6XYrBhEQPU16Hz8"
"Kung för en dag","Magnus Uggla","Karaoke","Swedish","Playlist","SEVBS9701020","6hNZR6KC2UZXlDNlOLK2WB"
"Inga kläder","Veronica Maggio","Satan i gatan (Bonus Version)","Swedish","Playlist","SEUM71100337","2GbyU3ZuI1gDuSCQJCXwe1"
"Fallskärm","Timbuktu","Fallskärm","Swedish","Playlist","SEVQI1200101","2Uq9eAI5PWA5Qb0CD94c5V"
"Gammal sång","Veronica Maggio","Och vinnaren är...","Swedish","Playlist","SEUM70800050","4bdXNuylEniUuSdynoc8nz"
"Havanna Mamma","Veronica Maggio","Vatten och bröd","Swedish","Playlist","SEUM70600394","7gybDAR6f9GVls39O1aYT2"
"Va kvar","Veronica Maggio","Handen i fickan fast jag bryr mig","Swedish","Playlist","SEUM71301692","1cMPXp965QnRzVNQkvVdQz"
"Mörkt - Bonus Track","Veronica Maggio","Handen i fickan fast jag bryr mig","Swedish","Playlist","SEUM71301697","1ookLlxiY7F4ArJehtu9IN"
"Fru Gårman","Tjuvjakt","Vems värld är det här?","Swedish","Playlist","SEAMA1300470","0MYpplGQfDR5YNFNWZE4aR"
"Pärlor","kent","Vapen & Ammunition","Swedish","Playlist","SEBMC0219020","2T5UDvBzecsQkTMVbOvRLS"
"Tandtråd","Tjuvjakt","Tandtråd","Swedish","Playlist","SEAMA1300132","1K2a8QcaPTDTZ1e4M0s8gQ"
"Mister Cool","Snook","Vi vet inte vart vi ska men vi ska komma dit","Swedish","Playlist","SELAA0400501","1AfdWCYXaJHzHWsgGVkjhe"
"Sju sorger","Veronica Maggio","Satan i gatan (Bonus Version)","Swedish","Playlist","SEUM71100340","3jB5trbr0kQqQRkYr3M3u5"
"Snälla bli min","Veronica Maggio","Satan i gatan (Bonus Version)","Swedish","Playlist","SEUM71100341","2jEPQKvz7dh1pfpRyq6G1C"
"(Kom så ska vi) Leva livet","Gyllene Tider","Moderna Tider","Swedish","Playlist","SEAME0400041","3WdLb11xMR9caAdCvqeLzC"
"Vi mot världen","Veronica Maggio","Den första är alltid gratis","Swedish","Playlist","SEUM71600594","6d5ynrHbFcS92R24BytGx7"
"Sunnanvind","Mares","Sunnanvind","Swedish","Playlist","SE5BU1968487","6PGTdXzd26BqY33EXVWWgg"
"Din tid kommer - Otto Knows Remix","Håkan Hellström","Din tid kommer (Otto Knows Remix)","Swedish","Playlist","SENAA1601601","04LHuPqOMSpnHFaziPq1qO"
"Höga klackar","Mares","Höga klackar","Swedish","Playlist","SEWGI1605001","4rSpx8I0BBXMQPHpawaDs2"
"Mina områden","Kartellen","Ånger & Kamp","Swedish","Playlist","SEVLE1200202","1TFlvQ12TtF9nHmvXCaLpx"
"När solen går ner","AKI","När solen går ner","Swedish","Playlist","SEUM71201340","68GdZAAowWDac3SkdNWOwo"
"SEVILLA","Thrife","SEVILLA","Swedish","Playlist","SE6XW2288884","1YRrnU7iBSHsdyG5AVIC2Y"
"Genom Eld & Vatten","Sarek","Genom Eld & Vatten","Swedish","Playlist","SEMDA0300903","20NfHnLzpw6qoAKOX8BFaQ"
"Cyklar ni så springer jag","Mares","Cyklar ni så springer jag","Swedish","Playlist","SEWGI1605601","7ihOAPfUkJPrIAiQEv9GfW"
"Porrfilm","Tjuvjakt","Pipa","Swedish","Playlist","SEYOK1413351","7yg2VnVRlEygNpn9MdbNY2"
"Din soldat","Albin Johnsén","Dyra tårar","Swedish","Playlist","SEUM71400801","4EdnF9XCU3d45DOcw8WTpR"
"Solen har gått ner","Veronica Maggio","Fiender är tråkigt","Swedish","Playlist","SEUM71900429","10ylH6P7Lk02UVQbHSLSuJ"
"Blåmärkshårt (Mi Amor)","Miriam Bryant","Mi Amor","Swedish","Playlist","SE5EM1900305","2qKtQuFukH2d0m3FNROcqH"
"Kärleksbrev","Hov1","Kärleksbrev","Swedish","Playlist","SEUM71600501","3QZv9Jn1J3u37z6O7Urir7"
"Stad i ljus","Tommy Körberg","Är","Swedish","Playlist","SEBMA9546010","7bVwUOySQGO2afJ0LArAMi"
"Hornstullsstrand","Hov1","Vindar på Mars","Swedish","Playlist","SEUM71900416","2kju4JyRnNmiwQYhFrLgKy"
"Dör för dig","Danny Saucedo","Hör vad du säger men jag har glömt vad du sa","Swedish","Playlist","SEBGA1500194","1J8teo08q8FlNWIJh9QFr3"
"Jag ber dig","Magnus Carlson","Pop på Svenska","Swedish","Playlist","SEPQA0306010","5mcZ5ndKIfF4DBuYXZfFja"
"Satan i gatan","Veronica Maggio","Satan i gatan","Swedish","Playlist","SEUM71100167","2IiQxym6VQiWeapvGFXI61"
"Det kommer aldrig va över för mig (Live)","Håkan Hellström","Håkan Boma Ye! (Live)","Swedish","Playlist","SEYTP1401027","1fFJXoQ6O6CtzeoQyfgFU2"
"Sång till friheten","Björn Afzelius","Svenska 80-tals favoriter","Swedish","Playlist","SEPQB8250064","3avRttApx7soOWxefkN3Yo"
"Vi har bara varandra","Di Leva","Absolute Svenskt 80-tal","Swedish","Playlist","SEPQA9913030","0ElJ5jot7ef29sibDAfhGl"
"Sommaren är kort","Tomas Ledin","40 år 40 hits ett samlingsalbum 1972 - 2012","Swedish","Playlist","SEAYD8204040","0mXJHQQsh6gwGtUZKVIf7b"
"Ligger med en ful (feat. Markus Krunegård)","Little Jinder","Allting suger","Swedish","Playlist","SEPQA1500818","4I4CvvN1DT1yhnbukLbsd7"
"Min stad","Frida Hyvönen","Kvinnor och barn","Swedish","Playlist","SE29W1600209","3c7EayFeReSx5L7BVI81Ab"
"Länge leve vi","Ison & Fille","Resumé","Swedish","Playlist","SEXZC1400109","7qIN01nqIMqmVA0RLC96k2"
"Bara Få Va Mig Själv","Laleh","Kristaller","Swedish","Playlist","SE36T1600101","22sxprFgWzvVY4ToELTmOV"
"Sarah","Mauro Scocco","Mauro Scocco","Swedish","Playlist","SEPAS8809020","4uBbgoKiRzcjgjVH6FqgTS"
"Jag saknar dig mindre och mindre","Melissa Horn","Innan jag kände dig","Swedish","Playlist","SEBGA1100146","0atRkLynwT9JbhSQkoPdLY"
"Om du var här","kent","Best Of","Swedish","Playlist","SEBMC9782010","4x7WDRhqMZe1s4eLPCPOe5"
"Din tid kommer","Håkan Hellström","Du gamla du fria","Swedish","Playlist","SENAA1600801","4fScePDGQMY0ibb3L90xS3"
"Hej Monica","Nic & The Family","Hej Monica","Swedish","Playlist","SEPQA0407010","6kTQYsUoab5bWtOh4wTITA"
"Vem tänder stjärnorna","Eva Dahlgren","En blekt blondins hjärta","Swedish","Playlist","SEPAS9129050","0xljZqZHvXhVfse33fQ9bK"
"Sjön","Frida Hyvönen","Kvinnor och barn","Swedish","Playlist","SE29W1600201","5CpILSRTZHzJfCioMK1Pvf"
"Så länge vi har varann","Ratata","La Dolce Vita (Det bästa 1982-2003 / I eget urval)","Swedish","Playlist","SEPAS8703030","1ZRg8C9582vT6ELL8L6sBW"
"Himlen är oskyldigt blå","Ted Gärdestad","Signerat Peter Nordahl","Swedish","Playlist","SEUM71700101","5Aj8O5QKCFyY6qheZJITSZ"
"Elegi","Lars Winnerbäck","Vatten under broarna","Swedish","Playlist","SEBFO0400401","0uTdDtNBxwma3QMvZShBWm"
"Himlen runt hörnet","Lisa Nilsson","Himlen runt hörnet","Swedish","Playlist","SELEA9201010","3uhF5EBcuqqXELlszBhIOy"
"Kärlekens tunga - 2000 Remastered Version","Eldkvarn","Diamanter - 80-Talet","Swedish","Playlist","SEAMB8700007","2ElW5oqfJ0OwlJAWFw9BlJ"
"Vi kommer att dö samtidigt","Säkert!","Säkert!","Swedish","Playlist","SEWBD0702102","1sQxrKrojCSuBk6XuaT8vm"
"Vi är inte längre där","kent","Best Of","Swedish","Playlist","SEBMC1600006","1fdHSBj03Zh8m5FzH391AE"
"Alla vill till himmelen men ingen vill dö","Timbuktu","Alla vill till himmelen men ingen vill dö","Swedish","Playlist","SEVLE0400401","1s8zHKdZ6Nb90uZNTw1CYd"
"I samma bil","Bo Kaspers Orkester","Hund","Swedish","Playlist","SEBGA0600510","4pWq7GndIl8NXzd9owY4bE"
"Ingen vill veta var du köpt din tröja","Raymond & Maria","Absolute Svenskt 00-tal","Swedish","Playlist","SEPQA0310030","5ZwGEB12w8ecsliRierijy"
"Under ytan","Uno Svenningsson","Uno","Swedish","Playlist","SEPAS9448050","7E9rcVjE66zO7p4IwyhjBC"
"Stockholm","Orup","Pop på Svenska","Swedish","Playlist","SEPQA9210150","7vxE0FaowwG7sPaNHQXcId"
"Ängeln i rummet","Eva Dahlgren","Fria världen 1.989","Swedish","Playlist","SEPAS8914030","2UDADgwsXreo0c6ylxzb2Y"
"Fanfanfan","Thåström","Skebokvarnsv. 209","Swedish","Playlist","SEUM70500143","4FaC6xFPuSEglkYUqdcACA"
"Genesarets Sjö","Kjell Höglund","Tidens Tecken","Swedish","Playlist","SELGA1100804","31ui4AOsd31MndbYaztzGt"
"Jag vill ut","Lilla Sällskapet","Om vingarna bär","Swedish","Playlist","SEYMV1200413","5oaKMbpHlfk6oaPtbaqJPc"
"Vill bara leka mer","Kaah","Matcha din look","Swedish","Playlist","SEBGA1300039","5gdklTA0GlTsjRZ4xzw52X"
"100: -","Fattaru","Mina Drömmars Stad","Swedish","Playlist","SEBIA0600101","3zBZNVuIm14Q3WOPxYLqa0"
"Svär på min mamma","Silvana Imam","Svär på min mamma","Swedish","Playlist","SE3SA1403401","6BG00qlioCB6wuPdeEImmF"
"Suedi","Erik Lundin","Suedi","Swedish","Playlist","SEYWK1500806","1bGSy8Y0mY0AMZzp4d4xTK"
"Allt från mig","Lorentz","Kärlekslåtar","Swedish","Playlist","SE4FY1400103","2iMUDBFvm97veDCMNqTGLN"
"Knäpper mina fingrar - Torka dina tårar Remake","Linda Pira","Knäpper mina fingrar (Torka dina tårar Remake)","Swedish","Playlist","SEUM71601289","2shlrIarlmMpzR77tjIWIj"
"Haffa Guzz","Lilla Namo","Tuggare utan gränser","Swedish","Playlist","SE3H81200101","1wnk3fXw1oQr9urMBZ1lH5"
"Det löser sej","Timbuktu","Alla vill till himmelen men ingen vill dö","Swedish","Playlist","SEVLE0500108","2naC3HbsJonvMZSbBRWodj"
"Jag kommer","Veronica Maggio","Satan i gatan","Swedish","Playlist","SEUM71100165","2QyTvPHRT9P6ZZSOAzG7eG"
"Kung för en dag","Magnus Uggla","Klassiska mästerverk","Swedish","Playlist","SEVBS9701020","6AvK18xgjLRGM2aKqe5rBW"
"Josefin","Albin Lee Meldau","Josefin","Swedish","Playlist","SE5AY2100160","73hiGuj0dxhA1YhmSJOcMF"
"Säg mig var du står","Carola","Happy Days","Swedish","Playlist","SEBGA1600112","2iiqOAcniz3WbD7mTn5JgV"
"Diggiloo Diggiley","Herreys","Diggiloo Diggiley","Swedish","Playlist","SEVNI0201801","4NzirQ4BrNkVaPEla2ipG4"
"Fantasi","Style","12 Bästa","Swedish","Playlist","SEBMA8067050","73ntNRkvOEuwWMiDZknqvy"
"Rara söta Anna","Ronny & Ragge","Let's Pök","Swedish","Playlist","SEBMA9344060","09o8YE3Ta7YRXh5NI9HPZQ"
"Ooa hela natten","Attack","Rätt stuk","Swedish","Playlist","SEBGA1600489","2pa73fbZD7ltJ09AB0Teox"
"Utan dina andetag","kent","Om Du Var Här","Swedish","Playlist","SEBMC9712030","5eJ314ozT4CTPlyjdsGq78"
"Fångad av en stormvind - Swedish Version","Carola","Främling 25 år","Swedish","Playlist","SEBMI9000020","06xX9E1BTTwyOwyaBuszSK"
"När vindarna viskar mitt namn","Roger Pontare","När vindarna viskar mitt namn - Single","Swedish","Playlist","SEANF0000201","1nSyBcZr8IS9wZcFyvqqE7"
"Sommaren är kort","Tomas Ledin","Gränslös (Bonus Track Version)","Swedish","Playlist","SEAYD8204040","2W7tzqjAPXG97RthXx6pNR"
"Dom andra","kent","Vapen & Ammunition","Swedish","Playlist","SEBMC0220010","5h3lMSx5ez1pffRQHGzgm7"
"Rullar fram","Fronda","Fridlysta frekvenser","Swedish","Playlist","SEVGT0702911","5v55pDsyrxIs6OTk3E5l69"
"Öppna din dörr","Tommy Nilsson","En kvinnas man","Swedish","Playlist","SEBMC9423030","29fNIVCogo4jpvKgTtIwyb"
"Himlen är oskyldigt blå","Ted Gärdestad","Droppar av solregn","Swedish","Playlist","SEAYD9306120","27TFfAFo4sE4fw04QDqJmD"
"Inget stoppar oss nu","Lucianoz","Inget stoppar oss nu","Swedish","Playlist","SEBGA2303271","2CyOfxn9TkmBml8ZNBIcZf"
"Fan va bra","Jakob Karlberg","Fan va bra","Swedish","Playlist","SEBGA1500100","4pItP9yMHJ4Klk8U6eOmLx"
"Mikrofonkåt","September","Love CPR","Swedish","Playlist","SEWBD1000807","0xjVgqTMOdT2dxPuXgSORm"
"Ju Mer Dom Spottar","Kapten Röd","Fläcken Som Aldrig Går Bort","Swedish","Playlist","SEVQU0111101","3uVO0fpvKhuPCfGCAjJev0"
"Håll om mig","Nanne","Alltid på väg","Swedish","Playlist","SEPEL0512010","1ncViFeYXhivtuPumssvmZ"
"Trubaduren","Magnus Uggla","Alla får påsar","Swedish","Playlist","SEVBS9301050","3Ky9LkmNsqmj85J3Xrfskl"
"När vi gräver guld i USA","Glenmark Eriksson Strömstedt","Glenmark Eriksson Strömstedt","Swedish","Playlist","SEPQD9520120","3iAJRvvn8pywXZtvBNNP71"
"Främling","Carola","Främling","Swedish","Playlist","SEBMI8351010","2S8BQdQgN3sCA0uI0A3gXw"
"Kärleken väntar","kent","Best Of","Swedish","Playlist","SEBMC0219060","6y1dfWH5Z52RJJ6UJHSfos"
"Den vilda","One More Time","Den vilda","Swedish","Playlist","SEBGA9602010","0TYwFP4MxszHAXAJMYhi3E"
"Lev nu dö sen","Miss Li","Så mycket bättre - Tolkningarna","Swedish","Playlist","SE5HK1600133","7ubsWTUPIhre8dZiJLZ4cP"
"Säg Mig Var Du Står","Carola","Säg Mig Var Du Står","Swedish","Playlist","SEWEE2011401","23PJqdjssVlOJlKvhQe5o9"
"Professorn: Den makalösa manicken","Michael B. Tretow","Makalösa manickar","Swedish","Playlist","SEBGA1600703","10EteXmTcnJLkMlkJap4Tj"
"Gravitation","kent","Verkligen","Swedish","Playlist","SEBMC9625030","7MYC1Le5vcjyw0yBAQGVyB"
"Var ska vi sova inatt","Perikles","Namn & Nummer","Swedish","Playlist","SEPEL1001001","454J9ZekfjmjWbfcpFaur3"
"2, 4, 6, 8 Bäverhojt / 2, 4, 6, 8 Motor Way","Pistvakt","Gaj Å Partaj","Swedish","Playlist","SESQC0110100","07xadss9HQVQ0g3C9iryRu"
"Musik Non Stop","kent","Best Of","Swedish","Playlist","SEBMC9961010","0QTFPzSB1VPM5tGq8HNpAE"
"Hos dig är jag underbar","Patrik Isaksson","När verkligheten tränger sig på","Swedish","Playlist","SEBGA9902030","0Dx8AhXPvKq1iRGiaAfflE"
"Nästa Weekend","Uffe Persson","Nästa Weekend","Swedish","Playlist","SEBGA2000401","5Jk7C8ukmT2GE4nq0xUOVE"
"Sverige","kent","Vapen & Ammunition","Swedish","Playlist","SEBMC0219100","7lKBlBQGI23JHv77VCCdXO"
"Det gör ont","Lena Philipsson","Lena 20 år","Swedish","Playlist","SEBGA0403010","2aeVGqdsF7WbKZkwhcCeqm"
"Dansar aldrig nykter","Magnus Uggla","Alla får påsar","Swedish","Playlist","SEVBS9301090","6IUQMT0yDbYnYTUO37lJZ6"
"Sol, vind och vatten","Ted Gärdestad","Ted (Remastered 2009)","Swedish","Playlist","SEAYD9306050","7pvNKtULtDZcEAUBCjpykV"
"Michelangelo (Men så svara då!)","Björn Skifs","Skifs Hits!","Swedish","Playlist","SEAMA7545060","3qChO81Z9r3KDyIj4w1m4T"
"Vill du bli min fru","Drängarna","I afton logdans","Swedish","Playlist","SEBIA9501010","4ZJNkwzMJJLB7RpLzPcQtn"
"The Final Countdown","Europe","The Final Countdown (Expanded Edition)","Swedish","Playlist","USSM18600196","3MrRksHupTVEQ7YbA0FsZK"
"I'm an Albatraoz","AronChupa","I'm an Albatraoz","Swedish","Playlist","SEYOK1406001","5MhsZlmKJG6X5kTHkdwC4B"
"Forever Young","Thomas Stenström","Fulkultur","Swedish","Playlist","SEYQH1400103","0p5p2I8v2AfLrZuGteq25d"
"Instruktionsboken","Miss Li","Underbart i all misär","Swedish","Playlist","SE5HK2000154","7zKTQhQPCGnh2PgP93Pxsu"
"Kyss bort allt det onda","Havet","Kyss bort allt det onda","Swedish","Playlist","SEYDQ1700201","5zC3m7fsSmVtCP5f2GTX2x"
"Ingen annan rör mig som du","Norlie & KKV","Alla våra låtar","Swedish","Playlist","SEUM71500355","25V8NDi9if73rYvHwDKKw5"
"Albatraoz","Albatraoz","Albatraoz","Swedish","Playlist","SEYOK1219472","1EqYoza9iMnxB9O0TwAeOO"
"Tillfälligheter","Veronica Maggio","Tillfälligheter","Swedish","Playlist","SEUM71900174","5iJLphnVyGpLeAcsOZSfhw"
"Luren i fickan","Grillat & Grändy","Kör vi tills att dör vi","Swedish","Playlist","SEXZC1500305","3YAs2Cz1DeYEUPn5G1p9IM"
"Brinner i bröstet (feat. Malcolm B)","Danny Saucedo","Hör vad du säger men jag har glömt vad du sa","Swedish","Playlist","SEBGA1500098","0OWWwH0IRJm3njG2ewmlWa"
"En gammal Amazon - 2023 Master","Svenne Rubins","En gammal Amazon 30 år","Swedish","Playlist","SE3FR2300101","4fSyd0K4fzY0ExNu0SlY11"
"17 år","Veronica Maggio","Och vinnaren är...","Swedish","Playlist","SEUM70800042","7MzmBmyI9KkyQJaPNLdtUi"
"Lush Life","Zara Larsson","So Good","Swedish","Playlist","SEWEE1500509","1rIKgCH4H52lrvDcz50hS8"
"Som en riktig man","Kenneth & The Knutters","Fyrtio år","Swedish","Playlist","SEBGA9102050","1QWzq7PXckcLxBwV8MQLjH"
"Step Up","Darin","Darin","Swedish","Playlist","SEBMC0500079","5BeBfnubllFy69omQHNavT"
"Higher","Erik Grönwall","The Idol Years: Erik Grönwall","Swedish","Playlist","SEBGA0900325","5hVDznakebbR2mdmcbqoCI"
"Canelloni Macaroni","Lasse Holm","Lasse Holm","Swedish","Playlist","SEPQM0613883","5OHcIW10h97ZoIH1PCsyRH"
"ABC","Anna Book","ABC","Swedish","Playlist","SEBGA8600001","2YCWUpoVclk9PFo5cDfUPU"
"Jag och min far","Magnus Uggla","Magnus Den Store (Live)","Swedish","Playlist","SE24C1200205","4GmfoKVBh1mIR6OVaMDXRK"
"Snacket på stan","Danny Saucedo","Så mycket bättre - Tolkningarna","Swedish","Playlist","SEBGA1602613","0rleRAsgvRKxBVf44lmcY7"
"Dansa i neon","Lena Philipsson","Lena 20 år","Swedish","Playlist","SEPQM0610012","4N0NK4lCncys6hwWhtXRit"
"Efter plugget","Factory","Best Of Factory","Swedish","Playlist","SEBGA7901010","0985mUC5n2eBXsX4YEaiTg"
"Från hjärtat (feat. Hoosam, Sabo & Aleks)","Ison & Fille","För evigt","Swedish","Playlist","SEXZC1100313","3wkE1y8yv65YFY9HZV8u2j"
"Oh, vilken härlig da'","Ted Gärdestad","Sol, vind och vatten/Det bästa med Ted Gärdestad","Swedish","Playlist","SEAYD7314190","2M8pRsbTsrNQ2O9h5wtpmV"
"Fredrik Snortare och Cecilia Synd","Petter","Ronin","Swedish","Playlist","SEBMC0423010","0I7B4cDM2Rqh6uxn00BU7m"
"Cobrastyle (feat. Mad Cobra)","Teddybears","Fresh","Swedish","Playlist","SEBGB0401010","45sdD9GjryujVOcRJ4YQRQ"
"Nån Annan","Dani M","Hela Livet","Swedish","Playlist","SEVQF1600901","0KqNAZABm08asFCFYfDDAg"
"Fyra Bugg & en Coca-Cola","Lotta Engberg","Svenska Tokhits","Swedish","Playlist","SEPQM0610789","3KKaGvEv3xkQpRAUMX4e0l"
"Romeo","Shebang","The Whole Shebang","Swedish","Playlist","SEVGT0002901","2LFurEZhXhTVmr5MpW50uE"
"På egna ben","Carola","På egna ben","Swedish","Playlist","SEBMV9356010","4eJKkCCcp1ibRtNt50Y8J1"
"Sommar Och Sol","Markoolio","Sticker Hårt","Swedish","Playlist","SEAHC9810010","0gDuGPOhdmbNQZ0OCeBFzQ"
"Opa Opa","Antique","Pärlor - Antique","Swedish","Playlist","SEVGT9900051","7IOlbck6GABZ4LKKt33qgp"
"Han jobbar i affär","Lena Philipsson","Lena 20 år","Swedish","Playlist","SEBMC0500076","0A7kKs6eny0KnBXdzGt35u"
"Öppna landskap","Ulf Lundell","Öppna Landskap 7595","Swedish","Playlist","SEAMC8223020","1WVjxyTSZ5UiI6TlcHyUPh"
"Guldet blev till sand","Peter Jöback","En kväll med Peter Jöback","Swedish","Playlist","SEWBD1005011","3KGzq4GPOHqYV8IZxRqyZW"
"Moviestar","Harpo","Moviestar","Swedish","Playlist","SEAMA7640010","4t9EUCjCPbdfqtOH25k8AU"
"Satellites","September","In Orbit","Swedish","Playlist","SEWBD0500801","03N0ZpS5QaC9ga9i2xO9Vp"
"Sista sommaren","Thomas Stenström","Sista sommaren","Swedish","Playlist","SEBGA2200185","28TGtp6irVUZhTv5ytdex1"
"Hon gör allt för att göra mig lycklig","Tomas Ledin","Tillfälligheternas spel","Swedish","Playlist","SESOA9702020","4ZALd5LmXSciq8xuorcS0K"
"En dag","Tommy Nilsson","Det bästa med Tommy Nilsson","Swedish","Playlist","SEBMC8990010","5Cmwme624iKaqaSKTLcBWP"
"Hej hallå!","Thomas Stenström","Spring baby spring","Swedish","Playlist","SEBGA2100225","6BT8CwzsMOi2FSIDa5zZwN"
"Wonderchild","Christian Walz","Paint By Numbers","Swedish","Playlist","SEBMC0438070","1ijNH4JCOlLJz7ToxmjUeY"
"We Are All The Winners","Nick Borgen","Mitt Kära Östersund","Swedish","Playlist","NOFCV0701040","51cOCcB9c8tjUI50trrD4r"
"Köra fort som fan","Ronny & Ragge","Let's Pök","Swedish","Playlist","SEBMA9344070","4enF8mIoBKWLB4R2Gau6Zc"
"Vårt år","estraden","Mellan hägg och syrén","Swedish","Playlist","SEBGA1900676","2U8MK6O02FVG2DDTY9ttyv"
"Hon Kommer Med Solsken","Östen Med Resten","Greatest of the Best","Swedish","Playlist","NOX9X3652401","4mKXtd5wOFqk4ay32Bwwff"
"Sommar sommar sol","JLC","Sommar sommar sol","Swedish","Playlist","SEBGA1700187","6yuG9MJgec1f18LA7fWJW0"
"If I Were Sorry","Frans","If I Were Sorry","Swedish","Playlist","SEXPJ1600101","6oDkCmfVcSd9NXAKk1b4Ll"
"Guld och gröna skogar","Hasse Andersson","Guld och gröna skogar","Swedish","Playlist","SEPQA1401134","6EnNjWkk1YX3fsTXtwO773"
"Ge mig en öl","Kenneth & The Knutters","Fyrtio år","Swedish","Playlist","SEBGA9303010","1Zw44gXDnqeio5EY9QrMEF"
"I Do","Arvingarna","I Do","Swedish","Playlist","SEBGA1803953","0pGX4KgirIW7JAHh93rzPU"
"Från och med Du","Oskar Linnros","Vilja Bli","Swedish","Playlist","SEUM71000245","379S6VBwFo9FUrK5rz33mq"
"Ska vi gå hem till dig","Magnus Uggla","Uggla Box","Swedish","Playlist","SEVBS8701110","7wJRQOXkBv09WmHtJOgybL"
"Hela världen är min","Victor Leksell","Hela världen är min","Swedish","Playlist","SE6TS2200101","07l5IJqrY6ERJw7HNdnM0G"
"Inget stoppar oss nu","BlackJack","Stora dansband möter Utmanarna","Swedish","Playlist","SEAOF0500050","3bySE7K5HW7QJKJiE5GlGU"
"Copacabanana","Sean Banan","Copacabanana","Swedish","Playlist","SEBGA1201084","792VMoWC2A4GIRHooEawqR"
"För kärlekens skull","Ted Gärdestad","Droppar av solregn","Swedish","Playlist","SEAYD9303010","0trhh9FnFYNZ7ZOQH1d35U"
"Cry for You","September","Dancing Shoes","Swedish","Playlist","SEWBD0600812","1mvZErZBp7WZT3HfGBykao"
"Jag mår illa","Magnus Uggla","Uggla Box","Swedish","Playlist","SEVBS9001060","1wdRo9hSIYSsQDwLd40a1W"
"Om sanningen ska fram (Vill du ligga med mig?)","Eric Amarillo","Om sanningen ska fram (Vill du ligga med mig?)","Swedish","Playlist","SEWIM1100201","1jYu0gTLkWcQzP9UL9Shuv"
"Amazing","Danny Saucedo","Amazing","Swedish","Playlist","SEBGA1200006","33qw98yPnShEQMoF72ORUa"
"Vacker utan spackel","Joakim Hillson","Joakim Hillson","Swedish","Playlist","SEVGT0001501","3OZeNQnM7WOgsKv7F8gU1q"
"En del av mitt hjärta","Tomas Ledin","Tillfälligheternas spel","Swedish","Playlist","SESOA9702010","0gQtd0FQjuJSsuK2qHFYoF"
"4 sekunder","Magnus Uggla","Uggla Box","Swedish","Playlist","SEVBS9301080","2h8uwSS8sOw1WTTi2HALpN"
"Jag kommer - Spotify Studio It's Hits Recording","Myra Granberg","Jag kommer - Spotify Studio It's Hits Recording","Swedish","Playlist","SEBGA2100201","7mo7CfYuvDyhP4C63SJKnV"
"Strövtåg i hembygden","Mando Diao","Infruset","Swedish","Playlist","SEYBD1200106","5gzslnn0fGkJnMz2IbyMw7"
"Logiskt (feat. Säkert!)","Petter","Samlar ut den","Swedish","Playlist","SEUM70701143","3BjZeG0JSBklJQ7D5heG2O"
"Svalkar vinden","Den svenska björnstammen","Ett fel närmare rätt","Swedish","Playlist","SE2UI1200102","4zDdZaKglOiw76QxbvWU2S"
"Havet är djupt","Lokal","Havet är djupt","Swedish","Playlist","SE3GO1500501","0milNfD6Cq6hnb702irLpf"
"Tusen och en natt","Wizex (Charlotte Nilsson)","Svenska Schlagerhits","Swedish","Playlist","SEPQM0611154","0IxuXyxYOVlrnNXwnaNiFb"
"Baby Goodbye","E.M.D.","A State Of Mind","Swedish","Playlist","SEBMA0900004","4Vg4aicJ6wzbhdpDh1Nq8L"
"Midsommarnatt","Eddie Meduza","You Ain't My Friend","Swedish","Playlist","SEBGA0700018","5LAnTrLaN2SzUfWOglKPIy"
"Solglasögon","Docent Död","80-tals nostalgi","Swedish","Playlist","SEBFO8002010","06bayPghnjAqFzwbVsZwz8"
"HKF (Håll käften & försvinn)","Myra Granberg","Bara hälften kvar","Swedish","Playlist","SEBGA2000873","2YjWAJEES4VMcwoOWvqk08"
"Jag orkar inte mer","Markoolio","Tjock och lycklig","Swedish","Playlist","SEVGT0102404","0T51GzrPjiYd9rCJHomzJe"
"Ödet var min väg","Nordman","Anno 2005","Swedish","Playlist","SEVGT0500101","0qNhAdjq0R7iBGOM1X44I4"
"Tess","Peter LeMarc","Bok med blanka sidor","Swedish","Playlist","SELAA9500106","3lLh4EHR2PBdmBFrMDIIuC"
"Kanske var vi rätt bra ändå","Newkid","MOUNT JHUN","Swedish","Playlist","SEBGA2000289","05HKKlHqE1HJ1oIqXpJ7yI"
"Omåomigen","Pelle Almgren","Allting är bra!","Swedish","Playlist","SEPQA2000000","4fwOeFfLQoTjEsldLpDngl"
"Not a Sinner Nor a Saint","Alcazar","Dancefloor Deluxe","Swedish","Playlist","SEBMC0300010","68yU6f7Dx2KQrdkdU7bz2h"
"Dover-Calais","Style","12 Bästa","Swedish","Playlist","SEBMA8667070","6eWs5GR8iLbolcOjj3gKjx"
"Snälla bli min - Spotify Studio It's Hits Recording","Victor Leksell","Snälla bli min - Spotify Studio It's Hits Recording","Swedish","Playlist","SEBGA2100192","1ZJdjsCEdolnRN83W9dWiX"
"Oh boy","Peps Persson","Peps Bitar 1968-1992","Swedish","Playlist","SEBFO9214040","3VsMDGtaLvkctJieuQ0qzA"
"Alive","Da Buzz","More Than Alive","Swedish","Playlist","SEVGT0300201","2YAeOvFOFeWPst165ReDg5"
"Gloria","Carola","Främling 25 år","Swedish","Playlist","SEBMI8350050","7pMU7BiNFslXAM6T5b0PEY"
"Undressed","Kim Cesarion","Undressed","Swedish","Playlist","SEWPF1300101","0jQvysmjtBMRNjmHLe3gZK"
"Jennie Let Me Love You - Radio Edit","E.M.D.","A State Of Mind","Swedish","Playlist","SEBMA0800017","47GwDJeaMuy6qISfD1gzWr"
"Did I Tell You","Jerry Williams","Jerry Williams / JW","Swedish","Playlist","SEBFO8807010","6OjTQyRybsRv9GUmKKbAvp"
"Carrie","Europe","1982-2000","Swedish","Playlist","USSM18600197","4sg7gEGKzmZdG0ntV0tTD5"
"Mayhem","Lorentz & Sakarias","Vi mot världen","Swedish","Playlist","SEBGA0800286","769SjtHPstx3yw6QmvP232"
"Delirium","Lena Philipsson","Lena 20 år","Swedish","Playlist","SEBGA0403030","4FQ4m9whOZuTc205hI8WDa"
"Kärleksvisan","Sarah Dawn Finer","En svensk jul","Swedish","Playlist","DKBV71008001","5Zht5KNputEifwWCjHcmsb"
"Du måste finnas","Newkid","Så mycket bättre 2020 - Tolkningarna","Swedish","Playlist","SEBGA2000847","6tkvkyjha4cq0ZRzOGz3Mv"
"Bärsärkagång","Drängarna","Välkommen till Drängaland","Swedish","Playlist","SEXER1000103","37kSYO0ly14YHLZATjR2v7"
"Du får göra som du vill","Patrik Isaksson","10 år - en snäll mans bekännelser","Swedish","Playlist","SEBGA9902012","2T6eHFvCm6sFxiQeGYJL4C"
"Ain't No Saint","Peg Parnevik","Ain't No Saint","Swedish","Playlist","SEBGA1600322","2c1EGwagV1sT73NimGsqIh"
"Håll om mej!","Peter LeMarc","Peter LeMarc","Swedish","Playlist","SELAA8700102","2KqY5Bvi0l2wNyWYpzzrDr"
"Boten Anna - Radio edit","Basshunter","Now You're Gone - The Album","Swedish","Playlist","SEPQA0650723","3N9huFk2IceMSlKoZLaUsv"
"Efterfest","Magnus Uggla","Uggla Box","Swedish","Playlist","SEBGA0407042","1GmwF2m6zfChfOLHOHsMmQ"
"Mitt i ett äventyr","Carola","Hits 25 år","Swedish","Playlist","SEBMI9107080","5238doM6GbkyM9lNPeIwrQ"
"Gå och fiska","Gyllene Tider","Konstpaus","Swedish","Playlist","SEAME9600232","4LZhxPSsWW6djAWn9IaI2F"
"Carina","Larz-Kristerz","Våra bästa!","Swedish","Playlist","SEBGA0900008","153G9eQ7m3aex2HPAC6b1Z"
"If Only You (feat. Therese)","Danny Saucedo","Set Your Body Free","Swedish","Playlist","SEBMA0700043","0vBwerXK42Xjl0vf4rHqFa"
"Flickan och kråkan","Mikael Wiehe","Kråksånger","Swedish","Playlist","SELDA0500108","2hCUmmNEYmmaZYWXONAx7D"
"When We Dig for Gold In the USA","Amanda Jenssen","Sånger från ön","Swedish","Playlist","SEBGA1400512","54dCnWVg3FtggSSSHCB4ak"
"Fula gubbar","Magnus Uggla","Uggla Box","Swedish","Playlist","SEVBS8601050","0SMs1eUeMnSlMhr3ZZXJgC"
"Hiphopper","Thomas Rusiak","Magic Villa","Swedish","Playlist","SEBFO0002060","5J9AqZadtkq9pVzENnN3FJ"
"Ingen kan älska som vi","Grace","Ingen kan älska som vi","Swedish","Playlist","SEBGA0700105","3JvHwqxypIl5i6e6pdwovk"
"Ljudet av ett annat hjärta - 7"" Single","Gyllene Tider","Moderna tider [Bonus tracks edition]","Swedish","Playlist","SEAME0400051","4Chq6k6Hmy2C4jjjtEr2BB"
"En kväll i juni","Danzbanderz","En kväll i juni","Swedish","Playlist","SEVSZ2200605","6XOPzRqNEhkDVVxbqTcpou"
"Så som i himlen (feat. Tensta Gospel)","Danny Saucedo","Hör vad du säger men jag har glömt vad du sa","Swedish","Playlist","SEBGA1500302","5tZPmEPqAcFVyxaEcU3cvP"
"Giftig","Mange Schmidt","Känslan kommer tillbaks","Swedish","Playlist","SEWBD0701401","2ataTDIyktOJSnxeMlBggw"
"Aldrig ska jag sluta älska dig","Jonas Gardell","Nästan vackra","Swedish","Playlist","SEVGT0603005","2MpXdpwJUPgN26SXVvQzVF"
"Cotton Eye Joe","Rednex","Nº1 90's Vol.5","Swedish","Playlist","USV351423409","2czY6FVL0Euu6pwMy2t4DU"
"Dé é sommar","Ronny & Ragge","Let's Pök","Swedish","Playlist","SEBMA9344010","0EWaUpAQtTWET3E14ye6ZV"
"Vågorna","Uno Svenningsson","I det osynliga","Swedish","Playlist","SEPQA0107010","6mPvmqLqpQPgYAfUFKcMeX"
"In med bollen 2012","Markoolio","Jag är Markoolio","Swedish","Playlist","SEBMA1200004","6REMRPdAd7TFDujIWVdx4Q"
"Sånger från förut","GAMMAL","Innan det tar slut","Swedish","Playlist","SEBGA1902120","10us5dfi90LZXjrq8Dwep7"
"Volvo","Eddie Meduza","Gasen i botten","Swedish","Playlist","SEBGA0600203","01vfSVYtIhFmd2aNBIhcvf"
"Allt som jag känner","Tone Norum","Sommar, sommar, sommar","Swedish","Playlist","SEBFO8708010","2LoC5OOwNjf5MguZoJKPBf"
"I morgon är en annan dag","Christer Björkman","I morgon är en annan dag","Swedish","Playlist","SEBGA1600411","7DqyeESnaKCwDjgmA45UFZ"
"Dina färger var blå","Tommy Nilsson","Det bästa med Tommy Nilsson","Swedish","Playlist","SEBMR9547010","00IRhIiynu3eZjVaegnJ2h"
"800°","Ebba Grön","Kärlek och uppror","Swedish","Playlist","SELAA8101030","3zgJHNEorjbLLThp6TiMhz"
"Folköl och dunka-dunka - Live","Svenne Rubins","Folköl och dunka-dunka (Live 2020)","Swedish","Playlist","SE3FR2000101","00luqtaQ7gIO8byEgh1xWs"
"Popitop","Dag Vag","Åttatreåtta (Rebalanced)","Swedish","Playlist","SELFA1801814","6EKsuZE3BdlLOOgzSIma39"
"Jag vill vara din, Margareta","Sten & Stanley","Stora dansband möter Utmanarna","Swedish","Playlist","SEBCA9606114","4gZZ1l0jMXvQ8mxqwKHP7t"
"Där dit vinden kommer (feat. Jaqe, Duvchi, jj & Joy)","Lorentz","Kärlekslåtar","Swedish","Playlist","SE4FY1400107","46JdPZmwWfkCJHVzd5gi8v"
"You Got (What I Want)","Graaf","Graaf Sisters","Swedish","Playlist","SEBMA9887010","3KIUjBZoo13uUWBtbWcPCP"
"Änglahund","Hasse Andersson","Änglahund","Swedish","Playlist","SEBFO8206010","4GgAm1IIj5mIUsA8ucKA0k"
"Nitar och läder","Magnus Uggla","Uggla Box","Swedish","Playlist","SEVBS0001010","35SeblfhFeLLZUnitcYdgu"
"Sommarnatt","Snowstorm","Best Of","Swedish","Playlist","SEPQM0612809","6VKZGo3YyFeoU9sENXERz0"
"Johnny the Rocker","Magnus Uggla","Uggla Box","Swedish","Playlist","SEBGA7902020","6jQtUzaNIfjloo9bX5lxs8"
"E' de' det här du kallar kärlek","Lasse Holm","Lasse Holm","Swedish","Playlist","SEPQM0613054","5MBBQ7P9AozcQ8lF7So1B3"
"Rock the Night","Europe","1982-2000","Swedish","Playlist","USSM19300073","3ngXQEAhRfEEywnTHtqhfi"
"Husvagn","Galenskaparna & After Shave","En Gó Box","Swedish","Playlist","SEUMA9402150","7rbwpXPzDkbzxFb9PQY8XN"
"Det hon vill ha","Christer Sandelin","Luften darrar","Swedish","Playlist","SEAYD8914070","5gyPbAixchH4iPhqKWthfB"
"Ha dig igen","Victor Leksell","Fånga mig när jag faller","Swedish","Playlist","SEBGA2000500","6FY1QdP2WeXZ73ERGaSXVN"
"Jag är en vampyr","Markus Krunegård","Markusevangeliet","Swedish","Playlist","SEUM70800038","4nXeZFbbcZNvX4nHMJR5xJ"
"Toppen av ett berg","Petter","Toppen av ett berg","Swedish","Playlist","SEBGA1701029","2N7claLHWD1ypZARTJNtjI"
"Fest hos mig - Sommar 2008 Remix","Kick","Fest hos mig (Remixes)","Swedish","Playlist","SEWBD0803103","0MynjNLlp9gUg8OgNOlGqO"
"Heroes","Måns Zelmerlöw","Perfectly Damaged","Swedish","Playlist","SEPQA1401135","21BYhl07wWqGRQaj7sUxdV"
"My Number One","Helena Paparizou","My Number One","Swedish","Playlist","GRS010500065","6LkCvCc9oFoLDv4DLhzTox"
"Mikrofonkåt","Petter","Mitt sjätte sinne","Swedish","Playlist","SEBMC9867150","7affuyDflV8wvNI4UhuHjX"
"Om du lämnade mig nu","Lars Winnerbäck","Daugava","Swedish","Playlist","SEUM70700862","17q9gSD214wClyCjqrhmgH"
"Som jag hade dig förut","Melissa Horn","Långa Nätter","Swedish","Playlist","SEBMC0800034","7INhO4ADgVyGVr3ivV4I1D"
"Jag mår bra nu (feat. Newkid)","Molly Sandén","DOM SKA VETA","Swedish","Playlist","SEBGA2000828","6PsjkCsky6zazqsFp7fswp"
"Hon har ett sätt","Jakob Hellman","...och stora havet","Swedish","Playlist","SEAMA8819070","1nrvksAMsxoiEbUkQyxOXo"
"Astrologen","Magnus Uggla","Uggla Box","Swedish","Playlist","SEVBS8301090","7qmb9QR1EOt2i0PmXXmYFl"
"Tänker inte alls gå hem","Arvingarna","Tänker inte alls gå hem","Swedish","Playlist","SEBGA2001592","4SQGtL9oAoTcgxPleSPA5H"
"Kär i din kärlek - Recorded at Spotify Studios Stockholm","Molly Sandén","Spotify Singles","Swedish","Playlist","SE4T41800110","5an6BWQDhw4FnjZhdyOFuL"
"Länge leve vi","Ison & Fille","Länge leve vi","Swedish","Playlist","SEXZC1400109","0pM1qXcUs9lzLpDeR62HSo"
"Håll om mig","Petter","Början på allt","Swedish","Playlist","SEBGA1201094","4J0WQvqCBytACvgKVrq1S3"
"Till dom ensamma","Mauro Scocco","Dr Space dagbok","Swedish","Playlist","SELEA9101040","31AMbxkc5KHNtBSmuNww60"
"All 'Bout the Money","Meja","Seven Sisters","Swedish","Playlist","SEBGA9712040","72qwRwnHNGCnn8sFlVOwr4"
"Johanna","Arvingarna","Våra allra bästa","Swedish","Playlist","SEBGA1700164","3rfu2aPwLJhsrzijPeLaPe"
"En jävel på kärlek","Glenmark Eriksson Strömstedt","Glenmark Eriksson Strömstedt","Swedish","Playlist","SEPQD9520020","6sDc7xKVYe28DdASxT4FxR"
"Det måste gå att dansa till","Larz-Kristerz","Våra bästa!","Swedish","Playlist","SEBGA1300242","0Cwf4vXrawZbqQYNSSHH4Q"
"The Look","Roxette","Look Sharp! (2009 Version)","Swedish","Playlist","SEAME8878010","0ZfM5XfJTtFPhOxAERRnNY"
"Baby Boom","Magnus Uggla","Uggla Box","Swedish","Playlist","SEVBS9001020","0GiN5bEBn1jZH5npIzrKYh"
"Hero","Charlotte Perrelli","Hero","Swedish","Playlist","SEUM70800079","55XpXSN77QyoudQmlg8j8q"
"Bira bärs - Radio Edit","Regimen","Bira bärs","Swedish","Playlist","SE3OH1511628","3resBvGD5Qj09Ki1WRVy48"
"Lyssna till ditt hjärta","Friends","Lyssna till ditt hjärta","Swedish","Playlist","SEPQM0612426","4BhEDrbVxPgu13SQFwoDCV"
"Release Me","Oh Laura","A Song Inside My Head, A Demon In My Bed","Swedish","Playlist","SEWTA0700101","66Bzmhj4cOinK5bxjx5DAK"
"Du ska va president","Imperiet","MNW Klassiker - Imperiet","Swedish","Playlist","SELAA0202602","3ohXW41Z5iU6pL4pfpAMO0"
"Dancing Queen","ABBA","Arrival","Swedish","Playlist","SEAYD7601020","0GjEhVFGZW8afUYGChu3Rr"
"Tokyo - Radio Version","Danny Saucedo","Set Your Body Free","Swedish","Playlist","SEBMA0700001","7nOXCd2V6vdBgrP7PlD91D"
"Cherokee","Europe","1982-2000","Swedish","Playlist","USSM18600198","2QKpgTRxmz1JE3S5yWxLYr"
"Vandraren","Nordman","Nordman","Swedish","Playlist","SEBFO9401060","03CuKm1ugqpOYDukfxQlT0"
"Köttbullelåten","Ronny Rooster","Ronny Rooster och Köttbullelåten","Swedish","Playlist","SEBMA1000030","4LhNXZuh5AW19h6ptCmbVU"
"Driving One Of Your Cars","Lisa Miskovsky","Lisa Miskovsky","Swedish","Playlist","SEBKA0103010","2xrdPQ9t66LGmiA6R59POo"
"Do You Love Me","Amanda Jenssen","Sånger från ön","Swedish","Playlist","SEBGA0700408","0PlZWta0uxJe8TKuTvZqc2"
"En kväll i juni","Lasse Berghagen","Våra Mest Älskade Allsånger","Swedish","Playlist","SE2371100102","56IK5XbzZ8H3m3DtExNku5"
"Blommor där du står","GAMMAL","Innan det tar slut","Swedish","Playlist","SEBGA1900546","0jKrDRQcTkvcJLJMj00AAO"
"Egoist","kent","Best Of","Swedish","Playlist","SEBMC1600017","7bCV5n3FGxgNf5eHp0wZZp"
"Kung av sand","Gyllene Tider","Konstpaus","Swedish","Playlist","SEAME9500234","33jSLvAfP8pQ321WHh3eRW"
"Kom och håll om mej","Eva Dahlgren","En blekt blondins hjärta","Swedish","Playlist","SEPAS9129070","3fJ1e53JKuL4l5Cph4I0ab"
"Hon har blommor i sitt hår","Anders Glenmark","Jag Finns Här För Dig","Swedish","Playlist","SEPAS9019020","4R61dwj0qyIRDhfMnqMupz"
"Oh Mama","Lili & Susie","Dance Romance","Swedish","Playlist","SEAMA8771020","3cyRYEWw13jCQMerECnIHy"
"Balla Trazan Apansson - Musik 2","Trazan & Banarne","Sångtajm med Trazan & Banarne (Specialversion)","Swedish","Playlist","SEBMA1900025","6YXAhsg5NLuNyu03KhaTCD"
"Vingar","Mikael Rickfors","Playlist: Mikael Rickfors","Swedish","Playlist","SEPQD9124010","3ng7C6llxYZDBefPfbaDUt"
"Såklart! (feat. Eye N'I)","Petter","Bananrepubliken","Swedish","Playlist","SEBMC9949100","3uELTbXsxWHgG4D0ORehKr"
"(Du Ar Sa) Yeah Yeah, Wow Wow","Martin","En helt vanlig Svensson","Swedish","Playlist","SEBLM9826060","37FExmduN77uY4Y1h7Fqlv"
"Förlåta eller svika","Den svenska björnstammen","Country","Swedish","Playlist","SE4DA1500101","0yVz6D9z7pH6IyiOtnwv5e"
"Magaluf","Orup","Stockholm Och Andra Ställen","Swedish","Playlist","SEPQA9201010","1eQbty3NNMMmGiFFEwdxjV"
"Varning på stan","Magnus Uggla","Uggla Box","Swedish","Playlist","SEBGA7701020","58GT40XJGSS1ScUygvyPAt"
"Jag ger dig min morgon","Fred Åkerström","Två Tungor","Swedish","Playlist","SEPQD7220010","7nBARurNPIRVcf81uOFz3i"
"Show Me Love - Radio Version","Robyn","Det Bästa Med Robyn","Swedish","Playlist","SEBML9707010","5KaggKyCa9QZk25z93D4Zs"
"Två av oss","X-Models","Hemligheter","Swedish","Playlist","SEAMA1200490","62S2zK3Br4XVPmP9VoLcaa"
"Playing With Fire","Brolle","Rebellious Heart","Swedish","Playlist","SEVGT0102601","68nBmKpvy3FecJG1HDtMcO"
"Så länge vi har varann","Ratata","La Dolce Vita (Det bästa 1982-2003 / I eget urval)","Swedish","Playlist","SEPAS8703030","5ihzUJ7thrM9pjPe2NZRRq"
"Super 8","Danny Saucedo","Så mycket bättre - Tolkningarna","Swedish","Playlist","SEBGA1602615","7dWJBwpPuUWqUoTZ0FXQg5"
"Listen To Your Heart","Roxette","Look Sharp! (2009 Version)","Swedish","Playlist","SEAME8878130","78TnMTAFmWUWWCgNXR7D3K"
"Oh Susie","Secret Service","Oh Susie","Swedish","Playlist","SEUM70700528","7EFdBb3ao46AI9h9nhzLo1"
"Då står pojkarna på rad","Orup","Orup 2","Swedish","Playlist","SEPQA8910120","3zjtUYiQr0XkFuOd4AjLCq"
"Kung i stan","Arvingarna","Våra allra bästa","Swedish","Playlist","SE4WJ1500112","1rDQBsXZoyjou8TvUjKX3T"
"It Must Have Been Love - From the Film ""Pretty Woman""","Roxette","Don't Bore Us - Get to the Chorus! Roxette's Greatest Hits","Swedish","Playlist","SEAMA8777131","6qB7YcFpeBEQa0D6QO482y"
"IQ","Magnus Uggla","Uggla Box","Swedish","Playlist","SEVBS8301030","4j19cF6ZE0LELLnO6JVoIf"
"Dansar i månens sken","Suzzies Orkester","Om","Swedish","Playlist","SEBFO8805020","4UBYbC0qKvmUvgJgyDKJDV"
"Little Willie John - Version","Peter LeMarc","LeMarc - Klassiker","Swedish","Playlist","SELAA9100203","7M57AuAeA5M4lnWqpUGRIR"
"Bara hon älskar mig","Blond","Blond","Swedish","Playlist","SEBMI9756010","5dEHUYf0NkT1pZeEJOCMsW"
"Gubben i lådan (feat. Miriam Bryant)","Thomas Stenström","Så mycket bättre 2021 - Tolkningarna","Swedish","Playlist","SEBGA2100598","0ln3ddVLRoA8HCXvMW5GSH"
"Tycker om när du tar på mig","Per Gessle","Mazarin","Swedish","Playlist","SEVWA0301008","3ZFmytdiIda4hXObbBO5c6"
"Som stormen river öppet hav","Viktoria Tolstoy","Pastpresent","Swedish","Playlist","SEBGA1300380","5b3wMWarS38eAkeMjnhzFx"
"Sup dig snygg","Dansbandskungen","Husvagnssemester","Swedish","Playlist","SEVSZ1601102","6euVNa77wkWpTs0WQrLtUM"
"Crying at the Discoteque - Radio Edit","Alcazar","Dancefloor Deluxe","Swedish","Playlist","SEBMA0065010","6eVJVmtSb2hISLsEIuWY5N"
"En kväll i tunnelbanan","Noice","Tonårsdrömmar","Swedish","Playlist","SEBFO7903020","3wsxQvaZK7uD0W57liT7sc"
"Joey Killer","Magnus Uggla","Uggla Box","Swedish","Playlist","SEBGA0800124","7B5NnCY27qsWb1neu5MhXa"
"Upp över mina öron","Eriksson Glenmark","Orup 2","Swedish","Playlist","SEPQD8921020","5yVkWdTFlPrnUjnA24ta3M"
"113 officerare","Stefan Andersson","Teaterkungen","Swedish","Playlist","SEYEP1100107","35r2D3oTBkr33rLYWvfGwJ"
"Kärleken är evig","Lena Philipsson","Lena 20 år","Swedish","Playlist","SEPQM0610004","1aGNEZc7EA6MiCW1s9GyUD"
"Halmstad","Linnea Henriksson","Du söker bråk, jag kräver dans","Swedish","Playlist","SEBGA1300893","1UmPfQAPqLnjSuRtcLJeoF"
"Mer för varandra","Norlie & KKV","Mer för varandra","Swedish","Playlist","SEUM71800252","5GC6b6Ukc7PfwG8VfYO3ar"
"Småstadsprat","Per Gessle","En vacker natt","Swedish","Playlist","SEVWA1700103","2hqycTvN1LuEOaiHvTjMBf"
"Hand i hand","Style","12 Bästa","Swedish","Playlist","SEBMA8767120","1e5ucTaqnN2YiD97AS6bqC"
"(Oh la la) Jag vill ha dej","Ulf Lundell","Öppna Landskap 7595","Swedish","Playlist","SEAME7967140","5BOCw5gzCsPvlwVPJ7Eulh"
"Långa nätter","Melissa Horn","Långa Nätter","Swedish","Playlist","SEBMC0700105","2Vp9Ox6vewOZBdCL97gitE"
"Tusen bitar","Björn Afzelius","Tusen bitar","Swedish","Playlist","SEPQB9050160","5odXFIUE5YFAbA7iEdL0w8"
"Uti vår hage (feat. Viktor Norén & Gustaf Norén)","State of Sound","Uti vår hage (feat. Viktor Norén & Gustaf Norén)","Swedish","Playlist","SEBGA1601332","4YIM1KWDXTPNbE5f4Z5xvj"
"Jag gråter bara i regnet - Akustisk version","Newkid","Jag gråter bara i regnet","Swedish","Playlist","SE2FB1100004","508HOiphnDt26e8ylIQlwP"
"Kräm (så nära får ingen gå)","kent","Best Of","Swedish","Playlist","SEBMR9672010","58eqhe4CIuvHW8X2eBlFzC"
"Jimmy Dean","Troll","Troll","Swedish","Playlist","SEBFO8909010","0nPNQ84kh7WJtoyW1PyHPN"
"Jag klär av mig naken","Eva Dahlgren","För minnenas skull","Swedish","Playlist","SEPAS8701010","5rWyQmUb7eBoxC6oHTJNBW"
"Karatefylla 2.0 - Radio Version","Byz","Karatefylla 2.0 (Radio Version)","Swedish","Playlist","SEWBD1610101","7ADKspOjo3n2nC6azfWLZX"
"Växeln hallå","Janne Lucas","The Best Of","Swedish","Playlist","SEPQM0612398","61hgZt5HEewtSjxibp01Vy"
"Gennesarets sjö","Kjell Höglund","Glöd (1971-1988)","Swedish","Playlist","SELGA1100804","0k48Ez6ShjafjB3OcIQmfp"
"Dansar i månens sken","Suzzies Orkester","80-tals nostalgi","Swedish","Playlist","SEBFO8805020","1rk6RXgRKdVLfhbJQxUwhA"
"Mare Mare","Anders Glenmark","99","Swedish","Playlist","SEPAS9130050","2ruSkslWgiaYiGhxyqFYwS"
"Vara vänner","Jakob Hellman","...och stora havet","Swedish","Playlist","SEAMA8819030","6a41rCqZhb2W6rpMolDR08"
"Right Here Right Now (My Heart Belongs to You)","Agnes","Agnes","Swedish","Playlist","SEBMC0500164","76QiLh03h0vsutJSMBJUA1"
"Jackie","Ratata","Kollektion","Swedish","Playlist","SEAYD8202010","7JTaPgK7sLhTZoJfUR73kB"
"Touch Me","Weeping Willows","Into the Light","Swedish","Playlist","SEBIA0127010","724ltX0NuMww2BeLaZf9Mh"
"Det Vackraste","Cecilia Vennersten","Cecilia Vennersten","Swedish","Playlist","FR2X41530420","3JIOkz5QLH2UjSMzeoGCH2"
"Turistens Klagan","Cornelis Vreeswijk","Turistens Klagan","Swedish","Playlist","NOJHA5808010","6tLjq4EtZvUSTg6QRtyCni"
"Semester","Arvingarna","Våra allra bästa","Swedish","Playlist","SEBGA1200762","4s3u3P0UiSUBFEcHvifOCX"
"Knivhuggarrock - Radio Edit","Tomas Ledin","Knivhuggarrock (Radio Edit)","Swedish","Playlist","SEPAS7500011","38bqyFtEm3dozLeS55jVhG"
"Köppäbävisan","Bengt Pegefelt","Våra Mest Älskade Allsånger","Swedish","Playlist","SEAMA0600772","0WU15SAYHClmfKPR2GtVPZ"
"I en annan del av världen","Freda'","Det bästa med Freda' + Uno","Swedish","Playlist","SEPAT9344090","5cPZasAXPI8Bdjio8vrYSk"
"En runda till","John De Sohn","En runda till","Swedish","Playlist","SEBGA1601424","6dJc9S96pAZdwA2gSr4dD8"
"Rytmen av ett regn","Milla's Mirakel!","Stillbilder","Swedish","Playlist","SEAMA8760080","70qifmOGYqU1IzRlA44Ovv"
"You're Gonna Get It - Lust In The Dust Mix","Trance Dance","Trancedance Greatest Hits Vol 1","Swedish","Playlist","SEBGA8602030","26KifbUCspxMeEm2XJz34g"
"Ingen vill veta var du köpt din tröja","Raymond & Maria","Vi ska bara leva klart","Swedish","Playlist","SEPQA0310030","1AETk3EwqrgVaMwlaLblfh"
"Allt man kan önska sig","Freda'","Det bästa med Freda' + Uno","Swedish","Playlist","SEPAT9344110","1xaceA6UFLm0vOTiChuCEY"
"Någon gång måste du bli själv","Säkert!","Säkert!","Swedish","Playlist","SEWBD0702105","103EuC2phtyVhUxmZRUfCN"
"Hatar att jag saknar dig","Södra Station","Från början till","Swedish","Playlist","SE5FG1600106","3eUUyE4sfk9UDlWecL0j6E"
"Save Tonight","Eagle-Eye Cherry","Desireless","Swedish","Playlist","GBAKW9800044","2hdhm6piUJnmKXmEmskXCg"
"Underbar","Fronda","Svart Poesi","Swedish","Playlist","SEWKB1007006","7G4jxL5jCy4EuzMPqkgrE0"
"Tro på varann","Uno Svenningsson","Uno","Swedish","Playlist","SEPAT9417010","7JiihoVvi5LWBUr2x45ASM"
"Väldigt kär/Obegripligt ensam","Linnea Henriksson","Till mina älskade och älskare","Swedish","Playlist","SEBGA1100182","4T8R2tlnxltuIHHzhFOY8T"
"Dag efter dag","Chips","20 bästa låtar","Swedish","Playlist","SEPQM0611428","4aJ1AoiwjzsOxWqabRTJd3"
"Container","David Shutrick","Finland","Swedish","Playlist","SEPAT9232020","65yylycZ36rlCyXstyz36z"
"Se på mig","Jan Johansen","Johansen","Swedish","Playlist","SEPEL9500113","5E0DPn2m1oAigfof05lKmJ"
"Semester","Bo Kaspers Orkester","Så mycket Bo Kaspers Orkester","Swedish","Playlist","SEBGS9803010","50atWaR6Omiu5TuVj4xwGr"
"Den första gång jag såg dig (feat. Linnea Henriksson)","State of Sound","Evighetens sommar","Swedish","Playlist","SEBGA1800911","2bhRDMgssdQXr7o9J4Tykr"
"Vi kommer aldrig att dö - 2009 Version","Bo Kaspers Orkester","Så mycket Bo Kaspers Orkester","Swedish","Playlist","SEBMC0900032","4hbijkxB7YcmzjMBUGGR09"
"Backa tiden","Joel Alme","Flyktligan","Swedish","Playlist","SEWBD1503702","41x3ZKNA4d2zRHgdKS9t9k"
"Hallå hela pressen","Chattanooga","Stoppa pressarna","Swedish","Playlist","SE3OW1300242","27PplQBwDNIfESCPuesKMV"
"Hon sa","Anders Glenmark","Jag Finns Här För Dig","Swedish","Playlist","SEPAS9019030","6pmvLkU9V33O9menHYyprl"
"Vackert Väder","Orup","50 sommarklassiker","Swedish","Playlist","SEBGB9902040","6ynA8C44LCujXkIi1SY9c0"
"Kom hem","Barbados","Best Of Barbados 1994-2004","Swedish","Playlist","SEPQM0611320","2VY6Ugb5GUgWfUTpEEx85J"
"Du söker bråk, jag kräver dans","Linnea Henriksson","Du söker bråk, jag kräver dans","Swedish","Playlist","SEBGA1300827","7vBbOnz4rbHJsxTtm53x3r"
"Vindarna","Freda'","Det bästa med Freda' + Uno","Swedish","Playlist","SEPAT9344020","2OVQRlkVtYKLr9YBQmWaKx"
"Lilla fågel blå","Staffan Hellstrand","Diamanter - 90-Talet","Swedish","Playlist","SEAMB9300136","4zE8bNADIyZyotZuHaXdsC"
"The Burden","Weeping Willows","Fear & Love","Swedish","Playlist","SEWAM0700101","46LJxnfgq4QspkXlJGkiO1"
"Hem Till Stockholm","Mauro Scocco","Mauro Scocco","Swedish","Playlist","SEPAS8809010","7xObEpX35MQDqsLvtxsTf9"
"Undantag","Bo Kaspers Orkester","Så mycket Bo Kaspers Orkester","Swedish","Playlist","SEBGA9803040","20x69WUfZFd548xjUSTIP5"
"Tre gringos","Just D","Guldkorn","Swedish","Playlist","SEPQA9508080","2MXLCtlKc8eyJlAf3PbyLN"
"Macken","Galenskaparna & After Shave","En Gó Box","Swedish","Playlist","SEUMA9402100","1N57gaReHnIlmZ010zbUhd"
"Hoodoo Wanna Voodoo","Trance Dance","A-HO-HO","Swedish","Playlist","SEBGA1600631","2n8uATGqDeTAMivvR8HAar"
"Flytta på dej","Alina Devecerski","Maraton","Swedish","Playlist","SEAMA1200260","0jfvayR4o86rv0UwQ1g3fX"
"Johnny G (The Guidetti Song) (feat. Frida Green)","Badpojken","Johnny G (The Guidetti Song) (feat. Frida Green)","Swedish","Playlist","SEXPJ1500301","4h3pqTNfE8TPLP5SWZjoU6"
"Vill ha dig 2015 (feat. Therese) - In Stereo Radio Edit","Drömhus","Vill ha dig 2015 (feat. Therese)","Swedish","Playlist","SEWBD1509001","6szFMhkTzMxIvFTp6adLq1"
"Dra dit pepparn växer","Casanovas","Livet börjar nu","Swedish","Playlist","SEBGA0900275","4RU3y1BkMuNyLfZNvQvinw"
"Amelia","Tommy Nilsson","Tiden före nu","Swedish","Playlist","SEBMC0500041","7jVkrMvBXc76uRJ0IsCoNk"
"Jag blir hellre jagad av vargar","Orup","Orup","Swedish","Playlist","SEPQD8820040","20P4WIsTo4HA5zO6krjhAp"
"Symfonin","Loa Falkman","Symfonin","Swedish","Playlist","SEBMI9791010","5UC6JqZnGgTzKk0NM3xhZr"
"Bara Få Va Mig Själv","Laleh","Kristaller","Swedish","Playlist","SE36T1600101","2FnUyLhe7sjXgnZlK9sc0z"
"Mistakes","Tove Styrke","Sway","Swedish","Playlist","SEBGA1700236","6MBdDRInVWsv2ZEH8Pvrjy"
"Var kommer barnen in","Hansson de Wolfe United","Existens-maximum","Swedish","Playlist","SEBMA8057060","1qAu9Y6Akd0CLAF6xLFtET"
"Regn hos mej","Orup","Orup 2","Swedish","Playlist","SEPQA8910130","1YEwlI2aCKITozVudLxrBs"
"Precis som du","Irma","Irma","Swedish","Playlist","SEBGA1200973","3cKBBVTTz9jY2A0HBqNdPQ"
"Gamma, gamma","Lasse Berghagen","Tillsammans igen","Swedish","Playlist","SEBGA1601377","0ePwcihuvC8nqlSDrmvOWD"
"Våga välja växel","Kenneth & The Knutters","Läder, svett och dårar","Swedish","Playlist","SEBGA8502030","3QCkwcUxBuXuidI8w4nIDn"
"Ännu doftar kärlek","Marie Fredriksson","Het Vind","Swedish","Playlist","SEAMA8400309","2cvgUpzXjHLtoE6P8SccL6"
"Vinden har vänt","Petter","Mitt sjätte sinne","Swedish","Playlist","SEBMC9867050","1RumnunzRSwsoQAfBlIxHz"
"Vem ska jag tro på?","Di Leva","Vem ska jag tro på?","Swedish","Playlist","SELBD8700202","0LObyCN68g1m1YSs83rkkc"
"Hit Me With Your Lovething","Louise Hoffsten","Rhythm & Blonde","Swedish","Playlist","SEBMR9369010","4zNU3rEJKnUk1HGSTK5Aa9"
"Burnin'","Cue","Cue","Swedish","Playlist","SESQC0002060","7CnmrH37yHub8PoKFaGUo5"
"Catch the Moon","Stefan Andersson","Det bästa med","Swedish","Playlist","SEPAS9231040","1wBvEF9XMTqclPzkdmNefn"
"Sverige","Molly Sandén","Sverige","Swedish","Playlist","SEBMC2000001","0U04rQKFeBhMKDOEc8NYjk"
"Ishockeyfrisyr","De Lyckliga Kompisarna","Tomat","Swedish","Playlist","SEVBZ1101602","1GxJnuQ9eCOAtF6LbhVb1n"
"Let the Best Man Win","Louise Hoffsten","Rhythm & Blonde","Swedish","Playlist","SEBMR9369020","0lKCCB98LLz8hdCeSyoxdU"
"Ta mig till havet","Peter Lundblad","Ta mej till havet","Swedish","Playlist","SEBFO8602020","01LWBjJwFdRSCeovqipb3D"
"Det måste gå","Freda'","Tusen eldar","Swedish","Playlist","SEPAT9344080","1bTqHfhSfDNsAogFTYMIxT"
"Vart står vi nu","Jobe","Vart står vi nu","Swedish","Playlist","SE3GO1602401","22WmW6zfWvJAhuIMfu7geX"
"Unga Hjärtan","Orup","Elva Hjärtan","Swedish","Playlist","SEBGB9902010","2mZytC75behVWAgnKztwrq"
"Teknikens under","Wilmer X","Teknikens under","Swedish","Playlist","SEAMA1100176","1doDrKXaIZDs3Q0ZiCBJw5"
"Sångerna Om Sommaren","Glenmark Eriksson Strömstedt","Sångerna om sommaren","Swedish","Playlist","SEBGA0301030","49OimCzeIacaDPsdKGlYKt"
"Hon är så söt","Bo Kaspers Orkester","Så mycket Bo Kaspers Orkester","Swedish","Playlist","SEBGA9401050","4mzhYHX8ifzzKzaDHT5UOl"
"Bröllopsvals","Stefan Andersson","På svenska","Swedish","Playlist","SEPAS9795090","4ob0J0F6Hi4lJhPUE1O49i"
"All That She Wants","Ace of Base","The Sign","Swedish","Playlist","SEVJH0803401","6kWJvPfC4DgUpRsXKNa9z9"
"Garbo, Astrid & Taube (feat. Duvchi)","Lorentz & Sakarias","Himlen är som mörkast när stjärnorna lyser starkast","Swedish","Playlist","SE2FV1200012","1hPjWosOfGkz6o8IQbYEcq"
"34:an","Eddie Meduza","Gasen i botten","Swedish","Playlist","SEBGA0600201","5CqLGYG9WPnvtCZurOfAx4"
"Don't Say Go","Trance Dance","Dancing in the shadows","Swedish","Playlist","SEBGA1600073","45KlEPPU38wRcAjz1JhNuh"
"Mina Hundar","Fattaru","Fatta Eld","Swedish","Playlist","SEBIA0124050","7cS8Z27XiJmHQfi7f2jKBZ"
"Du är min drog","Farbror Blå","Farbror Blå","Swedish","Playlist","SEBGE1200023","7KNVBpQ37GjkAb4YabNLJr"
"Om natten","Kayo","Kärleksland","Swedish","Playlist","SERHD9301030","3tMyQthmPaqMf1YpHdWlHX"
"Do You Really Want Me (show respect)","Robyn","Det Bästa Med Robyn","Swedish","Playlist","SEBMS9524010","6ecLksUk4lmy1WVw5i6yBZ"
"Håller mig på kanten","Joel Alme","Flyktligan","Swedish","Playlist","SEWBD1503701","6CSpzGTrIibj5aObFToJ70"
"Mjölkbilen","Lifvens","Lifvstid 1993-2008","Swedish","Playlist","SE2SL0800111","2zUsiqLZUwwMMEiIqaZag7"
"När vi rör varann","Lasse Berghagen","Tillsammans igen","Swedish","Playlist","SEBGA1601375","663C0ATWeAc4r1wnHHz5SO"
"Fantomens brallor - Musik","Trazan & Banarne","Sångtajm med Trazan & Banarne (Specialversion)","Swedish","Playlist","SEBMA1900013","6Ajdsgapt2nwnKtCURpfaH"
"747","kent","Best Of","Swedish","Playlist","SEBMC9781110","2KkXX4e0yDwPEDkaTfPqNP"
"Ett av dom sätt","Peter LeMarc","Sången dom spelar när filmen är slut","Swedish","Playlist","SELAA9100204","16xd1M5MtH2a3PsMusOyM1"
"Bra för dig","estraden","Mellan hägg och syrén","Swedish","Playlist","SEBGA1902678","5WWQnyxA6EC2FxNI5MhCxB"
"Dansa Pausa","Panetoz","Dansa Pausa","Swedish","Playlist","SEYVL1200101","2gNAGt7gUiMkagkhIiDLPm"
"Lev nu dö sen (feat. Vargas & Lagola)","Petter","Lev nu","Swedish","Playlist","SEBGA1802005","70wiq6FhoPiGg7IgqNjZEO"
"Diamanter är en flickas bästa vän - 1982 Single Version","Lustans Lakejer","En plats i solen","Swedish","Playlist","SEUM70600351","3eTi07538vLOjDbFKbW7gU"
"Klär av dig","Victor Leksell","Fånga mig när jag faller","Swedish","Playlist","SEBGA1902189","2YdXecjfECHt5P7bv8XVA6"
"I natt är jag din","Tomas Ledin","Tomas Ledin","Swedish","Playlist","SEBFO0300272","4cXRMnq7rBZb8giHALRJs6"
"För kärlekens skull","Danny Saucedo","Så mycket bättre - Tolkningarna","Swedish","Playlist","SEBGA1602617","4R8Psrq4XoEX6FV3a76KSY"
"Sommarens sista sång - Radio Edit","Peter Jöback","Sommarens sista sång","Swedish","Playlist","SEBGA0406102","6739dAlhNEWU1xUtE3DOa1"
"Lovar dig","Sundet","Lovar dig att du kommer hata mig","Swedish","Playlist","SE5XG2309903","77chBEUByS43dRGYx4rT2V"
"Pannan mot baren","Sundet","Pannan mot baren","Swedish","Playlist","SE5XG2309902","6DrmcwqFSNkSQSHU2rPEVm"
"Allt du hört om mig","Sundet","Allt du hört om mig","Swedish","Playlist","SEYOK2223758","5Sdt8XLEpPdKO3zYteMSgs"
"Lose my mind","Myra Granberg","Lose my mind","Swedish","Playlist","SEBGA2100144","4Cz2101t2TdPKBsgb7O6dS"
"Hungry Hearts - Radio Edit","Nause","Hungry Hearts","Swedish","Playlist","SEUM71200811","2KpqVE0AuyI3gGERKuWT6r"
"Välkommen ner","Bolaget","Välkommen ner","Swedish","Playlist","SE69R2400101","29YN98sTVSpfYMpPzFXaGU"
"Genom stormens mitt","Mackan n Matthew","Genom stormens mitt","Swedish","Playlist","SE6A92367255","4CWNe0RKvtECHKbwZ2O4pG"
"Tills någon av oss dör - Live","Mackan n Matthew","Tills någon av oss dör (Live)","Swedish","Playlist","SE6HN2336184","2lyqxVzxNxA0HX04udtXly"
"Känns så längesen","Johnossi","Känns så längesen","Swedish","Playlist","SEUM72400948","0PNPkWzkRVAEdXDpP1Efkc"
"Öl & Karaoke","Arvid Nero","Mordbrand","Swedish","Playlist","SE6892300017","6K60YhqRoswjZRC3AFpO20"
"Fyfan va skönt","Dolce","Ur aska","Swedish","Playlist","US39N2313790","52TQ1sWsSniH8tWwT327lC"
"En Knippa Ljung","Christian Älvestam","Self 2.0","Swedish","Playlist","USZ7M1200017","5SM3sDDcAVMiI1q1BWhpx5"
"Säg det högt till alla så det hörs","Klara & Jag","Säg det högt till alla så det hörs","Swedish","Playlist","SEYQH2201701","6aQhKPNBwa6xTtIRCWyD50"
"Somewhere","COLLEAGUES","Somewhere","Swedish","Playlist","QM6P41469674","52O8Rx3bvKdQGSTqzm4zRS"
"Supa Sova Sex & Likes","Elov & Beny","Supa Sova Sex & Likes","Swedish","Playlist","SE4W41900101","5iYSNBBwdylVJpWT6cWhQ9"
"VEM FAN E DU?","Hooja","VEM FAN E DU?","Swedish","Playlist","SEYQH2400301","4BliCq54T5TbxmaLdXJGEK"
"Nära dig","Anna Ternheim","Nära dig","Swedish","Playlist","SEUM72401105","7iqKOoVK1vSUMbQ6WFdTDK"
"Du är det enda jag hatar","HJALMAR","Du är det enda jag hatar","Swedish","Playlist","SE6XW2392497","0DWnzooOb35rLxywpYXoHO"
"Lättantändlig","HJALMAR","Lättantändlig","Swedish","Playlist","SE5752499793","3vcuf4Lv0RcNzjRgAWUva8"
"Fallit Tusenfalt","Mackan n Matthew","Fallit Tusenfalt","Swedish","Playlist","SE6QE2473798","4Dqffrc27fL2DabJfXq4hO"
"Tillfälligheter / Hungry Hearts - Mashup","Nause","Tillfälligheter / Hungry Hearts (Mashup)","Swedish","Playlist","SEUM72400956","2BCskl15k3IkQmj2YTYk2b"
"Dansa Pausa","Panetoz","Det blir vad du gör det till","Swedish","Playlist","SEYVL1400213","6Z5Yf9rOFd28vXsjxN3HSM"
"Occhi D’Amore","NOTD","Occhi D’Amore","Swedish","Playlist","SEUM72300715","1Tx7TwXLu2BQIAz0SRzf2k"
"Åska","Jävligheten","Skimret","Swedish","Playlist","QZES82471735","1Il0W9yVBt4e0gabkZVO8Y"
"Du och jag mot världen","Peter LeMarc","Nio broars väg","Swedish","Playlist","SELAA9701501","296YNJ8Ogp8LIkf25gwO7F"
"KOMMER DU IHÅG?","Hooja","KOMMER DU IHÅG?","Swedish","Playlist","SEYQH2300201","7yfMu3Ez41fQXuD9gUbFjQ"
"Only You","Alesso","Only You","Swedish","Playlist","USUG12201165","7mXNYEVh9FW72c12qBaO3p"
"Ensam i våra lakan","Mackan n Matthew","Ensam i våra lakan","Swedish","Playlist","SE6SA2424654","2qY7idWmmRa8noqcr1pp0j"
"Bonanza (feat. Greekazo)","Roc Boyz","Roc Boyz, Vol. 3","Swedish","Playlist","NO2DY2200107","2Oum9Ze9GhdDUiMaa7FLZ3"
"Tröjan du hatar","Norlie & KKV","Tröjan du hatar","Swedish","Playlist","SEYQD1100212","3BG2oJZKN6SfUOcz8bSzhU"
"Välkommen in - Radio Edit","Veronica Maggio","Välkommen in","Swedish","Playlist","SEUM71100573","79zrl0KEYfELHCmZ8NoPVX"
"Seek Bromance - Avicii Vocal Edit","Tim Berg","Seek Bromance","Swedish","Playlist","CH3131000194","7tSO7DrrYpiMXX3zM4b3oM"
"Jeg vil ha (Parlamentet)","Fjellrev","Jeg vil ha (Parlamentet)","Swedish","Playlist","QZFZ22421658","64wEOlCnjWxwRevRrXl3ot"
"Dina händer","Sundet","Dina händer","Swedish","Playlist","SE5XG2504997","3PLMJmrQLSiKjpcE37Sf3q"
"Heaven med dig","Veronica Maggio","Och som vanligt händer det något hemskt","Swedish","Playlist","SEUM72200551","03UV6Xr4KkBwN4ej2C1irI"
"Genom Eld & Vatten - Spotify Singles","estraden","Genom Eld & Vatten - Spotify Singles","Swedish","Playlist","SEBGA2304820","6TQOA3Fo2vpiEJB41PokcA"
"Leva för alltid - Sveriges officiella VM-låt 2026","Thomas Stenström","Leva för alltid (Sveriges officiella VM-låt 2026)","Swedish","Playlist","SEBGA2600611","29LodsetZFyeTG00AJUoJz"
"Superlim & silvertejp","Molly Sandén","Superlim & silvertejp","Swedish","Playlist","SEBGA2600172","5lOGSH8HAnmJlvwnVFBa1s"
"Farligaste","Newkid","POWERBALLADER","Swedish","Playlist","SEBGA2600639","3EMO5vkEN7sFkDUyKNaD1Y"
"Meteor","De Vet Du","Meteor","Swedish","Playlist","SEBGA2600698","3m9QgZjD3k4lfAOLbBV7DW"
"Störd","noll2","Störd","Swedish","Playlist","SEXPJ2500801","2IgrHNArmP0qRKbQ5UVeVB"
"Farsans händer","Thomas Stenström","Farsans händer","Swedish","Playlist","SEBGA2600641","5Q6hZUb0wqqasN62P0N3wD"
"All in för Sverige (VM-låt 2026)","Brandsta City Släckers","All in för Sverige (VM-låt 2026)","Swedish","Playlist","SE62X2641601","3AGFGLUAhu0Cwv1Mkea3d4"
"Rakt i kaklet","Simon Superti","Rakt i kaklet","Swedish","Playlist","SEVQI2606001","3CJ6cEV4Z3YaNarSa4pOpp"
"Sommarfulla","Elov & Beny","Sommarfulla","Swedish","Playlist","SEBGA2600710","0NRqiLs7obZr0SgX63oMYf"
"Atom","Lovet","Atom","Swedish","Playlist","USA2P2631455","24j5pHISv4r7Au45ueiZ8r"
"Långt från alla andra","JULIETT","Långt från alla andra","Swedish","Playlist","SEBGA2600110","1b9zyY3MjTdVSoNToIr9iN"
"Fiji","Victor Leksell","Fiji","Swedish","Playlist","SEBGA2600403","4goZlS7441L0Atf2BzC2lH"
"Fotografi","FILIPPA","Fotografi","Swedish","Playlist","SEBGA2600638","0uSazPtH03tqUxtT3EF9ew"
"Arg och frustrerad","Miss Li","Arg och frustrerad","Swedish","Playlist","SE5HK2600005","3AJTFCvjpsMSk0XB85dUp0"
"Berusade ord","noll2","Berusade ord","Swedish","Playlist","SEXPJ2600201","0RxBz475eVWbDQQwcY7DNa"
"Tusen spänn","Tjuvjakt","Tusen spänn","Swedish","Playlist","SEYQH2501501","01RdEXps15f3VmQMV6OuTM"
"Övertänker","Eah Jé","Övertänker","Swedish","Playlist","SEBGA2600018","3U573wJbbipFNpkGGE2pQh"
"Viva L’Amor","Medina","Viva L’Amor","Swedish","Playlist","SEPQA2600012","7AfJuBQaZQxmKDofbP73TT"
"Väntat","Victor Leksell","Väntat","Swedish","Playlist","SEBGA2501587","6FlICUJXQ6JcBsdR7y9wuM"
"Ut ur mitt huvud","Lia Lindstén","Ut ur mitt huvud","Swedish","Playlist","SEBGA2600462","5l0va9DnXfkS6zJtmvinZF"
"Blåögd","Molly Sandén","Blåögd","Swedish","Playlist","SEBGA2501136","7mpBXaF68UdXcsBdfRKLA5"
"Svagare än jag","Ida-Lova","Svagare än jag","Swedish","Playlist","SEVJH2500701","5xsHQu1SXYS6DYOJwIWhSC"
"Lys på mig","Victor Leksell","Lys på mig","Swedish","Playlist","SEBGA2500709","3kbNesyQPnUreP6bD7aADS"
"Förlorad (feat. noll2)","Ella Tiritiello","Förlorad (feat. noll2)","Swedish","Playlist","SEBGA2600486","1hj0PitQtshWYQw3C5KZ1l"
"Lost and found","Molly Sandén","Blåögd","Swedish","Playlist","SEBGA2401123","7AIr6shgnOlUrx3StZUkce"
"Tiden i min hand (Om 100 år)","FILIPPA","Tiden i min hand (Om 100 år)","Swedish","Playlist","SEBGA2600357","3wYzLu8teMxrY6GG2DE5Nj"
"Delulu","Lilla Al-Fadji","Delulu","Swedish","Playlist","SEUM72600350","30xAneAHxuzOE7MPZ1mssU"
"Tillbaka till dig","Newkid","Tillbaka till dig","Swedish","Playlist","SEBGA2600203","0Vnw5tTxEIa3PkMrLeUXhc"
"Ful","Oscar Zia","Ful","Swedish","Playlist","SEBGA2600436","6OWtOWPfwzPlahAaPPOnST"
"Sommarkatt","Lovet","Sommarkatt","Swedish","Playlist","USA2P2524026","57AHVmaxTYWoBBB5CFr9Ts"
"Den bästa tiden väntar på dig","Rymdpojken","Den bästa tiden väntar på dig","Swedish","Playlist","SEBGA2600466","57ndpw7ws6dmXinpgXL9DA"
"Dansa med mig själv","Miss Li","Dansa med mig själv","Swedish","Playlist","SE5HK2600001","3n3Ltm3NcITJwJLLDvFpSi"
"INGET E SAMMA","Reyn","INGET E SAMMA","Swedish","Playlist","SEBGA2600439","13aLtHCE3vPPDCct3nz6Iz"
"Hurricane","Newkid","Hurricane","Swedish","Playlist","SEBGA2501561","4rXHS9bOSDLYMABNzl9CaK"
"Spöken","Simon Superti","Spöken","Swedish","Playlist","SEVQI2603001","71eGRVXsrdEdGScvbz13gK"
"Jack & Coke","Miss Li","Jack & Coke","Swedish","Playlist","SE5HK2600003","3zXXeMCgfZKj7OHEzoCuqh"
"Barfotabarn","Albin Lee Meldau","Min vän och jag","Swedish","Playlist","SE6892300032","318Y9u8zsQfV0G9ToH4JUB"
"SOS (feat. LOAM)","Emilia Pantic","SOS (feat. LOAM)","Swedish","Playlist","SEBGA2501414","6vE2RZwkgeZyzyGZvCWKiR"
"Skriker mitt namn","Victor Leksell","Skriker mitt namn","Swedish","Playlist","SEBGA2401874","3jGTLWpILJexFMVibAjij9"
"Nikotin","Emilia Pantic","Nikotin","Swedish","Playlist","SEBGA2600390","4UCOYE2I5owZn6CnmXQOG7"
"Ta Mig Aldrig Härifrån","De Vet Du","Ta Mig Aldrig Härifrån","Swedish","Playlist","SEBGA2500828","63FjDlco0BQXJuPZeQ70CZ"
"Bara du är där (feat. Von Disco)","Ella Tiritiello","Bara du är där (feat. Von Disco)","Swedish","Playlist","SEBGA2600109","3No7Damf9LQeDkxQwW7NmM"
"Bakom molnen","Petter","Bakom molnen","Swedish","Playlist","SEBGA2501257","55m2vizhdnC34lToqqzgcw"
"Bara för dig","Newkid","Hurricane","Swedish","Playlist","SEBGA2501562","5dbDENGvPVZ5woJEj0g7g6"
"Det får världen aldrig veta","Molly Sandén","Blåögd","Swedish","Playlist","SEBGA2501246","5gvf3tnmRlEacNJ5XmaKJV"
"Trophy","Molly Sandén","Strawberry Blonde","Swedish","Playlist","SEBGA2500780","2JHpFobSp0WktxCod6MEIy"
"Vill du ha mig?","Thomas Stenström","Sverige","Swedish","Playlist","SEBGA2500734","6xvI8uKP7qNDC5jq88vBsy"
"Där runt hörnet","Molly Sandén","Blåögd","Swedish","Playlist","SEBGA2501248","20gbEdrBCyHKJSRppVJYHl"
"Romeo återvänder ensam","kent","Du & jag döden","Swedish","Playlist","SEBMC0500032","1QflF8PmqQYcLHO6Lsv5hW"
"Nordhemsgatan leder rakt in i himlen","Nisse Hasselgren","Nordhemsgatan leder rakt in i himlen","Swedish","Playlist","SEBGA2501029","3sScQoU8Ak03HNpwU5EQpx"
"Hur många mil","Victor Leksell","Hur många mil","Swedish","Playlist","SEBGA2500442","1Vvsi25b3d1FzEnbaCoYLm"
"Halvfullt sprucket glas","Ida-Lova","Halvfullt sprucket glas","Swedish","Playlist","SEBGA2304434","67kdOBbNGrgqVo8yk1Ue6h"
"Konfetti","Molly Sandén","Strawberry Blonde","Swedish","Playlist","SEBGA2500600","0db2mv3OG9HKqPObWRauEY"
"Bara Bada Bastu","KAJ","Bara Bada Bastu","Swedish","Playlist","SEPQA2500011","2gThkoApt6B7ajBWZRLAVv"
"Bullerbyn är död","Simon Superti","Hemlisar II","Swedish","Playlist","SEVQI2504001","1fOQl3GYdJLb6Gtzn0jdO4"
"Maraton (feat. Eah Jé)","Miss Li","Livet, döden, skiten däremellan","Swedish","Playlist","SE5HK2024182","4xjToEGaH7o07vuGIEg0fX"
"Mitt hjärta av guld","Lia Lindstén","Mitt hjärta av guld","Swedish","Playlist","SEBGA2500773","7Ma4xWMBilJP90yLC5H3ZY"
"När festen tagit slut","FILIPPA","När festen tagit slut","Swedish","Playlist","SEBGA2304183","5fEE0xGJCPFgZTHJycBddf"
"På Måndag","Miss Li","Livet, döden, skiten däremellan","Swedish","Playlist","SE5HK2024194","4TnoZMlHYaYVCVB8BXMVj9"
"För Sverige i tiden","Thomas Stenström","Sverige","Swedish","Playlist","SEBGA2500740","17Tv0nWlyKHIWlhVL9yOxb"
"Kan Inte Gå","Bolaget","Kan Inte Gå","Swedish","Playlist","SE5S62109301","1fIeKG6eI8FZzVL9mhlz8t"
"Om jag somnar","Victor Leksell","Tid & Tro","Swedish","Playlist","SE6TS2400103","5cbHWtmFMHukKHMGyEoCbf"
"BUBBEL PÅ BALKONGEN - J.O.X Remix","Elov & Beny","BUBBEL PÅ BALKONGEN (J.O.X Remix)","Swedish","Playlist","SEBGA2500890","1xJ9dqN3EwQT4MIjRZnJB5"
"Natthimlen","Victor Leksell","Tid & Tro","Swedish","Playlist","SE6TS2400104","1ABS9QUpgdLMiNzEDiilAs"
"Beroendeframkallande","Eah Jé","En liten låtidé","Swedish","Playlist","SEBGA2203224","1cHmEGqnVmpPUJf1Zmh9wC"
"Utan dig - Newkid Version","Molly Sandén","Större","Swedish","Playlist","SE4T41700104","6InfeLllkM2yhfPosY8Edi"
"Ramla","Victor Leksell","Tid & Tro","Swedish","Playlist","SE6TS2400105","5CnD1LeJ2698VHja6YkL4z"
"Andas in andas ut","Thomas Stenström","Superlativ 97","Swedish","Playlist","SEBGA2301381","0gF8DDkQ4AZEEgPsWL95n6"
"Carpe Diem","Thomas Stenström","Sverige","Swedish","Playlist","SEBGA2500509","1WwPOvPkpp05cpj2Atxn6f"
"Slutet av sommarn","Molly Sandén","Strawberry Blonde","Swedish","Playlist","SEBGA2400591","2oxS265Df3D0nzvrbxkNuh"
"Jag borde gå","estraden","Jag borde gå","Swedish","Playlist","SEBGA2401277","2v9FTezxTq2caERaOKGgdr"
"Fånga mig när jag faller","Victor Leksell","Tid & Tro","Swedish","Playlist","SE6TS2300202","5XxDYyeMoSLs8Zp2L6KqnC"
"Hon dansar vidare i livet","Hov1","Gudarna på Västerbron","Swedish","Playlist","SEUM71800176","1aEU7mcRDTYBB4ASpqbjYE"
"Misstag","Miss Li","Livet, döden, skiten däremellan","Swedish","Playlist","SE5HK2024179","1E8vzxJWTniTxyeTXzBoRx"
"Tusen gånger om (feat. Newkid)","estraden","20-nånting","Swedish","Playlist","SEBGA2201844","0Fi0dkhL68RXq4N6WASp9J"
"Tillsammans","Reyn","Tillsammans","Swedish","Playlist","SEBGA2304351","5LLzXWHjIyX62t3zdMyzti"
"Din låt","Victor Leksell","Tid & Tro","Swedish","Playlist","SEBGA2100738","51srN26IXaHEoMUbC3mM5G"
"Regnblöta skor","Miriam Bryant","Regnblöta skor","Swedish","Playlist","SE5EM2400501","2YYsb4d39JKLpQgTMpXOQ0"
"Världen är inte vacker (men det är vi)","estraden","Världen är inte vacker (men det är vi)","Swedish","Playlist","SEBGA2401276","4kpu0HVUbw1Ozb1pV1pXIX"
"Istället","Reyn","Istället","Swedish","Playlist","SEBGA2500878","6owXSHo7XvqG97VZ6A22B3"
"En flaska till","FILIPPA","En flaska till","Swedish","Playlist","SEBGA2300081","6QuHLahPd6De8TtGtW9D2y"
"Vart jag mig i världen vänder","Den svenska björnstammen","Ett fel närmare rätt","Swedish","Playlist","SE2UI1200107","68sFVD0NzRLOo7IX4RF9B3"
"Tills mitt hjärta går under","Myra Granberg","Bara hälften kvar","Swedish","Playlist","SE5751829878","1XwBzWaoBoN3BXhcQpHwhr"
"Balladen om herr Fredrik Åkare och den söta fröken Cecilia Lind","Cornelis Vreeswijk","Grimascher och telegram","Swedish","Playlist","SEPQB6603110","1TANNp5ftjmxJp820cCieS"
"Vad haru tagit?","Moonica Mac","Vad haru tagit?","Swedish","Playlist","NL1AP1910672","3GhLwVyz18ss9mQJRvg2Bj"
"Långsamt (med Titiyo)","Mando Diao","Långsamt","Swedish","Playlist","SE3SA2103201","6GvoCVaPhd8sG4bWCJDoB8"
"Sorgen (med Titiyo)","Mando Diao","Långsamt","Swedish","Playlist","SE3SA2103202","3TUNGTLIA7uKBEkGdWikt9"
"Strövtåg i hembygden","Mando Diao","Infruset","Swedish","Playlist","SEYBD1200106","7KOegFQMd13ETQry4A6Tu1"
"Själens skrubbsår - Demo Version","Mando Diao","I solnedgången","Swedish","Playlist","SE3SA2001315","2ZmH1PWYhjWxJIAhhCJQw5"
"Stigen","Mando Diao","I solnedgången","Swedish","Playlist","SE3SA2001307","38J7Gsf31tDrafX5hFAvVo"
"Själens skrubbsår","Mando Diao","I solnedgången","Swedish","Playlist","SE3SA2001308","2ly0ul5Do7W3YFOIufgkPG"
"Floden","Bo Kaspers Orkester","Redo att gå sönder","Swedish","Playlist","SEBGA1500279","3smRKbsg5SLrmZM18A6yIo"
"Undantag","Bo Kaspers Orkester","I centrum","Swedish","Playlist","SEBGA9803040","06e8JNPVkQAVfFnEkf2EFt"
"Somliga går med trasiga skor","Cornelis Vreeswijk","Cornelis klassiker Vol. 2","Swedish","Playlist","SEPQB6803200","2LI5FANdRlJxnnDewv8Iyj"
"Märk hur vår skugga","Imperiet","Synd","Swedish","Playlist","SELAA0202616","0BeXq6tkxaPcomaTdpogj0"
"Märk hur vår skugga","Martin Berglund & Stödorkestern","Märk hur vår skugga","Swedish","Playlist","SE5ET1900101","07QzbQg8ftSlvdk8zC3KVn"
"Sommarkort","Cornelis Vreeswijk","En fattig trubadur","Swedish","Playlist","SEBFO8701010","0P5wCXpGqItUpYbj2bUK0d"
"När solen färgar juninatten","Mando Diao","Musiken från På Spåret","Swedish","Playlist","SE3SA2000101","0xaWmRbbxXMVnX12Mr1HOn"
"Men bara om min älskade väntar","Thåström","Kärlek är för dom","Swedish","Playlist","SEUM70900055","3I1cKBHKRyZc6BNkO8IELx"
"Kaffe och en cigarett","Olle Ljungström","En apa som liknar dig","Swedish","Playlist","SEPQA0008010","5I5oFe1QzAdnvkSgQrcjHL"
"Vintersaga - Live på Börsen","Jerry Williams","Live på Börsen","Swedish","Playlist","SEBFO9011010","7dEkdqVswyP3m9u8LSrtKt"
"Men bara om min älskade väntar","Nationalteatern","Barn av vår tid","Swedish","Playlist","SELAA0203505","15EZ0MVbTowb8ZvzgB02eO"
"Flicka med guld","Thåström","Thåström","Swedish","Playlist","SELAA9100712","7rGHduaVJE02bdnbsjrfDF"
"Ännu en dag","Bo Kaspers Orkester","New Orleans","Swedish","Playlist","SEBGA1000166","3AXlLiKJboUMoImzU2xzMK"
"Polaren Per är kärlekskrank","Cornelis Vreeswijk","Grimascher och telegram","Swedish","Playlist","SEPQB6603060","6TdoQdhklJ3vfoYjoQqJB3"
"Visa i vinden","Cornelis Vreeswijk","Ballader och oförskämdheter","Swedish","Playlist","SEPQB6402141","38QID9bSx6zDjheajcum6f"
"Sambaliten","Cornelis Vreeswijk","Hommager & Pamfletter","Swedish","Playlist","SEACA0307070","7cU9ivs5r8XS4ihApwTqHO"
"Deirdres samba","Cornelis Vreeswijk","Tio vackra visor och personliga Person","Swedish","Playlist","SEPQB6803140","2BHwWqwuwcC5Zk6dpThXph"
"Kolla kolla","Nationalteatern","Barn av vår tid","Swedish","Playlist","SELAA0203503","3AKMye0eCEnCVqOZrwGDwl"
"Långa Bollar På Bengt","Svenne Rubins","Sex Män I Skor","Swedish","Playlist","NOX9X3664201","2RnEfMEAAa0EdPgMbduaTL"
"En liten skvätt ur varje flaska","Svenne Rubins","En liten skvätt ur varje flaska","Swedish","Playlist","SE3FR1700101","0woMcM2bNz4hCUYOsDM6eG"
"Idag Ska Jag Slå Mitt Personliga Rekord I Att Göra Så Lite Som Det Går","Svenne Rubins","Sju Varv Runt Jorden","Swedish","Playlist","NOX9X3755203","4Jt2pkbpb93kJk4MYt3JyL"
"Vatten","Robert Broberg","Höjdare","Swedish","Playlist","SEVNY9000219","5iLvprNgPn14wije5V6djv"
"Förlorad igen","Niklas Strömstedt","En gång i livet","Swedish","Playlist","SEAMA8922060","3usteEaIdwAaKKl7wlMGMi"
"Pojken på månen","Rikard Wolff","Pojken På Månen","Swedish","Playlist","SEAMA9558011","7d5il3pdj4Wgq7bOICSF6U"
"Dialog i Mariagränd","Björn Afzelius","Vem är det som är rädd?","Swedish","Playlist","SELAA1300504","3CGIZah1OtaMYH4jVgSD8O"
"Hög standard","Peps Blodsband","Hög standard","Swedish","Playlist","SEBFO7501010","14cGnZZ9Cg3y8VLhVtavXe"
"Du och jag","Olle Ljungström","Olle Ljungström","Swedish","Playlist","SEPQD9324030","4VLlfEjClROwj1YmU1jHjd"
"Jag vet vilken dy hon varit i","Håkan Hellström","2 steg från paradise (Deluxe Version)","Swedish","Playlist","SEUM71002304","7E8CTZZ7TvoRNEayjo8vS7"
"Om du var här","kent","Isola","Swedish","Playlist","SEBMC9782010","7pjM7hTfLcoZBf4bkTNMiS"
"När solen färgar juninatten","Sven-Ingvars","Farväl till sommaren","Swedish","Playlist","SEAZC9311080","1eEcwtd7gjJlpcWn4rOIjY"
"Somliga går med trasiga skor (feat. Marie Fredriksson)","Eldkvarn","Den Flygande Holländaren","Swedish","Playlist","SEAMA0700850","1rztUgfqXB9U6dXA3WTxAP"
"Fulla för kärlekens skull","Eldkvarn","Svart blogg (Deluxe Edition)","Swedish","Playlist","SEAMA0700183","3myN8VIQbnMGr9qHiczMcf"
"Jag och min far","Olle Ljungström","Det stora kalaset","Swedish","Playlist","SEPQA9731070","4y8mZRVyXjrRpsADd1r9pD"
"Romantiken (feat. Ane Brun)","Tomas Andersson Wij","Romantiken","Swedish","Playlist","SEWBD1205903","3uWrO0I338XeRbFMLxVWln"
"Här kommer natten","Miss Li","Wolves","Swedish","Playlist","SEVQJ1200701","4lCUNQtMZSSCGlAnHEHmLg"
"Tror jag hittar hem","Lars Winnerbäck","Eldtuppen","Swedish","Playlist","SEWAW1900101","3sPZOuqxS1jzwTDKZHrsWa"
"Här Är Det - Here It Is","Ebba Forsberg","Ta Min Vals/Sjunger Leonard Cohen","Swedish","Playlist","SEVGT0902801","0DXn2Y4yStSdYCdli88coP"
"Utan dina andetag","kent","Best Of","Swedish","Playlist","SEBMC9712030","3mz2XUXibVuKJ9rhxDOPl5"
"När det blåser på månen","kent","Kent","Swedish","Playlist","SEBMR9597010","6VW7CMNOsayIfLU5n29cKX"
"Jag vill tacka Livet","Arja Saijonmaa","Jag vill tacka livet - 13 sånger av Violeta Parra","Swedish","Playlist","SEPQD7720130","49CcYj1bsJ0fjkICI8hIrR"
"Öppna landskap","Ulf Lundell","Kär och galen","Swedish","Playlist","SEAMC8245020","1rudppuYTKpVCtWoocDiS1"
"Kärleken väntar","Anna Ternheim","Kärleken väntar","Swedish","Playlist","SEUM71601900","1Q3iESfwaI54yJYZYGrLo2"
"Kom en liten stund","Eric Palmqwist","Kom en liten stund","Swedish","Playlist","SE54P2101003","5adcmhUI1lGp3Owmx1Lmcm"
"Var e vargen? - Remix 1995","Imperiet","MNW Klassiker - Imperiet","Swedish","Playlist","SELAA9500303","0GQpHGSn14nL1SBH9z16Li"
"Blinkar blå","Timo Räisänen","Blinkar blå","Swedish","Playlist","SE5PL2100201","1OX7MYik5uRJq1VBH6eOoK"
"Till min kära","Björn Afzelius","Innan tystnaden...","Swedish","Playlist","SEPQB8250070","5nZfVQiF1TxKgkQSR4Gfez"
"Ett enskilt rum på Sabbatsberg","John Holm","Sordin","Swedish","Playlist","SEPQD7211040","1UkAsSx1yw8bHDCpr8mkCg"
"Borta bra men hemma bäst (It Never Rains in Southern California)","Lappligan","Det Går Som En Dans 1","Swedish","Playlist","SEAMA0700472","32aBaiAGWPDb5zDK3HQMLx"
"M","kent","Max 500","Swedish","Playlist","SEBMC0500005","5K653fshD7keBV3alRCijY"
"Fördärvad","Lancelot","Fördärvad","Swedish","Playlist","SEUM72101674","6MSC5245nNM5GtZDq1ncC2"
"Vinna – Spotify Studio Recording (från ""De fria"")","Moonica Mac","Vinna – Spotify Studio Recording (från ""De fria"")","Swedish","Playlist","SE5752107063","0jmFU3z2S6URDHVdwyV27s"
"Skönhet i förfall","Ossler","Stas","Swedish","Playlist","SEWBD1207003","4VAK5hLSjCWRbjWrYS3USJ"
"Andetag","Visby Allmänna Sången","Volund","Swedish","Playlist","SEVTR9800111","6WRPcPq6bVO0wNx7ulmTif"
"Trubbel","Håkan Hellström","Luften bor i mina steg","Swedish","Playlist","SEBIA0131020","4HMfyF1N7spvVdWuAzyk3C"
"Den öde stranden","John Holm","Sordin","Swedish","Playlist","SEPQD7211080","4BoxTNkyx7OjDyZpiDfbiw"
"Vi lever nu","Mando Diao","Vi lever nu","Swedish","Playlist","SE3SA2003001","2lE33n6c72XP5jzWg2bSL6"
"Vem får nu se alla tårar?","Wilmer X","Diamanter - 90-Talet","Swedish","Playlist","SEAMB9155010","5s5PQQVJzadg3fJWXiflvR"
"Där gullvivan blommar","Grymlings","Där gullvivan blommar","Swedish","Playlist","SEPQC9017070","7zcGWhYVwLzmjbukHIulkE"
"Håll ut (feat. Christel Alsos)","Bo Kaspers Orkester","Redo att gå sönder","Swedish","Playlist","SEBGA1500236","6rZzEkyXKnHrpuR4HnRRdW"
"Ett & noll","Bo Kaspers Orkester","Bo Kaspers Orkester - Hittills","Swedish","Playlist","SEBGA9611903","2yGwlfWiTyPij5O15vysHG"
"Lyckliga gatan","Timo Räisänen","Lyckliga gatan","Swedish","Playlist","SEWBD1300601","3od3TT0urEB8HMaFZhaEYW"
"Gitarrer & bas, trummor och hat","Hästpojken","Från där jag ropar","Swedish","Playlist","SEYQH0901001","3NwuRvUUzEBBav1XqG18Cn"
"Sitter i ett duggregn","Kenta","Kenta","Swedish","Playlist","SEPQC7916020","7yiBB5lpkMKy4Dap2q0bgh"
"Lugnare Vatten","Kjell Höglund","Doktor Jekylls Testamente","Swedish","Playlist","SELGA1100608","1dwm3o8uv51QUvKZ17mcLj"
"Om vi ändå kunde dansa","Ted Ström","Stråk","Swedish","Playlist","SEAMA1001042","2KTtCRQGrRtdlLzVZeonjU"
"Blå blå är kärleken","Britt Bergstrom","Gamla fina låtar 2","Swedish","Playlist","SEAZC6803010","3Xc3cH6j8zgbrVQZgaJHmY"
"Högt över havet","Arja Saijonmaa","Högt över havet","Swedish","Playlist","SEPQM0611512","4J5KXnvaoSPa7yHrsNnqda"
"Balladen om briggen Blue Bird av Hull","Sofia Karlsson","Visor från vinden (Bonus Version)","Swedish","Playlist","SEACA0700508","6HIZgEQBQM32mxwcFTnRiQ"
"Här i vårt kvarter","Arja Saijonmaa","Det är tid att sjunga sånger...","Swedish","Playlist","SEPQD7722060","19vwqMcHvJiSIoTxH2Y4kw"
"Tåget","Arja Saijonmaa","Det är tid att sjunga sånger...","Swedish","Playlist","SEPQD7722100","3MCqJQxOdakoiQT5jZeZ1K"
"Stranden - Live","Arja Saijonmaa","Det bästa av Theodorakis","Swedish","Playlist","SEPQA1100733","5MlNEHLZMXWkJTcMKVHFVo"
"Lai-le-lai","Lalla Hansson","Upp till Ragvaldsträsk","Swedish","Playlist","SEAMA7150080","1Lpkb9kkDSyFXeTtkMKAda"
"Hallå Vänta","Laleh","Vatten","Swedish","Playlist","SE36T2200104","5L6pwtkOQGH9SE4OdAM9rk"
"En kungens man","Björn Afzelius","En man, en röst, en gitarr","Swedish","Playlist","SEPQB8850153","54F8umDuPE9QgcuHgYXUkb"
"Flickan från landet i norr (Girl of the North Country) - Live","Björn Afzelius","Danska nätter","Swedish","Playlist","SEPQB8250076","0jo3eiu3SMN2xGW3FzpIzs"
"Stjärnorna","Mando Diao","Stjärnorna","Swedish","Playlist","SE3SA2200103","40MIB7FJk0P2E9WO5DHhMH"
"Vägen hem","Mando Diao","Stjärnorna","Swedish","Playlist","SE3SA2200102","751QAkyDadq3bVcVxDk63f"
"Hur lyckliga kan vi bli?","Emil Jensen","Orka då","Swedish","Playlist","SEVUE0600408","7ftNFx5BSS6UCljUrn7iME"
"Radioaktivitet - Ny Version","Emil Jensen","I det nya landet","Swedish","Playlist","SEVUE1301502","0IgycYjZptJeanSPf8mTfW"
"Maj förra året","Emil Jensen","Orka då","Swedish","Playlist","SEVUE0600401","0eNFtm53l1Fdc8LaXtZVag"
"Johan & Johanna","Dan Berglund","Mina Herrar","Swedish","Playlist","SEXJF1100101","6a5LaE3jHaXLSgCLYc3Gc8"
"Var kommer barnen in","Uno Svenningsson","Var kommer barnen in","Swedish","Playlist","SEVDN1200701","62s4pdUclq8UNKYkrEW6ZC"
"Visa i Molom","Alf Hambe","Molom","Swedish","Playlist","SESWE1100039","2nK8MbIAyESq9vzg1SRFlW"
"Balladen om briggen Blue Bird av Hull","Imperiet","Synd","Swedish","Playlist","SELAA0202615","4ZquU8ADRO4QkZKUS2W9uo"
"Ska nya röster sjunga","Monica Zetterlund","Varsamt","Swedish","Playlist","SEBMC9114010","4wmdo3Ib8VgdTDLsuAZCkY"
"En sång om frihet","Sven-Bertil Taube","Big-5 : Sven-Bertil Taube","Swedish","Playlist","SEAMF7400637","3DJJaahjp6HqRo9B23H36e"
"Stranden","Sven-Bertil Taube","Sven-Bertil Taube Sjunger Mikis Theodorakis","Swedish","Playlist","SEAMF7461020","2Ivef0kkzq3DOsBGThaiMj"
"Den förrådde","Sven-Bertil Taube","Sven-Bertil Taube Sjunger Mikis Theodorakis","Swedish","Playlist","SEAMF7461030","0KHh4nIpFsDswjIkg970K6"
"Gravsång","Sven-Bertil Taube","Sven-Bertil Taube Sjunger Mikis Theodorakis","Swedish","Playlist","SEAMF7461080","21mnNg67BjUVEd7fWgOTWu"
"Sångernas Sång","Sven-Bertil Taube","Sven-Bertil Taube Sjunger Mikis Theodorakis","Swedish","Playlist","SEAMF7461090","4FIZbTh1KofOX4tjFW13R4"
"När kriget är slut","Sven-Bertil Taube","Sven-Bertil Taube Sjunger Mikis Theodorakis","Swedish","Playlist","SEAMF7461110","1RtSOHoCA6JXK7hOXD0QTk"
"Pojken som alltid log","Bo Hansson","Sånger av Mikis Theodorakis i körarrangemang av Agneta Sköld","Swedish","Playlist","SEVOZ1210310","2LPtxt5xWFPJV5P00zgf4K"
"Brevet","Bo Hansson","Sånger av Mikis Theodorakis i körarrangemang av Agneta Sköld","Swedish","Playlist","SEVOZ1210314","0rHxuAevTdxX2v1hHWXJ7Q"
"Sjösala vals","Evert Taube","Evert Taubes bästa 1937 - 1965","Swedish","Playlist","SEAZE4201020","39sX8zIABMzPBY0cDblp91"
"Ja, det var då","Anita Lindblom","27 av Anita Lindbloms bästa!","Swedish","Playlist","SEAZA6816060","5C26eNFO47JOBIDc8k8vRr"
"Så får du mig ändå","Emil Jensen","Emil Jensen","Swedish","Playlist","SEVUE0801301","5B3UqpNMk2kwIKa9pDulXE"
"Inte vackrast i världen","Emil Jensen","300 eMIL","Swedish","Playlist","SEVUE0900301","6GQ0tyGgfQ9TnZ4TM9LL3K"
"ÄN SUSAR SKOGEN","Emil Jensen","Än susar skogen","Swedish","Playlist","SEVUE2201801","3L6R6ZlS3aAnf8M2JgCirS"
"En säng av rosor","Darin","En säng av rosor","Swedish","Playlist","SE4H42000101","5pjwFYtPfSnqRuvPsFwGNr"
"Natten skyddar dom älskande","Lisa Ekdahl","Olyckssyster","Swedish","Playlist","SEBMC0479162","0dO9DwWzuMKRugqjliELqx"
"Att älska är större","Lisa Ekdahl","Med kroppen mot jorden","Swedish","Playlist","SEBMC9661110","4vLRJ7smkuBBdrkXkP3LCn"
"Kär i en ängel","Håkan Hellström","För sent för Edelweiss","Swedish","Playlist","SEAMA0800188","6Myh6QeCDP4bJp7PxqXWyF"
"Vissla i mörker","Solen Skiner","Vissla i mörker","Swedish","Playlist","SELAA7600201","6StFR7HIpUN3y5lHiGxUrL"
"Genomskinliga Hjärta","Nynningen","Allting Börjar Klarna","Swedish","Playlist","SEXCH2001203","5Y2rpomeHg5fTHiKqN78Sf"
"Kom","Allan Edwall","Färdknäpp","Swedish","Playlist","SEVQT0301214","0U6aJWhKp8pPmyC9ghgDMe"
"Fanfar","Staffan Hellstrand","Pascha Jims Dagbok","Swedish","Playlist","SEAMA1000103","0tSFMKW57niXaWSyyIaY9o"
"Papperstunna väggar","Thåström","Dom som skiner","Swedish","Playlist","SEBGA2100354","72H0lbYRpEkHB7mIhW8Ah8"
"I hennes sovrum","Imperiet","Tiggarens tal","Swedish","Playlist","SELAA0501606","74jRgUqaxMa0nshdR4UDIi"
"Höstvisa","Cumulus","Cumulus","Swedish","Playlist","FIFDP7700013","5zMpGzZPsgOWJGVG9YzKia"
"Förut (när jag var liten)","Monica Törnell","Ingica","Swedish","Playlist","SEUM71201045","7oQYVQ6JFoqCL8cWCmfQqA"
"Hon kom över mon","Contact","Hon kom över mon","Swedish","Playlist","SELAA0504002","6XsCAoxHy2LcIrGJoe5tLH"
"Samma vindar, samma dofter","Contact","Hon kom över mon","Swedish","Playlist","SELAA0504001","7bYeyaAyJ9C0LpJWrpG4nQ"
"Balladen om Olsson","NJA-gruppen","Hör upp allt folk","Swedish","Playlist","SELAA7000705","0U1Wnt8psBMe0ml3pKGYqh"
"Svenska Liljor","Stefan Andersson","Skeppsråttan","Swedish","Playlist","SEYEP0900103","6Gr7pLIbvxmKpv13Eu0IA7"
"Sång till friheten","Björn Afzelius","Björn Afzelius & Mikael Wiehe 1993","Swedish","Playlist","SEPQB0450004","3kiony3f9f30GrvWULDrEx"
"Vad är frihet?","Di Leva","Tiden faller","Swedish","Playlist","SEVGT0402002","4R8X4oTsyU6J8EKIzmcr6A"
"Årstider","Allan Edwall","Grovdoppa","Swedish","Playlist","SEVQT0301201","2M0tJhXhOibVQpQfXXLAFU"
"Vaggvisa","Allan Edwall","Vetahuteri","Swedish","Playlist","SEVQT0301305","4HU8drwBFpVQusCwixXwTy"
"Nu blåser vi ut ljusen (stolta stad)","Lasse Tennander","En liten stund på vår jord (Ballader 1978 – 1993)","Swedish","Playlist","SEBFO8502030","6aBsA53RrkSOBmLhYva6wY"
"S.O.S.","Agnetha Fältskog","Agnetha Fältskogs bästa","Swedish","Playlist","SEBGE7501010","3Jh5fuAFLZHCVPfnVSMaaG"
"Det gör detsamma","Rospiggarna","Ti Amo","Swedish","Playlist","SEPQM0718219","7ClCoNaXMbmpSDkpvyRYA3"
"Jag vill bara va med dej","Håkan Hellström","Jag vill bara va med dej","Swedish","Playlist","SE6QE2200856","7EIhW2IWOEuOyvl1aFTCaj"
"Dansa på min grav","Bo Kaspers Orkester","Vilka tror vi att vi är","Swedish","Playlist","SEBGA0304050","0bQ8ROJ7MDnhBvcSwphE4w"
"Alaska/All aska","Moonica Mac","Alaska/All aska","Swedish","Playlist","SE5BU2068870","7FgxItLwN9ufwdWi2idcge"
"Istid","Honungsvägen","Honungsvägen","Swedish","Playlist","SEXTE1702501","466sCpPXWh5a5xmN6P7YO8"
"Fråga Guillermo Marques Jara","Mikael Wiehe","En Sång Till Modet","Swedish","Playlist","SEAMA9900062","1d5vNCzxezMzyhUfIcT33x"
"Teddybjörnen Fredriksson","Lasse Berghagen","Musik vi minns... / Lasse Berghagen","Swedish","Playlist","SEAZA6910020","4HecwIfui1kQYNC2q2d1Mu"
"Kosters klippor","Totta Näslund","Totta: Duetterna","Swedish","Playlist","SEAMH0100301","2odnMYPlkGpt1R5lin6txM"
"Hälsingland","Tomas Andersson Wij","Hälsingland","Swedish","Playlist","SEWJW0600102","2t4Ooh67vvQWNq7ycGivox"
"Så Länge Skutan Kan Gå","Lasse Tennander","Så Länge Hjärtat Kan Slå","Swedish","Playlist","SEBJA0202040","7hI9feH7wD7Wkml79y5XbM"
"Flyg vilda fågel","Lisa Ekdahl","Lisa Ekdahl","Swedish","Playlist","SEAMA9302100","3mxGnXAnSjnAbFf6MvtPDL"
"Glimmande nymf","Fred Åkerström","Fred Åkerström Sjunger Bellman Till Carl Michael","Swedish","Playlist","SEPQD7520050","2gVl6JlyutUioIH5yHFoZ3"
"Champagnetango","Frida Hyvönen","Champagnetango","Swedish","Playlist","SE2421400301","7AFlfxJ7Y7mTqrK0nzTOqN"
"Köksevangelium","Darya & Månskensorkestern","Köksevangelium","Swedish","Playlist","SE49V1900301","2qlg3nw7mVuCNYJLqjBwuU"
"Förhoppning","Allan Edwall","Grovdoppa","Swedish","Playlist","SEVQT0301208","5nfQMXEPeGEcsb7UOQremo"
"Fyrvaktarns dotter","Contact","Utmarker","Swedish","Playlist","SEUM71201485","3SlO0hhuvCDJ0BxthBEDhM"
"Du är havet - du är solen","Cumulus","Cumulus","Swedish","Playlist","FIWMA0400350","7qtNXTuI0flyVukIKzYnoS"
"Vänd dig om","Cumulus","Cumulus","Swedish","Playlist","FIFMF1122543","262RfOeycYussw2PPIoM4Y"
"Den här gången är det på riktigt","Håkan Hellström","Den här gången är det på riktigt","Swedish","Playlist","SE5752329626","1JKQN9pttrg4jyavKaW95W"
"Mitt nya liv","Solen","Totalmusik","Swedish","Playlist","SEVJH2100401","7i2AFggiaRU2F3V7WqMPUj"
"Två gator ner","WRETEMO","Två gator ner","Swedish","Playlist","SEYOK1301195","7Md8uH1n8xTbfaj2ibpzDs"
"Saknar en tro","Pierre Isacsson","Innan slutet","Swedish","Playlist","SEYOK2158301","5noxlDyhUAeTR4Uy5crnlY"
"Farsan","Jan Inge","Farsan på Plattan","Swedish","Playlist","GB-SMU-27-28177","6u4blfKOzWsZMUiq7Z8x1G"
"Suckarnas Gång","Stefan Andersson","Marstrandsfånge No. 90 Kleist","Swedish","Playlist","SEYEP0800102","7FMdTeUAkz6XPocNeFKTar"
"Född fri","Björn Afzelius","Tankar vid 50","Swedish","Playlist","SEPQB9750211","0f7BZMoK13kj3ci4trrhqA"
"Paradiset","Frida Andersson","Den Som Letar Efter Guld","Swedish","Playlist","SE3OH1615862","7bJAwaCxM1DYdd6IicElFz"
"Uti Vår Hage","Sven-Bertil Taube","Swedish Folksongs and Ballads","Swedish","Playlist","USSF15484409","48SyE1cr2B0NyMbXn3Te0J"
"Herr Holkin","Garmarna","Vedergällningen","Swedish","Playlist","SELIA9902070","3D8KEMKnxmdPLTcrv3PhsZ"
"Du kommer ångra det här","Uno Svenningsson","Så mycket bättre 2017 - Tolkningarna","Swedish","Playlist","SE3T61703102","7ddlhbDzb6gGMhRUuDrD20"
"Tre trallande jäntor","Sven-Ingvars","Sven Ingvars i Frödingland","Swedish","Playlist","SEAZC7105010","1lSYjEvV9mSxCPC25jDLih"
"Sniglar och krut","Ulf Lundell","Vargmåne","Swedish","Playlist","SEAMH7551030","557j505ghMzRTsCDifKeHG"
"Amors pilar","Stefan Sundström & Apache","Hå hå ja ja","Swedish","Playlist","SELAA9301040","115wt3IxmsSOsQcTxJrEeF"
"Pappa är en flygkapten - 2002 Remaster","Magnus Johansson","Det Bästa Av Magnus Johansson","Swedish","Playlist","SEAMB9000219","3kb0Gflu5ZpdxZohw9o1pF"
"Den vägen ska han gå","Skuggboxare","Den vägen ska han gå","Swedish","Playlist","FR2X41552528","4CtrlOxLeGLURYLqokQW02"
"Waterloo - Swedish Version","ABBA","Waterloo (Deluxe Edition)","Swedish","Playlist","SEAYD7403010","0I3StbOvOKwXKhg7kadCxy"
"Den jag kunde va","Hoola Bandoola Band","1971-2011","Swedish","Playlist","SEWAW1100312","1VMYy1ayXtVt1Jx7JJryZm"
"Små lätta moln","Pugh Rogefeldt","Ja dä ä dä","Swedish","Playlist","SEPQC6909020","10VH7UmhotAdusUPc1KAsH"
"Här kommer natten","Pugh Rogefeldt","Ja dä ä dä","Swedish","Playlist","SEPQC6909010","3LGZh5qqXpMXiAlcUetjAT"
"Snart kommer det en vind","Pugh Rogefeldt","Pugh Rogefeldt 22","Swedish","Playlist","SEPQD9122090","4MefkUvdYnXT8QyIrWPa5X"
"Den ena handen vet vad den andra gör","Blå Tåget","Brustna hjärtans hotell","Swedish","Playlist","SELAA9400301","6H7I7KeoWApFvXV79oWMJu"
"Mitt hjärtas fågel","Mikael Wiehe","Björn Afzelius & Mikael Wiehe","Swedish","Playlist","SELDA8600203","4Je0KTIZsShucBtWfhQW1v"
"Så många mil, så många år...","Sven-Ingvars","Retro aktiv","Swedish","Playlist","SEAOF0004140","2GcR0s9dX3W4AtILVGwQJ7"
"Farväl till sommaren","Sven-Ingvars","Farväl till sommaren","Swedish","Playlist","SEAZC9311020","7D7af9x9nMadvT2wd7aHFV"
"Påtalåten","Ola Magnell","74-87","Swedish","Playlist","SEPQC7408060","56DWBKKeeEyKQGDThccBrs"
"Jag och du","Norrbottens Järn","Drömmarnas värld","Swedish","Playlist","SELAA7500507","6rkZdfwbHxbZZBb4TWLjqL"
"Kom till mig","Moonica Mac","Så mycket bättre 2021 - Tolkningarna","Swedish","Playlist","SE6XW2182103","4Z1U0UtqKdDcTvL1N3VZS2"
"Okända land - Acoustic Version","Sara Yasmine","Osårbar","Swedish","Playlist","SE5BU2071281","7qr5iQXQep3WwHg3Dpe8ud"
"Så länge skutan kan gå","Evert Taube","Evert Taube 1960 - 1966","Swedish","Playlist","SEBFO6107040","4lOT0PTxIHrdltNL15jPqR"
"Här och nu","Björn Afzelius","Globetrotter","Swedish","Playlist","SEPQB8050056","0IZT7531ky3esvoP8uOVw7"
"Juanita","Hoola Bandoola Band","Fri information","Swedish","Playlist","SELAA9427080","0J3bi00Zc5QLyRuRQeLS0M"
"Lyckliga gatan","Anna-Lena Löfgren","Lyckliga gatan","Swedish","Playlist","SEPQB6710020","1F0Y1B3oUWg4ojZqjOiias"
"En flicka som är stark","Mimikry","Kryptonit","Swedish","Playlist","SEVVF1101401","5sC0F0nplmSJhG7vknJLl4"
"Flickan och kråkan","Sofia Karlsson","Visor från vinden","Swedish","Playlist","SEACA0700504","7LVm4mPfxUg5mLd6fLLyLn"
"Du är ånga","kent","Du & jag döden","Swedish","Playlist","SEBMC0500025","1WBeZmxIZ1w6gxrcxpOKz0"
"Mannen i den vita hatten (16 år senare)","kent","Best Of","Swedish","Playlist","SEBMC0500034","4u3qoPykZEIB4mncuqTB6k"
"Sommaren är kort","Tomas Ledin","Midsommarklassiker","Swedish","Playlist","SEAYD8204040","4hLItGACDXQ3Laxf64dxj5"
"Ikaros","Björn Afzelius","Exil","Swedish","Playlist","SEPQB8450090","49uy9aKVnExDw4uIP6nNTu"
"Balladen om K","Björn Afzelius","Bakom Kulisserna","Swedish","Playlist","SEPQB7950050","2yrCYBxv621YlsJeYtWGcu"
"Hejdå för alltid","Melissa Horn","Hejdå för alltid","Swedish","Playlist","SEBGA2400814","6mYXbGfYFzLoYWSjEQD3zS"
"Ack, ack om det vor dag","Traditional","Nåra","Swedish","Playlist","SEAGA9909160","2hQu9Om7SX7LhWzwn59Ydm"
"Bältet","Folk & Rackare","Rackarspel","Swedish","Playlist","SEAGA1901403","0NhBpRt91pNzMAxF6RKdt8"
"Leif Pagrotsky (och jag)","Rekordåren","Leif Pagrotsky (och jag)","Swedish","Playlist","QZHN82437729","5CSviFLD5f79GxC7r2lnQ1"
"Dom andra","kent","Vapen & ammunition","Swedish","Playlist","SEBMC0220010","1yU51sZHtxvZHlni32lgxM"
"Mannen i den vita hatten (16 år senare)","kent","Du & jag döden","Swedish","Playlist","SEBMC0500034","1BhVnF9HSmbJChRuAxPEIp"
"Tänker På","Karakou","Hela Världen","Swedish","Playlist","SEYOK1201030","5gO8pmfZniFZSgP8LkJVd1"
"Golvet i köket","Karakou","Golvet i köket","Swedish","Playlist","SE3OH1722003","1wOz09trU8FPTlp5XAbUif"
"Underbara saker kommer hända oss","Terra ","Underbara saker","Swedish","Playlist","SE4RV2001002","3Fvd07QPnd47RnMWBtxDWJ"
"Mental istid","Ebba Grön","Kärlek och uppror","Swedish","Playlist","SELAA8101080","1CV9wtrshNxrGTF8BfyQqk"
"Die Mauer","Ebba Grön","Ebba Grön","Swedish","Playlist","SELAA8201050","524avnOQAmyULv2CjQAmrn"
"Om Black Jim","Thåström","Skebokvarnsv. 209","Swedish","Playlist","SEUM70500146","2zJFLh6or82FIpUOOrDmbA"
"Solen i den vänstra","Thåström","Somliga av oss","Swedish","Playlist","SEBGA2400680","5ouc20QxmhcU8wQe8I3y78"
"De fördömdas ö","Ellen Sundberg","Du sålde min biljett - Ellen Sundberg sjunger Kjell Höglund","Swedish","Playlist","SE3OW1700092","2175WZDX03FZdyh86XpD7Q"
"Ordna sig","Plàsi","Ordna sig","Swedish","Playlist","CAN112401098","7uFizp3Ub3xTv4qSxNTTGO"
"Hos dig är allt begärligt - Demo","Lisa Ekdahl","Systerskap Demos","Swedish","Playlist","SEBGA2401295","2NLwix8qlZ0PiFAl05wEpj"
"Benen i kors","Lisa Ekdahl","Lisa Ekdahl","Swedish","Playlist","SEAMA9302020","00bx6daJkVcdlGw1vfixPy"
"Utanför Tullarna","Hansson de Wolfe United","Retrospektiv","Swedish","Playlist","SEY2D1000107","0RdOTdabuMorRtwvWW1lbS"
"En kungens man","Monica Törnell","Jag är som jag är","Swedish","Playlist","SEAZC7801010","4WBxsEPPV17qd7XLBHulFu"
"En av dom","Pierre Isacsson","Innan slutet","Swedish","Playlist","SEYOK2158299","4DKUDjx4LsSHV5Jk8xcwO9"
"Idag är första dan (av resten av ditt liv)","Pierre Isacsson","Pierre!","Swedish","Playlist","SEUM72000995","5XgalXVBsfaXjjDcxnkewp"
"Är vi så rädda för varandra?","Björn Skifs","Blåblus","Swedish","Playlist","SEAMA7242040","2j9MpDolIhxsu0ttpAQ2dv"
"Blå, blå Känslor (eller blå, blå vindar)","Björn Skifs","Blåblus","Swedish","Playlist","SEAMA7242060","0zoyMJyqoNJQQzHv8BtrVT"
"Sov med mig","Pierre Isacsson","Innan slutet","Swedish","Playlist","SEYOK2158302","2zy76no5MAqXyzeJIXXRld"
"Mathilde","Thåström","Somliga av oss","Swedish","Playlist","SEBGA2400676","1PxLywQe7dPIDnTHr4yrpx"
"Millioner rosor","Arja Saijonmaa","Högt över havet","Swedish","Playlist","SEPQM0611516","2CKjd92ZWuPUdoj2yga4w7"
"En del och andra","Peps Persson","En del och andra","Swedish","Playlist","SEBFO8402060","0v38DMxxAAKpfSqN9aYseZ"
"Grimasch om morgonen - 2007 Remaster","Pugh Rogefeldt","Den Flygande Holländaren","Swedish","Playlist","SEAMA0700887","1SvXKQOazPTbpTWJugtSpS"
"Springa","Ane Brun","Springa (Från Unga Astrid)","Swedish","Playlist","SEVVQ1800301","6pi2mFYsZhaKcDRwfoc5Kp"
"Blinkar Blå","Adolphson & Falk","Samling 81-96","Swedish","Playlist","SEAAA1000301","0sA95tauonWmYDKtryjFs6"
"Hänsyn","kent","Jag är inte rädd för mörkret","Swedish","Playlist","SEUM71200332","5HD1tkBZ51M9jPktZDRTYF"
"Genom natten","Magnus Carlson","Allt är bara du, du, du","Swedish","Playlist","SEPQA0106010","31rJ5I4XvyvTO26SXzmVBD"
"Berget","Dina Ögon","Oas","Swedish","Playlist","SE3SA2300103","7gdRvpMZATkoCadNtNDZyH"
"Du tappa dä","Dina Ögon","Människobarn","Swedish","Playlist","SE3SA2600201","2i7HYPaJBVefvd6OwQ2rD2"
"Stockholmsserenad","Adolphson & Falk","Med rymden i blodet","Swedish","Playlist","SEAAA1000306","2YOZEiaJ8714ZvGRfRD89X"
"Idag","Daniel Ögren","Fastingen -92","Swedish","Playlist","SE43Y1901603","2icKiQsAWwLwR1siV6moaJ"
"Vaggvisa","Daniel Ögren","Daniel Ögren med vänner tolkar Allan Edwall","Swedish","Playlist","SEVJH2402401","28MtClImG5ZRwVqpXS3NJs"
"Hittar hem","Rekordåren","Hittar hem","Swedish","Playlist","QZWFN2419487","6MB2v0RwxwxKUbbTjZJdwg"
"Shangri-La","Henning","Galileo","Swedish","Playlist","SE3D71703403","69lsOBvi2zQwZw5ArUBN8d"
"Vägen är lång","Sten Bergman","Lyckohjulet","Swedish","Playlist","SEPQA1200576","7xlWH5I4ZUQixsYqVG3cmQ"
"Patricia","Rekordåren","Patricia","Swedish","Playlist","QZRP52604188","4dA3e6uokz3sXxeFV4ngQ8"
"Jag kommer","emoemy","Jag kommer","Swedish","Playlist","SE5752452570","0RIJvKqRmEmqS6BQnOI8JW"
"Ta mig tillbaks","KarreV","Ta mig tillbaks","Swedish","Playlist","SEUM72401297","21zaL166FuPHpshXo5hVJ2"
"Vi 2","Korsvägen","Vi 2","Swedish","Playlist","QZMEN2340311","2uSIYITQTInyWh92KeD5C7"
"Tre vackra år","KarreV","Tre vackra år","Swedish","Playlist","QZHNC2299573","6GhJ4U1zlRsMyB9qGrv6gL"
"Vad Kollar Du På?","Ennock L","Vad Kollar Du På?","Swedish","Playlist","QZTB52338909","7lwYd6M5c0Ywz9pxlZUm4d"
"Samlar minnen","LEVIAL","Samlar minnen","Swedish","Playlist","SE6I32396282","6DD23w3H7YHrxZFYHMB6l4"
"Glad?","GPS","Glad?","Swedish","Playlist","QZHN62485066","5c3OiIriMjuVzFOq2plrqE"
"Aldrig Varit Där","Ibra","Aldrig Varit Där","Swedish","Playlist","QZK6F2527383","6m3KsNurjonMI2BuWOqvE6"
"Rör Dig Sakta","Ibra","Rör Dig Sakta","Swedish","Playlist","QZWFE2485059","5y02jI6kM2pzQXQSjG5ORC"
"Djungel","Michelle Qaisi","MVH, egot","Swedish","Playlist","QZHNB2429439","2QzMtBYN0pmxCsfPqyJ2ND"
"Lockdown","Ennock L","Lockdown","Swedish","Playlist","QZMEQ2439012","6Srjj708fRsKRvsXRCcngR"
"Bra för dig","estraden","Bra för dig","Swedish","Playlist","SEBGA1902678","3YCAQEpuFtgVVhEDJsW3gQ"
"Förlåta eller svika","Den svenska björnstammen","Country","Swedish","Playlist","SE4DA1500101","4Ka6RpEUAiZs2ihxvy2WGS"
"När jag ser dig","Hov1","När jag ser dig","Swedish","Playlist","SEUM72001239","5WBaMuA6gMy90SZXyS4Yz0"
"ÄR DET VI?","Dmilov","ÄR DET VI?","Swedish","Playlist","TCAIW2420944","5oiku0QHsopBDHNOCTuoeL"
"Sunnanvind","Mares","Sunnanvind","Swedish","Playlist","SE5BU1968487","4GK4mydvnsodLEHWb4zJV4"
"95","Mares","95","Swedish","Playlist","SEWGI1704101","2XajET1AbW1AYBgTVJvDo3"
"Din Idiot","Norlie & KKV","Alla våra låtar","Swedish","Playlist","SEUM71600707","3bXntWHHOFwLdY3u0NnthP"
"Dina skor","Alex Järvi","Dina skor","Swedish","Playlist","SEUM71901115","5TLLem07XrAMY8Oc58Zfqs"
"Soldiers","Ulrik Munther","Soldiers","Swedish","Playlist","SEUM71101189","7GFLesaZQXDbwzgc4NffG9"
"Tokken","Hov1","Barn av vår tid","Swedish","Playlist","SEUM72100470","0ke6TRt2S3KTOFZzRUXtH7"
"Glider","Frekvensen","Glider","Swedish","Playlist","SE6HN2402048","5lWW0tR3XUN2qYx83NZNQR"
"Aldrig nöjd","Simon Forslund","Aldrig nöjd","Swedish","Playlist","QZNWT2546163","0JKnlceDLh35mhVjZLA7AP"
"Barnens POV","Dmilov","Barnens POV","Swedish","Playlist","TCAIB2445683","5jtLRuHVaFGKxrrluqtvWg"
"Moln & Sommarregn","Vince Wavy","Moln & Sommarregn","Swedish","Playlist","QZMEP2537928","18q6GQAd9VK6IRzz6xofKN"
"Tavla utan ram","Simon Forslund","Tavla utan ram","Swedish","Playlist","QZMEQ2504399","1Lsf2rUzd5H6YbDmnGWvqy"
"Galileo","Lovet","Galileo","Swedish","Playlist","SE6QE2110746","6k6G53LaombwadBXz7tMbE"
"SE MIG","Veronica Maggio","SE MIG","Swedish","Playlist","SEUM72100466","0djNuMqEv8KCVE0tUQyyrJ"
"Taxin","Broder Jakob","Taxin","Swedish","Playlist","QZHN72250327","6fVsYWoMw8kR0pudjjEUb0"
"Du är för Södermalm","Vince Wavy","Du är för Södermalm","Swedish","Playlist","QZZ7S2493842","0a7w6LQZznCV1dWBs05jUU"
"Kommer Över Dig","Elov & Beny","Kommer Över Dig","Swedish","Playlist","SEY4Y1406501","30NxHMhXWJMNU0bRodamDK"
"A.D.A.M","ADAAM","A.D.A.M","Swedish","Playlist","GX3Q92100497","5fB85aNDsQIMLeoGgWHhEp"
"Sånger från förut","GAMMAL","Sånger från förut","Swedish","Playlist","SEBGA1902120","7eXmd9KhEpsvATd568suYZ"
"Vårt år","estraden","Vårt år","Swedish","Playlist","SEBGA1900676","2yNfaW5s5EXJDcKZWOjuzq"
"För Evigt","Hanna Ferm","För Evigt","Swedish","Playlist","SEUM72100400","1CuVhIZAAc8h360WoVJYhD"
"Tröjan du hatar","Norlie & KKV","Snart","Swedish","Playlist","SEYQD1100212","5BkwRIaNsmaLDHwdflIxyu"
"Syrener","Olivia Lobato","Syrener","Swedish","Playlist","SEUM72100482","7iKUMPi3CcDLLNF4pU1vND"
"Höga klackar - O2H remix","Mares","Höga klackar (O2H remix)","Swedish","Playlist","SEWGI1602401","1dfp2EhrvsFLg75lS2ibm9"
"Hålla Händer","Dmilov","Hålla Händer","Swedish","Playlist","TCAID2412335","1TjmSverIOxjp7GP9Yubha"
"Eld & lågor","Victor Leksell","Vinterviken","Swedish","Playlist","SE6TS2100101","5etlUg6yiQ8565mdyrWUiP"
"Om sanningen ska fram (Vill du ligga med mig?) - Clubedit Radio","Eric Amarillo","Eric Amarillo","Swedish","Playlist","SEWIM1100202","32LXe5COBCJfDJFiMwbs0b"
"Ut med allt","Björn Holmgren","Ut med allt","Swedish","Playlist","SEUM72200452","7Ek3bY3DecGbIaRKo7aQVQ"
"Blå","Hov1","Blå","Swedish","Playlist","SEUM72100563","0hel3UahHwK9SfUF85M1WK"
"Sexcigg","Lovet","Sexcigg","Swedish","Playlist","SE6HN2025985","4GWDWSQiMOVVOFoMSgmids"
"Neon","Hov1","Vindar på Mars","Swedish","Playlist","SEUM71900413","3ohk7UW328iwdvQLz9sxCv"
"Ma chérie","Hov1","Vindar på Mars","Swedish","Playlist","SEUM71900352","102vyskJwrkuJy9tlCLD25"
"Barn av vår tid","Hov1","Barn av vår tid","Swedish","Playlist","SEUM72100027","5YIMEJOJYmHaeZ0x4qAZjI"
"Jag kommer - Mash Up International Remix","Veronica Maggio","Jag kommer (Mash Up International Remix)","Swedish","Playlist","SEUM71101163","1c4ZMVziaCtUll3h71NasA"
"Känn ingen sorg för mig Göteborg","Aden x Asme","Känn ingen sorg för mig Göteborg","Swedish","Playlist","SEPQA2100050","0uJkV2PIfImwkOxh09C5wK"
"Afterwork","Bolaget","Afterwork","Swedish","Playlist","NL1AP1956158","0m6S7gcwMuLI2r0PXkgoYy"
"Barnasinnet","Benjamin Ingrosso","En gång i tiden (del 1)","Swedish","Playlist","SEWEE2013102","5qrThoooObUmiQS54cMIpg"
"Alltid leva, aldrig dö","Ulrik Munther","Allt jag ville säga","Swedish","Playlist","SEUM71500236","2dJQLm48jGequS4onekxHO"
"Smokebreak","Hov1","Vindar på Mars","Swedish","Playlist","SEUM71900412","0fS7SRHFHU0gItNj0gqRK9"
"Ensammast i världen","Hov1","Vindar på Mars","Swedish","Playlist","SEUM71900417","1eItY0Aesi3PVzxsV8S8Ze"
"Våra vackra dar","Hov1","Montague","Swedish","Playlist","SEUM71901481","3qqZaP3TSW6Rn8rwTBUKIn"
"Dagen efter","Tjuvjakt","Vems värld är det här?","Swedish","Playlist","SEAMA1300471","77sD8F6Wj8b6rUBj2mueU8"
"Hit the club","Hov1","Barn av vår tid","Swedish","Playlist","SEUM72101060","7aEoH0aL6hQEgRFwRb6fXb"
"Mitten av september","Hov1","Montague","Swedish","Playlist","SEUM71901480","7jjLKYImKi4sXsvPKwLoRq"
"Kära mamma","Hov1","Montague","Swedish","Playlist","SEUM71901484","2v9sTeANiy5mh60M9Ne77Q"
"Feelings","Einár","Unge Med Extra Energi","Swedish","Playlist","SE5BU2007825","0whPNuKZ7Nu9oft8WmMvVf"
"Skaffa en annan tjej","Rebecca","Lilla Melodifestivalen 2009","Swedish","Playlist","SEUM70900727","0lwb4eq8CB3BBPg6suJL1d"
"Postcard","Eric Saade","Det Svarta Fåret","Swedish","Playlist","SEPQA1900128","0kdeQQQxOxN4Vobt53XsEW"
"Cataleya - Spirello Remix","JIREEL","Cataleya (Spirello Remix)","Swedish","Playlist","SE5RN1700201","2v8LjF0YySR122gITsJiEA"
"FÖRSENT","1.Cuz","1 ÅR","Swedish","Playlist","SE6I31958221","6mDcLPGVCmdhMN4gBzNb7s"
"MATADOR","Sarettii","MATADOR","Swedish","Playlist","SE6I32257622","64s0ZmTEwVhztlrEP6Xt9J"
"Mandy Moore","Hov1","Hov1","Swedish","Playlist","SEUM71700339","2vD1hN8Oxqfh4umefOVIqP"
"SOM DOM","Sarettii","SOM DOM","Swedish","Playlist","SE6XX2107927","7rwijx2xejRaPkEXUftI11"
"Mikrofonkåt","September","Love CPR","Swedish","Playlist","SEWBD1000807","4oEozZqTuhEXIYmpgaiKMC"
"En annan värld","Stiftelsen","Dopet","Swedish","Playlist","SEVST1300201","4phXGvBcnpE06lN3Kf63a0"
"Svart sommar","Veronica Maggio","Den första är alltid gratis","Swedish","Playlist","SEUM71600618","3ipcu1diTYgtTCO7IBu9os"
"Nöjd? - Radio Version","Veronica Maggio","Nöjd?","Swedish","Playlist","SEUM70600227","7Lj7pLSL4vfi94V9yTdwzu"
"Asteroid","Lovet","Asteroid","Swedish","Playlist","SE6QE2370075","1S6DSE6xXdlAUT52z1bk1n"
"Pari","Hov1","Gudarna på Västerbron","Swedish","Playlist","SEUM71701031","4cLVqhNOTUavKjorcU4TqN"
"Komma över dig (feat. Benjamin Ingrosso)","Petter","Komma över dig (feat. Benjamin Ingrosso)","Swedish","Playlist","SEBGA2200800","7ahokyY6O0NK0PnpFBxUHM"
"Det stora röda huset","Benjamin Ingrosso","En gång i tiden (del 2)","Swedish","Playlist","SEWEE2114403","7HMjYD6vVNaHpHPQGR2W63"
"Flickan på min gata","Benjamin Ingrosso","En gång i tiden (del 1)","Swedish","Playlist","SEWEE2013106","5YD98iiTp0pT29M3iFDk7J"
"Långsamt farväl","Benjamin Ingrosso","En gång i tiden (del 1)","Swedish","Playlist","SEWEE2012001","1hZENos4Dryrp0P4icM9kT"
"FUCK MITT EKS","LOAM","X","Swedish","Playlist","SEUM72101861","0IgvbLS4DCkEe7DaaB0azl"
"VISSA NÄTTER","SVM","VISSA NÄTTER","Swedish","Playlist","QZHNB2294150","6Rek2Zke04aFozkhFY8O9T"
"LEV MED MIG","SVM","LEV MED MIG","Swedish","Playlist","QZTB32253371","0FFmOv2xAdQHU9JR66hIze"
"Notre-Dame","Mares","Svanesång","Swedish","Playlist","SE6HN2243376","10pQM8gBw9gpzDJz05jlHQ"
"Fri","Mares","Rock'n'Roll Will Never Die","Swedish","Playlist","SEWGI1801502","2C7ZrtqafoU0jTYpoT1pap"
"Forever Young","Thomas Stenström","Fulkultur","Swedish","Playlist","SEYQH1400103","4heaYPFYX283MKT1Rra6dG"
"Judy min vän","Benjamin Ingrosso","En gång i tiden (del 2)","Swedish","Playlist","SEWEE2012201","5flLqSnIXqIPWXdbzNlwf1"
"F*CK MINA OPPS","25","F*CK MINA OPPS","Swedish","Playlist","SE5752274147","02g6wZQZ0cByIqVgjSHBzy"
"Hiphop N RnB","Yasin","98.01.11","Swedish","Playlist","SE6I32036244","5bx4stZRInFwFz40fHDa7h"
"Där jag hänger min hatt","Norlie & KKV","Snart","Swedish","Playlist","SEYQD1200101","0ix0QiT745Gyqo06J75hWs"
"Ja må du leva","Darin","Ja må du leva","Swedish","Playlist","SE4H41700101","2q6kL6Tnbd3lJuxWL0v7ur"
"Hjärtslag","Hov1","Hjärtslag","Swedish","Playlist","SEUM71601580","09n5FTXMxUhK1SRtaFc7A8"
"Stråkorkester","Mares","Sunnanvind","Swedish","Playlist","SE5BU1934005","4y7BWnzNK715Hz0uaDgXdb"
"Älskling","Hov1","Vindar på Mars","Swedish","Playlist","SEUM71900415","1xfpESQg5gIB4nCoG022Wh"
"Måndagsbarn","Veronica Maggio","Och vinnaren är...","Swedish","Playlist","SEUM70701449","4MXHBiKcdqHBJ4PeHQJBHO"
"En säng av rosor","Darin","En säng av rosor","Swedish","Playlist","SE4H42000101","14eKSIRO006SRXYpfoY8HK"
"Vindar på Mars","Hov1","Vindar på Mars","Swedish","Playlist","SEUM71900148","1OZaXbFDU6QxtyaD6elsKs"
"5 minuter","Veronica Maggio","Fiender är tråkigt","Swedish","Playlist","SEUM71900460","74dD9sDIyZMa5dxLzl1vBV"
"Notre-Dame","Mares","Notre-Dame","Swedish","Playlist","SE6HN2243376","77ioVpwicQ3PuMfhNtZyg2"
"Två steg från helvetet","Hov1","Två steg från helvetet","Swedish","Playlist","SEUM72200263","2Rnovc1XuaXP1yc7X1AqbK"
"Ge upp igen","Miriam Bryant","Ge upp igen","Swedish","Playlist","SE5EM2000601","5IONrCRMaQomlgoKpIoI8O"
"Räkna dagar","Hov1","Barn av vår tid","Swedish","Playlist","SEUM72101363","7GWtRLE1ZeFat9k9iauEef"
"Bara om jag känner för det","Yasin","Bara om jag känner för det","Swedish","Playlist","SEBGA1700239","6O4LH1iTTZSeVujl8TzydH"
"Stanna kvar (feat. Julia Lov)","Oscar Ahlgren","Decemberbarn","Swedish","Playlist","SEBGA2000833","61HKBFPd1HSXbUMIXS1Ljv"
"Sena nätter, tomma glas (feat. Veronica Maggio)","Ison & Fille","För evigt","Swedish","Playlist","SEXZC1100308","6oBAcy7m0amy7KUD5uRLWw"
"Vill inte ha dig","Hov1","Gudarna på Västerbron","Swedish","Playlist","SEUM71800180","291FQ6qTl1k3OkYm8NJkZg"
"Tjuvheder","Hov1","Barn av vår tid","Swedish","Playlist","SEUM72101362","7p9Z1ynUiwOZYkQR82YK6v"
"I min bil","Veronica Maggio","Handen i fickan fast jag bryr mig","Swedish","Playlist","SEUM71301695","0W6ol1CE3oQSkI35ZcsDb6"
"G63","C.Gambino","G63","Swedish","Playlist","SE5752369819","3pBTElvw1OK7pDDI3MR4qC"
"Julia","Olivia Lobato","Julia","Swedish","Playlist","SEUM72300215","4x92YZy4mfx7cDmEok90kx"
"Har Dig","Yasin","PISTOLER POESI OCH SEX","Swedish","Playlist","SE5752322601","4FGvRqZ1pPaflN2jjLBMB9"
"Rigatoni","Hov1","Barn av vår tid","Swedish","Playlist","SEUM72101371","6Pj5RRNZlLA7fFMtPThgyJ"
"Hädanefter","Veronica Maggio","Handen i fickan fast jag bryr mig","Swedish","Playlist","SEUM71301691","20eB0hhLoBykHXsnnyYhxE"
"KASSANOVA","Young Earth Sauce","KASSANOVA","Swedish","Playlist","SE6XY2236305","7d9BbXQi6mWb4xAiJUGb7T"
"Aqua Aura","Fricky","Aqua Aura","Swedish","Playlist","SEYOK1815120","468ooECb1oRgt4gGfLeAoH"
"Se på mig nu","Medina","Haffla Avenyn","Swedish","Playlist","SEXVP1400101","1c3RPquwmsQAJKWrWUkl6m"
"Elvis, Einstein och jag","Thomas Stenström","Fulkultur","Swedish","Playlist","SEYQH1400105","5lhZ8cCA9GZU0wtXPRyroG"
"Drip","Ant Wan","Drip","Swedish","Playlist","TCAEC1959209","1FnR4tCrLOcUaYu3JbyAEx"
"En timme till","Veronica Maggio","Fiender är tråkigt","Swedish","Playlist","SEUM71900428","2J46misMwPFMdxwa7iY1GK"
"Ingen som jag - Recorded at Spotify Studios Stockholm","Molly Sandén","Spotify Singles","Swedish","Playlist","SE4T41800111","1B74XlQ7AIxiqZhW6yonuq"
"17","ADAAM","17","Swedish","Playlist","SEUM72300498","0Apl0ndMj1fWIY6rnD7gnY"
"Borde gå hem","Bolaget","Borde gå hem","Swedish","Playlist","SE5S62101601","2alWkiKWlHYmsgdvNoiO7l"
"Grät","Hov1","Grät","Swedish","Playlist","SEUM72300586","1VJBnmHm3gUyJnPKetgC3j"
"Dum av dig","Daniel Adams-Ray","Svart, vitt och allt däremellan","Swedish","Playlist","SEYMV1000301","29bOAzAR0Ev2UVSa9rkyts"
"Hur mycket? (pengar vill du ha)","Hov1","Barn av vår tid","Swedish","Playlist","SEUM72101366","0F5L21B9FbT2Y9AM2OnCgE"
"Fin i bikini","Dr Kärlek","Fin i bikini","Swedish","Playlist","SEPQA1600532","10tZablwJjnyBV8SO8lJxF"
"Tror du att han bryr sig","Benjamin Ingrosso","Identification","Swedish","Playlist","SEWEE1800801","6LznOqV1J3Qix1HRfZkjWK"
"Svartsjuk","Hov1","Montague","Swedish","Playlist","SEUM71901482","3zYkiaVV22ZjeZPS1YrFRa"
"Vågorna","Sabina Ddumba","Så Mycket Bättre 2017: Tolkningarna","Swedish","Playlist","SEPQA1700230","6Iex6SKg1ItGeqVURzUZYd"
"SVAG","MIGI","SVAG","Swedish","Playlist","SE6TI2308573","4ONPQrk76tFwINmmnDVUTS"
"Gjord av sten","Veronica Maggio","Den första är alltid gratis","Swedish","Playlist","SEUM71600601","3yL74zqLHMXb8noRWdMlkD"
"Hur Kan Du Säga Saker","Hov1","Hur Kan Du Säga Saker","Swedish","Playlist","SEYOK1533954","1cxUcd6YEtyjvQXV9l9GXq"
"Never Be Like You","Flume","Skin","Swedish","Playlist","AUFF01500784","476j7IDRIDRvv1Xu71EVc8"
"Salut","Mapei","Salut","Swedish","Playlist","SEUM72400649","3kUWzhuTmwA5Y8vzFDLyEy"
"Mår du bra mår jag också bra (feat. Linnea Henriksson)","Jubël","Mår du bra mår jag också bra (feat. Linnea Henriksson)","Swedish","Playlist","SEPQA2400041","6dSx3eK7i0WBrG8MpUANKA"
"Gubben i lådan","Daniel Adams-Ray","Gubben i lådan","Swedish","Playlist","SEYMV1000304","1qIAqSCPcRkkNU8dj5pIOC"
"JA HOPPAS","LOAM","JA HOPPAS","Swedish","Playlist","SEBGA2302004","367OEGavo6GRpELfLi4QQB"
"BUBBEL PÅ BALKONGEN","Elov & Beny","BUBBEL PÅ BALKONGEN","Swedish","Playlist","SE4W42200401","1RwQZNgaXl01krZHuSUlE8"
"Helt seriöst","Kaliffa","Helt seriöst","Swedish","Playlist","SEUM71700464","6uucB29G6Y7LThzNfuRkiw"
"Mera mera mera","EMIL HENROHN","Mera mera mera","Swedish","Playlist","SEUM72201644","0dLe7y9Pil9ETtYuDWyrpP"
"17","ADAAM","TRAPEN TILL RADION","Swedish","Playlist","SEUM72300498","6y4Z3qrOwInrWJhocyiRcA"
"Om igen","Medina","Om igen","Swedish","Playlist","SE6742400101","4zl1Y3QTIpY7JsChcrInbg"
"Varför väntade du till sommaren?","noll2","Varför väntade du till sommaren?","Swedish","Playlist","SEBGA2400477","3QvHp2UMWG31LBxXdaMH3N"
"Shuffla","Samir & Viktor","Shuffla","Swedish","Playlist","SEPQA1800008","3bnS9O5Q9Zn9MD4Z3zDV62"
"Hela världen väntar","Samir & Viktor","Hela världen väntar","Swedish","Playlist","SEUM72301758","0KnatBv9CtD7s3LMFfJiAm"
"Där jag hänger min hatt","Norlie & KKV","Där jag hänger min hatt","Swedish","Playlist","SEYQD1200101","61sqNOYwEQ2TX1BFLNpTIM"
"Allt jag behöver","Miriam Bryant","Hisingen och hem igen","Swedish","Playlist","SE3R51500115","3Q06XfNgOjBQAyPV4GbYaR"
"Nån av oss","Miriam Bryant","PS jag hatar dig","Swedish","Playlist","SE5EM2000101","7v4wsgx3MTjD6hbDxcZoU7"
"Stationen","Miriam Bryant","Hisingen och hem igen","Swedish","Playlist","SE3R51500119","3qWRmouJQNWR1Fk61PFuwa"
"Nån av oss","Miriam Bryant","Nån av oss","Swedish","Playlist","SE5EM2000101","3KTPAavMfc8FqtMLAaMXkH"
"Bara sett det hos dig","Miriam Bryant","PS jag hatar dig","Swedish","Playlist","SE5EM2100305","4vuuqRKcfXQWuuxIvtXcn0"
"Passa dig","Miriam Bryant","PS jag hatar dig","Swedish","Playlist","SE5EM2000201","7opBciEkUAvZTcZEShDb8s"
"PS jag hatar dig","Miriam Bryant","PS jag hatar dig","Swedish","Playlist","SE5EM2100308","5rJV3q2Z2QIZaJWSfhPt2w"
"Ett sista glas","Miriam Bryant","Så mycket bättre - Sven-Bertil Taubes dag","Swedish","Playlist","SE3R51500116","16OIrRrUK67v2C2rgyb0pv"
"Goliat","Laleh","Colors","Swedish","Playlist","SE36T1300108","7qA8S7mbV9uPy9rFprdN3C"
"ROM & COLA","Elov & Beny","ROM & COLA","Swedish","Playlist","SEBGA2301425","4jxmEBgLV1TFjvtoNpajSX"
"Hey Baby - Remix","Lamix","Hey Baby (Remix)","Swedish","Playlist","SEBGA1700224","5KN6UJklrnBWR0NXXnt4Vz"
"Saken Är Biff","Nassim Al Fakir","Saken Är Biff","Swedish","Playlist","SEUM72000384","56qhQjtqfxBXSP72K0PA9b"
"Sämst i Norden (Utan Sverige vore Norge ingenting)","SamTheMan","Sämst i Norden (Utan Sverige vore Norge ingenting)","Swedish","Playlist","SEPQA2200209","0GouWpGnbwyInBEPYrTvOp"
"Rosa Luftballong","TRENDEN","Rosa Luftballong","Swedish","Playlist","QZK6F2290448","3ir9NB2KrXbqedTQ2XhoWc"
"HEJSAN HOPPSAN","FESTEN","HEJSAN HOPPSAN","Swedish","Playlist","SE6SA2428938","1rZPdTKzDl6y2UeEboezRm"
"En vän till mig","Wiktoria","En vän till mig","Swedish","Playlist","SEYQH2400702","5LStKqbaUvtExuMI0UUAvm"
"Hela vägen hem","JLC","Hela vägen hem","Swedish","Playlist","SEBGA1801153","4GzWKYWHvKD3ucyIr9tV3M"
"Vart jag än går","Stiftelsen","Ljungaverk","Swedish","Playlist","SEVST1200301","2C0dZsmW6mvpavE5SEApkx"
"Bättre nu (The Wedding)","Peg Parnevik","Stockholm","Swedish","Playlist","SEPQA2300190","0fDbtsmphfrr66ke9ZiQIn"
"Behöver inte dig idag","Clara Klingenström","Behöver inte dig idag","Swedish","Playlist","SE5YN2100101","61YmcO62hGjw1RlDHZ0XEg"
"Du är den ende","Lill Lindfors","Du är den ende","Swedish","Playlist","SEAZG6725010","3efn7AKzvucs4dowgiQTgn"
"Du har satt din sista potatis","David Larson","En Dag Kommer Allt Det Här Bli Ditt","Swedish","Playlist","SEYOK2304839","6OWRDMl9uD2D6wfiD31WO3"
"När du landat (har jag vaknat)","Bo Kaspers Orkester","Landet vi ärvde","Swedish","Playlist","SEBGA2303985","1yv1UUPoKXYt5T4WN7SPIZ"
"Himlen är oskyldigt blå","Ted Gärdestad","I'd Rather Write A Symphony (Remastered 2009)","Swedish","Playlist","SEAYD9306120","4rg0qXQd00nfQTTpu5U6sP"
"Svar","C.Gambino","In Memory Of Some Stand Up Guys","Swedish","Playlist","SEPQA2300259","2ZWsuZ6No9BImF61NI1ITw"
"Saxofuckingfon","Samir & Viktor","Saxofuckingfon","Swedish","Playlist","SEPQA1500567","115wngouCO5AUFjTA4PdRV"
"Groupie","Samir & Viktor","Groupie","Swedish","Playlist","SEVFN1500301","4ldXgqnQ9jJ1mYRTmg9O9B"
"Michelangelo (Men så svara då!)","Björn Skifs","Schiffz","Swedish","Playlist","SEAMA7545060","7aleO65wxmrijCugl55XJz"
"ett minne i taget","Hanna Ferm","ett minne i taget","Swedish","Playlist","SEUM72500247","4SXtVLD8B0O7kvw7FLi4Qj"
"Mera E","Albatraoz","Mera E","Swedish","Playlist","GBKPL2018646","3eHkTjBDg811BzakpYvqrj"
"SOMMAR SOMMAR SOMMAR","Gozzina","SOMMAR SOMMAR SOMMAR","Swedish","Playlist","SE6TI2158168","6qHxtYJAOdcHOEFbRWlrQc"
"Hold You","Hanna Ferm","Hold You","Swedish","Playlist","SEUM71800818","7vwTqBs5KVRlwR2374P9bS"
"Fotbollsplan (Puckobarn)","LP Harris","Fotbollsplan (Puckobarn)","Swedish","Playlist","SEYOK1206640","1SaOGAhKcbsWgzVAY7CDsu"
"Vem kan segla förutan vind","J.O.X","Vem kan segla förutan vind","Swedish","Playlist","SEWLR2436601","2VxoTJcNj4aeXfW82z3XNV"
"Pillow Princess","Daniela Rathana","Where Strippers Go To Die","Swedish","Playlist","SEUM72500274","7hFpymDmGoHEfhAsmNPpXZ"
"Kär & galen","Cleo","Vem e han","Swedish","Playlist","SEYOK1401864","6Q2gvZICjpceA8gthJJ0b6"
"Toxic","Ant Wan","Wanderland","Swedish","Playlist","NL8RL2437475","3gY0n2okSRYNGF4LP2MTkm"
"Komma över dig - Spotify Studio It's Hits Recording","Norlie & KKV","Komma över dig (Spotify Studio It's Hits Recording)","Swedish","Playlist","SEUM72000738","0llOYwxUVtCD5lBJMrj7ox"
"Marbella","Ant Wan","Wow 2","Swedish","Playlist","TCAFP2191244","5pWQeWrsXX4JYYihgoxUNN"
"Malaika","Ant Wan","Leylas World","Swedish","Playlist","TCAFK2124535","2fBL23Dd1X2vJASgoJtGe4"
"MAYDAY (fjällräddningspatrullen)","Hooja","MAYDAY (fjällräddningspatrullen)","Swedish","Playlist","SEYQH2400102","7xlZNVvREW1Fy0RBaJ5tc1"
"Hålla ut","Tone Wästborn","Hålla ut","Swedish","Playlist","SE6QE2292751","4cLq14JSXP3e2zqw83SMg1"
"Fakkin fin","Labyrint","Garalaowit","Swedish","Playlist","SEUM71302253","02qoqHv29LQCBw1mymxlY5"
"Ingen annan rör mig som du","Norlie & KKV","Alla våra låtar","Swedish","Playlist","SEUM71500355","1Vo4peT3VmtdLVtw1s65Cm"
"In i dimman","Medina","Tropicalisera","Swedish","Playlist","SEPQA2200056","3zNUWltBz3xrZhXkoSMgJX"
"Genom Eld & Vatten","Medina","Genom Eld & Vatten","Swedish","Playlist","SEPQA2500040","0B3iaqZELtRBnVdIHnikK7"
"Sucker For Love","Anis Don Demina","Sucker For Love","Swedish","Playlist","SEPQA1800337","3BBC9mEZMKErE9nkCBjldf"
"Det Kommer Bli Bra","Laleh","Vatten","Swedish","Playlist","SE36T2000102","1fGhWImpq7OSJvYy1WcfBD"
"Vi Är På Riktigt","Laleh","Vi Är På Riktigt","Swedish","Playlist","SE36T2200201","6ts0bxk9N8qiVA7UhhFOJY"
"Fel på dig","Bolaget","Fel på dig","Swedish","Playlist","SEPQA2600047","4UGJVXMoSyTUl61OdVJ3N0"
"Köppäbävisan","Curt Haagers","Santa Maria","Swedish","Playlist","SEPQM0715778","1SAuouzYheQSrrQQWdJ3ZY"
"Din soldat","Albin","Din soldat EP","Swedish","Playlist","SEUM71400801","6SkM2JNu2NlWnRqRECp7Rv"
"Du swipa höger","Emil Berg","Du swipa höger","Swedish","Playlist","SE4W71500103","7CWF2kMokmWxCLeogZZShp"
"En sista gång","Albin Johnsén","Dyra tårar","Swedish","Playlist","SEUM71500568","4V92HLif7YxJMZsKr6eOTX"
"Välkommen Åter","Hanna Ferm","Välkommen Åter","Swedish","Playlist","SEUM72200566","4q2nejfnJpmHqr2GAi09ph"
"Bara du är där","Ella Tiritiello","Bara du är där","Swedish","Playlist","SEBGA2401752","3zYTYk15l0ahY6cJ9MFrNT"
"Vi som är natten","Oscar Zia","Vi som är natten","Swedish","Playlist","SEBGA2501533","4uScN8eKZWScsM20u2YwUq"
"Galet jävla kär - Akustisk version","Magnus Uggla","Galet jävla kär (Akustisk version)","Swedish","Playlist","SEBGA2401344","1WKSBXnv4pAPRhQuTjUfHc"
"Utan dina andetag - Spotify Singles","Eah Jé","Utan dina andetag - Spotify Singles","Swedish","Playlist","SEBGA2400531","4bLVAX1N6G8e3Lpq7rwIFm"
"Älskar dig","Anders Robert","Älskar dig","Swedish","Playlist","SEYOK1956131","1qYYIScDql6tw9sW7sHLfa"
"Älska mig","Melissa Horn","Så mycket bättre 2021 - Tolkningarna","Swedish","Playlist","SEBGA2100628","2ljAKHlAyuulGcWZ2rOoXD"
"Bästa var du","estraden","20-nånting","Swedish","Playlist","SEBGA2303688","3LWnJACVdxYtE99W7mwJEr"
"Sommaren vi möttes","Melissa Horn","Hejdå för alltid","Swedish","Playlist","SEBGA2400813","5i390bodWmA40MI4q1rtyf"
"Eld & lågor","Victor Leksell","Tid & Tro","Swedish","Playlist","SE6TS2100101","3DPzSNLiWNWMldxmtNO4Yw"
"Camels","Paine Galletto","Camels","Swedish","Playlist","SEBGA2500824","1t30x389swdoiG08U2X2fz"
"Oavsett vad du gör","Anders Robert","Oavsett vad du gör","Swedish","Playlist","SEBGA2301986","58GXA2YPVeDvbXxdIRTHf0"
"Dina läppar","Thomas Stenström","Superlativ 97","Swedish","Playlist","SEBGA2304100","41zrGMs7h8m1RpVwl380en"
"Josefin","Albin Lee Meldau","Josefin","Swedish","Playlist","SE5AY2100160","2gwirjNHYJPlBwOJ5Aftwv"
"Kärleksvisan","Vintergatan","Kärleksvisan","Swedish","Playlist","SEBGA2200783","5i5DwG5jSN0lWv2f3qRG6H"
"Vi två","estraden","Mellan hägg och syrén","Swedish","Playlist","SEBGA1901232","4ONzCQ6Bxx60XhRtbxXPQm"
"Öppna din dörr","Tommy Nilsson","Det bästa med Tommy Nilsson","Swedish","Playlist","SEBMC9423030","1eU5jMB4iYhdjQC6AS7ygy"
"Låt hela stan se på","Ida-Lova","Låt hela stan se på","Swedish","Playlist","SEBGA2203226","1ZmXkSbIt88oScLQlkU8so"
"Seiko","Christian Nanou","Seiko","Swedish","Playlist","SEBGA2500697","6TMIcpNnhkg1hzwfeWGdVx"
"Nu kan du få mig så lätt","Ellinova","Nu kan du få mig så lätt","Swedish","Playlist","SEBGA2302932","4El11t2s91JVxAcxbQWHSG"
"För kärlekens skull","Ted Gärdestad","Sol, vind och vatten/Det bästa med Ted Gärdestad","Swedish","Playlist","SEAYD9303010","5Mw3OMg0j3rJQzC54SO4Eb"
"Alltid Du (feat. Etta Zelmani)","Dregen","Alltid Du","Swedish","Playlist","SEBGA2401282","2fHWPfD2wEX03IaohJyt9Z"
"Come Give Me Love - Swedish Version","First Aid Kit","Come Give Me Love","Swedish","Playlist","USSM12005118","222G3hi6hSEbPYd2pfpLz2"
"Ängel","FILIPPA","Ängel","Swedish","Playlist","SEBGA2400627","3pz7fuVOmmCfxTwkrVZ7jJ"
"Väntar på en solig dag","Thomas Stenström","Väntar på en solig dag","Swedish","Playlist","SEBGA2200145","0rNfJBoTQWZvTyJoKz8QAT"
"Mammalåten","Elin Wiigh","Mammalåten","Swedish","Playlist","SEBGA2302002","1CKWaymmbJAzsUYy60d2Bq"
"Ingen sorg utan kärlek","Kvarteret","Ingen sorg utan kärlek","Swedish","Playlist","SEBGA2304577","6Z1JPK51S9kPWM3K1NF0zI"
"Kanske var vi rätt bra ändå","Newkid","Kanske var vi rätt bra ändå","Swedish","Playlist","SEBGA2000289","1wgHPGGJVV9orCIT99cFMu"
"Allt det vackra","Adrian Echo","Allt det vackra","Swedish","Playlist","SEBGA2400510","42adgrMePhbIArtNtHwsfn"
"Laga det som rasat","Newkid","Vi","Swedish","Playlist","SEBGA2100895","7EKFuBDvG6kDl9oAQD9hb6"
"Kyssa dig nu","estraden","20-nånting","Swedish","Playlist","SEBGA2100613","6fdt7SYQD6MiyaJsIzvVk3"
"Stanna med dig","Jobe","Stanna med dig","Swedish","Playlist","SE3GO2501101","2yZb0yWy5BVoLEhNk7zMCb"
"Famlande fingrar","Oscar Zia","Heartbreakmiljonär","Swedish","Playlist","SEBGA2304178","3uTZit0eXqbd7DJASEY4S0"
"Ska vi gå hem till dig","Magnus Uggla","Uggla Box","Swedish","Playlist","SEVBS8701110","2KkInDv1fpS6yNDO7GUtI2"
"En säng av rosor","Newkid","KARANTÄN VIBBAR","Swedish","Playlist","SEBGA2000224","116bEFljiFEDt0zaHYcgWx"
"Lova ingenting","Melissa Horn","Så mycket bättre 2021 - Tolkningarna","Swedish","Playlist","SEBGA2100625","76Z5evC9cgngkdBexGYo1W"
"SOMMARREGN","INTI","KÄRLEKSMEMOARER","Swedish","Playlist","SEBGA2400505","2dC5l9ZYvxTgLXmq681TVF"
"Rör mig som du","HON","Rör mig som du","Swedish","Playlist","SEBGA2000204","0ty3EJyfaqf9a3RzPFKwXa"
"Lika barn leka bäst - Live at Baggpipe","Malin Christin","Lika barn leka bäst","Swedish","Playlist","SEBGA2100036","6WzNQyq9ja5IYxS35KCSPE"
"Svag","Newkid","KARANTÄN VIBBAR","Swedish","Playlist","SEBGA2000222","66K9hoI6zNkxpTx88jFIvW"
"Tiden flyger iväg","Jobe","Tiden flyger iväg","Swedish","Playlist","SE3GO2500401","7puwPEHDcnexyNTzQHjDzB"
"Ingen, bara du","VIOL","Ingen, bara du","Swedish","Playlist","SEXPJ2401201","0GxJrcTLGKYm7LLpMf3ifv"
"TROR ATT JAG DÖR FÖR DIG","INTI","TROR ATT JAG DÖR FÖR DIG","Swedish","Playlist","SEBGA2300119","6hbXN7s3hV0OFRpUKduryF"
"Allt för mig","Victor Leksell","Fånga mig när jag faller","Swedish","Playlist","SEBGA1900001","0XPHalNjrJcDJw9DUjrBhV"
"Bedövning","Victor Leksell","Fånga mig när jag faller","Swedish","Playlist","SEBGA2000503","4r3MaUVtwfSPXTsN5xX91i"
"100","Ana Diaz","Tröst och vatten","Swedish","Playlist","SEBGA1901376","1fx5GVC6CqeEJCEpYKmrce"
"Någon annan","NOVELLEN","Någon annan","Swedish","Playlist","SE3GO2408601","5LxS95vAyRk4Keriha4Gmw"
"Äru min nu","Myra Granberg","Bara hälften kvar","Swedish","Playlist","SEBGA1903121","4CLjN1syNOnqQwxTvmPrY6"
"Bara du och jag","Tove Styrke","Så mycket bättre 2020 - Tolkningarna","Swedish","Playlist","SEBGA2000850","5tcG3FB0zBKr6LAbw8rmF2"
"Molnljus","William Stridh","Molnljus","Swedish","Playlist","SEBGA1903392","19rZr2FYtbrkDVYuNkmsjw"
"Timme som minut","Oskar Häggström","Timme som minut","Swedish","Playlist","SEBGA2000185","5olmKzQvyxkjzcP98L9jt8"
"Mi Amor","Newkid","MOUNT JHUN","Swedish","Playlist","SEBGA1902726","0nXPs3kHYkrB0bgialN2ZO"
"Det är hon","Brolle","Ett hjärta som glöder, som en gång brann","Swedish","Playlist","SEVGT0800106","7MqpdZUmOYV9ZP0Lq3bjAy"
"Hand i hand","Magnus Uggla","Uggla Box","Swedish","Playlist","SEBGA0700269","49x5dwXyg9faxE5C3w4liZ"
"Större","Molly Sandén","Större","Swedish","Playlist","SE4T41800101","05kHxnnHprpntLT6mHT78m"
"Önskar du var här","Jobe","Önskar du var här","Swedish","Playlist","SE3GO1703801","2jdLaJXzn1ZdLL1nCDMeyJ"
"Katedral","GAMMAL","Katedral","Swedish","Playlist","SEBGA2000106","0lsm0hlOHc2CuaU9QLb65H"
"Du är allt","Sonja Aldén","Till dig","Swedish","Playlist","SEPEL0700721","1BdfSXTVEfUMF0PUMAlB3n"
"Utan dina andetag","Adrian Echo","Utan din andetag","Swedish","Playlist","SEBGA2400567","5hIZQAPzKkLhTcwLGnk9WX"
"Jag kan bara ge dig allt","Joel Alme","Flyktligan","Swedish","Playlist","SEWBD1503709","7wI9LZu7rCBmWKiqTdraYI"
"Kan man älska nån på avstånd","Albin Lee Meldau","Så mycket bättre 2018 - Tolkningarna","Swedish","Playlist","SEBGA1803431","7sBiLPlKybzaB9WZRk5xCf"
"Vackrare än dom","GAMMAL","Innan det tar slut","Swedish","Playlist","SEBGA1902684","3CLoClHDhy2jmnGXP8zctM"
"Inget som nu","estraden","Mellan hägg och syrén","Swedish","Playlist","SEBGA1902180","3dfFYjntx4owL4kmu5go5x"
"1:a gången","Magnus Uggla","Uggla Box","Swedish","Playlist","SEVBS9301100","644JEVc4bOH7JlfxYqNV9K"
"Vägen till dig","Erik Linder","Vägen till dig","Swedish","Playlist","SEXPC1700301","6Z1B2sDk2HCCvSuV79yPkc"
"Så länge vi har varann","Ratata","Kollektion","Swedish","Playlist","SEXCU1201030","1K6gkw0tFGyu1WCwurZ6RL"
"Du så fin","Jonathan Johansson","Love & Devotion","Swedish","Playlist","SEBGA1602917","7KghM69eNEQYseHOkmQ3NP"
"Kärlekens tunga","Eldkvarn","Kungarna från Broadway","Swedish","Playlist","SEAMA0500359","63YIL7ZnHCEaUfNGlDAew7"
"Av längtan till dig","Åsa Jinder","Folkmusik På Svenska","Swedish","Playlist","SEBIA0128010","16umabsUYAkuS1ZX8D1WcJ"
"Bara himlen ser på","Albin Lee Meldau","Så mycket bättre 2018 - Tolkningarna","Swedish","Playlist","SEBGA1803426","2DgtXt3hYhBCYTLx8XBy1d"
"Så länge vi andas - Akustisk","Jobe","Från hjärtat (Akustisk EP)","Swedish","Playlist","SE3GO2114101","0rRjR9A2B4Zlg5fyzJHzgW"
"Du är den ende","Lill Lindfors","Guldkorn","Swedish","Playlist","SEPQB7907150","3CFUxMvhpCqKIRNqFDY9gd"
"Till Hiva","Melissa Horn","Långa Nätter","Swedish","Playlist","SEBMC0800040","7hYFQr0Mpro3d7iPQk1CPH"
"Kärleken förde oss samman","Ulf Lundell","Utanför murarna","Swedish","Playlist","SEAMC8943130","3mRsPQRnm2zFKjf5JwdOle"