name,artist,totalMatches,foundWords,unplayableWords,matchedLines,track_id
Liebe zu dritt,Provinz,1,aus,"hoch, in","Und alle sehen gut aus, alle sind nackt | Such' ein'n Platz auf der Wiese aus | Ich hol' dich ab, ich führ' dich aus | Freier Himmel, zieh'n uns aus | Weil du siehst so gut im Bikini aus",1CeL9v59rZeFX63hYI4eAO
Ich will,Miksu  Macloud,1,in,,"Ich will in den Himmel, aber sterben will ich nicht, ja | Ich will in den Himmel, aber sterben will ich nicht, ja | Ich will in den Himmel, aber sterben will ich nicht, ja | Ich will in den Himmel, aber sterben will ich nicht, ja | Fühl' mich alleine, auch in 'nem Raum voller People, ja | Ja, verliebt in sie, ja, verliebt in Weed | Ich will in den Himmel, aber sterben will ich nicht, ja | Ich will in den Himmel, aber sterben will ich nicht, ja",16HZAn6XX5XIzKMqcZYoIY
Kippen  Schlechter Wein,Ritter Lean,1,in,"links, rechts","Sie ist verliebt in | Sie ist verliebt in Camel Blue und dieses Chardonnay | Aber ich glaub', das will sie nicht, weil sie ist nicht verliebt in mich | Sie ist verliebt in | Sie ist verliebt in die Kippen und den schlechten Wein | Sie fällt jedem in den Arm, doch warum fällt sie nie in mein'n? | Sag, warum fällst du nie in mein'n? | Sie ist verliebt in | Sie ist verliebt in die Kippen und den schlechten Wein",6WrxkzUIrCUfKXo6DxKibh
Anders,01099,2,"in, aus",hoch,"Picaldi-Jeans in Hellblau aus 2004 | Picaldi-Jeans in Hellblau aus 2004 | Picaldi-Jeans in Hellblau aus 2004 | Wir sind Streuner in Nikes und 90er-Jeans | Schaue in den Himmel und das Schwarz wird langsam bläulich | Picaldi-Jeans in Hellblau aus 2004 | Picaldi-Jeans in Hellblau aus 2004 | Picaldi-Jeans in Hellblau aus 2004 | Komm' mittags aus dem Club, doch bleibe einfach draußen | Geh' Mauerpark zum Flohmarkt und kauf' Kleidung aus 2000 | Picaldi-Jeans in Hellblau aus 2004 | Picaldi-Jeans in Hellblau aus 2004 | Doch sind aus Verseh'n weitergefahr'n | Picaldi-Jeans in Hellblau aus 2004 | Picaldi-Jeans in Hellblau aus 2004",5RKvst7SDOCTWGlLcF6kSE
Wolken am Abend,Carlo5,1,in,,"Was da drin in dei'm Joint? Knockout schon vom ersten Zug | Gut, dass du da bist, und Zutage in Ektase | Es ist süß in den Straßen, deine Welt ist 'ne Oase | Sommertage in Ekstase | Es ist süß in den Straßen, meine Welt ist 'ne Oase",16M87fBeuDhq4yJOTLN1fd
Blicke kreuzen,frytz,1,in,,"Wie viel liegt in einem Blick? Ja, ich weiß es auch nicht | Fließt in meinem Kopf so wie ein Fluss, ja, ich hab' dich auf Repeat | Ich brauch' hundert Leben, denn in einem könnt es klappen | Ja, das Aufzugslicht strahlt kalt in Neonfarben | Ich kann dich ein bisschen mehr erkenn'n in dein'n grün'n-braun'n Augen | Und alles ist wie in 'nem Traum, frag' mich, wann prall' ich auf? | Und alles ist wie in 'nem Traum, frag' mich, wann prall' ich auf?",09nmDKT60f0LMaNZMuwnhX
Nachts wach,Miksu  Macloud,1,in,aus,"Babe, ich bin verliebt in deine Art und in dein Ausseh'n | Ich schmeiß' alles weg, nur weil ich's selber in der Hand hab' | Ich schmeiß' alles weg, nur weil ich's selber in der Hand hab' | Sie sagt mir, sie liebt mich und den Schmerz in meiner Stimme | Ah, ich such' die Hölle in mei'm Himmel | Ich schmeiß' alles weg, nur weil ich's selber in der Hand hab' | Ich schmeiß' alles weg, nur weil ich's selber in der Hand hab' | Ich schmeiß' alles weg, nur weil ich's selber in der Hand hab'",3kgt8Ys78I6GBZlQrWqZiA
OHMEINGOTT,Ritter Lean,1,in,,"Ich hau' das ganze Geld von mei'm Label-Deal in mein'n Fit und zu viel Bier | Und komm'n wir in die Hölle, dann hab'n wir gelebt | Wenn ich in die Hölle komm', sag, wo kommt dann ein Nazi hin? | Aber sie kommt nicht in' Himmel, weil sie trägt ein'n kurzen Rock",7AKYrp5j7ZxOzbx7KV9iyR
BRING ME HOME,Rrotzer,1,in,aus,"I fall apart in hundert einzelne Teile | I fall apart in hundert einzelne Teile | Ich steck' fest in meinem Kopf, ich will rennen, ich will schrei'n | I fall apart in hundert einzelne Teile",5tTxzVAy7Z4tNcbO96GuBD
Tanzalarm,01099,1,in,,"Mit der Entourage in deine Bar | Ekstase (Ah), Sekt in der Mate | Mit der Entourage in deine Bar | Mit der Entourage in deine Bar | Mit der Entourage in deine Bar",1wtXpsjzyFyCh4mOtHbZTl
Crash Dummy,BHZ,1,in,aus,"Ja, sie schaut in mein Gesicht, sie sagt, sie sieht darin nichts | Ja, sie schaut in mein Gesicht, sie sagt, sie sieht darin nichts | Ja, lauf' mit Brüdern durch die Stadt, ich hab' Feelings in mein' Cup | Molly-Rock in meinen Socken, Party machen mit mein'n Atzen",0kEO3qtCCZN8S42RdL1fp2
allein mit dir,frytz,1,in,,"Und dann muss ich schon eher back in eine andere Stadt (Ja, fuck) | Und in den letzten fünf Minuten sag'n wir mehr als in den letzten fünf Jahr'n, ja | Random Menschen in den DMs drücken mir ihr'n Text",7a7yBlS1lis9vtdV3Nq8xS
Cider,01099,1,aus,in,"Sie ist so kalt, ich rutsche aus so wie auf Eis | Sie ist so kalt, ich rutsche aus so wie auf Eis | Sie ist so kalt, ich rutsche aus so wie auf Eis | Sie ist so kalt, ich rutsche aus, so wie auf Eis | Sie ist so kalt, ich rutsche aus so wie auf Eis | Sie ist so kalt, ich rutsche aus so wie auf Eis",3Dwpw7G06KapVKxZAwPzNR
Powerade,BHZ,1,in,aus,"Lauf' durch Hood mit einem Lächeln, kauf' 'ne Powerade in Blau | Chill'n den ganzen Tag im Park und kippe Bierchen in mein'n Bauch | Eine Molle in mei'm Magen und hab' Shawty in mein' Arm | Eine Molle in mei'm Magen und hab' Shawty in mein' Arm | Doch bis dahin geb' ich Vollgas in ei'm Benz durch Hood | Vintage YSL, Jacquemus und Samy in Margielas | Eine Molle in mei'm Magen und hab' Shawty in mein' Arm | Eine Molle in mei'm Magen und hab' Shawty in mein' Arm",20l2YWgtEXAAAEzoWs3gkE
Boys Do Cry,Kasi,1,in,,"Mein Zimmer fühlt sich klein an, ich schlaf' in fremden Betten | Mein Zimmer fühlt sich klein an, ich schlaf' in fremden Betten | Mein Zimmer fühlt sich klein an, ich schlaf' in fremden Betten | Mein Zimmer fühlt sich klein an, ich schlaf' in fremden Betten",1iICY8qXRZKHThDyFYJql1
Changes,Rowli,1,in,,"Fühl' mich besser in 'nem Stu, früher war ich immer leş | Fühl' mich besser in 'nem Stu, früher war ich immer leş | Bin am machen, doch bis heute noch kein Ende in Sicht | Fühl' mich besser in 'nem Stu, früher war ich immer leş | Fühl' mich besser in 'nem Stu, früher war ich immer leş",3FaWMH0C3VxY5fDknvr5zB
immer allein,Rrotzer,1,in,,Doch kommst in mein Zimmer nicht rein | Und bin ich allein' in jener Nacht | Dann spiel ich ein Song in dem ich frag' | Doch kommst in mein Zimmer nicht rein | Doch kommst in mein Zimmer nicht rein,4b6wihjhzAjo2TJXLDSM5z
25grad feat Kasi,01099,1,in,,"Drittes Biеrchen in mei'm Magen, dеshalb leicht verschwomm'ne Sicht | Fünfundzwanzig Grad, Sommerwind in meinen Haar'n | Ich schau' hier viel zu viel auf andre und zu tief in mein Glas | Fünfundzwanzig Grad, Sommerwind in meinen Haar'n",06UcT73c5iTJ0XJzWAS83U
Bags,Rowli,1,in,,"Shawty ist in love und ich geh' mit ihr auf Reise | Shawty ist in love und ich geh' mit ihr auf Reise | Shawty ist in love und ich geh' mit ihr auf Reise | Shawty ist in love und ich geh' mit ihr auf Reise | Ganz egal, was du auch machst, du brauchst kein'n Stress in deinem Leben, yeah | Bist du glücklich in dei'm Leben, bist du wirklich endlich reich, ey | Shawty ist in love und ich geh' mit ihr auf Reise | Shawty ist in love und ich geh' mit ihr auf Reise",6FfKS7iz7t2Vv3p2rqOoe9
Zungkuss,Ritter Lean,1,in,aus,"Einе Molle, gib ma' jedem eine in die Hand (Hand) | Eine Molle in die Hand, ey | Eine Molle, gib ma' jedem eine in die Hand (Hand) | Eine Molle in die Hand, ey | Eine Molle in die Hand",5E0TnhyZbOsygOe2xQUrCc
FÜHL NICHTS,moi,1,in,,"Fuck, in manchen Nächten wäre ich lieber (Tod) | Hundert Jahre sind in meinem Sparschwein | Ich geb deepe Zeil'n bis ich mir dann in den Schädel schieß', ey | Werf mein Geld in Faces bis es jeder sieht, ey | Alles was ich produziere klingt scheiße in mein' Ohr'n, ja ja | Chill mit einer Mille Cash ganz alleine in vier Wänden",4KNmhUzBPgrnSAl9rhuSXI
mietfrei,Ski Aggu,1,in,aus,"Bubu, du lebst mietfrei in mei'm Kopf | Bubu, du lebst mietfrei in mei'm Kopf | Du warst in mei'm Leben, doch dann hast du Polnischen gemacht (Çüş, tah, ah) | Schau' auf unsern Chat in mei'm Handy drin | Ich treff' dich nur in meinem Traum | Bubu, du lebst mietfrei in mei'm Kopf | Krieg' Rauch in meine Augen und die tränen dann (Och nö) | Du lebst mietfrei in mei'm Kopf, ah (Abow) | Du lebst mietfrei in mei'm Kopf | Bubu, du lebst mietfrei in mei'm Kopf | Bubu, du lebst mietfrei in mei'm Kopf",0fq2RzyyUoqELsONRF8ZzP
Liebe Grüsse,RAF Camora,1,in,"über, unter","Sie sagt in mein Ohr, sie will (Ah, ah) | Sie sagt in mein Ohr, sie will (Ah, ah) | Sie sagt in mein Ohr, sie will (Ah, ah) | (Don't hurt me, no more) Sie sagt in mein Ohr, sie will (Ah, ah)",4mVnqNiw2Kf5AHj9j0KD6u
Hubba Bubba,Ski Aggu,2,"in, aus",hinten,"Von Home in den Späti und ich suche mir was aus (Ja, ich) | Von Home in den Späti und ich suche mir was aus | Von Home in den Späti und ich suche mir was aus | Mein Kleidungsstil war schon ma' in den Nineties groß | Von Home in den Späti und ich suche mir was aus | Von Home in den Späti und ich suche mir was aus | Von Home in den Späti und ich suche mir was aus (Ja, ich) | Von Home in den Späti und ich suche mir was aus | Von Home in den Späti und ich suche mir was aus | Von Home in den Späti und ich suche mir was aus | Von Home in den Späti und ich suche mir was aus",1LhYl7a5VxCqpD1NgOhUJa
Einmal um die Welt,CRO,1,in,über,"Frühstück in Paris und danach joggen auf Hawaii | Und um das Ganze noch zu toppen, geh'n wir shoppen in L.A. (Wouh) | Mit meinem Babe in der Hand und 'nem Safe an der Wand | Sie will in Geld baden, und sie will Pelz tragen",7qiUjLVo6zLj8WmxPMqoXD
LiEBE AUF DER RÜCKBANK,FiNCH,1,in,,"Das hält vom ersten Schluck bis in die Ewigkeit | Das hält vom ersten Schluck bis in die Ewigkeit | Schau' in den Spiegel, diese Linie, Mann, wie schön du bist | Das hält vom ersten Schluck bis in die Ewigkeit | Das hält vom ersten Schluck bis in die Ewigkeit | Das hält vom ersten Schluck bis in die Ewigkeit",2FiJGvN3fiXMwms9IftNV0
Party Sahne,Ski Aggu,1,in,,"Ich hab' keine Flagge in der Hand, doch hab' 'ne Fahne | Doch dis kommt nicht in Frage, Disco, Disco, Party Sahne | Ich hab' keine Flagge in der Hand, doch hab' 'ne Fahne | Klitzekleine hellbraune Kristalle in der Mate | Bullen kommen in den Park und schicken uns vom Rasen | Doch dis kommt nicht in Frage, Disco, Disco, Party, Sahne | Doch dis kommt nicht in Frage, Disco, Disco, Party, Sahne",2hFOXN8Eq2gXIGGMIdHdWJ
Astronaut,Sido,1,oben,"unten, in, aus, unter","Es gibt kein Vor und kein Zurück mehr, nur noch unten und oben | Ich seh' die Welt von oben | Ich hab' Zeit und Raum verloren hier oben | Hier oben ist alles so friedlich, doch da unten geht's ab | Von hier oben macht es alles plötzlich gar nichts mehr aus | Es gibt kein Vor und kein Zurück mehr, nur noch unten und oben | Ich seh' die Welt von oben | Ich hab' Zeit und Raum verloren hier oben | Ich seh' die Welt von oben (Ah) | Ich hab' Zeit und Raum verloren hier oben",0pQr5WsobmdZHnuObT0sc2
Die Nacht von Freitag auf Montag,SDP,1,in,"hinten, aus","Wo war ich in der Nacht | Sag mir, wo war ich in der Nacht | Und ich schaue in den Spiegel, was ist eigentlich passiert? | Wo war ich in der Nacht | Sag mir, wo war ich in der Nacht | Wo war ich in der Nacht | Sag mir, wo war ich in der Nacht | Scheiße, Mann, ich krieg' nie mehr 'n Job in dieser Stadt | Wo war ich in der Nacht | Sag mir, wo war ich in der Nacht",27iLwU19SCH7tDeU64AieP
Vielleicht Vielleicht,MilleniumKid,1,in,,Bevor meine Welt in dir zerbricht | Bevor meine Welt in dir zerbricht | Und es stirbt ein Stück in mir | Bevor meine Welt in dir zerbricht,559mLg44MrcA7JzYGbpXfL
Ich fühl mich Disco,Christian Steiffen,1,in,aus,Da ist ein Gefühl so tief in mir | Sexy in the night | Sexy in the night | Und die Ladies in the House | Ich fass mir in den Schritt | Sexy in the night | Sexy in the night | Sexy in the night | Sexy in the night | Sexy in the night | Sexy in the night | Sexy in the night | Sexy in the night,2zUKhXh78KzEnC7NzigNjn
Zelten auf Kies,Tream,1,in,,"Keine Probleme in mei'm Kopf, nur das Meer im Ohr | Marlboro in Gold, seh'n die Sonne aufgeh'n | Wir hab'n in der Schule gepennt und wurden ausgefragt | Das allererste Mal, dass sie in meinem Arm liegt | Marlboro in Gold, seh'n die Sonne aufgeh'n | Marlboro in Gold, seh'n die Sonne aufgeh'n",3879mntZAUN5J9ejHjjvpr
Unendlichkeit,MilleniumKid,1,in,,"Leg dich in mein'n Arm, es ist so leicht | Ja, leg dich in mein'n Arm, es ist so leicht | Ja, leg dich in mein'n Arm, es ist so leicht | Ja, leg dich in mein'n Arm, es ist so leicht | Ja, leg dich in mein'n Arm, es ist so leicht | Ja, leg dich in mein'n Arm, es ist so leicht | Ja, leg dich in mein'n Arm, es ist so leicht",5oUaUa8t6ld88QUCyYFb2H
Für immer Frühling,SOFFIE,1,in,,"Von einem Land, in dem für immer Frühling ist | In das Land, in dem für immer Frühling ist | In dеm Land, in dem die Winter nicht so trübе sind | In dem Land, in dem die Sommer kühler sind | Von dem Land, in dem für immer Frühling ist | Von dem Land, in dem ich noch was fühl' | Von dem Land, in dem die Sommer grüner sind",3pn5z4CvMz95uEysWBUYCc
LEBENSLANG  HBz Remix,Tream,1,in,aus,"Bin in mei'm Dorf und ich bleib' | Skandal in der Reeperbahn, dafür gibt еs Lebenslang | Bin in mei'm Dorf und ich bleib' | Skandal in der Reeperbahn, dafür gibt es Lebenslang | I'm in for it so wie Tory Lanez | Bin in mei'm Dorf und ich bleib' | Skandal in der Reeperbahn | Bin in mei'm Dorf und ich bleib' | Skandal in der Reeperbahn, dafür gibt es Lebenslang | Skandal in der Reeperbahn, dafür gibt es Lebenslang",3VezyVVENyPQ5u2DIJsITb
KAPPIES IM SLIP,Ski Aggu,2,"in, aus",,"Ich komm' in den Club und werd' gefragt, ob ich was beihab' | I-i-ich versteck' die Kappies in mei'm Slip, ah | Er hat nichts in der Hand, wie wenn er wichst (Hahahaha) | I-i-ich versteck' die Kappies in mei'm Slip, ah | Er hat nichts in der Hand, wie wenn er wichst (Hahahaha) | Ich tanz' mich in Ekstase, ein Kek läuft auf mich zu (Och, nö) | I-i-ich versteck' die Kappies in mei'm Slip, ah | Er hat nichts in der Hand, wie wenn er wichst (Hahahaha) | Ich versteck' die Kappies in mei'm Slip, ah | Er hat nichts in der Hand, wie wenn er wichst (Hahahaha) | Ich seh' geil aus, Mäuse sind am geiern | Ich bin ein Berliner, Dicka, ich komm' nicht aus Bayern (Eh-eh) | Und trink' aufgefülltes Wasser aus 'ner Bierflasche (Aggu) | Ich nutz', nutz', nutz', nutz', nutze sie nur aus",3wn67weLm1Dl0ZYJg217SE
Danke Amor,Yung Yury,1,in,,"Die Gedanken kreisen durchgeh'nd in mei’m Kopf, ja, ja | Die Gedanken kreisen durchgeh'nd in mei'm Kopf, ja ja | Die Gedanken kreisen durchgeh'nd in mei'm Kopf, ja, ja | Die Gedanken kreisen durchgeh'nd in mei'm Kopf, ja ja",3Nd7wf1LtYPpKpO3PGENqo
Sehnsucht,Miksu  Macloud,1,in,,"Wir sind so in love, dass es wehtut | Wir sind so in love, dass es wehtut | Wir sind so in love, dass es wehtut, ah | Wir sind so in love, dass es wehtut | Wir sind so in love, dass es wehtut | So in love, dass es schmerzt, ja | Und treib' dich direkt in den Wahnsinn | Wir sind so in love, dass es wehtut | Wir sind so in love, dass es wehtut",7xaqxUl08zOg0YNUHokQpq
Treppenhaus,LEA,2,"oben, aus",unten,Ich halt' es nicht bis oben aus | Halt' es nicht bis oben aus | Ich halt' es nicht bis oben aus | Halt' es nicht bis oben aus | Ich halt' es nicht bis oben aus | Halt' es nicht bis oben aus | Ich halt' es nicht bis oben aus | Halt' es nicht bis oben aus | Hast mich aus deinem Leben geschossen | Ich halt' es nicht bis oben aus | Halt' es nicht bis oben aus | Hast mich aus deinem Leben geschossen | Ich halt' es nicht bis oben aus | Halt' es nicht bis oben aus | Hast mich aus deinem Leben geschossen | Ich halt' es nicht bis oben aus | Halt' es nicht bis oben aus | Ich halt' es nicht bis oben aus | Halt' es nicht bis oben aus,0psIeufUtT83Ot2dkLjQ0v
Hin und her,Yung Yury,2,"in, aus",,"Deshalb leb' ich jeden Tag, hab' nur dich in mei'm Kopf | Deshalb leb' ich jeden Tag, hab' nur dich in mei'm Kopf | Ja, ich bin nur einma' hier in dieser großen, weiten Welt | Ja, ich zieh' in den Krieg für dich, und wärst du ein Deck | Deshalb leb' ich jeden Tag, hab' nur dich in mei'm Kopf | Deshalb leb' ich jeden Tag, hab' nur dich in mei'm Kopf | Hab' nur dich in mei'm Kopf, Baby | Und kommt es hart auf hart, zieh' ich für dich sofort in den Krieg | Ja, ich zieh' in den Krieg für dich, und wärst du ein Deck | Deshalb leb' ich jeden Tag, hab' nur dich in mei'm Kopf, Baby | Deshalb leb' ich jeden Tag, hab' nur dich in mei'm Kopf | Nur dich in mei'm Kopf, ja | Jeden Tag, hab nur dich in mei'm Kopf, ja | Mama hat gesagt: „Mach was aus dieser Chance“ | Mama hat gesagt: „Mach was aus dieser Chance“ | Mama hat gesagt: „Mach was aus dieser Chance“ | Mama hat gesagt: „Mach was aus dieser Chance“ | Mama hat gesagt: „Mach was aus dieser Chance“ | Mama hat gesagt: „Mach was aus dieser Chance“",7MCS8omROXkciIVOzS9YcQ
Durstlöscher,01099,2,"in, über",aus,"Verlier' ich mich in mei'm Traum | Weil ich bin in mei'm Kopf ganz woanders | Guck' in die Welt wie ein Panda | Die Hügel klein, doch für mich wie in den Alpen | In ihr'm beigen Crop-Top und der Hose über den Schuh'n | In ihr'm beigen Crop-Top und der Hose über den Schuh'n | In ihr'm beigen Crop-Top und der Hose über den Schuh'n | In ihr'm beigen Crop-Top und der Hose über den Schuh'n | In ihr'm beigen Crop-Top und der Hose über den Schuh'n",2QAsTQ1tydZ6mhYH2FyzfG
DER LETZTE SONG ALLES WIRD GUT feat Fred Rabe,KUMMER,1,in,,"Kein'n Trost spenden in trostlosen Momenten | Jemand, der voll Hoffnung in die Zukunft blickt | Dein Leben liegt in Scherben und das Haus steht in Flamm'n | Holt dich Krebs straight back in die Realität | Geile Them'n für Songs in diesen Zeiten | Auch der letzte Track zieht einen noch runter in den Schmutz | Jemand, der voll Hoffnung in die Zukunft blickt | Dein Leben liegt in Scherben und das Haus steht in Flamm'n | Dein Leben liegt in Scherben und das Haus steht in Flamm'n",2FQRZLR31e3423Nmrgv0Pv
Chemie Chemie Ya,Kraftklub,1,in,"oben, aus","Ich hab' gehört, so machen das die Leute in Berlin | Die Platte voller Blei, egal, ab in die Bong | Ich knall mir alles rein, was mir in die Finger kommt | Die ganze Stadt trägt Sonnenbrille in der Nacht",3eb1Qq8uqSDoRKib8z7vf3
Dieser Sommer,Tream,1,in,unter,"I'm in love with my little life | Und in paar Jahr'n hat man die Ansicht | Heut vermissen wir die Zeit, in der alles begann | Denn in mei'm Herz ist für dich immer ein Platz",0Cnf2mlQavyPknr3OxzTAn
Mucho Gusto,viko63,1,in,aus,"Doch sie denkt, er war teuer, Bro, ich hab' sie in der Tasche | Der Schweiß fließt in Massen wie der Wein am Ausschank | Bro, sie hüpft auf und ab wie ein Flummi in der Stadt | Sie flüstert in mein Ohr, ob ich ein Gummi bei hab'",0zzJnnLm3NqyozbcP7qEUT
Aperol im Glas,LEA,1,in,nah,"Aperol im Glas, ich komm' in volle Fahrt | Und nicht mehr so zaghaft leb' ich in den Tag | Aperol im Glas, ich komm' in volle Fahrt | Und nicht mehr so zaghaft leb' ich in den Tag (Ey, ja) | Die Sonne warm in mei'm Gesicht | Aperol im Glas, ich komm' in volle Fahrt | Und nicht mehr so zaghaft leb' ich in den Tag",7CBXOpFYUCfRjtQ1wMLMYR
Das geht ab  Wir feiern die ganze Nacht,Die Atzen,1,in,"aus, über","Hebt die Hände in die Luft und macht die ganze Nacht Krach | Wenn die Bässe richtig pumpen, bis in jeden Hinterhof | Es wird gefeiert wie noch nie, schmeißt die Hände in die Luft, hey | Wir hab'n den Mob mitgebracht, wir toben mit in der Menge (Yeah)",0TvcLuXOCVXQZwspgXPOZb
Halligalli,01099,1,in,"hoch, über, unter","Ich bin 'ne Ratte, ich bleib' für immer in der Stadt drin | Nenn mich Britney Spears, denn ich lebe in 'nem Zirkus | Hab' kein Eis an meiner Kette, doch hab' Eis in meinem Cup | Wieder Gift in meinem Cup, weil ich nicht nein sag' (Ja) | Shots in meinem Kopf knall'n mich um wie ein Sniper | Und ich blitzel' in die Sonne, weil mein Kopf ist verträumt (Yeah) | Die Flamme vom Feuerzeug leuchtet hell in der Nacht (Ja) | Rauch in den Lung'n und Dopamin in meinem Kopf (In meinem Kopf)",167qodTKwnZUeRc1f6Nlke
VHS,01099,1,in,über,"Sterni kickt in mei'm Kopf, Rauch ist in mein'n Lung'n | Sterni kickt in mei'm Kopf, Rauch ist in mein'n Lung'n | Alles, alles wie in VHS | Ey, alles wie in VHS | Ey, alles, alles wie in VHS (VHS) | Ey, alles wie in VHS (VHS) | Sterni kickt in mei'm Kopf, Rauch ist in mein'n Lung'n | Alles, alles wie in VHS | Ey, alles wie in VHS | Ey, alles, alles wie in VHS (VHS) | Ey, alles wie in VHS (VHS)",2PE71wHgZG5Z6CLOxPDPe7
Flasche kreist,01099,1,aus,"vorne, in","Trink' aus der Flasche und sie wandert im Kreis | Trink' aus der Flasche und sie wandert im Kreis | Stolper' klatsche aus der Wohnung, ich bin Aggu | Trink' aus der Flasche und sie wandert im Kreis | Atme ein, atme aus, unsre Stadt ist wunderschön | Atme ein, atme aus, will noch nicht nach Hause geh'n (Ja) | Trink' aus der Flasche und sie wandert im Kreis",0N6OgNSefDTYZWqlzjVHrY
Wildberry Lillet,Nina Chuba,1,in,oben,"Will, wenn ich aufwach', in dein Gesicht seh'n | Private Jet in der Garage und Flamingos in mei'm Garten | Will, dass alle meine Freunde bei mir wohn'n in der Straße | Irgendwo in der Südsee, da, wo uns keiner findet | Private Spa auf vier Etagen, in Champagner-Becken baden | Will, dass alle meine Freunde bei mir wohn'n in der Straße",6yeZM8gyykjaf8w0GqRfK4
Dior 2001,RIN,1,in,,"Ich bin in mei'm Zimmer high, sie killt den Vibe (Ohh) | Ich bin in mei'm Zimmer high, sie killt den Vibe (Wouh, wouh) | Es ist Party in der ganzen Stadt (Stadt) | Lichter in der Stadt (Pop, lock and drop it), ja | Ich bin in mei'm Zimmer high, sie killt den Vibe (Wouh, wouh) | Lass bau'n (Lass bau'n), in mei'm Haus (Mei'm Haus) | Lichter in der Stadt (Pop, lock and drop it), ja | Ich bin in mei'm Zimmer high, sie killt den Vibe (Wouh, wouh)",6WusSsncC0Oo9sFHKwQii6
Verliebt,tlow,1,in,aus,"Sie ist in love mit einem Fiend | Designer die Kleidung, Thilo in Zeitung | Und dеswegen spiel' ich bald nur noch in Hall'n Shows | Ich will in noch in eine Uhr investier'n | ​tlowraps ist Platz eins in den Charts",2KWHdSfXAm0BGDdycGmZkJ
Meine Gang Bang Bang,CRO,1,in,aus,"Wirf die Hände in die Luft, tch-tch, bang, tch-tch, bang | Wirf die Hände in die Luft, tch-tch, bang, tch-tch, bang | Denn wir steh'n in deinem Club und machen boom, boom, boom, boom | Wirf die Hände in die Luft, tch-tch, bang, tch-tch, bang | Wirf die Hände in die Luft, tch-tch, bang, tch-tch, bang | Wirf die Hände in die Luft, tch-tch, bang, tch-tch, bang | Wirf die Hände in die Luft, tch-tch, bang, tch-tch, bang",4Q2Qr0N7zK8y6TaevsIrMU
Sie Liebt Techno,Romero,1,in,"links, rechts","Sagt dir deine Chick, sie hat sich in Romero verliebt | Jack ist, was ich in mei'm Cup drin hab' | Wir machen Rave in dei'm Schlafzimmer | Air Force 1 in mei'm Schuhschrank | Platz' in die Function, crash' meine Whip | Bitte geh in Zukunft bei dir selbst blow'n",3EngNejou3x0co3Ed68X7U
Bass,Dennis Dies Das,1,aus,"nah, in",Krieg' den Bass nicht mehr raus aus mei'm Kopf | Krieg' den Bass nicht mehr raus aus mei'm Kopf | Krieg' den Bass nicht mehr raus aus mei'm Kopf | Krieg' den Bass nicht mehr raus aus mei'm Kopf | Krieg' den Bass nicht mehr raus aus mei'm Kopf,5BiypsiapBLRQELkSFBby2
ATZENMODUS,BHZ,1,in,"oben, aus","Chille am Pool, Aperol Spritz in dеr Hand, ja, ich fühle mich gut (Okay) | Multi-Kulti auf'm Karneval mit Koks in Tasche (Multi-Kulti) | Am besten mit Pep in der Soße, ja, dat fänd ick spitze | Red Bull und Atzen riechen wie in 'nem Zoo drin | Fuck, ich gebe nix ab (No), fülle Wodka-Sprite in mein'n Cup (Ja)",7BfRyF3eUgZxXBmt01PBZY
Ich hass dich,Nina Chuba,1,in,,"Jede Nummer von Topmodel-Typen in dei'm Handy | Gestriegelt und faltenlos, gewonn'n in der Gen-Lotterie | Und egal, wo du auch sitzt, fällt dir alles in den Schoß | 'ne Fresse für die Vogue und 'n Haus in Saint-Tropez | Gestriegelt und faltenlos, gewonn'n in der Gen-Lotterie",2toCf2FDbTIdWriPI6kcsY
TikTok,Cenkgo,1,in,vorne,Meine Ex ist jetzt in love mit mir | Meine Ex ist jetzt in love mit mir | Meine Ex ist jetzt in love mit mir | Meine Ex ist jetzt in love mit mir,4HneymubY1mJuBCekxM1KO
Secco Maracuja,SIRA,1,in,,"Kippe Secco-Maracuja in mein'n Cup und heb' ab (Yeah, yeah) | Ich kipp' Secco-Maracuja, hab' alles in petto | Kippe Secco-Maracuja in mein'n Cup und heb' ab (Ah) | Kippe Secco-Maracuja in mein'n Cup und heb' ab (Yeah, yeah)",3iATVzRm0E8scMQ7aWoAmh
WILMERSDORFS KIND,Ski Aggu,1,in,"nah, aus","Ich tu' das für den kleinen Jungen in mir drin | Lecker Bierchen schön geleert in Schöneberg | Lieg' in Rio am Strand, schreib' die Worte von hier | Ich tu' das für den kleinen Jungen in mir drin | Ich tu' das für den kleinen Jungen in mir drin | Rein in den Magen | Bubu, du lebst mietfrei in mei'm Kopf | Ich tu' das für den kleinen Jungen in mir drin",5lpFR3IPDGFwndRvhe6Eoz
Haare trocknen,01099,1,über,hinten,"Ey, über dreißig Grad auch noch am Abend | Ey, über dreißig Grad auch noch am Abend | Ey, über dreißig Grad auch noch am Abend | Ey, über dreißig Grad auch noch am Abend | Ey, über dreißig Grad auch noch am Abend",3pumsMT8WGMx4ddvzKmAPf
Die Eine 2005,Die Firma,2,"in, über",aus,"Das Sample hat Coolio ebenfalls in seinem Track “C U When U Get There” verwendet.[Songtext zu „Die Eine 2005""] | Die Welt ist hart, aber du gibst mir Vertrauen in die Liebe (Yeah) | „Sie ist neu in der Stadt, sie ist leider schon vergeben“ | Unsre Liebe wurde prophezeit in den Hieroglyphen (Hah) | Für keine andre Frau ging ich lieber in den Bau | Für keine andre Frau ging ich lieber in den Bau | Liebe unterm Shower, wie auf Tour in Hotels | Für keine andre Frau ging ich lieber in den Bau | Für keine andre Frau ging ich lieber in den Bau | Wir war'n auf Kuba und in L. A., Miami Beach | Für keine andre Frau ging ich lieber in den Bau | Für keine andre Frau ging ich lieber in den Bau | Und keiner andern Frau trau' ich mehr über den Weg | Und keiner andern Frau trau' ich mehr über den Weg | Und Kleine, trotzdem, nichts geht über deine Art | Und keiner andern Frau trau' ich mehr über den Weg | Und keiner andern Frau trau' ich mehr über den Weg | Wenn ich über Liebe rapp', das hier hält ewig (Yeah) | Und keiner andern Frau trau' ich mehr über den Weg | Und keiner andern Frau trau' ich mehr über den Weg",3jd4ya9vCwExxTVOjPcqsf
Wien,Mayberg,1,in,,Ich war in Wien | Ich war in Wien | Ich war in Wien | Ich war in Wien | Ich war in Wien | Ich war in Wien,65caFJtNCC6xdSBUXZivw2
photosynthese,Dilla,1,in,über,„Nichts Gutes kann passier'n nach zwei Uhr in der Früh“ | Eingebettet in die Decken und ich starr' an meine Decke | Uns verlor'n in schönen Wegen | Linke Spur in Richtung Eden,7aaeOKbjLe1zah55isgqdC
Party Sahne aber schneller,Ski Aggu,1,in,,"Doch dis kommt nicht in Frage, Disco, Disco, Party Sahne | Doch dis kommt nicht in Frage, Disco, Disco, Party Sahne | Ich hab' keine Flagge in der Hand, doch hab' 'ne Fahne | Doch dis kommt nicht in Frage, Disco, Disco, Party Sahne | Doch dis kommt nicht in Frage, Disco, Disco, Party Sahne | Ich hab' keine Flagge in der Hand, doch hab' 'ne Fahne | Klitzekleine hellbraune Kristalle in der Mate | Bullen kommen in den Park und schicken uns vom Rasen | Doch dis kommt nicht in Frage, Disco, Disco, Party Sahne (Ah, ahh) | Doch dis kommt nicht in Frage, Disco, Disco, Party Sahne (Let's go)",72FMrJkNyj6GF4nx73cego
Weißwein  Pappbecher,Ski Aggu,1,in,über,"Viele meiner Drogen lager' ich in mei'm Schreibtisch | Seh' in HD, Augen Mikroskop | Geh' mit Bro in die Natur mit einem Kilo Obst | Geh' nicht mehr in die Uni, das ist mir zu mühsam | Mach' in' Weinbergpark noch ein'n Abstecher",3sFqd1tsrvuHE9ToJeif8L
Mittelmeer,Pashanim,1,in,,"Pashanim kündigte die Single gegen 12:00 Uhr am gleichen Tag in seiner Instagram-Story an. | Von Berlin-Kreuzberg nach Italien in nur einer Nacht | Lenk' den Wagen auf die Autobahn in Richtung deiner Stadt | So viel schon erlebt, viel Jahre spiel'n sich in mein' Kopf ab | Mach ein'n Stopp in einer Kleinstadt, treff' ein'n Jung'n und unterhalt' mich | Ich bieg' ab in deine Straße, bring' den Wagen dann zum Steh'n",6leQi7NakJQS1vHRtZsroe
Tour de Berlin,Ski Aggu,1,in,vorne,"Bin am raven in 'nem Fahrradfahrer-Trikot | Kristalle in mei'm Vino, bin gedopt, Tour de Berlin | Bin am raven in 'nem Fahrradfahrer-Trikot | Kristalle in mei'm Vino, bin gedopt, Tour de Berlin | Bin am raven in 'nem Fahrradfahrer-Trikot | Kristalle in mei'm Vino, bin gedopt, Tour de Berlin | Bin am raven in 'nem Fahrradfahrer-Trikot | Kristalle in mei'm Vino, bin gedopt, Tour de Berlin | Zu zehnt in deiner Küche, mixen Sekt mit Multivitamin | Bin am raven in 'nem Fahrradfahrer-Trikot | Kristalle in mei'm Vino, bin gedopt, Tour de Berlin | Bin am raven in 'nem Fahrradfahrer-Trikot | Kristalle in mei'm Vino, bin gedopt, Tour de Berlin",6bTtaSmqjMD6TggNfoR4N5
morgen,Mayberg,1,in,,Und dann nimmt sie dich in' Arm | Und dann nimmt sie dich in' Arm | Und dann nimmt sie dich in' Arm | Und dann nimmt sie dich in' Arm | Und dann nimmt sie dich in' Arm | Und dann nimmt sie dich in' Arm,1Ks5tlTGMwitXxDD05PSl3
Whatever  1,CRO,1,in,,"Since lilacs bloomed in Saint-Hippolyte | She always wears them in her hair | I can see her in the glowin' light | But I can see her in every detail now | Turning in my mind | I went in first, I rang the bell",2OqOrMmLZQxe9l1t7IQ00s
Zickzack,makko,1,in,aus,"Heut in aller Munde wie Tic Tacs | Ich bin verliebt in ein'n Zip-Bag | Lauf' vor Problems in Pradas und chill' in mein'n Dickies, yeah | Ja, ah, grüß' meine Fans in der City | Heut in aller Munde wie Tic Tacs | Ich bin verliebt in ein'n Zip-Bag",7mBDRYTfJC24sFknHOGJb0
Spiegelbild,Mayberg,1,in,über,"Ja, und du schaust täglich in dein Spiegelbild | Ohne Angst in eine Gruppe geh'n | Ich dräng' mich immer selber in die Enge, ich | Ja, und du schaust täglich in dein Spiegelbild | Ja, und du schaust täglich in dein Spiegelbild | Ja, und du schaust täglich in dein Spiegelbild | Ja, und du schaust täglich in dein Spiegelbild | Und du klatschst in die Hände, du | Ja, und du schaust täglich in dein Spiegelbild | Ja, und du schaust täglich in dein Spiegelbild",0rt8k3nUqVpM4lc5KRdkOf
Ein Song reicht,Kraftklub,1,in,,"Gelber Rauch in den Lung'n | Mit richtigem Beruf in einem bürgerlichen Leben | Ich muss aufnehmen gehen, ich muss raus in die Nacht | Zu zweit in der Kleinstadt einschreiben",4IBK0s9QPphO37DPcYhsAO
Großstadt,Provinz,1,in,,"Ich will nicht in die Großstadt | Nein, ich will nicht in die Großstadt | Ich will nicht in die Großstadt (Ja, ja) | Nein, ich will nicht in die Großstadt | Hier, nein, ich will nicht in die Großstadt",1DMqi5u54embkRDMgqBW4o
Wackelkontakt,Oimara,1,aus,"oben, in","Wär ich ein Möbelstück, dann wär ich eine Lampe aus den Siebzigern | I glüh gern vor, i geh gern aus, mir hauts die Sicherungen naus | Wär ich ein Möbelstück, dann wär ich eine Lampe aus den Siebzigern | Wär ich ein Möbelstück, dann wär ich eine Lampe aus den Siebzigern | I glüh gern vor, i geh gern aus, mir hauts die Sicherungеn naus | Wär ich ein Möbelstück, dann wär ich einе Lampe aus den Siebzigern | Wär ich ein Möbelstück, dann wär ich eine Lampe aus den Siebzigern | I glüh gern vor, i geh gern aus, mir hauts die Sicherungen naus | Wär ich ein Möbelstück, dann wär ich eine Lampe aus den Siebzigern | Wär ich ein Möbelstück, dann wär ich eine Lampe aus den Siebzigern | I glüh gern vor, i geh gern aus, mir hauts die Sicherungen naus | Wär ich ein Möbelstück, dann wär ich eine Lampe aus den Siebzigern | Und wenn i feiern geh, feier i mit Lampen aus die Sechzger Jahr | Die gliahn no länger vor, die gengan öfter aus",4x7j9ed3FRH6CHj27kiTQ3
Blaues Licht,Kraftklub,1,in,,"Trotz Staub und Zigarettenrauch in der Luft, ist da | Eng gedrängt in den Leuten | Zu zweit in Kabinen | Trotz Staub und Zigarettenrauch in der Luft",1LYb6PIZO8jcGztOWI6ymM
Rosaroter Tee,bac,1,in,,"Benehm' mich peinlich, wenn ich mit dir in 'nem Raum bin (Ba-da-da) | Und würd gern auf ein Date mit dir, doch nicht nur in 'ne Bar | Krieg' kein Wort hinaus wie in irgend so 'nem Film, auch wenn ich's will | Aber auf dieses Date mit dir will ich nicht in 'ne Bar",4UKQ8zZQ92nTdxQpz6VrPv
Augenblick,01099,2,"in, über",,"Und ich glaub', das liegt daran, weil du in meine Augen blickst | Ein paar Zeil'n in mein iPhone rein | Ich glaub', ich bin in love | Und ich glaub', das liegt daran, weil du in meine Augen blickst | Und ich glaub', das liegt daran, weil du in meine Augen blickst | Für zwei Paar Schuhe ist noch Platz in mei'm Flur | Wenn du in meine Richtung schaust | Und ich glaub', das liegt daran, weil du in meine Augen blickst | Und ich glaub', das liegt daran, weil du in meine Augen blickst | Und weil ich nicht penn'n kann, schreib' ich über dich ein'n (Über dich) | Und weil ich nicht penn'n kann, schreib' ich über dich ein'n Hit | Und weil ich nicht penn'n kann, schreib' ich über dich ein'n Hit (Über dich) (Ey) | Und weil ich nicht penn'n kann, schreib' ich über dich ein'n Hit | Und weil ich nicht penn'n kann, schreib' ich über dich ein'n Hit (Über dich)",3m0ROY5WALPwqdsaraxN6i
Ski Aggu Typebeat,Ski Aggu,1,in,"nah, aus","Mein Einstieg in die Szene | Schreib' in meiner Wohnung ein'n Prollsong | Bringe Heat wie'n Kamin, da in mir Feuer steckt | Rapper werden nur in Playlists gestreamt, ich kauf' keine Streams, brauch' keinerlei Spieltricks",6RqAIV8SprEo2B4Q4sGsN8
Eins Zwei Polizei  Radio Edit,MoDo,1,aus,in,Bronko ist ein Model und er sieht gut aus | Bronko ist ein Model und er sieht gut aus | Bronko ist ein Model und er sieht gut aus | Bronko ist ein Model und er sieht gut aus,3saFx0IbtFusUZZXQeGxc1
STREIT,makko,1,in,aus,"In mei'm Kopf Stress, in mei'm Kopf ist Geld, das Erste kommt durch das Zweite | Gucci-Parfüm, stepp' in den Raum und es riecht nach Vanilla | Ich glaub', in mir drin ist Streit | Gucci-Parfüm, stepp' in den Raum und es riecht nach Vanilla | Ich glaub', in mir drin ist Streit, ah | Ich glaub', in mir drin ist Streit, ah | Ich glaub', in mir drin ist | Ich glaub', in mir drin ist Streit | Ich glaub', in mir drin ist | Ich glaub', in mir drin ist | Ich glaub', in mir drin ist Streit",2uj2UZwhooohVKQREM7Wx8
Kunst und Musik,Joost,2,"in, aus",,"Einmal in der Woche Kunst und Musik | Zweimal in der Woche Geschichte und Deutsch | Dreimal in der Woche Kunst und Musik | Auf die Eins wie diе Beatles, bin in Deutschland wie ein Schnitzel | Einmal in der Woche Kunst und Musik | Zweimal in der Woche Geschichte und Deutsch | Dreimal in der Woche Kunst und Musik | Sta op nummer eins in Deutschland, dat is een heel ander land | Einmal in der Woche Kunst und Musik | Zweimal in der Woche Geschichte und Deutsch | Dreimal in der Woche Kunst und Musik | They just come to life in this onstage musical adventure | [Chorus: Hallo aus Berlin & Joost] | [Pre-Chorus: Hallo aus Berlin] | [Chorus: Hallo aus Berlin & Joost] | [Bridge: Hallo aus Berlin] | [Chorus: Hallo aus Berlin]",6pDVyh6jCAablXFc6yc2bJ
Unter den Masken,Buntspecht,1,in,"über, unter",Um dich in dieser Welt zu verlieben | Um dich in dieser Welt zu verlieben | Um dich in dieser Welt zu verlieben | Um dich in dieser Welt zu verlieben,4TO1feWbbSrPgsQcU7z4rF
Wir Sind Groß,Mark Forster,1,hoch,"nah, in","Wir fliegen weg, denn wir leben hoch | Wir fliegen weg, denn wir leben hoch | Wir fliegen weg, denn wir leben hoch | Wir fliegen weg, denn wir leben hoch | Wir fliegen weg, denn wir leben hoch | Wir fliegen weg, denn wir leben hoch",7AraSdlKIOoPCLRKkI3WjP
Willst du,Alligatoah,1,in,aus,Weshalb du in deiner Jugendphase wutgeladen bist | Ich hab's in einer Soap gesehen | Ich hab's in einer Soap gesehen | Du willst raus per klischeehafter Flucht in ein Landhaus,3g62kHCCbNwhEKYywx5Xwz
Oft gefragt,AnnenMayKantereit,1,in,,"Ich nehme keine Drogen, und in der Schule war ich auch | Bist mitten in der Nacht wegen mir aufgewacht | Ich hab' in letzter Zeit so oft daran gedacht | Wir war'n in Prag, Paris und Wien, in der Bretagne und Berlin | Aber nicht in Kopenhagen",6J07Aeq7fOW5Xx9mFtwyoH
Bye Bye,CRO,1,aus,in,"Schaut aus dem Fenster, lässt Gedanken freien Lauf | 'N paar Menschen steigen ein, and're wieder aus | Was soll ich nur sagen? Irgendwas knockt mich aus | Sie steht auf, steigt aus und sagt: | Was soll ich nur sagen? Irgendwas knockt mich aus | Und sie steht auf, steigt aus und sagt: | Was soll ich nur sagen? Irgendwas knockt mich aus | Und sie steht auf und steigt aus",6Sr3iRWoMsyqVfNDJJQmzk
Lass jetzt los  aus Die Eiskönigin  Völlig UnverfrorenDeutscher FilmSoundtrack,Willemijn Verkaik,1,in,aus,"Der Wind, er heult so wie der Sturm ganz tief in mir | Und die Ängste, die in mir war'n | Die Kraft in mir treibt mich voran | Sie fließt in meine Seele und in all die Schönheit hier",4pUXz6qdWZmFKeXWsoZDfW
Zusammen feat Clueso feat Clueso,Die Fantastischen Vier,1,hoch,"nah, in, über","Nehmt die Flossen hoch, und die Tassen auch | Nehmt die Flossen hoch, und die Tassen auch | Nehmt die Flossen hoch, und die Tassen auch | Nehmt die Flossen hoch, und die Tassen auch",0eV2yonbivxFUtGm8RrGd8
Einmal,Mark Forster,1,in,,"Wie als sich Laura in mein Zimmer hockte | Einmal, als wir die Füße in den Sand steckten | Und nur in mir drin kann ich ihn wiederhol'n | Und nur in mir drin kann ich ihn wiederhol'n | Und nur in mir drin kann ich ihn wiederhol'n | Und nur in mir drin kann ich ihn wiederhol'n",4MshU1BZjRZjXtoSpaOJlL
194 Länder,Mark Forster,1,in,aus,"Ich war in den Hills von L.A. | Ich schick' 'n Herz in Rot zu dir | Ich trank Wein in Florenz | Mann, ich war feiern in Krakau | Und bin fast daheim in Warschau | Sang mit Chör'n in Manhattan | Ich schick' 'n Herz in Rot zu dir | Mit dem Handy in der Hand",6rnJn3QbXeYUQpdFsr3kzm
Du und Ich,Clueso,1,über,"hinten, in, aus",Schon über ihn | Schon über ihn | Schon über sie | Schon über sie,0InIjC22JigGNL2pCOtqHx
Irgendwas bleibt,Silbermond,1,in,aus,"In einer Welt, in der nichts sicher scheint | Gib mir in dieser schnellen Zeit irgendwas, das bleibt | Und wieg mich einfach nur in Sicherheit | In einer Welt, in der nichts sicher scheint | Gib mir in dieser schnellen Zeit irgendwas, das bleibt | Und wieg mich einfach nur in Sicherheit",7dblY1Epg03mXh2bJ9F44Z
Hamma  Single Edit,Culcha Candela,1,in,aus,"Du bist hamma! Wie du dich bewegst in dei'm Outfit | Mit'm Sektglas in der Hand – wunderbar | Du bist hamma! Wie du dich bewegst in dei'm Outfit | Du bist hamma! Wie du dich bewegst in dei'm Outfit | Du bist hamma! Wie du dich bewegst in dei'm Outfit | Da geh'ma in die Voll'n, denn wir sind ja nicht aus Glas | Du bist hamma! Wie du dich bewegst in dei'm Outfit | Du bist hamma! Wie du dich bewegst in dei'm Outfit",0W0ooKnuOJHSqp8zZRje7I
Schönste Zeit,Bosse,1,in,,"Also ging'n wir in dein Bett | An dem Tag als Kurt Cobain starb, lagst du in mein'n Arm'n | An dem Tag als Kurt Cobain starb, lagst du in mein'n Arm'n | An dem Tag als Kurt Cobain starb, lagst du in mein'n Arm'n",5Qvkl0KUsDd4ChMDwbP14f
Wo du bist,Tommy Amper,1,in,,"Das Fleisch gar'n wir in der Glut (Das Fleisch gar'n wir in der Glut) | Hör gut auf ihn, doch bedenke: Die Stimme in dir will mehr | Das Fleisch gar'n wir in der Glut (Versorgt werden alle hier)",4cDtkRdvpAX6iNailxvxNZ
Die Reise,Max Giesinger,1,in,vorne,"Ein altes Foto in meiner Hand | Tim ist jetzt in Freiburg, Tobi in Berlin | Ein altes Foto in meiner Hand",29vchuApvo5GeOAeGdAbfz
2002,Sido,2,"in, aus",,"Ich komme vorbei, sitz' in mei'm SL 500 | Ich komme vorbei, sitz' in mei'm SL 500 | Mutter sagt: Nein, sie hat keinen Hunger, meine Pommes spiegeln sich in ihren wunderschönen nassen Augen | Der Wodka macht kabumm in meinem Kafa, deshalb seid ihr Pisser nicht auf meinem Radar | Deal'n ein'n Zehner, täglich zocken diese mit fettigen Haaren in Spielos danach | Ich komme vorbei, sitz' in mei'm SL 500 | Ich komme vorbei, sitz' in mei'm SL 500 | 2002, ich sitz' in der Bahn und fahre ohne Ticket vom MV bis nach Schöneberg ins Studio | Ich bin der Vater von diesem Rap-Ding, es fließt in meinem System | Und heute fahr' ich rum mit Apache, Bacardí-Rum in der Tasse | Ich komme vorbei, sitz' in mei'm SL 500 | Ich komme vorbei, sitz' in mei'm SL 500 | Ich komme vorbei, sitz' in mei'm SL 500 | Denk' an die alte Zeit, aus den Boxen Royal Bunker | Denk' an die alte Zeit, aus den Boxen Royal Bunker | Denk' an die alte Zeit, aus den Boxen Royal Bunker | Denk' an die alte Zeit, aus den Boxen Royal Bunker | Denk' an die alte Zeit, aus den Boxen Royal Bunker | Denk' an die alte Zeit, aus den Boxen Royal Bunker | Denk' an die alte Zeit, aus den Boxen Royal Bunker",2u8AXJyk8pICzj2wyPBL0b
Pyramiden,Sido,1,in,"nah, fern, aus","Wir ritzen Namen in Bäume, mal'n Initialen an Zäune | Und darum latschen wir gradewegs in die Arme des Teufels | Wir müssen in den sauren Apfel beißen, abreißen und neu machen | Wir stoßen an auf die Freiheit, doch haben Blut in den Tassen | Wir müssen in den sauren Apfel beißen, abreißen und neu machen",7BQPDR1Zze52cysgBnUC3X
Tausend Tattoos,Sido,1,in,"oben, unten","War schon in den Tropen, in den Anden und der Arktis | Darum schreib' ich's auf, mal in Schwarz, mal mit Farbe | Darum schreib' ich's auf, mal in Schwarz, mal mit Farbe",2PAYSgrVOBz8RJqp9B7QLu
Kreise,Johannes Oerding,3,"links, rechts, in",,"Dann gehst du links, dann geh' ich rechts | Dann gehst du links, dann geh' ich rechts | Dann gehst du links, dann geh' ich rechts | Dann gehst du links, dann geh' ich rechts | Dann gehst du links, dann geh' ich rechts | Dann gehst du links, dann geh' ich rechts | Dann gehst du links, dann geh' ich rechts | Dann gehst du links, dann geh' ich rechts | Dann gehst du links, dann geh' ich rechts | Dann gehst du links, dann geh' ich rechts | Dann gehst du links, dann geh' ich rechts | Dann gehst du links, dann geh' ich rechts | Dann gehst du links, dann geh' ich rechts | Dann gehst du links, dann geh' ich rechts | Wir pusten Ringe in die Luft, bis der Rauch verweht | Ey, wenn sich alles in Kreisen bewegt | Ey, wenn sich alles in Kreisen bewegt | Und der Mond löst die Sonne ab in jeder Nacht | Ey, wenn sich alles in Kreisen bewegt | Ey, wenn sich alles in Kreisen bewegt | Ey, wenn sich alles in Kreisen bewegt | Ey, wenn sich alles in Kreisen bewegt | Ey, wenn sich alles in Kreisen bewegt",3CIeSEA8R2KxY40JSqxL41
todas,CRO,2,"nah, in",hoch,"Nah nah nah nah nah, nah nah nah | Nah nah nah nah nah, nah nah nah | Hatt lange nicht so Bock, in mei'm Kopf 'ne bekloppte Vision | Und zieht den Rauch wie in Zeitlupe ein | Ich sink' in die Couch, oh, wie gut kann das sein? | Ey, was in diesen Wänden passiert",6oh6njZqTXlIkHDC2tjvWi
Bring mich nach Hause,Wir sind Helden,1,in,über,Ein Gift gegen den Schmerz in meinen Gliedern | Ich brauch' einen Schuss Feuer in meine Venen | Durch die Dunkelheit in Wind und in Regen,7H5CCmUsLBWX5w9RzBxOwO
Wann dann  Vip Mix,Culcha Candela,3,"hoch, in, aus",,Ale arme gehen hoch | Ein hoch auf die Gang | Alle arme gehen hoch | Alle arme gehen hoch | Alle Gläser in die Luft | Wir stehen nicht in der Schlange | Alle kommen feiern in unserm Berlin | Gläser in die Luft | Alle Gläser in die Luft | Gläser in die Luft | Alle Gläser in die Luft | Alle Gläser in die Luft | Dem Dancefloor aus yeah | Alle rasten aus vato loco | Wir lassen heute keine Party aus | Grade aus,7gwRGOKu83UzZOrkkiY7sV
Au Revoir feat Sido,Mark Forster,1,in,,I'm going in circles in my pond | I take a seat on the Mayans' throne in the jungle | I get off like the children in India do,736ZXpp3gYi2KtcKi3s5Af
Trostpreis,Alligatoah,1,in,"oben, aus","Fuhren in den Urlaub, lagen am Strand | Wach jede Nacht mit dir Engel in meinem Arm' | Ich fick' in dein Gesicht und du frisst meine Scheiße (Haha) | Frauen wie dich gibt's in tausend Städten",3OGlLa9RnR55xOoNOzTgDp
Millionen Farben,Gestört aber GeiL,2,"in, aus",,"Fühlst dich nicht in der Lage als hättest du's verlernt | Deine Welt in Millionen Farben | Deine Welt in Millionen Farben | Deine Welt in Millionen Farben | Wenn du tanzt, ist der Regen aus Gold, Regen aus Gold, yeah | Wenn du tanzt, ist der Regen aus Gold, Regen aus Gold, yeah",4udvXCBLxXUwbW0zs4afUk
Wenn jetzt für immer wär  Radio Mix,Fabian Wegerer,1,aus,,Sieht so der Himmel aus? | Sieht so der Himmel aus? | Sieht so der Himmel aus? | Sieht so der Himmel aus? | Sieht so der Himmel aus? Yeah,6JV3ifBzQUfJnW9TIULFA4
Chöre,Mark Forster,1,aus,in,"Immer siehst du schwarz und bremst dich damit aus | Ruf' dein'n Nam'n aus all'n Boxen, der beste Mensch bist du | Ich roll' den roten Teppich aus, durch die Stadt bis vor dein Haus | Komm mal raus aus deiner Deckung, ich seh' schon, wie es blitzt | Ruf' dein'n Nam'n aus all'n Boxen, der beste Mensch bist du | Ich roll' den roten Teppich aus, durch die Stadt bis vor dein Haus",4ZPXuHp219ujq6QJ9oqteR
Das Farbenspiel des Winds,Jennifer Rush,1,in,,"Kannst du singen, wie die Stimmen in den Bergen? | Komm, wälze dich in ihrer reichen Vielfalt | Kannst du singen, wie die Stimmen in den Bergen? | Wir müssen singen, wie die Stimmen in den Bergen",2puJtILbsv0tpVlPSlQvpQ
Keine Religion,Joy Denalane,1,nah,in,"Wir sind uns nah, wir kommen uns nah | Ich bin dir nah, du kommst mir nah",73dhOYc2f3b7qe0peythGD
Zuhause ist wir,MoTrip,1,aus,"oben, in","Es fühlt sich an, als wach' ich auf aus dem Winterschlaf | Schau die Metropole an, sie platzt aus allen Nähten | Wir wollen nicht aussehen wie jeder, wir wollen raus aus den Federn | Ich bete, dass wir uns niemals aus den Augen verlieren",1At8ZhX8FBlYVaBzomdfWd
Bis du wieder scheinst,Fabian Römer,1,in,hoch,"Ohne Land in Sicht allein auf hoher See | Das Gewitter in dir tobt und Wellen schlagen hoch | Stattdessen steig' ich in dein Boot, für ein kleines bisschen Trost | Wir stellen uns allen deinen Ängsten in den Weg | Wieder Land in Sicht, zu zweit auf hoher See",4VRahix5igeYmdMcUic6aK
Leiser,LEA,1,in,,"Beim letzten Tourtermin der Fahrtwind-Tour in Berlin wurde ihr die… Read More [Songtext zu „Leiser“] | Ich lieg' in deinem Arm und du redest wieder nur von dir | Du sprichst von Partys in New York, von Shootings in Paris | Mal ganz nebenbei schmeißt du den besten Rave in Wien, klar",1fTzkQQ4oH5TIN8HnSbjCa
Stehaufmädchen,EULE,1,über,in,"Der Himmel über der Stadt | Du stolperst über Steine, die du legst | Du stolperst über Steine, die du legst | Du stolperst über Steine, die du legst",4vhHstIu2nKkciMFBeoMCQ
Gott steh mir bei,Adel Tawil,1,aus,"in, unter",Berge aus Plastik treiben durch verstrahlte Meere | Und aus Regenwäldern wird verbrannte Erde | Die Welt vertrocknet unter einer Flut aus Menschen | Ab hier regiert nur noch ein Sturm aus Kommentaren,20axQNvGy7Ly5pRXgRJLdq
110 Prolog,LEA,1,oben,in,Und der Nachbar von oben wählt 110 | Und der Nachbar von oben wählt 110 | Und der Nachbar von oben wählt 110 | Und der Nachbar von oben wählt 110,6D9KQOouQLGlgvrVB4P3vZ
Keine Maschine,Tim Bendzko,1,aus,in,"Ich bin doch keine Maschine, ich bin ein Mensch aus Fleisch und Blut | Ich liege in Ketten aus unausgesprochenen Regeln | Ich bin doch keine Maschine, ich bin ein Mensch aus Fleisch und Blut | Ich bin doch keine Maschine, ich bin ein Mensch aus Fleisch und Blut",4dCGCvWz2YGBDBor9AKQU7
Tage wie diese,Rock Cafe,1,in,,"Jail's is tuned in niggas is in the house yo | But I'm in, I have all this chowder | Shakin, in the corners wasted | This is that Rikers lock in hop in the whip | In the day room right in front of the TV | This is 3D right in your face music | You'll catch us in Dubai, we passported",2kVPZtSSVQBN15i207LYaz
Flash Mich,Mark Forster,1,in,,Ich seh' uns zwei in alt und grau | Ich seh' uns zwei in alt und grau | Ich seh' uns zwei in alt und grau | Ich seh' uns zwei in alt und grau,2aGDxHavIuRArjI3NwfaVY
Lieder,Adel Tawil,1,in,aus,"Ich starb in deinen Armen, Bochum '84 | Tanz' mit Tränen in den Augen | Hielt ich ein Cover in der Hand | Darauf ein Mönch, der in Flammen stand | Tanz' mit Tränen in den Augen | Ich ließ die Sonne nie untergeh'n in meiner wundervoll'n Welt | Tanz' mit Tränen in den Augen | Tanzen mit Tränen in den Augen",1KXDbhj8PUnHnBbPHDZdBV
Wolke 4,Philipp Dittberner,1,unten,unter,"Lieber Wolke vier mit dir, als unten wieder ganz allein | Lieber Wolke vier mit dir, als unten wieder ganz allein | Lieber Wolke vier mit dir, als unten wieder ganz allein | Lieber Wolke vier mit dir, als unten wieder ganz allein | Lieber Wolke vier mit dir, als unten wieder ganz allein",0MsYSIag5JihnDLn2GkZh3
Stadtaffe,Peter Fox,1,in,aus,"Steh' in der Sonne und trommel' auf der Brust rum | Smog in den Lungen, bin drauf und grins' | Smog in den Lungen, bin drauf und grins' | Schreibt in die Nacht seinen Vor- und Zunam'n",1vb6REmvWiCWFkj7zHR8QE
Tage wie diese,Die Toten Hosen,1,in,"über, unter",Kein Ende ist in Sicht | Kein Ende in Sicht | Kein Ende in Sicht | Kein Ende in Sicht | Kein Ende ist in Sicht | Und kein Ende in Sicht | Kein Ende in Sicht,2lYsCjTvXIHOqT8xSbK2jq
Geboren um zu leben,Unheilig,1,in,nah,Sich niemals zu vergessen bis in alle Ewigkeit | Ohne Reue nach vorn in eine Zukunft zu schau'n | Sich niemals zu vergessen bis in alle Ewigkeit | Sich niemals zu vergessen bis in alle Ewigkeit | Sich niemals zu vergessen bis in alle Ewigkeit,1VU8t2MpJRLG5iFEIxqq7z
Der Himmel soll warten,Sido,1,oben,"hoch, in, aus","Ich ruf' es nach oben (Aha), der Himmel soll warten (Yeah) | Ich ruf' es nach oben (Aha), der Himmel soll warten (Yeah) | Ich ruf' es nach oben, der Himmel soll warten (Yeah) | Ich ruf' es nach oben, der Himmel soll warten (Aha)",08Fy07Z9yLoYaI6AUEnQiu
Augenbling,Seeed,1,in,"hoch, aus","“Augenbling” is the fourth track of Seeed’s fourth and self-titled album Seeed, which was released in September… Read More [Songtext zu „Augenbling""] | Lieg' flach, glotz' mich in mein Grab | Drück' dir mein Herz in die Hand (Ah-ah) | Alle in dei'm Kiez verfluchen mich | Steh' in dei'm Hof, sing' 'n schiefes Lied",4eT8TcG3KKlprFcYePA9gw
Millionen Lichter,Christina Stürmer,2,"in, über",,Als ob dort in der Ferne ein weiterer Stern wär' | Da sind Millionen Lichter in der Welt | Der in die Erdumlaufbahn fliegt und verglüht | Als ob dort in der Ferne noch mehr von dir wären | Da sind Millionen Lichter in der Welt | Da sind Millionen Lichter in der Welt | Doch da sind weit über tausend | Millionen Lichter über der Stadt | Millionen Lichter über der Stadt | Millionen Lichter über der Stadt,66og7eLYQaDJwjWbFB0IiJ
Irgendwie irgendwo irgendwann,Nena,1,aus,in,"Liebe wird aus Mut gemacht | Gib mir die Hand, ich bau' dir ein Schloss aus Sand | Erwacht aus einem Traum | Liebe wird aus Mut gemacht | Gib mir die Hand, ich bau' dir ein Schloss aus Sand | Gib mir die Hand, ich bau' dir ein Schloss aus Sand | Gib mir die Hand, ich bau' dir ein Schloss aus Sand",5i30V8zohIAzKiu617O3cL
Ne Leiche,SDP,1,in,"aus, unter","Scheiße, in mei'm Keller liegt 'ne Leiche | Oder ich bau' ein'n Wintergarten und gieß' sie in Beton | Ey, ich leg' sie in die Tiefkühltruhe, weil sie da keiner seh'n kann (Oh-oh-oh) | Scheiße, in mei'm Keller liegt 'ne Leiche | Oder schneid dir 'ne Scheibe von ihm ab in meiner Fleischerei | Nein, ich pack' sie einfach zu den anderen in meinem Keller (Yeah) | Scheiße, in mei'm Keller liegt 'ne Leiche | Ich schick' sie nach Afghanistan, ab in den Irak | Ich schick' sie in den Bundestag mit 'nem Paketzusteller | Denn jeder Politiker hat Leichen in sei'm Keller | Ich warte bis zum nächsten Amoklauf und deponier' sie in der Aula | Scheiße, in mei'm Keller liegt 'ne Leiche | Dann schleiche ich mich heimlich in sein Haus | Scheiße, in mei'm Keller liegt 'ne Leiche",2QQQzfLXQWZBYAEr550dFA
Ding,Seeed,1,in,aus,"Komm' in den Club und genieß' den Ausblick | Der, wie jeder sehen kann, in meinen Augen blitzt | Barkeeper, hau raus, was in deinen Fässern steckt | Those boobs in a naughty (Top)",5LH1z4ma2TN2aVeESXthj9
Wannsee,Die Toten Hosen,1,in,aus,"Will mein Herz in ihrem tiefblauen Swimmingpool versenken | Ich will nicht mehr in den Lärm, in die Hipsterviertel und verdreckten Straßen | Fahr' direkt von Tegel in die frische Luft, dein Duft hat dich verraten | So wunderschön, alles steht in Flammen",5KSzv6Ho2Xw1k61SpM3l5n
Schlechtes Vorbild,Sido,1,in,"oben, aus","Ich hab' 'ne Abneigung gegen Lehrer (Pff) und 'ne Sechs in Mathe (Eh) | Ich passe nicht in dein Konzept, egal, mir geht es prächtig (Oh) | Ich passe nicht in dein Konzept, egal, mir geht es prächtig (Oh) | Du musst einfach das Kind in dir rauslassen (Chyeah) | Ich passe nicht in dein Konzept, egal, mir geht es prächtig (Oh)",0LmfeuPjr6wdmh7jeXgKaI
Computerliebe Die Module spielen verrückt,Paso Doble,1,aus,,Schalt' mich ein und schalt' mich aus | Schalt' mich ein und schalt' mich aus | Schalt' mich ein und schalt' mich aus | Schalt' mich ein und schalt' mich aus,3CtuGidVS3Tt6vDG25rRdz
Augen auf,Sido,2,"in, aus",hinten,"Schminken wie 'ne Nutte und dann rein in das Nachtleben (Ah) | Deshalb fand man Justin nachts in der Babyklappe (Oh, Scheiße) | (Und) Du musst zuhör'n, in guten und in miesen Zeiten | Wie viel mehr kann die Jugend in Deutschland vertragen? (Wie viel?) | Treib mir meine Flausen aus | Treib mir meine Flausen aus | (Und) Du musst Probleme erkenn'n und sie aus der Welt schaffen | Treib mir meine Flausen aus | Treib mir meine Flausen aus",3nAJAotlLWvmSWHQ05D2ma
Du liebst mich nicht  1822 Radio Edit unzensiert,Sabrina Setlur,1,in,aus,"Als es aussieht in dem Moment in dem ich ab heb', bin ich gleich da | Einzeln noch erträglich in der gruppe 'n Mob | Bewerte mich nich' bevor du in meinen Schuhen gelaufen bist | Ich weiß ich muss mich wehren, bevor ich in den Rädern",0Wkf0VGQE2WRRu7LDd8quB
Party Mix II,Pur,1,in,,"Oh, they say that all is fair in love and war (Ready for war) | They say that all is fair in love and war (Ready for war) | With my rifle in my hand | But they say all is fair in love and war (Ready for war) | They say that all is fair in love and war (Ready for war) | Oh, they say that all is fair in love and war (Ready for war) | They say that all is fair in love and war (Ready for war)",7xC6pFPYHrjwkjmNzOR240
Cello feat Clueso  MTV Unplugged Radio AtmoVersion,Udo Lindenberg,1,in,aus,In jedem Saal in unserer Gegend | Ich saß immer in der ersten Reihe | In jedem Saal in unserer Gegend | Ich saß immer in der ersten Reihe | Egal auch in Chicago,67UtSTImmThuQAxv1iEgGF
Schöne neue Welt  Single Version,Culcha Candela,1,in,"links, rechts, über","Denn mit 'ner schönen Frau im Arm ist die Welt in Butter | Läuft der Adrenalinpegel über in der Blutbahn | In der Hand, in der Hand, in der Hand | In der Hand, in der Hand, in der Hand",7cnyVb2t7s1ZNQrwuPamkR
Diese Tage feat Dante Thomas,Kris,1,in,hoch,Die mich in letzter Zeit verfolgten | Playin' my music in the sun | Playin' my music in the sun | Playin' my music in the sun | Playin' my music in the sun | Playin' my music in the sun | Playin' my music in the sun | Playin' my music in the sun | Playin' my music in the sun,10FLRAFBUypdI3i2mxiUwr
Fühlt sich wie fliegen an,Max Herre,1,in,"aus, unter","Ich fall in dich hinein | Lass dich in meinen Himmel fallen | Ich fang dich in meinem Wolkenbett | Ich fall in dich hinein | Und sag mal was ist das, was du in deinem Blick hast? | Ich flieg in dich hinein, weil dich der Himmel geschickt hat | Du fällst während du in diese Augen blickst | Ich fall in dich hinein | Und ich fall in dich hinein | Ich fall in dich hinein",0gsXBDy0CT4bti4LmqVsT3
Ich kenne nichts das so schön ist wie du  RadioEdit,Xavier Naidoo,1,in,"oben, unten, links, rechts","Das dich vielleicht in den Zustand des Paradieses versetzt | Deinem Nachbarn zu helfen in der schlimmsten Zeit | Sei dazu bereit, in seiner schlimmsten Stunde | In 'ner Ellenbogengesellschaft, in der das Geld uns vergiftet | Ich will es nicht glauben, wie dass heute Züge in die Luft geh'n | Ich nenne sie in fast jedem Song und huldige ihr in Versen | Und wo ich herkomm', geh'n die Menschen ihren Weg in Quadraten | Doch in dir drin bleibt die Gewissheit, nix getan und sie schwächt | Meine Familie in mei'm Herzen, nutz das Gleiche für dich",1E3HbBRkIbgmgPYNQANDQQ
Meine Zeit,CRO,1,in,,"Ich spring in die Tight Jeans, White Tees, schlüpf in die Nikes | Spike Lees, bring' dich zurück in die Nineties (Hi Kids) | Also steckst sie in die Pipe und ziehs sie rein",19wRb5EH9l5LbqHLVIsGWi
Goldener Reiter,Joachim Witt,1,hoch,in,Ich war so hoch auf der Leiter | Ich war so hoch auf der Leiter | Ich war so hoch auf der Leiter | Ich war so hoch auf der Leiter,7sgbBeINoJ4TDUDIloK9li
Mambo,Herbert Grönemeyer,1,in,,Es dröhnt in meinen Ohren | Es dröhnt in meinen Ohr'n | Es dröhnt in meinen Ohren | Es dröhnt in meinen Ohren | Es dröhnt in meinen Ohr'n,09xzup1C7H52KnSw0367rz
Ich war noch niemals in New York,Udo Jürgens,1,aus,"in, über",Einmal verrückt sein und aus allen Zwängen flieh'n | Sich aus der Enge hier befrei'n | Einmal verrückt sein und aus allen Zwängen flieh'n | Einmal verrückt sein und aus allen Zwängen flieh'n,3IchfVcS6QwpKLFuRE1Qyd
Da Da Da ich lieb dich nicht du liebst mich nicht Aha Aha Aha  Lange Version,Trio,1,in,,"Quick in game, so I match the flow | D in the name is for dangerous | And you know we got some in house famous | Lil boi ima demon I don't even rott in hell | You got the lowest HP in the game | And your dragon in your cave? He stays in there for a reason",1vfoYJQQ9w6T66OgpbQuxn
Rosemarie,Hubert Kah,1,in,aus,Du wir gehen Hand in Hand | Du in mein Schlaraffenland | Du wir gehen Hand in Hand | Du in mein Schlaraffenland | Du wir gehen Hand in Hand | Du in mein Schlaraffenland | Du wir gehen Hand in Hand | Du in mein Schlaraffenland,4LYvl2jiB2EkCpZzTA8vxS
Tausendmal Du,Münchener Freiheit,1,in,,"Denn ich fühle und spür es in mir, so wie du | Kann ich tief in deinen Augen seh'n | Ich schau' in deine Augen | Und ich fühle die Sehnsucht in mir, so wie du | Und ich glaub' in dir zu vergeh'n | Und ich liebe das Fieber in mir, so wie du",2kdcfQSHbS6V6qSPVgbT7Z
Hurra hurra die Schule brennt,Extrabreit,1,aus,in,Tragen heute Nasenringe aus Phosphor | Die kleinen Mädchen aus der Vorstadt | Die kleinen Mädchen aus der Vorstadt | Tragen heute Nasenringe aus Phosphor,4LI4YCdKH2fLjyhtbtHXrY
Dschinghis Khan  2007 Version,Dschinghis Khan,1,in,über,"Sie trugen Angst und Schrecken in jedes Land | Und er leert den Krug in einem Zug | Und jedes Weib, das ihm gefiel, das nahm er sich in sein Zelt | Er zeugte sieben Kinder in einer Nacht | Und er leert den Krug in einem Zug",0ksebE6LrZocf2L5f4N1q7
54 74 90 2010,Sportfreunde Stiller,1,in,aus,Mit dem Herz in der Hand und der Leidenschaft im Bein | Und in der Hinterhand 'nen Masterplan | Mit dem Herz in der Hand und der Leidenschaft im Bein | Wir als Gast in Südafrika | Mit dem Herz in der Hand und der Leidenschaft im Bein | Mit dem Herz in der Hand und der Leidenschaft im Bein | Mit dem Herz in der Hand und der Leidenschaft im Bein,6ee1motyT1KuUMiz8dMqxj
Schickeria,Spider Murphy Gang,1,in,,"Ja in Schwabing gibt's a Kneipen | In d'Schickeria, in d'Schickeria | In d'Schickeria, in d'Schickeria | Und morn sitz ma in Stadelheim | Aber Hauptsach mir san in | In d'Schickeria, in d'Schickeria | Ja in Schwabing gibt's a Kneipen | In d'Schickeria, in d'Schickeria",1mOIOim4QHFVKavrJQ8G90
Freunde bleiben,Revolverheld,1,in,aus,Vielleicht in irgendein'm Café | Und dann schaust du mir in mein Gesicht | Und dann schaust du mir in mein Gesicht | Und wenn ich in mein Badezimmer geh',4bzmkrtJDog1RpvWAibK2n
König von Deutschland feat Valezka,Eko Fresh,1,in,"hoch, aus","Er ist in Zukunft König von Deutschland | Er ist in Zukunft König von Deutschland | Er hat mich nicht in seinem Buch gelobt, ohne zu fragen | Er ist in Zukunft König von Deutschland | Er ist in Zukunft König von Deutschland | Du hast kein Bock, schreib in einem Fax zu Schröder | Er ist in Zukunft König von Deutschland | Er ist in Zukunft König von Deutschland",5uogCQ2hRZn0an66mgc2CJ
Helden 2008,Revolverheld,1,in,fern,"Nanana, nananana - wir gehen zusammen in die Geschichte ein | Nanana, nananana - wir gehen zusammen in die Geschichte ein | „Ah, ist das herrlich da dabei zu sein. Da laufen sie jetzt hinaus in die Kurve zu ihrem Feld. Ein Traum ist Wirklichkeit geworden, das ist die pure Freude, ein Meer der Begeisterung. Deutschland ist Europameister!“ | Nanana, nananana - wir gehen zusammen in die Geschichte ein | Nanana, nananana - wir gehen zusammen in die Geschichte ein",4iyshfXSQnB0yhQr4Uoyqp
Mein Block,Sido,2,"in, aus","hoch, unter","Du in deinem Einfamilienhaus lachst mich aus (Hihi) | Dann geht er hoch in den Siebten zum Ticker | Wenn ich ficken will, fahr' ich runter in den Dritten (Yeah) | Ich häng' im Sechsten rum, in meinem Stock | Mit mein'n übergeilen Nachbarn (Yeah) in mein' Block | Du in deinem Einfamilienhaus lachst mich aus (Hihi) | Der Fetischist aus dem Fünften kauft sie gerne | Er sagt: „Rosetten seh'n aus wie kleine Sterne“ (Yeah) | Obwohl die von dem Schwul'n aus dem Elften immer aussieht | Wie die Sektenfans aus dem Neunten, die immer drauf sind",4T1tVhQahmAOvTF65lKq4o
Dieses Leben,Juli,1,in,aus,"Ich liebe den Moment, in dem man fällt | Ich liebe den Moment, in dem man fällt | Ich liebe den Moment, in dem man fällt | Ich liebe den Moment, in dem man fällt | Ich liebe den Moment, in dem man fällt | Ich liebe den Moment, in dem man fällt",138of8Or62lWDzlT6C5i7I
Endgegner  Live,Bushido,1,in,,"Du bist in Tempelhof, hier gibt es kein Tempolimit | Sag mir, Spast, wann bist du je in meiner Gegend gewesen? Oh | Ich box' dich in die Dreißiger, du bist mir scheißegal | Bei Nacht ficke ich jetzt dich in deiner Kackstadt",2JncPeCHHVtIQIZOUJWhYO
Gekommen um zu bleiben,Wir sind Helden,1,in,hoch,"Wir geh'n nicht, aber wenn wir geh'n, dann geh'n wir in Scheiben | Ist dieser Fleck erst in der Hose, ist er nicht mehr rauszureiben | Ist dieser Fleck erst in der Hose, ist er nicht mehr rauszureiben | Wir geh'n nicht, aber wenn wir geh'n, dann geh'n wir in Scheiben | Ist dieser Fleck erst in der Hose, ist er nicht mehr rauszureiben | Ist dieser Fleck erst in der Hose, ist er nicht mehr rauszureiben | Ist dieser Fleck erst in der Hose, ist er nicht mehr rauszureiben",0UdNzmV16GbFEDohWcEaDC
Das Geht Ab  Rock Version,Die Atzen,1,in,"aus, über",Hebt die Hände in die Luft und macht die ganze Nacht Krach | Wenn die Bässe richtig pumpen bis in jeden Hinterhof | Schmeiß die Hände in die Luft | Wir toben mit in der Menge,2fgttvvrcwpXlunL7xdGMO
Mit dir chilln,Revolverheld,1,in,aus,"Vor Stress und Hektik, die täglich in mir wohnten | Komm, wir wandern aus und zieh'n in dieses Lied | Tausend Mal cooler als in den Alltagstrott eingereiht | Komm, wir wandern aus und zieh'n in dieses Lied",7bjM0YAWS0goSo8pSokkvA
Stark,Ich  Ich,1,oben,in,Aber ich steh' nur hier oben und sing' mein Lied | Aber ich steh' nur hier oben und sing' mein Lied | Ich steh' nur hier oben und sing' mein Lied | Aber ich steh' nur hier oben und sing' mein Lied | Ich steh' nur hier oben und sing' mein Lied,2Hrf8BSoIjBoVKLDK9QHmx
Staatsfeind Nr 1,Bushido,1,in,aus,"Denke nicht nach, warum ich mich in die Scheiße reit' | Auf einmal stecke ich hier in einer blauen Uniform | Mein Zellennachbar wurde gestern in den Arsch gefickt | Guck, ich sitze jetzt in Zelle hundertneununddreißig | Die deutsche Welle findet leider keinen Weg in den Knast",1LyZK5iVxo78Urd8xpcqcm
Schwule Mädchen,Fettes Brot,1,in,,Schwule Mädchen – in deiner Stadt | Schwule Mädchen – in deiner Stadt | Schwule Mädchen – in deiner Stadt | Schwule Mädchen – in deiner Stadt,3dKPA3BeuIF5yvv2xUVh0z
Tanz der Moleküle  Single Version,Mia,1,in,aus,"Auch in Buxtehude, egal an welchem Standort | Warum sind in diesem Land alle so verwirrt? | Hab ich das erlebt, oder war das in 'nem Film? | Ich bin nackt in der Disco, fühle mich wie Christus",1mp5PVgUpnHflPu9URvsCk
Sonne,Rammstein,1,aus,,"Eins, zwei, drei, vier, fünf, sechs, sieben, acht, neun, aus! | Die Sonne scheint mir aus den Augen | Die Sonne scheint mir aus den Händen | Wenn sie aus den Fäusten bricht | Die Sonne scheint mir aus den Händen | Wenn sie aus den Fäusten bricht",3gVhsZtseYtY1fMuyYq06F
Bevor du gehst,Xavier Naidoo,1,in,,"Sieh mir noch einmal in die Augen, Baby | Sieh mir noch einmal in die Augen, Baby | Sieh mir noch einmal in die Augen, Baby | Sieh mir noch einmal in die Augen, Baby | Sieh mir noch einmal in die Augen, Baby | Sehr wenig Leben in dir sein | Sie sie dir an, denn jetzt fliehen sie in Scharen | Sieh mir noch einmal in die Augen, Baby | Sieh mir noch einmal in die Augen, Baby | Sieh mir noch einmal in die Augen, Baby",0GzQhzOvWYxQwrYq4Yn6I7
Mama ist stolz,Sido,1,in,unter,"Wenn’s ein Grund gab, gab’s auch mal in die Fresse | Du warst immer für mich da, wieg' das auf in Geld | You're the best thing that happened in my life | You're the best thing that happened in my life | You're the best thing that happened in my life",1cdJI7KavbADJ2NRDZ5d7t
Gheddo Reloaded,Eko Fresh,1,in,"unten, aus","Mann, ich kam in diese Branche als ein kleines Kind | Das Gheddo bleibt in mir drin | Das Gheddo bleibt in mir drin | Denn ich hab' das Gheddo in mei'm Herzen drin, yeah | Das Gheddo bleibt in mir drin",2QMrfgN36isdsUza2tUSOE
Gheddo feat Bushido,Eko Fresh,2,"hoch, in",aus,"Hebt jetzt alle Hände hoch | Außer, wenn es heißt: „Hände hoch, die Polizei“ | Hebt jetzt alle Hände hoch | Hebt jetzt alle Hände hoch | Köln-Kalk, Hartz IV, komm in meine Hood rein | Ey-yo, der GD-Präsident ist wieder in der Branx | Denn ich bin es gewohnt, in der Scheiße zu stecken | Komm doch mal in meine Hood | Viele meiner Freunde sind schon in den Knast gewandert | Es ist Showtime, ich komm' in den Boxring | Ich weiß, dass Peter Hartz nie in meiner Gegend war | Es ist sechs nach zehn, ich steig' in den 7er | Komm doch mal in meine Hood | Auch in der Grembranx bin ich Staatsfeind Nummer eins | Komm doch mal in meine Hood",6cuRgeAOdWbCpqcq29UlLo
Zeig mir dein Gesicht  Radio Edit,BERGER,1,in,,Schau ganz tief in dich rein | Bleib in der Haut die dir am besten sitzt | Die ganz tief in der sitzt | Bleib in der Haut die dir am besten sitzt | Bleib in der Haut die dir am besten sitzt,4tfjUw1WT5IeVHSULoX610
Weck mich auf,Samy Deluxe,2,"in, aus",unter,"Wir leben in 'nem Land, in dem mehr Schranken stehen als es Wege gibt | Weil ich nicht feiern kann, solange ich in Babylon leb' | Kids mit 13 Jahren zieh'n sich schon dies's weiße Zeug in die Nase | In diesem Land, in dem mehr Schranken stehen als es Wege gibt | Weck mich bitte auf aus diesem Albtraum | Weck mich bitte auf aus diesem Albtraum | Weck mich bitte auf aus diesem Albtraum | Weck mich bitte auf aus diesem Albtraum | Weck mich bitte auf aus diesem Albtraum | Weck mich bitte auf aus diesem Albtraum",47VRtROAdociHgtuVZNoBL
Liebesbrief,Thomas D,1,in,"unten, fern, über, unter",Rett ich die welt mit deiner liebe in mir | Wurde ich erweckt und was tief in mir schlief | Rett ich die welt mit deiner liebe in mir | Wurde ich erweckt und was tief in mir schlief | Rett ich die welt mit deiner liebe in mir | Wurde ich erweckt und was tief in mir schlief | Wir können in des anderen augen uns selbst sehen | Rett ich die welt mit deiner liebe in mir | Wurde ich erweckt und was tief in mir schlief,5YXI1M3ZpgxgXwpMvfHAMN
Irgendwie irgendwo irgendwann  Live,Jan Delay,1,aus,in,Liebe wird aus Mut gemacht | Ich bau dir ein Schloss aus Sand | Erwacht er aus einem Traum | Liebe wird aus Mut gemacht | Ich bau dir ein Schloss aus Sand | Liebe wird aus Mut gemacht | Ich bau dir ein Schloss aus Sand,0Iq9uA5F1zaae9Xz5F5tph
Glaub an mich  Single Version,Yvonne Catterfeld,1,in,über,"Nur in den Gedanken nehme ich dich mit | Trag mein Bild in dir, solange es geht | Trag mein Bild in dir, solange es geht | Trag mein Bild in dir, solange es geht",5J1rEEWWQGIO1YqVk2CORT
Mein Stern  Remix 2010 by DJ Size  RocFam,Ayman,1,in,,"Want dan stort je hele droomwereld in | Maar, hoe wil je het, hoe wil je het in godsnaam anders dan? | Ben ik te min omdat je pa in een grotere kar rijdt dan de mijne? | Ben ik te min omdat je pa in een grotere kar rijdt dan de mijne? | Want dat is het in feite niet waar het om gaat | Maar zo duw je je hoofd in een strop | Ben ik te min omdat je pa in een grotere kar rijdt dan de mijne?",70X32MXO4yx7ynpzRM9Fuc
54 74 90 2006,Sportfreunde Stiller,1,in,aus,Mit dem Herz in der Hand und der Leidenschaft im Bein | Und in der Hinterhand 'nen Masterplan | Mit dem Herz in der Hand und der Leidenschaft im Bein | Doch der Cup bleibt in unserem Land | Mit dem Herz in der Hand und der Leidenschaft im Bein | Mit dem Herz in der Hand und der Leidenschaft im Bein,08eEhePCIyQy4S1HO9pT66
Danke,Xavier Naidoo,1,in,"unten, hoch","Denn ihr habt Großes geleistet in diesen Tagen | Und war in kürzester Zeit vom Kampf beseelt | Und auch seinen Namen werden wir in Zukunft sing'n | Und tu, was ein Mann in unserer Abwehr tut | Der Jens, der stoppt sie und weist sie in die Schranken | Wegen dir kamen meine Songs in der Kabine vor",0ZMuHuTCvXCLsUzwQUESKm
Prison Break Anthem Ich Glaub An Dich  Single Version,AZAD,1,in,,Hard for me to say what's in my head | Go stop peakin' in your room | I see your face in my dreams | I see your face in my dreams,0SsQNbkgmhYjR6zS5dOGEF
Amerika,Rammstein,1,in,aus,(We're all living in Amerika) | (We're all living in Amerika) | We're all living in Amerika | We're all living in Amerika | (We're all living in Amerika) | We're all living in Amerika | We're all living in Amerika | We're all living in Amerika | We're all living in Amerika | We're all living in Amerika | We're all living in Amerika | We're all living in Amerika | We're all living in Amerika | We're all living in Amerika | We're all living in Amerika,1a8JpAL3vbAdXYrEABvOtb
NDW 2005,Fler,1,in,,"Ich passe nicht in das Bild (Yeah) deiner kack Studenten (Ha) | Leute rennen in den Shop (Yeah), hol'n die Neue Deutsche Welle | Schwarz, weiß, egal, jeder ist hier aggro in Berlin | Mit der Basey in der Hand (Chyeah), so crazy ist der Mann (Yeah) | Ihr habt es nicht geschafft, doch ich halt' jetzt das Game in meiner Hand (Wouh) | 2005 ist das Jahr, in dem was Neues passiert (Ey) | Und ich komm' locker in die Top Ten, auf einmal Eins",4fYvHF3HOWzEXX7cgIf6ui
Kein Zurück,Wolfsheim,1,vorwärts,rückwärts,"Immer vorwärts, Schritt um Schritt | Immer vorwärts, Schritt um Schritt | Immer vorwärts, Schritt um Schritt | (Immer vorwärts, Schritt um Schritt)",5NGsvd9Wf6fzu3Dux4DQAu
Ein Lied,Mark Forster,1,aus,"hoch, in","Sind aus Wasser und Chemie, brauchen Luft und Fantasie | Ein paar schiefe Töne aus dei'm Mund könn'n tiefe Wunden heil'n | Sind aus Wasser und Chemie, brauchen Luft und Fantasie | Sind aus Wasser und Chemie, brauchen Luft und Fantasie",2nrsfJSYFVmBXe9hc3q3lM
Wach,RIN,1,in,über,"Ich nehme mir die Zeit, die uns bleibt, denn vielleicht ist morgen schon zu spät, ich geh' all in, all in (All in, all in, all) | Denn du hältst mich down, egal, ob in 'nem Maybach oder Toyota (Skrrt, skrrt)",1v560KmmtY34B8GmMHg1Hv
Wenn das Liebe ist,Nina Chuba,1,in,aus,"Yeah, yeah, ich schrei' in die Nacht | Tanz' allein und schrei' es raus in die Nacht | Yeah, yeah, ich schrei' in die Nacht | Tanz' allein und schrei' es raus in die Nacht",1E7xmNFzqkkh1DMwBomBg3
Unter Druck,Freude,1,in,unter,"Vertrau ihr, wenn sie dich in die Arme nimmt | Lass los und lass dich fall'n in der Tiefe wächst Perlmutt | Irgendwo in den Korall'n, Diamanten unter Druck | Irgendwo in den Korall'n, Diamanten unter Druck",4alfs94DVkskIC9z6OjLuS
Fremd auf der Party,Florian Künstler,1,aus,"in, über","Halt's hier nur aus, wenn du mich ansiehst | Halt's hier nur aus, wenn du mich ansiehst | Halt's hier nur aus, wenn du mich ansiehst | Halt's hier nur aus, wenn du mich ansiehst",14nS9cqReJSA4ffb1Hhlek
Warschau,Chapo102,1,in,,Irgendwas in mir will heute nicht nach Hause geh'n | Was mach' ich in Friedrichshain? Ich muss nach CHB | Wer bringt mich jetzt noch in' Westen? Sitz' hier um Viertel vor vier | Irgendwas in mir will heute nicht nach Hause geh'n | Was mach' ich in Friedrichshain? Ich muss nach CHB | Wie komm' ich jetzt noch in' Osten? Ich würd mich gern teleportier'n (Hehe) | Doch die Nacht ist noch so jung und das Kind ist schon in' Brunn'n gefall'n | Irgendwas in mir will heute nicht nach Hause geh'n | Was mach' ich in Friedrichshain? Ich muss nach CHB,3fX9heYJkpJwVqAI2oXUWn
Weil ich dir begegnet bin,Florian Künstler,1,in,unter,"Hätt dich vielleicht nie getroffen, zwischen all den Lichtern in der Stadt | Wenn du hier in mein'n Armen liegst | Hab' so oft in meinem Leben, den festen Halt verlor'n | Wenn du hier in mein'n Armen liegst",1TSVwkU1NlaVRIC5N8lSfW
Sterne klauen oder so,PLUS,1,in,,Fünf Gramm in der verwaschenen Jeans | Limp Bizkit gehört in der S-Bahn | Fünf Gramm in der verwaschenen Jeans | Fünf Gramm in der verwaschenen Jeans | Fünf Gramm in der verwaschenen Jeans | Fünf Gramm in der verwaschenen Jeans,19qTkODQIbCobwf2S08g92
Mit Dir,Sean Ok,1,in,,"Wir machen den drive in, zu nem Candellight | Verlieb mich in die Worte „babe i love you“ | Für dich bring ich das Auto auch in Ordnung | Mein Licht in der Nacht",6TyQQqKQpaBCXPkhM7QmGq
Boomboompow,Mathea,1,aus,,Krieg' dich aus mei'm Kopf nicht raus | Krieg' dich aus mei'm Kopf nicht raus | Krieg' dich aus mei'm Kopf nicht raus | Krieg' dich aus mei'm Kopf nicht raus | Krieg' dich aus mei'm Kopf nicht raus | Krieg' dich aus mei'm Kopf nicht raus,4hsteXGiwcwhsTkTlxiPzD
Party nur für mich,VICKY,1,in,,"Sitz' in 'ner Kneipe | Und wenn ich ehrlich bin ganz genauso tief in der Scheiße | Fünfzehn Striche auf dem Deckel und 'ne Mische in der Jacke | Sitz' in 'ner Kneipe | Und wenn ich ehrlich bin, ganz genauso tief in der Scheiße",4cUr4zVICnnqfh6TzfM81k
Mir nichts dir nichts,Lika Doss,1,in,aus,Weil morgen wieder sie in dei'm Arm liegt | Auch wenn du jede Nacht in mein'n Träum'n bist | Auch wenn du jede Nacht in mein'n Träum'n bist | Auch wenn du jede Nacht in mein'n Träum'n bist | Auch wenn du jede Nacht in mein'n Träum'n bist,0PSWSaU424YkEgJonVdcLn
Homeoffice,RIAN,1,in,"unten, aus",Sitz den ganzen Tag in 'nem Büro | Die Kantine in der Firma ist fatal (Oh nein) | Und während ich in meiner Badewanne Perlentauch' | Und deshalb grade in Manila eingecheckt | Und während ich in meiner Badewanne Perlentauch',3NpyAqRGkJDVZheN2TjrZC
Glück auf den Strassen,Max Giesinger,1,in,,"Schilder in andren Sprachen rasen an uns vorbei | Ich spür' den Wind in den Haar'n, du schläfst auf dem Rücksitz | War'n grad in den Bergen und schau, die Bäume | Schilder in andren Sprachen rasen an uns vorbei | Ich spür' den Wind in den Haar'n, du schläfst auf dem Rücksitz | Schilder in andren Sprachen rasen an uns vorbei",1JhgkOq7lPevlLV2wtxJCT
Morgen,Apache 207,1,in,"oben, unter","Die dicken Karren sind am schlafen, seit Jahren steh'n sie schon in meiner Garage drin | Ich häng' besoffen in jeder Bar der Stadt | Die Suite, in der ich schlafe, kostet mich knapp zehntausend Euro pro Monat im Radisson | Und trotz Panoramablick fühl' ich mich so, als wäre ich heute in ei'm Gefängnis drin | Ich häng' besoffen in jeder Bar der Stadt | Ich häng' besoffen in jeder Bar der Stadt | Ich häng' besoffen in jeder Bar der Stadt",4YHB7lnoeFEHWtL0KtSklh
VERLIEBT IN MICH,FAYAN,1,aus,in,"Verdammt nochmal, seh' ich gut aus | Verdammt nochmal, sеh' ich gut aus | Verdammt nochmal, seh' ich gut aus | Verdammt nochmal, seh' ich gut aus",1XZK1B904mtFv1Ze3Rgeg2
Ich liebe die Sucht,NIMM,1,in,aus,"Ich schau in deine Augen, denn sie funkeln wie ein Diamant | Denn mit dir fühlt es sich an wie in einem Paradies | Wie in einem Film | Wie in meinem letzten Lied sagte ich | Weil ich einfach in deiner Anwesenheit strahle",79BVvXFOA91JsVNn3CqWmI
Wimpernschlag,Max Giesinger,1,in,,"Hab' noch genug Benzin hier in mei'm Glas | Killst die Gedanken, die sonst in mir schrei'n | Hat sich so viel verändert in paar Jahr'n | Killst die Gedanken, die sonst in mir schrei'n",14jR5ldKBRZCQWQed3TIFI
Kogong,Mark Forster,1,in,,Will in meinen Kopf im Loop wie'n alter Katy-Perry-Song | Will in meinen Kopf im Loop wie'n alter Katy-Perry-Song | Mein Herz tobt in meiner Brust | Will in meinen Kopf im Loop wie'n alter Katy-Perry-Song,2rv1aetlu3MEQ5sJWJuMG1
Echte raue Liebe,LÖVEN,1,in,,"Ich wusste nicht, dass du für immer einen Platz in mei'm Kopf hast | Und das Loch in der Brust reparierst ohne Doktor | Ich wusste nicht, dass du für immer einen Platz in mei'm Kopf hast | Und das Loch in der Brust reparierst ohne Doktor | Ich wusste nicht, dass du für immer einen Platz in mei'm Kopf hast | Und das Loch in der Brust reparierst ohne Doktor",3diiZ2FHaYQXAVAlNxQsRb
Scherben,Mijo,1,in,,"Ich schau' in den Spiegel und sehe ein fremdes Gesicht | Erkenn' mich nicht in dem, was ich heut bin | Ich hab' Risse in mir, bin seit Jahr'n on the Road | Und ihr Herz bricht in zwei | Beyazz, lilmido, von nichts in das Spotlight | Knalle mir Xans und lass' Haze in mein'n Kopf rein",4c3jYX6opljCLGWWhJzza5
Starke Mädchen,Louella,1,in,,Like a diamond in the sky | Then the traveler in the dark | Till the sun is in the sky | Lights the traveler in the dark | Like a diamond in the sky,08JVCSGwEZidURYOiHlYrP
4 akkorde,Ella Stern,1,in,,"Keine rosa Gеfühle, kein „Ich schreib's in den Wind“ | Die Ehrlichkeit in dir, wenn du philosophierst | Keine rosa Gefühle, kein „Ich schreib's in den Wind“ | Keine rosa Gefühle, kein „Ich schreib's in den Wind“ | Da-da-da-da-da, da-da-da (Ja, ich schreib's in den Wind)",6TzlxYCPjUAs0f2dbgWAiy
Flieg,Herbert Grönemeyer,3,"hoch, aus, über",,"Ich flieg' hoch | Ich flieg' hoch | Ich flieg' hoch | Ich flieg' hoch | Ich flieg' immer wieder hoch | Du fängst mich auf, du hältst mich aus | Und du fängst mich auf, du hältst mich aus | Und du fängst mich auf und hältst mich aus | Ich fang' dich auf, ich halt' dich aus | Hoch über den Wolken, Sonne im Gesicht | Hoch über den Wolken, bei dem Mann im Mond | Hoch über den Wolken, wo jeder Ort sich gleicht | Hoch über den Wolken, Sonne im Gesicht",0eMZLYOjO2exv90CuER4B7
Walzer,Provinz,1,in,"aus, über","Und wir tanzen in leeren Räumen | Es ist Viertel vor vier, irgendwo in der Stadt | Und wir tanzen in leeren Räumen | Es ist Viertel vor vier, irgendwo in der Stadt",605G7F1FEjm60IdXmLhlNN
Halb So Schön Wie Du,KAFFKIEZ,1,aus,in,"Du klebst mich aus tausend Teil'n | Ohne dich stеh' ich im Hinterhof aus mausgrauem Beton | Bist mein Zeitgefühl, hältst mein Chaos aus | Was ich denke, sprichst du für mich aus | Ohne dich steh' ich im Hinterhof aus mausgrauem Beton | Ohne dich steh' ich im Hinterhof aus mausgrauem Beton",0aFDcdFXQDju2mUpcZGFhQ
30 mal am Tag,Aymen,1,aus,"hoch, unter","Es war ein kleiner Junge aus 'ner großen Stadt | Sag, was hat das aus uns gemacht? (Uns gemacht) | Sag, was hat das aus uns gemacht? (Uns gemacht) | Ihre Welt war nicht wie seine, kommt aus guten Elternhaus | Sag, was hat das aus uns gemacht? (Uns gemacht) | Sag, was hat das aus uns gemacht? (Uns gemacht)",7qDxU1TuxrCBTWs0FrRQj8
Wolken,Apache 207,1,aus,oben,Irgendwo im Meer aus Tränen im Tal | Raus aus dieser Dunkelheit | Raus aus dieser Dunkelheit (Raus aus dieser Dunkelheit) | Raus aus dieser Dunkelheit | Raus aus dieser Dunkelheit (Raus aus dieser Dunkelheit),13AzsOOlv5lwEeKsI1pAUt
Nie getraut zu sagen,Freude,1,in,,"Herzen brennen wie Benzin, hab'n Flammen in den Lung'n | Legen uns ineinander in die Nacht | Doch danach weine ich so gern in deinen Armen | Doch danach weine ich so gern in deinen Armen | Doch danach weine ich so gern in deinen Armen",3WX4C0MczADtNDAijj4yeQ
Vitamin Du,Marie Reim,1,in,,"Du drehst dich zu mir, so viel Endorphine in mir | Doch das Geheimnis liegt irgendwo in deinem Kuss | Doch das Geheimnis liegt irgendwo in deinem Kuss | Doch das Geheimnis liegt irgendwo in deinem Kuss",06jA0MeduggjxApQPsjHZk
Regen,Finder,1,in,,"Broertje, ik moest rennen in de rain | Aan het stacken tot ik pull up in die range (Prr, prr) | Daarom ren ik in de trap | Broertje, ik moest rennen in de rain | Aan het stacken tot ik pull up in die range (Prr, prr) | Daarom ren ik in de trap | Komt dan in een nieuwe whip, broertje",2P7vU537P7J1TvLhvf3gIr
Gut so,Mörk,1,in,aus,"Dann in einem Rolls-Royce | Dann in einem Rolls-Royce | Zehn Gramm Tangie in der Tasche | All Money in so wie Nipsey Hussle | Die Mille so safe, wie die fünf in Mathe | Weed schmeckt gut in mei'm Vaporizer",47CUY20Qxo3rUQZfzD1Jh2
1975,Kaprice,3,"in, aus, über","oben, hoch","Eines Abends ging ein junger Trommler ganz allein auf dem Feld und kam an einen See, da sah er an dem Ufer drei Stückchen weiße Leinwand liegen, »Was für feines Leinen,« sprach er und steckte eins davon in die Tasche. Er ging heim, dachte nicht weiter an seinen Fund und legte sich zu Bett. Als er eben einschlafen wollte, war es ihm, als nenne jemand seinen Namen. Er horchte, und vernahm eine leise Stimme, die ihm zurief: »Trommler, Trommler, wach auf.« Er konnte, da es finstere. Nacht war, niemand sehen, aber es kam ihm vor als schwebte eine Gestalt vor seinem Bett, auf und ab. »Was willst du?« fragte er. »Gieb mir mein Hemdchen zurück,« antwortete die Stimme, »das du mir gestern abend am See weggenommen hast.« »Du sollst es wieder haben,« sprach der Trommler, »wenn du mir sagst, wer du bist.« »Ach,« erwiderte die Stimme, »ich bin die Tochter eines mächtigen Königs, aber ich bin in, die Gewalt einer Hexe geraten, und bin auf den Glasberg gebannt. Jeden Tag muß ich mich mit meinen zwei Schwestern im See baden, aber ohne mein Hemdchen kann ich nicht wieder fortfliegen. Meine Schwestern haben sich, fortgemacht, ich aber habe zurückbleiben müssen. Ich bitte dich, gieb mir mein Hemdchen wieder.« »Sei ruhig, armes Kind,« sprach, der Trommler, »ich will dir's gern zurückgehen.« Er holte es aus seiner Tasche und reichte es ihr in der Dunkelheit hin. Sie erfaßte es hastig und wollte damit fort. »Weile einen Augenblick,« sagte er, »vielleicht kann ich dir helfen.« »Helfen kannst du mir nur, wenn du auf den Glasberg steigst und mich, aus der Gewalt der Hexe befreist. Aber zu dem Glasberg kommst, du nicht, und wenn du auch ganz nahe daran, wärst, so kommst du nicht hinauf.« »Was ich will, das kann ich,« sagte der Trommler, »ich habe Mitleid mit dir und ich fürchte mich vor nichts. Aber ich weiß den Weg nicht, der nach dem Glasberge führt.« »Der Weg geht durch den großen Wald, in dem die Menschenfresser hausen,« antwortete sie, »mehr darf ich dir nicht sagen.« Darauf hörte er wie sie fortschwirrte. | Bei Anbruch des, Tages, machte, sich der Trommler auf, hing seine Trommel um und ging, ohne Furcht geradezu in den Wald hinein. Als er ein Weilchen gegangen war und keinen Riesen erblickte, so dachte, er: »Ich, muß die Langschläfer aufwecken,« hing die Trommel, vor und schlug einen Wirbel, daß die Vögel aus den Bäumen mit Geschrei aufflogen. Nicht lange so erhob sich auch ein Riese in die Höhe, der im Gras gelegen und geschlafen hatte, und war so groß wie eine Tanne. »Du Wicht,« rief er ihm zu, »was trommelst du hier und weckst mich aus dem besten Schlaf?« »Ich trommle,« antwortete er, »weil viele Tausende hinter mir herkommen, damit sie den Weg wissen.« »Was wollen die hier in meinem Wald?« fragte der Riese. »Sie wollen dir den Garaus machen und den Wald von einem Ungetüm, wie du bist, säubern.« »Oho,« sagte der Riese, »ich trete euch wie Ameisen tot.« »Meinst du, du könntest gegen sie etwas ausrichten?« sprach der Trommler, »wenn du dich bückst, um einen zu packen, so springt er fort und versteckt sich; wie du dich aber niederlegst und schläfst, so kommen sie aus allen Gebüschen herbei und kriechen an dir hinauf. Jeder hat einen Hammer von Stahl am Gürtel stecken, damit schlagen sie dir den Schädel ein.« Der Riese ward verdrießlich und dachte: »Wenn ich mich mit dem listigen Volk befasse, so könnte es doch zu meinem Schaden ausschlagen. Wölfen und Bären drücke ich die Gurgel zusammen, aber vor den Erdwürmern kann ich mich nicht schützen.« »Hör, kleiner Kerl,« sprach er, »zieh wieder ab, ich verspreche dir, daß ich dich und deine Gesellen in Zukunft in Ruhe lasten will, und hast du noch einen Wunsch, so sag's mir, ich will dir wohl etwas zu Gefallen thun.« »Du hast lange Beine.« sprach der Trommler, »und kannst schneller laufen als ich, trag mich zum Glasberge, so will ich den Meinigen ein Zeichen zum Rückzug geben und sie sollen dich diesmal in Ruhe lassen.« »Komm her, Wurm,« sprach der Riese, »setz dich auf meine Schulter, ich will dich tragen wohin du verlangst.« Der Riese hob ihn hinauf, und der Trommler fing oben an nach Herzenslust auf der Trommel zu wirbeln. Der Riese dachte: »Das wird das Zeichen sein, daß das andere Volk zurückgehen soll.« Nach einer Weile stand ein zweiter Riese am Wege, der nahm den Trommler dem ersten ab und steckte ihn in sein Knopfloch. Der Trommler faßte den Knopf, der wie eine Schüssel groß war, hielt sich daran und schaute ganz lustig umher. Dann kamen sie zu einem dritten, der nahm ihn aus dem Knopfloch und setzte ihn auf den Rand seines Hutes: da ging der Trommler oben auf und ab und sah über die Bäume hinaus, und als er in blauer Ferne einen Berg erblickte, so dachte er: »Das ist gewiß der Glasberg,« und er war es auch. Der Riese that nur noch ein paar Schritte, so wären sie an dem Fuß des Berges angelangt, wo ihn der Riese absetzte. Der Trommler verlangte, er sollte ihn auch auf die Spitze des Glasberges tragen, aber der Riese schüttelte mit dem Kopfe, brummte etwas in den Bart und ging in den Wald zurück. | Nun stand der arme Trommler vor dem Berge, der so hoch war, als wenn drei Berge aufeinander gesetzt wären, und dabei so glatt wie ein Spiegel, und wußte keinen Rat, um hinauf zu kommen. Er fing an zu klettern, aber vergeblich, er rutschte immer wieder herab. »Wer jetzt ein Vogel wäre,« dachte er, aber was half das Wünschen, es wuchsen ihm keine Flügel. Indem er so stand und sich nicht zu helfen wußte, erblickte er nicht weit von sich zwei Männer, die heftig miteinander stritten. Er ging auf sie zu und sah, daß sie wegen eines Sattels uneins waren, der vor ihnen auf der Erde lag und den jeder von ihnen haben wollte. »Was seid ihr für Narren,« sprach er, »zankt euch um einen Sattel und habt kein Pferd dazu.« »Der Sattel ist wert, daß man darum streitet,« antwortete der eine von den Männern, »wer darauf sitzt und wünscht sich irgendwohin, und wär's am Ende der Welt, der ist im Augenblick angelangt, wie er den Wunsch ausgesprochen hat. Der Sattel gehört uns gemeinschaftlich, die Reihe darauf zu reiten ist an mir, aber der andere will es nicht zulassen.« »Den Streit will ich bald austragen,« sagte der Trommler, ging eine Strecke weit und steckte einen weißen Stab in die Erde. Dann kam er zurück und sprach: »Jetzt lauft nach dem Ziel, wer zuerst dort ist, der reitet zuerst.« Beide setzten sich in Trab, aber kaum waren sie ein paar Schritte weg, so schwang sich der Trommler auf den Sattel, wünschte sich auf den Glasberg, und ehe man die Hand umdrehte, war er dort. Auf dem Berge oben war eine Ebene, da stand ein altes steinernes Haus, und vor dem Hause lag ein großer Fischteich, dahinter aber ein finsterer Wald. Menschen und Tiere sah er nicht, es war alles still, nur der Wind raschelte in den Bäumen, und die Wolken zogen ganz nahe über seinem Haupt weg. Er trat an die Thür und klopfte an. Als er zum drittenmal geklopft hatte, öffnete eine Alte mit braunem Gesicht und roten Augen die Thür; sie hatte eine Brille auf ihrer langen Nase und sah ihn scharf an, dann fragte sie, was sein Begehren wäre. »Einlaß, Kost und Nachtlager,« antwortete der Trommler. »Das sollst du haben,« sagte die Alte, »wenn du dafür drei Arbeiten, verrichten willst.« »Warum nicht,« antwortete er, »ich scheue keine Arbeit, und wenn sie noch so schwer ist.« Die Alte ließ ihn ein, gab ihm Essen und abends ein gutes Bett. Am Morgen, als er ausgeschlafen hatte, nahm die Alte einen Fingerhut von ihrem dürren Finger, reichte ihn dem Trommler hin und sagte: »Jetzt geh an die Arbeit und schöpfe den Teich draußen mit diesem Fingerhut aus; aber ehe es Nacht wird, mußt du fertig sein, und alle Fische, die in dem Wasser sind, müssen nach ihrer Art und Größe ausgesucht und nebeneinander gelegt sein.« »Das ist eine seltsame Arbeit,« sagte der Trommler, ging aber zu dem Teich und fing an zu schöpfen. Er schöpfte den ganzen Morgen, aber was kann man mit einem Fingerhut bei einem großen Wasser ausrichten, und wenn man tausend Jahre schöpft? Als es Mittag war, dachte er: »Es ist alles umsonst und ist einerlei, ob ich arbeite oder nicht,« hielt ein und setzte sich nieder. Da kam ein Mädchen aus dem Hause gegangen, stellte ihm ein Körbchen mit Essen hin und sprach: »Du sitzest da so traurig, was fehlt dir?« Er blickte es an und sah, daß es wunderschön war. »Ach,« sagte er, »ich kann die erste Arbeit nicht vollbringen, wie wird es mit den anderen werden? Ich bin ausgegangen, eine Königstochter zu suchen, die hier wohnen soll, aber ich habe sie nicht gefunden; ich will weiter gehen.« »Bleib hier,« sagte das Mädchen, »ich will dir aus deiner Not helfen. Du bist müde, lege deinen Kopf in meinen Schoß und schlafe. Wenn du wieder aufwachst, so ist die Arbeit gethan.« Der Trommler ließ sich das nicht zweimal sagen. Sobald ihm die Augen zufielen, drehte sie einen Wunschring und sprach: »Wasser herauf, Fische heraus.«. Alsbald stieg das Wasser wie ein weißer Nebel in die Höhe und zog mit den anderen Wolken fort, und die Fische schnalzten, sprangen ans Ufer und legten sich nebeneinander, jeder nach seiner Größe und Art! Als der Trommler erwachte, sah er mit Erstaunen, daß alles vollbracht war. Aber das Mädchen sprach: »Einer von den Fischen liegt nicht bei seinesgleichen, sondern ganz allein. Wenn die Alte heute abend kommt und sieht, daß alles geschehen ist, was sie verlangt hat, so wird sie fragen: ›Was soll dieser Fisch allein?‹ Dann wirf ihr den Fisch ins Angesicht und sprich: ›Der soll für dich sein, alte Hexe.‹ Abends kam die Alte, und als sie die Frage gethan hatte, so warf er ihr den Fisch ins Gesicht. Sie stellte sich, als merkte sie es nicht, und schwieg still, aber sie blickte ihn mit boshaften Augen an. Am anderen Morgen sprach sie: »Gestern hast du es zu leicht gehabt, ich muß dir schwerere Arbeit geben. Heute mußt du den ganzen Wald umhauen, das Holz in Scheite spalten und in Klaftern legen, und am Abend muß alles fertig sein.« Sie gab ihm eine Axt, einen Schläger und zwei Keile. Aber die Axt war von Blei, der Schläger und die Keile waren von Blech. Als er anfing zu hauen, so legte sich die Axt um und Schläger und Keile drückten sich zusammen. Er wußte sich nicht zu helfen, aber mittags kam das Mädchen wieder mit dem Essen und tröstete ihn. »Lege deinen Kopf in meinen Schoß.« sagte sie, »und schlafe: wenn du aufwachst, so ist die Arbeit gethan.« Sie drehte ihren Wunschring, in dem Augenblick sank der Wald mit Krachen zusammen, das Holz spaltete sich von selbst und legte sich in Klaftern zusammen; es war, als ob unsichtbare Riesen die Arbeit vollbrächten. Als er aufwachte, sagte das Mädchen: »Siehst du, das Holz ist geklaftert und gelegt; nur ein einziger Ast ist übrig, aber wenn die Alte heute abend kommt und fragt, was der Ast solle, so gieb ihr damit einen Schlag und sprich: »Der soll für dich sein, du Hexe.« Die Alte kam. »Siehst du,« sprach sie, »wie leicht die Arbeit war; aber für wen liegt der Ast noch da?« »Für dich, du Hexe,« antwortete er und gab ihr einen Schlag damit. Aber sie that, als fühlte sie es nicht, lachte höhnisch und sprach: »Morgen früh sollst du alles Holz auf einen Haufen legen, es anzünden und verbrennen.« Er stand mit Anbruch des Tages auf und fing an das Holz herbeizuholen, aber wie kann ein einziger Mensch einen ganzen Wald zusammentragen? Die Arbeit rückte nicht fort. Doch das Mädchen verließ ihn nicht in der Not: es brachte ihm mittags seine Speise, und als er gegessen hatte, legte er seinen Kopf in den Schoß und schlief ein. Bei seinem Erwachen brannte der ganze Holzstoß in einer ungeheuren Flamme, die ihre Zungen bis in den Himmel ausstreckte. »Hör mich an,« sprach das Mädchen, »wenn die Hexe kommt, wird sie dir allerlei auftragen: thust du ohne Furcht, was sie verlangt, so kann sie dir nichts anhaben; fürchtest du dich aber, so packt dich das Feuer und verzehrt dich. Zuletzt, wenn du alles gethan hast, so packe sie mit beiden Händen und wirf sie mitten in die Glut.« Das Mädchen ging fort, und die Alte kam herangeschlichen. »Hu! mich friert,« sagte sie, »aber das ist ein Feuer, das brennt, das wärmt mir die alten Knochen, da wird mir wohl. Aber dort liegt ein Klotz, der will nicht brennen, den hol mir heraus. Hast du das noch gethan, so bist du frei und kannst ziehen, wohin du willst. Nur munter hin ein.« Der Trommler besann sich nicht lange, sprang mitten in die Flammen, aber sie thaten ihm nichts, nicht einmal die Haare konnten sie ihm versengen. Er trug den Klotz heraus und legte ihn hin. Kaum aber hatte das Holz die Erde berührt, so verwandelte es sich und das schöne Mädchen stand vor ihm, das ihm in der Not geholfen hatte, und an den seidenen goldglänzenden Kleidern, die es an hatte, merkte er wohl, daß es die Königstochter war. Aber die Alte lachte giftig und sprach: »Du meinst, du hättest sie, aber du hast sie noch nicht.« Eben wollte sie auf das Mädchen losgehen und es fortziehen, da packte er die Alte mit beiden Händen, hob sie in die Höhe und warf sie den Flammen in den Rachen, die über ihr zusammenschlugen, als freuten sie sich, daß sie eine Hexe verzehren sollten. | Die Königstochter blickte darauf den Trommler an, und als sie sah, daß es ein schöner Jüngling war, und bedachte, daß er sein Leben daran gesetzt hatte, um sie zu erlösen, so reichte sie ihm die Hand und sprach: »Du hast alles für mich gewagt, aber ich will auch für dich alles thun. Versprichst du mir deine Treue, so sollst du mein Gemahl werden. An Reichtümern fehlt es uns nicht, wir haben genug an dem, was die Hexe hier zusammengetragen hat.« Sie führte ihn in das Haus, da standen Kisten und Kästen, die mit ihren Schätzen angefüllt waren. Sie ließen Gold und Silber liegen und nahmen nur die Edelsteine. Sie wollte nicht länger auf dem Glasberg bleiben, da sprach er zu ihr: »Setze dich zu mir auf meinen Sattel, so fliegen wir hinab wie Vögel.« »Der alte Sattel gefällt mir nicht,« sagte sie, »ich brauche nur an meinem Wunschring zu drehen, so sind wir zu Haus.« »Wohlan,« antwortete der Trommler, »so wünsch uns vor das Stadtthor.« Im Nu waren sie dort, der Trommler aber sprach: »Ich will erst zu meinen Eltern gehen und ihnen Nachricht geben, harre mein hier auf dem Feld, ich will bald zurück sein.« »Ach,« sagte die Königstochter, »ich bitte dich, nimm dich in acht, küsse deine Eltern bei deiner Ankunft nicht auf die rechte Wange, denn sonst wirst du alles vergessen, und ich bleibe hier allein und verlassen auf dem Feld zurück.« »Wie kann ich dich vergessen?« sagte er und versprach ihr in die rechte Hand, recht bald wieder zu kommen. Als er in sein väterliches Haus trat, wußte niemand, wer er war, so hatte er sich verändert, denn die drei Tage, die er auf dem Glasberg zugebracht hatte, waren drei lange Jahre gewesen. Da gab er sich zu erkennen, und seine Eltern fielen ihm vor Freude um den Hals, und er war so bewegt in seinem Herzen, daß er sie auf beide Wangen küßte und an die Worte des Mädchens nicht dachte. Wie er ihnen aber den Kuß auf die rechte Wange gegeben hatte, verschwand ihm jeder Gedanke an die Königstochter. Er leerte seine Taschen aus und legte Hände voll der größten Edelsteine auf den Tisch. Die Eltern wußten gar nicht, was sie mit dem Reichtum anfangen sollten. Da baute der Vater ein prächtiges Schloß, von Gärten, Wäldern und Wiesen umgeben, als wenn ein Fürst darin wohnen sollte. Und als es fertig war, sagte die Mutter: »Ich habe ein Mädchen für dich ausgesucht, in drei Tagen soll die Hochzeit sein.« Der Sohn war mit allem zufrieden, was die Eltern wollten. | Die arme Königstochter hatte lange vor der Stadt gestanden und auf die Rückkehr des Jünglings gewartet. Als es Abend ward, sprach sie: »Gewiß hat er seine Eltern auf die rechte Wange geküßt und hat mich vergessen.« Ihr Herz war voll Trauer, sie wünschte sich in ein einsames Waldhäuschen und wollte nicht wieder an den Hof ihres Vaters zurück. Jeden Abend ging sie in die Stadt und ging an des Trommlers Haus vorüber: er sah sie manchmal, aber er kannte sie nicht mehr. Endlich hörte sie die Leute sagen: »Morgen wird seine Hochzeit gefeiert.« Da sprach sie: »Ich will versuchen, ob ich sein Herz wieder gewinne.« Als der erste Hochzeitstag gefeiert ward, da drehte sie ihren Wunschring und sprach: »Ein Kleid so glänzend wie die Sonne.« Alsbald lag das Kleid vor ihr und war so glänzend, als wenn es aus lauter Sonnenstrahlen gewebt wäre. Als alle Gäste sich versammelt hatten, so trat sie in den Saal. Jedermann wunderte sich über das schöne Kleid, am meisten die Braut, und da schöne Kleider ihre größte Lust waren, so ging sie zu der Fremden und fragte, ob sie es ihr verkaufen wollte. »Für Geld nicht,« antwortete sie, »aber wenn ich die erste Nacht vor der Thür verweilen darf, wo der Bräutigam schläft, so will ich es hingeben.« Die Braut konnte ihr Verlangen nicht bezwingen und willigte ein, aber sie mischte dem Bräutigam einen Schlaftrunk in seinen Nachtwein, wovon er in tiefen Schlaf verfiel. Als nun alles still geworden war, so kauerte sich die Königstochter vor die Thür der Schlafkammer, öffnete sie ein wenig und rief hinein: | Aber es war alles vergeblich, der Trommler wachte nicht auf, und als der Morgen anbrach, mußte die Königstochter unverrichteter Dinge wieder fortgehen. Am zweiten Abend drehte sie ihren Wunschring und sprach: »Ein Kleid so silbern als der Mond.« Als sie mit dem Kleid, das so zart war wie der Mondschein, bei dem Fest erschien, erregte sie wieder das Verlangen der Braut und gab es ihr für die Erlaubnis, auch die zweite Nacht vor der Tür der Schlafkammer zubringen zu dürfen. Da rief sie in nächtlicher Stille: | Aber der Trommler, von dem Schlaftrunk betäubt, war nicht zu erwecken. Traurig ging sie den Morgen wieder zurück in ihr Waldhaus. Aber die Leute im Hause hatten die Klage des fremden Mädchens gehört und erzählten dem Bräutigam davon; sie sagten ihm auch, daß es ihm nicht möglich gewesen wäre, etwas davon zu vernehmen, weil sie ihm einen Schlaftrunk in den Wein geschüttet hätten. Am dritten Abend drehte die Königstochter den Wunschring und sprach: »Ein Kleid flimmernd wie Sterne.« Als sie sich darin auf dem Fest zeigte, war die Braut über die Pracht des Kleides, das die anderen weit übertraf, ganz außer sich und sprach: »Ich soll und muß es haben.« Das Mädchen gab es, wie die anderen, für die Erlaubnis, die Nacht vor der Thür des Bräutigams zuzubringen. Der Bräutigam aber trank den Wein nicht, der ihm vor dem Schlafengehen gereicht wurde, sondern goß ihn hinter das Bett. Und als alles im Hause still geworden war, so hörte er eine sanfte Stimme, die ihn anrief: | Plötzlich kam ihm das Gedächtnis wieder. »Ach,« rief er, »wie habe ich so treulos handeln können, aber der Kuß, den ich meinen Eltern in der Freude meines Herzens auf die rechte Wange gegeben habe, der ist schuld daran, der hat mich betäubt.« Er sprang auf, nahm die Königstochter bei der Hand und führte sie zu dem Bett seiner Eltern. »Das ist meine rechte Braut,« sprach er, »wenn ich die andere heirate, so thue ich großes Unrecht.« Die Eltern, als sie hörten, wie alles sich zugetragen hatte, willigten ein. Da wurden die Lichter im Saal wieder angezündet, Pauken und Trompeten herbeigeholt, die Freunde und Verwandten eingeladen, wiederzukommen, und die wahre Hochzeit ward mit großer Freude gefeiert. Die erste Braut behielt die schönen Kleider zur Entschädigung und gab sich zufrieden. | Eines Abends ging ein junger Trommler ganz allein auf dem Feld und kam an einen See, da sah er an dem Ufer drei Stückchen weiße Leinwand liegen, »Was für feines Leinen,« sprach er und steckte eins davon in die Tasche. Er ging heim, dachte nicht weiter an seinen Fund und legte sich zu Bett. Als er eben einschlafen wollte, war es ihm, als nenne jemand seinen Namen. Er horchte, und vernahm eine leise Stimme, die ihm zurief: »Trommler, Trommler, wach auf.« Er konnte, da es finstere. Nacht war, niemand sehen, aber es kam ihm vor als schwebte eine Gestalt vor seinem Bett, auf und ab. »Was willst du?« fragte er. »Gieb mir mein Hemdchen zurück,« antwortete die Stimme, »das du mir gestern abend am See weggenommen hast.« »Du sollst es wieder haben,« sprach der Trommler, »wenn du mir sagst, wer du bist.« »Ach,« erwiderte die Stimme, »ich bin die Tochter eines mächtigen Königs, aber ich bin in, die Gewalt einer Hexe geraten, und bin auf den Glasberg gebannt. Jeden Tag muß ich mich mit meinen zwei Schwestern im See baden, aber ohne mein Hemdchen kann ich nicht wieder fortfliegen. Meine Schwestern haben sich, fortgemacht, ich aber habe zurückbleiben müssen. Ich bitte dich, gieb mir mein Hemdchen wieder.« »Sei ruhig, armes Kind,« sprach, der Trommler, »ich will dir's gern zurückgehen.« Er holte es aus seiner Tasche und reichte es ihr in der Dunkelheit hin. Sie erfaßte es hastig und wollte damit fort. »Weile einen Augenblick,« sagte er, »vielleicht kann ich dir helfen.« »Helfen kannst du mir nur, wenn du auf den Glasberg steigst und mich, aus der Gewalt der Hexe befreist. Aber zu dem Glasberg kommst, du nicht, und wenn du auch ganz nahe daran, wärst, so kommst du nicht hinauf.« »Was ich will, das kann ich,« sagte der Trommler, »ich habe Mitleid mit dir und ich fürchte mich vor nichts. Aber ich weiß den Weg nicht, der nach dem Glasberge führt.« »Der Weg geht durch den großen Wald, in dem die Menschenfresser hausen,« antwortete sie, »mehr darf ich dir nicht sagen.« Darauf hörte er wie sie fortschwirrte. | Bei Anbruch des, Tages, machte, sich der Trommler auf, hing seine Trommel um und ging, ohne Furcht geradezu in den Wald hinein. Als er ein Weilchen gegangen war und keinen Riesen erblickte, so dachte, er: »Ich, muß die Langschläfer aufwecken,« hing die Trommel, vor und schlug einen Wirbel, daß die Vögel aus den Bäumen mit Geschrei aufflogen. Nicht lange so erhob sich auch ein Riese in die Höhe, der im Gras gelegen und geschlafen hatte, und war so groß wie eine Tanne. »Du Wicht,« rief er ihm zu, »was trommelst du hier und weckst mich aus dem besten Schlaf?« »Ich trommle,« antwortete er, »weil viele Tausende hinter mir herkommen, damit sie den Weg wissen.« »Was wollen die hier in meinem Wald?« fragte der Riese. »Sie wollen dir den Garaus machen und den Wald von einem Ungetüm, wie du bist, säubern.« »Oho,« sagte der Riese, »ich trete euch wie Ameisen tot.« »Meinst du, du könntest gegen sie etwas ausrichten?« sprach der Trommler, »wenn du dich bückst, um einen zu packen, so springt er fort und versteckt sich; wie du dich aber niederlegst und schläfst, so kommen sie aus allen Gebüschen herbei und kriechen an dir hinauf. Jeder hat einen Hammer von Stahl am Gürtel stecken, damit schlagen sie dir den Schädel ein.« Der Riese ward verdrießlich und dachte: »Wenn ich mich mit dem listigen Volk befasse, so könnte es doch zu meinem Schaden ausschlagen. Wölfen und Bären drücke ich die Gurgel zusammen, aber vor den Erdwürmern kann ich mich nicht schützen.« »Hör, kleiner Kerl,« sprach er, »zieh wieder ab, ich verspreche dir, daß ich dich und deine Gesellen in Zukunft in Ruhe lasten will, und hast du noch einen Wunsch, so sag's mir, ich will dir wohl etwas zu Gefallen thun.« »Du hast lange Beine.« sprach der Trommler, »und kannst schneller laufen als ich, trag mich zum Glasberge, so will ich den Meinigen ein Zeichen zum Rückzug geben und sie sollen dich diesmal in Ruhe lassen.« »Komm her, Wurm,« sprach der Riese, »setz dich auf meine Schulter, ich will dich tragen wohin du verlangst.« Der Riese hob ihn hinauf, und der Trommler fing oben an nach Herzenslust auf der Trommel zu wirbeln. Der Riese dachte: »Das wird das Zeichen sein, daß das andere Volk zurückgehen soll.« Nach einer Weile stand ein zweiter Riese am Wege, der nahm den Trommler dem ersten ab und steckte ihn in sein Knopfloch. Der Trommler faßte den Knopf, der wie eine Schüssel groß war, hielt sich daran und schaute ganz lustig umher. Dann kamen sie zu einem dritten, der nahm ihn aus dem Knopfloch und setzte ihn auf den Rand seines Hutes: da ging der Trommler oben auf und ab und sah über die Bäume hinaus, und als er in blauer Ferne einen Berg erblickte, so dachte er: »Das ist gewiß der Glasberg,« und er war es auch. Der Riese that nur noch ein paar Schritte, so wären sie an dem Fuß des Berges angelangt, wo ihn der Riese absetzte. Der Trommler verlangte, er sollte ihn auch auf die Spitze des Glasberges tragen, aber der Riese schüttelte mit dem Kopfe, brummte etwas in den Bart und ging in den Wald zurück. | Nun stand der arme Trommler vor dem Berge, der so hoch war, als wenn drei Berge aufeinander gesetzt wären, und dabei so glatt wie ein Spiegel, und wußte keinen Rat, um hinauf zu kommen. Er fing an zu klettern, aber vergeblich, er rutschte immer wieder herab. »Wer jetzt ein Vogel wäre,« dachte er, aber was half das Wünschen, es wuchsen ihm keine Flügel. Indem er so stand und sich nicht zu helfen wußte, erblickte er nicht weit von sich zwei Männer, die heftig miteinander stritten. Er ging auf sie zu und sah, daß sie wegen eines Sattels uneins waren, der vor ihnen auf der Erde lag und den jeder von ihnen haben wollte. »Was seid ihr für Narren,« sprach er, »zankt euch um einen Sattel und habt kein Pferd dazu.« »Der Sattel ist wert, daß man darum streitet,« antwortete der eine von den Männern, »wer darauf sitzt und wünscht sich irgendwohin, und wär's am Ende der Welt, der ist im Augenblick angelangt, wie er den Wunsch ausgesprochen hat. Der Sattel gehört uns gemeinschaftlich, die Reihe darauf zu reiten ist an mir, aber der andere will es nicht zulassen.« »Den Streit will ich bald austragen,« sagte der Trommler, ging eine Strecke weit und steckte einen weißen Stab in die Erde. Dann kam er zurück und sprach: »Jetzt lauft nach dem Ziel, wer zuerst dort ist, der reitet zuerst.« Beide setzten sich in Trab, aber kaum waren sie ein paar Schritte weg, so schwang sich der Trommler auf den Sattel, wünschte sich auf den Glasberg, und ehe man die Hand umdrehte, war er dort. Auf dem Berge oben war eine Ebene, da stand ein altes steinernes Haus, und vor dem Hause lag ein großer Fischteich, dahinter aber ein finsterer Wald. Menschen und Tiere sah er nicht, es war alles still, nur der Wind raschelte in den Bäumen, und die Wolken zogen ganz nahe über seinem Haupt weg. Er trat an die Thür und klopfte an. Als er zum drittenmal geklopft hatte, öffnete eine Alte mit braunem Gesicht und roten Augen die Thür; sie hatte eine Brille auf ihrer langen Nase und sah ihn scharf an, dann fragte sie, was sein Begehren wäre. »Einlaß, Kost und Nachtlager,« antwortete der Trommler. »Das sollst du haben,« sagte die Alte, »wenn du dafür drei Arbeiten, verrichten willst.« »Warum nicht,« antwortete er, »ich scheue keine Arbeit, und wenn sie noch so schwer ist.« Die Alte ließ ihn ein, gab ihm Essen und abends ein gutes Bett. Am Morgen, als er ausgeschlafen hatte, nahm die Alte einen Fingerhut von ihrem dürren Finger, reichte ihn dem Trommler hin und sagte: »Jetzt geh an die Arbeit und schöpfe den Teich draußen mit diesem Fingerhut aus; aber ehe es Nacht wird, mußt du fertig sein, und alle Fische, die in dem Wasser sind, müssen nach ihrer Art und Größe ausgesucht und nebeneinander gelegt sein.« »Das ist eine seltsame Arbeit,« sagte der Trommler, ging aber zu dem Teich und fing an zu schöpfen. Er schöpfte den ganzen Morgen, aber was kann man mit einem Fingerhut bei einem großen Wasser ausrichten, und wenn man tausend Jahre schöpft? Als es Mittag war, dachte er: »Es ist alles umsonst und ist einerlei, ob ich arbeite oder nicht,« hielt ein und setzte sich nieder. Da kam ein Mädchen aus dem Hause gegangen, stellte ihm ein Körbchen mit Essen hin und sprach: »Du sitzest da so traurig, was fehlt dir?« Er blickte es an und sah, daß es wunderschön war. »Ach,« sagte er, »ich kann die erste Arbeit nicht vollbringen, wie wird es mit den anderen werden? Ich bin ausgegangen, eine Königstochter zu suchen, die hier wohnen soll, aber ich habe sie nicht gefunden; ich will weiter gehen.« »Bleib hier,« sagte das Mädchen, »ich will dir aus deiner Not helfen. Du bist müde, lege deinen Kopf in meinen Schoß und schlafe. Wenn du wieder aufwachst, so ist die Arbeit gethan.« Der Trommler ließ sich das nicht zweimal sagen. Sobald ihm die Augen zufielen, drehte sie einen Wunschring und sprach: »Wasser herauf, Fische heraus.«. Alsbald stieg das Wasser wie ein weißer Nebel in die Höhe und zog mit den anderen Wolken fort, und die Fische schnalzten, sprangen ans Ufer und legten sich nebeneinander, jeder nach seiner Größe und Art! Als der Trommler erwachte, sah er mit Erstaunen, daß alles vollbracht war. Aber das Mädchen sprach: »Einer von den Fischen liegt nicht bei seinesgleichen, sondern ganz allein. Wenn die Alte heute abend kommt und sieht, daß alles geschehen ist, was sie verlangt hat, so wird sie fragen: ›Was soll dieser Fisch allein?‹ Dann wirf ihr den Fisch ins Angesicht und sprich: ›Der soll für dich sein, alte Hexe.‹ Abends kam die Alte, und als sie die Frage gethan hatte, so warf er ihr den Fisch ins Gesicht. Sie stellte sich, als merkte sie es nicht, und schwieg still, aber sie blickte ihn mit boshaften Augen an. Am anderen Morgen sprach sie: »Gestern hast du es zu leicht gehabt, ich muß dir schwerere Arbeit geben. Heute mußt du den ganzen Wald umhauen, das Holz in Scheite spalten und in Klaftern legen, und am Abend muß alles fertig sein.« Sie gab ihm eine Axt, einen Schläger und zwei Keile. Aber die Axt war von Blei, der Schläger und die Keile waren von Blech. Als er anfing zu hauen, so legte sich die Axt um und Schläger und Keile drückten sich zusammen. Er wußte sich nicht zu helfen, aber mittags kam das Mädchen wieder mit dem Essen und tröstete ihn. »Lege deinen Kopf in meinen Schoß.« sagte sie, »und schlafe: wenn du aufwachst, so ist die Arbeit gethan.« Sie drehte ihren Wunschring, in dem Augenblick sank der Wald mit Krachen zusammen, das Holz spaltete sich von selbst und legte sich in Klaftern zusammen; es war, als ob unsichtbare Riesen die Arbeit vollbrächten. Als er aufwachte, sagte das Mädchen: »Siehst du, das Holz ist geklaftert und gelegt; nur ein einziger Ast ist übrig, aber wenn die Alte heute abend kommt und fragt, was der Ast solle, so gieb ihr damit einen Schlag und sprich: »Der soll für dich sein, du Hexe.« Die Alte kam. »Siehst du,« sprach sie, »wie leicht die Arbeit war; aber für wen liegt der Ast noch da?« »Für dich, du Hexe,« antwortete er und gab ihr einen Schlag damit. Aber sie that, als fühlte sie es nicht, lachte höhnisch und sprach: »Morgen früh sollst du alles Holz auf einen Haufen legen, es anzünden und verbrennen.« Er stand mit Anbruch des Tages auf und fing an das Holz herbeizuholen, aber wie kann ein einziger Mensch einen ganzen Wald zusammentragen? Die Arbeit rückte nicht fort. Doch das Mädchen verließ ihn nicht in der Not: es brachte ihm mittags seine Speise, und als er gegessen hatte, legte er seinen Kopf in den Schoß und schlief ein. Bei seinem Erwachen brannte der ganze Holzstoß in einer ungeheuren Flamme, die ihre Zungen bis in den Himmel ausstreckte. »Hör mich an,« sprach das Mädchen, »wenn die Hexe kommt, wird sie dir allerlei auftragen: thust du ohne Furcht, was sie verlangt, so kann sie dir nichts anhaben; fürchtest du dich aber, so packt dich das Feuer und verzehrt dich. Zuletzt, wenn du alles gethan hast, so packe sie mit beiden Händen und wirf sie mitten in die Glut.« Das Mädchen ging fort, und die Alte kam herangeschlichen. »Hu! mich friert,« sagte sie, »aber das ist ein Feuer, das brennt, das wärmt mir die alten Knochen, da wird mir wohl. Aber dort liegt ein Klotz, der will nicht brennen, den hol mir heraus. Hast du das noch gethan, so bist du frei und kannst ziehen, wohin du willst. Nur munter hin ein.« Der Trommler besann sich nicht lange, sprang mitten in die Flammen, aber sie thaten ihm nichts, nicht einmal die Haare konnten sie ihm versengen. Er trug den Klotz heraus und legte ihn hin. Kaum aber hatte das Holz die Erde berührt, so verwandelte es sich und das schöne Mädchen stand vor ihm, das ihm in der Not geholfen hatte, und an den seidenen goldglänzenden Kleidern, die es an hatte, merkte er wohl, daß es die Königstochter war. Aber die Alte lachte giftig und sprach: »Du meinst, du hättest sie, aber du hast sie noch nicht.« Eben wollte sie auf das Mädchen losgehen und es fortziehen, da packte er die Alte mit beiden Händen, hob sie in die Höhe und warf sie den Flammen in den Rachen, die über ihr zusammenschlugen, als freuten sie sich, daß sie eine Hexe verzehren sollten. | Die Königstochter blickte darauf den Trommler an, und als sie sah, daß es ein schöner Jüngling war, und bedachte, daß er sein Leben daran gesetzt hatte, um sie zu erlösen, so reichte sie ihm die Hand und sprach: »Du hast alles für mich gewagt, aber ich will auch für dich alles thun. Versprichst du mir deine Treue, so sollst du mein Gemahl werden. An Reichtümern fehlt es uns nicht, wir haben genug an dem, was die Hexe hier zusammengetragen hat.« Sie führte ihn in das Haus, da standen Kisten und Kästen, die mit ihren Schätzen angefüllt waren. Sie ließen Gold und Silber liegen und nahmen nur die Edelsteine. Sie wollte nicht länger auf dem Glasberg bleiben, da sprach er zu ihr: »Setze dich zu mir auf meinen Sattel, so fliegen wir hinab wie Vögel.« »Der alte Sattel gefällt mir nicht,« sagte sie, »ich brauche nur an meinem Wunschring zu drehen, so sind wir zu Haus.« »Wohlan,« antwortete der Trommler, »so wünsch uns vor das Stadtthor.« Im Nu waren sie dort, der Trommler aber sprach: »Ich will erst zu meinen Eltern gehen und ihnen Nachricht geben, harre mein hier auf dem Feld, ich will bald zurück sein.« »Ach,« sagte die Königstochter, »ich bitte dich, nimm dich in acht, küsse deine Eltern bei deiner Ankunft nicht auf die rechte Wange, denn sonst wirst du alles vergessen, und ich bleibe hier allein und verlassen auf dem Feld zurück.« »Wie kann ich dich vergessen?« sagte er und versprach ihr in die rechte Hand, recht bald wieder zu kommen. Als er in sein väterliches Haus trat, wußte niemand, wer er war, so hatte er sich verändert, denn die drei Tage, die er auf dem Glasberg zugebracht hatte, waren drei lange Jahre gewesen. Da gab er sich zu erkennen, und seine Eltern fielen ihm vor Freude um den Hals, und er war so bewegt in seinem Herzen, daß er sie auf beide Wangen küßte und an die Worte des Mädchens nicht dachte. Wie er ihnen aber den Kuß auf die rechte Wange gegeben hatte, verschwand ihm jeder Gedanke an die Königstochter. Er leerte seine Taschen aus und legte Hände voll der größten Edelsteine auf den Tisch. Die Eltern wußten gar nicht, was sie mit dem Reichtum anfangen sollten. Da baute der Vater ein prächtiges Schloß, von Gärten, Wäldern und Wiesen umgeben, als wenn ein Fürst darin wohnen sollte. Und als es fertig war, sagte die Mutter: »Ich habe ein Mädchen für dich ausgesucht, in drei Tagen soll die Hochzeit sein.« Der Sohn war mit allem zufrieden, was die Eltern wollten. | Die arme Königstochter hatte lange vor der Stadt gestanden und auf die Rückkehr des Jünglings gewartet. Als es Abend ward, sprach sie: »Gewiß hat er seine Eltern auf die rechte Wange geküßt und hat mich vergessen.« Ihr Herz war voll Trauer, sie wünschte sich in ein einsames Waldhäuschen und wollte nicht wieder an den Hof ihres Vaters zurück. Jeden Abend ging sie in die Stadt und ging an des Trommlers Haus vorüber: er sah sie manchmal, aber er kannte sie nicht mehr. Endlich hörte sie die Leute sagen: »Morgen wird seine Hochzeit gefeiert.« Da sprach sie: »Ich will versuchen, ob ich sein Herz wieder gewinne.« Als der erste Hochzeitstag gefeiert ward, da drehte sie ihren Wunschring und sprach: »Ein Kleid so glänzend wie die Sonne.« Alsbald lag das Kleid vor ihr und war so glänzend, als wenn es aus lauter Sonnenstrahlen gewebt wäre. Als alle Gäste sich versammelt hatten, so trat sie in den Saal. Jedermann wunderte sich über das schöne Kleid, am meisten die Braut, und da schöne Kleider ihre größte Lust waren, so ging sie zu der Fremden und fragte, ob sie es ihr verkaufen wollte. »Für Geld nicht,« antwortete sie, »aber wenn ich die erste Nacht vor der Thür verweilen darf, wo der Bräutigam schläft, so will ich es hingeben.« Die Braut konnte ihr Verlangen nicht bezwingen und willigte ein, aber sie mischte dem Bräutigam einen Schlaftrunk in seinen Nachtwein, wovon er in tiefen Schlaf verfiel. Als nun alles still geworden war, so kauerte sich die Königstochter vor die Thür der Schlafkammer, öffnete sie ein wenig und rief hinein: | Bei Anbruch des, Tages, machte, sich der Trommler auf, hing seine Trommel um und ging, ohne Furcht geradezu in den Wald hinein. Als er ein Weilchen gegangen war und keinen Riesen erblickte, so dachte, er: »Ich, muß die Langschläfer aufwecken,« hing die Trommel, vor und schlug einen Wirbel, daß die Vögel aus den Bäumen mit Geschrei aufflogen. Nicht lange so erhob sich auch ein Riese in die Höhe, der im Gras gelegen und geschlafen hatte, und war so groß wie eine Tanne. »Du Wicht,« rief er ihm zu, »was trommelst du hier und weckst mich aus dem besten Schlaf?« »Ich trommle,« antwortete er, »weil viele Tausende hinter mir herkommen, damit sie den Weg wissen.« »Was wollen die hier in meinem Wald?« fragte der Riese. »Sie wollen dir den Garaus machen und den Wald von einem Ungetüm, wie du bist, säubern.« »Oho,« sagte der Riese, »ich trete euch wie Ameisen tot.« »Meinst du, du könntest gegen sie etwas ausrichten?« sprach der Trommler, »wenn du dich bückst, um einen zu packen, so springt er fort und versteckt sich; wie du dich aber niederlegst und schläfst, so kommen sie aus allen Gebüschen herbei und kriechen an dir hinauf. Jeder hat einen Hammer von Stahl am Gürtel stecken, damit schlagen sie dir den Schädel ein.« Der Riese ward verdrießlich und dachte: »Wenn ich mich mit dem listigen Volk befasse, so könnte es doch zu meinem Schaden ausschlagen. Wölfen und Bären drücke ich die Gurgel zusammen, aber vor den Erdwürmern kann ich mich nicht schützen.« »Hör, kleiner Kerl,« sprach er, »zieh wieder ab, ich verspreche dir, daß ich dich und deine Gesellen in Zukunft in Ruhe lasten will, und hast du noch einen Wunsch, so sag's mir, ich will dir wohl etwas zu Gefallen thun.« »Du hast lange Beine.« sprach der Trommler, »und kannst schneller laufen als ich, trag mich zum Glasberge, so will ich den Meinigen ein Zeichen zum Rückzug geben und sie sollen dich diesmal in Ruhe lassen.« »Komm her, Wurm,« sprach der Riese, »setz dich auf meine Schulter, ich will dich tragen wohin du verlangst.« Der Riese hob ihn hinauf, und der Trommler fing oben an nach Herzenslust auf der Trommel zu wirbeln. Der Riese dachte: »Das wird das Zeichen sein, daß das andere Volk zurückgehen soll.« Nach einer Weile stand ein zweiter Riese am Wege, der nahm den Trommler dem ersten ab und steckte ihn in sein Knopfloch. Der Trommler faßte den Knopf, der wie eine Schüssel groß war, hielt sich daran und schaute ganz lustig umher. Dann kamen sie zu einem dritten, der nahm ihn aus dem Knopfloch und setzte ihn auf den Rand seines Hutes: da ging der Trommler oben auf und ab und sah über die Bäume hinaus, und als er in blauer Ferne einen Berg erblickte, so dachte er: »Das ist gewiß der Glasberg,« und er war es auch. Der Riese that nur noch ein paar Schritte, so wären sie an dem Fuß des Berges angelangt, wo ihn der Riese absetzte. Der Trommler verlangte, er sollte ihn auch auf die Spitze des Glasberges tragen, aber der Riese schüttelte mit dem Kopfe, brummte etwas in den Bart und ging in den Wald zurück. | Nun stand der arme Trommler vor dem Berge, der so hoch war, als wenn drei Berge aufeinander gesetzt wären, und dabei so glatt wie ein Spiegel, und wußte keinen Rat, um hinauf zu kommen. Er fing an zu klettern, aber vergeblich, er rutschte immer wieder herab. »Wer jetzt ein Vogel wäre,« dachte er, aber was half das Wünschen, es wuchsen ihm keine Flügel. Indem er so stand und sich nicht zu helfen wußte, erblickte er nicht weit von sich zwei Männer, die heftig miteinander stritten. Er ging auf sie zu und sah, daß sie wegen eines Sattels uneins waren, der vor ihnen auf der Erde lag und den jeder von ihnen haben wollte. »Was seid ihr für Narren,« sprach er, »zankt euch um einen Sattel und habt kein Pferd dazu.« »Der Sattel ist wert, daß man darum streitet,« antwortete der eine von den Männern, »wer darauf sitzt und wünscht sich irgendwohin, und wär's am Ende der Welt, der ist im Augenblick angelangt, wie er den Wunsch ausgesprochen hat. Der Sattel gehört uns gemeinschaftlich, die Reihe darauf zu reiten ist an mir, aber der andere will es nicht zulassen.« »Den Streit will ich bald austragen,« sagte der Trommler, ging eine Strecke weit und steckte einen weißen Stab in die Erde. Dann kam er zurück und sprach: »Jetzt lauft nach dem Ziel, wer zuerst dort ist, der reitet zuerst.« Beide setzten sich in Trab, aber kaum waren sie ein paar Schritte weg, so schwang sich der Trommler auf den Sattel, wünschte sich auf den Glasberg, und ehe man die Hand umdrehte, war er dort. Auf dem Berge oben war eine Ebene, da stand ein altes steinernes Haus, und vor dem Hause lag ein großer Fischteich, dahinter aber ein finsterer Wald. Menschen und Tiere sah er nicht, es war alles still, nur der Wind raschelte in den Bäumen, und die Wolken zogen ganz nahe über seinem Haupt weg. Er trat an die Thür und klopfte an. Als er zum drittenmal geklopft hatte, öffnete eine Alte mit braunem Gesicht und roten Augen die Thür; sie hatte eine Brille auf ihrer langen Nase und sah ihn scharf an, dann fragte sie, was sein Begehren wäre. »Einlaß, Kost und Nachtlager,« antwortete der Trommler. »Das sollst du haben,« sagte die Alte, »wenn du dafür drei Arbeiten, verrichten willst.« »Warum nicht,« antwortete er, »ich scheue keine Arbeit, und wenn sie noch so schwer ist.« Die Alte ließ ihn ein, gab ihm Essen und abends ein gutes Bett. Am Morgen, als er ausgeschlafen hatte, nahm die Alte einen Fingerhut von ihrem dürren Finger, reichte ihn dem Trommler hin und sagte: »Jetzt geh an die Arbeit und schöpfe den Teich draußen mit diesem Fingerhut aus; aber ehe es Nacht wird, mußt du fertig sein, und alle Fische, die in dem Wasser sind, müssen nach ihrer Art und Größe ausgesucht und nebeneinander gelegt sein.« »Das ist eine seltsame Arbeit,« sagte der Trommler, ging aber zu dem Teich und fing an zu schöpfen. Er schöpfte den ganzen Morgen, aber was kann man mit einem Fingerhut bei einem großen Wasser ausrichten, und wenn man tausend Jahre schöpft? Als es Mittag war, dachte er: »Es ist alles umsonst und ist einerlei, ob ich arbeite oder nicht,« hielt ein und setzte sich nieder. Da kam ein Mädchen aus dem Hause gegangen, stellte ihm ein Körbchen mit Essen hin und sprach: »Du sitzest da so traurig, was fehlt dir?« Er blickte es an und sah, daß es wunderschön war. »Ach,« sagte er, »ich kann die erste Arbeit nicht vollbringen, wie wird es mit den anderen werden? Ich bin ausgegangen, eine Königstochter zu suchen, die hier wohnen soll, aber ich habe sie nicht gefunden; ich will weiter gehen.« »Bleib hier,« sagte das Mädchen, »ich will dir aus deiner Not helfen. Du bist müde, lege deinen Kopf in meinen Schoß und schlafe. Wenn du wieder aufwachst, so ist die Arbeit gethan.« Der Trommler ließ sich das nicht zweimal sagen. Sobald ihm die Augen zufielen, drehte sie einen Wunschring und sprach: »Wasser herauf, Fische heraus.«. Alsbald stieg das Wasser wie ein weißer Nebel in die Höhe und zog mit den anderen Wolken fort, und die Fische schnalzten, sprangen ans Ufer und legten sich nebeneinander, jeder nach seiner Größe und Art! Als der Trommler erwachte, sah er mit Erstaunen, daß alles vollbracht war. Aber das Mädchen sprach: »Einer von den Fischen liegt nicht bei seinesgleichen, sondern ganz allein. Wenn die Alte heute abend kommt und sieht, daß alles geschehen ist, was sie verlangt hat, so wird sie fragen: ›Was soll dieser Fisch allein?‹ Dann wirf ihr den Fisch ins Angesicht und sprich: ›Der soll für dich sein, alte Hexe.‹ Abends kam die Alte, und als sie die Frage gethan hatte, so warf er ihr den Fisch ins Gesicht. Sie stellte sich, als merkte sie es nicht, und schwieg still, aber sie blickte ihn mit boshaften Augen an. Am anderen Morgen sprach sie: »Gestern hast du es zu leicht gehabt, ich muß dir schwerere Arbeit geben. Heute mußt du den ganzen Wald umhauen, das Holz in Scheite spalten und in Klaftern legen, und am Abend muß alles fertig sein.« Sie gab ihm eine Axt, einen Schläger und zwei Keile. Aber die Axt war von Blei, der Schläger und die Keile waren von Blech. Als er anfing zu hauen, so legte sich die Axt um und Schläger und Keile drückten sich zusammen. Er wußte sich nicht zu helfen, aber mittags kam das Mädchen wieder mit dem Essen und tröstete ihn. »Lege deinen Kopf in meinen Schoß.« sagte sie, »und schlafe: wenn du aufwachst, so ist die Arbeit gethan.« Sie drehte ihren Wunschring, in dem Augenblick sank der Wald mit Krachen zusammen, das Holz spaltete sich von selbst und legte sich in Klaftern zusammen; es war, als ob unsichtbare Riesen die Arbeit vollbrächten. Als er aufwachte, sagte das Mädchen: »Siehst du, das Holz ist geklaftert und gelegt; nur ein einziger Ast ist übrig, aber wenn die Alte heute abend kommt und fragt, was der Ast solle, so gieb ihr damit einen Schlag und sprich: »Der soll für dich sein, du Hexe.« Die Alte kam. »Siehst du,« sprach sie, »wie leicht die Arbeit war; aber für wen liegt der Ast noch da?« »Für dich, du Hexe,« antwortete er und gab ihr einen Schlag damit. Aber sie that, als fühlte sie es nicht, lachte höhnisch und sprach: »Morgen früh sollst du alles Holz auf einen Haufen legen, es anzünden und verbrennen.« Er stand mit Anbruch des Tages auf und fing an das Holz herbeizuholen, aber wie kann ein einziger Mensch einen ganzen Wald zusammentragen? Die Arbeit rückte nicht fort. Doch das Mädchen verließ ihn nicht in der Not: es brachte ihm mittags seine Speise, und als er gegessen hatte, legte er seinen Kopf in den Schoß und schlief ein. Bei seinem Erwachen brannte der ganze Holzstoß in einer ungeheuren Flamme, die ihre Zungen bis in den Himmel ausstreckte. »Hör mich an,« sprach das Mädchen, »wenn die Hexe kommt, wird sie dir allerlei auftragen: thust du ohne Furcht, was sie verlangt, so kann sie dir nichts anhaben; fürchtest du dich aber, so packt dich das Feuer und verzehrt dich. Zuletzt, wenn du alles gethan hast, so packe sie mit beiden Händen und wirf sie mitten in die Glut.« Das Mädchen ging fort, und die Alte kam herangeschlichen. »Hu! mich friert,« sagte sie, »aber das ist ein Feuer, das brennt, das wärmt mir die alten Knochen, da wird mir wohl. Aber dort liegt ein Klotz, der will nicht brennen, den hol mir heraus. Hast du das noch gethan, so bist du frei und kannst ziehen, wohin du willst. Nur munter hin ein.« Der Trommler besann sich nicht lange, sprang mitten in die Flammen, aber sie thaten ihm nichts, nicht einmal die Haare konnten sie ihm versengen. Er trug den Klotz heraus und legte ihn hin. Kaum aber hatte das Holz die Erde berührt, so verwandelte es sich und das schöne Mädchen stand vor ihm, das ihm in der Not geholfen hatte, und an den seidenen goldglänzenden Kleidern, die es an hatte, merkte er wohl, daß es die Königstochter war. Aber die Alte lachte giftig und sprach: »Du meinst, du hättest sie, aber du hast sie noch nicht.« Eben wollte sie auf das Mädchen losgehen und es fortziehen, da packte er die Alte mit beiden Händen, hob sie in die Höhe und warf sie den Flammen in den Rachen, die über ihr zusammenschlugen, als freuten sie sich, daß sie eine Hexe verzehren sollten. | Die arme Königstochter hatte lange vor der Stadt gestanden und auf die Rückkehr des Jünglings gewartet. Als es Abend ward, sprach sie: »Gewiß hat er seine Eltern auf die rechte Wange geküßt und hat mich vergessen.« Ihr Herz war voll Trauer, sie wünschte sich in ein einsames Waldhäuschen und wollte nicht wieder an den Hof ihres Vaters zurück. Jeden Abend ging sie in die Stadt und ging an des Trommlers Haus vorüber: er sah sie manchmal, aber er kannte sie nicht mehr. Endlich hörte sie die Leute sagen: »Morgen wird seine Hochzeit gefeiert.« Da sprach sie: »Ich will versuchen, ob ich sein Herz wieder gewinne.« Als der erste Hochzeitstag gefeiert ward, da drehte sie ihren Wunschring und sprach: »Ein Kleid so glänzend wie die Sonne.« Alsbald lag das Kleid vor ihr und war so glänzend, als wenn es aus lauter Sonnenstrahlen gewebt wäre. Als alle Gäste sich versammelt hatten, so trat sie in den Saal. Jedermann wunderte sich über das schöne Kleid, am meisten die Braut, und da schöne Kleider ihre größte Lust waren, so ging sie zu der Fremden und fragte, ob sie es ihr verkaufen wollte. »Für Geld nicht,« antwortete sie, »aber wenn ich die erste Nacht vor der Thür verweilen darf, wo der Bräutigam schläft, so will ich es hingeben.« Die Braut konnte ihr Verlangen nicht bezwingen und willigte ein, aber sie mischte dem Bräutigam einen Schlaftrunk in seinen Nachtwein, wovon er in tiefen Schlaf verfiel. Als nun alles still geworden war, so kauerte sich die Königstochter vor die Thür der Schlafkammer, öffnete sie ein wenig und rief hinein: | Aber der Trommler, von dem Schlaftrunk betäubt, war nicht zu erwecken. Traurig ging sie den Morgen wieder zurück in ihr Waldhaus. Aber die Leute im Hause hatten die Klage des fremden Mädchens gehört und erzählten dem Bräutigam davon; sie sagten ihm auch, daß es ihm nicht möglich gewesen wäre, etwas davon zu vernehmen, weil sie ihm einen Schlaftrunk in den Wein geschüttet hätten. Am dritten Abend drehte die Königstochter den Wunschring und sprach: »Ein Kleid flimmernd wie Sterne.« Als sie sich darin auf dem Fest zeigte, war die Braut über die Pracht des Kleides, das die anderen weit übertraf, ganz außer sich und sprach: »Ich soll und muß es haben.« Das Mädchen gab es, wie die anderen, für die Erlaubnis, die Nacht vor der Thür des Bräutigams zuzubringen. Der Bräutigam aber trank den Wein nicht, der ihm vor dem Schlafengehen gereicht wurde, sondern goß ihn hinter das Bett. Und als alles im Hause still geworden war, so hörte er eine sanfte Stimme, die ihn anrief:",6A6maoc5Cia5IfDK0Ji5AH
Butterfly Effect,Max Giesinger,1,in,,"Setzt 'ne Kette in Bewegung und verändert die Zeit | Werfen Steine in den See und schau'n den Well'n zu | Es gibt Wunder in großen und in kleinen Ding'n | Dass ich jetzt hier lieg', mit dir in meinem Arm",7iOA51rpaylurUUCugIB3C
Rave,TOBER,1,in,,"I'm a Barbie girl, in the Barbie world | Life in plastic, it's fantastic | 「まずはやっぱり自分を信じなきゃ！」(I'm a Barbie girl, in the Barbie world) | Don't eat ass in the halls (I'm a gummy bear) | Don't eat ass in the halls (I'm a gummy bear) | What you know about rollin' down in the-",7BPvmKdvKVNSZsZF3wi4DI
Bei Dir,Dana,2,"in, aus",unter,"Ich flieg dich in die Stadt, die Häuser nur aus Liebe hat | Der Morgen graut, die Sonne scheint, auf Blumen in den Wiesen | Damit dein Kummer weicht und du in Träumen sogar glücklich bist | Ich werd der Sandmann sein, lass keinen in der Nacht allein | Und treibst du in den bösen Traum, werde ich dein Anker sein | Nur aus der alten Geschichten | Ein Zauberer aus längst vergangenen Tagen | Ich flieg dich in die Stadt, die Häuser nur aus Liebe hat | Wenn Kummer aus dem Morgen schreit, dann denk an mich | Ich wärme dich. Es ist mein Zauber der mit Liebe aus der Ferne spricht | Es ist mein Zauber, der mit liebe aus der Ferne spricht",1Vg9EotruMd9MWwgOBEkt6
Funken sprühn,Isa Jansen,1,in,,You've brightened up my days in your own special way | And when there were cloudy days you brought sunshine in my life | I would fall so deep in love that your love can't be replaced | And when there were cloudy days you brought sunshine in my life | I would fall so deep in love that your love can't be replaced,30m551FrXc2LeP3f65vbSq
Land Of The Free,Freude,1,in,hoch,"[?] one of the most prescribed drugs in America | Spuck' in die Hände zum Gebot, fresse die Welt in Hungersnot | Gebleachte Zähne sag'n: „Willkommen in Amerika“ | Gott liebt die Blasphemie, willkommen in Amerika | Gott liebt die Blasphemie, willkommen in Amerika | Gebleachte Zähne sag'n: „Willkommen in Amerika“ | Gott liebt die Blasphemie, willkommen in Amerika | Gott liebt die Blasphemie, willkommen in Amerika | Gott liebt die Blasphemie, willkommen in Amerika | Gebleachte Zähne sag'n: „Willkommen in Amerika“",7abm8hCubhIQ2u4I1YJXUU
Riskieren,PAULA,1,in,"aus, über","Dieser Track hat im Mai 2014 das Spotlight Voting von Rap Genius Deutschland in der Kategorie “Beste Kollabo” gewonnen![Hook: Cro] | Denn immer wenn wir spiel’n, dann bis tief in die Nacht | Eine Sekunde, in der sich alles entscheidet | Denn immer wenn wir spiel’n, dann bis tief in die Nacht | Von der Straße in die Bundesliga | Rudi läuft in die erste Beckham-im-Gedächtnis-Grätsche | Doch ich steh im Dortmunder Block im Hoodie in black and yellow | Denn immer wenn wir spiel’n, dann bis tief in die Nacht | Du bist jung und alles in Hektik um dich herum | Weil dir leider nichts geboten wird in deiner Stadt | Das was du in den Beinen hast, hast du dir selber beigebracht | Rein in die Nikes, rauf auf die Straßen | Denn immer wenn wir spiel’n, dann bis tief in die Nacht",5N65mdmBTJLiwv9Z88rWlA
MAMA HATTE IMMER RECHT,Gregor Hägele,1,in,,"Hab' mich wohl in dir getäuscht, ich dachte, wir könnten Pferde stehl'n | Meine Augen war'n in Pink getränkt | Wie ich mich gefühlt hab' in der ganzen Zeit | Meine Augen war'n in Pink getränkt",7exvsVwIJVK3KV70Shmoyc
Laura Julia Anna Maria,Paul Sies,1,in,,"Je zag dit moment al zo vaak in je dromen | Ieder mens heeft een taak in dit leven | Met elkaar in de zon en de regen | Geloof in jou zolang we bestaan | Ben ik je baken in de nacht | Ik wijs je de haven in de duisternis | Drie vingers in de lucht, kom op | Drie vingers in de lucht, kom op, kom op | De W van welkom in ons midden | Ben ik je baken in de nacht | Ik wijs je de haven in de duisternis",1inpozk7cTzAZQNLG4wpSp
Ich kann dich fast schon sehen,Finder,1,in,aus,"Steig' in den Beamer, denn ich hab' gehört, du bist wieder aktiv, Mann | Ich such' dich seit Wochen, der Kopf ist gefickt, bekomm' dich nicht ans Handy, auch nicht in die Finger | Du wachst auf in 'nem Raum, angekettet wieder, guten Morgen, Pisser | Schöne Grüße an die Polizei, meine Scheine passen nicht mehr in die Hose rein | Enemy, ich packe Blei in die Pistole rein, klick-klack, bam-bam, du bist vogelfrei | Tik-Tak macht die Uhr an der Wand, tach-tach macht der Kurde mit der Sturm in der Hand",3cJbJOKmU1VJifsPo1QAlq
keine liebe im club,Sampagne,1,in,"aus, über","Weiß doch, wieso du so guckst, liegt doch sowieso schon in der Luft | Zeig' keine Liebe in 'nem Club, nein | Kann mich nicht verlieben in 'ne Plus-eins | Weiß doch, wieso du so guckst, liegt doch sowieso schon in der Luft | Komm, wir klär'n den ganzen Rest in Venezia | Liebe in 'nem Club, nein | Kann mich nicht verlieben in 'ne Plus-eins | Weiß doch, wieso du so guckst, liegt doch sowieso schon in der Luft | Weiß doch, wieso du so guckst, liegt doch sowieso schon in der Luft",7lbI8DMRzjjqtY2CYhtesD
Verwandtschaftstreffen,RIAN,1,aus,,"Es eskaliert, die Verwandtschaft rastet aus (Rastet aus) | Es eskaliert, die Verwandtschaft rastet aus (Rastet aus)",69yw1KhYUuGwUbOImS0jju
Atlantis,Kuult,1,in,hoch,"Und große Pläne platzen seifenblasengleich in unvollendeten Momenten | Bist tief vеrsunken in mir drin | Wie ein Schlag in mein Gesicht, fällt schwer zu denken | Bist tief versunken in mir drin | Sich nur in eine Richtung dreht | Bist tief versunken in mir drin",3PGs4lEtU87p4YaK18R1sF
Nur ein Wort,Noah Kraus,1,in,aus,"Zurück in Hamburg-City, St. Pauli jetzt mein Kiez | Meine Ex blieb in Berlin, now she belongs to the streets | Du gabst mir Schatten in der Sonne, jetzt führst du mich hinters Licht | Smog im Kopp und in der Brust ein dicker, fieser Eisklotz | Du willst dich finden, doch verlierst dich in ei'm andern",0dIb1x3ilFtfprAfbfOEKm
Fata Morgana,Nina Chuba,1,in,,"Ich schau' in die Augen, die nie für mich da war'n | Da ist noch Licht in deiner Wohnung, ich lauf' zufällig dran vorbei | Ich schau' in die Augen, die nie für mich da war'n | Ich schau' in die Augen, die nie für mich da war'n | Da ist noch Licht in deiner Wohnung, ich lauf' einfach dran vorbei | Ich schau' in die Augen, die nie für mich da war'n | Ich schau' in die Augen, die nie für mich da war'n",1v1cijv1qjMJ5o9OvMWACS
Träne,SOPHIA,1,aus,"hoch, in","Die erste Träne fällt leise aus Liebe | Leere Augen, ein Blick aus Glas | Die erste Träne fällt leise aus Liebe | Auf diesem Haufen aus Schutt und aus Scherben | Die erste Träne fällt leise aus Liebe | Auf diesem Haufen aus Schutt und aus Scherben",1hQ7CxbsRNRByWQVVUUmWB
Käptn Peng,LUNA,1,in,über,"Jeden Tag in die Schule, müde Augenlider | Käptn Peng in mei'n Ohr'n, wann seh' ich sie wieder? | Kenn' kein'n Song, doch ich hab's in ihrer Story geseh'n, ja, ja | Dein Kind hat sich verliebt, zum ersten Mal, doch nicht in ihn | Mama, ich bin verliebt in eine Frau | Den Tabak in der Hand rollt sie ins Papier | Dein Kind hat sich verliebt, zum ersten Mal in eine „sie“ | Mama, ich bin verliebt in eine Frau",3430m0qVnNQ9WbJZZbgWBR
Dann fall ich,Peter Plate,1,in,,En als ze in je wijze raad en je niveau gelooft | Als ze je inwijdt in de sluimerende macht van je voortreffelijkheden | Maar geef haar warmte terug in ruil oh wees niet gierig | En als je in haar werkt aan je vervulling | En in haar vlees iets aan haar grootsheid raakt | Spuit een beetje warmte in haar ingewanden | Dat de heks brandt in haar eigen oven | Dat op haar in... haar intocht wacht,26ZMMgT2EmZS5SwAKQTNfm
Herzinfarkt,Alexander Eder,1,in,hoch,"Krieg' ich ein Stеchen in der Brust und ruf' die 1-1-2 | Ich glaub', du bringst mich in den Sarg | Ich glaub', du bringst mich in den Sarg | Ich glaub', du bringst mich in den Sarg",1c1due5Cdi7ZHUFvavE4HX
All diese Momente,FaMo,1,in,,"Keep it a hundred, I'm stamped in this shit like the post office (Official, official, ayy) | Ass fat, let me get in them jeans (Get in them jeans) | Hug the money, nothing get in between | Keep it a hundred, I'm stamped in this shit like the post office (Official, official, ayy) | Ass fat, let me get in them jeans (Get in them jeans) | Hug the money, nothing get in between | Keep it a hundred, I'm stamped in this shit like the post office (Official, official, ayy) | Ass fat, let me get in them jeans (Get in them jeans) | Hug the money, nothing get in between",7jroFmtJZcIkeo29UL3hsO
TShirt,PLUS,1,in,,"Whole—Whole— You got the whole world in the palm of your hands, you haven't let it go | It's DJ C-Money in this motherfucker, La Familia | I'ma whip up in them foreigns (Yeah-yeah), make you envy me, nigga (Yeah-yeah, yeah) | I'm gon' whip up in them foreigns (Yeah-yeah), make you envy me, nigga | I was fucked up and starvin' (Yeah-yeah), I go stand right in that trap (Yeah-yeah, yeah) | I'm 'bout to sell me some yayo (Yeah-yeah), I gotta jug out in Clay Co (Yeah-yeah, yeah) | I woke up in that Bugatti (Yeah-yeah), went and bought me three Lamb's (Yeah-yeah, yeah) | I went so hard in the streets (Yeah-yeah), I'm 'bout to have me a feast (Yeah-yeah, yeah)",5RDbThLWNGEOHyvhF6D1W3
Brich mich,Magda,1,in,,"Ich lach' in dein Gesicht, ha-ha-ha-ha-ha | Ich lach' in dein Gesicht, ha-ha-ha-ha-ha | Ich lach' in dein Gesicht, ha-ha-ha-ha-ha | Ich lach' in dein Gesicht, ha-ha-ha-ha-ha",2r67sBB5WQWUdrVKz8sFnU
heimweh_demo,Elias,1,in,über,"Ich wünscht, ich könnt dich mitnehm'n in meiner Tasche | Ein Raum, in dеm ich alles mach', ein Raum, in dem ich leb' | Ein Raum, in dem ich manchma' kurz vergesse, wie das geht | Ich wünscht, ich könnt dich mitnehm'n in meiner Tasche | Dass der Raum, in dem ich grade bin, der Raum, in dem ich leb' | Ich wünscht, ich könnt dich mitnehm'n in meiner Tasche",2K8mcs3oC7T23lArGehWwQ
Heut ist alles gut,Sarah Connor,1,in,aus,"Und dann schau'n wir uns tief in die Augen | Ich glaub', ich hab' mich grad nochmal in dich verliebt | Nimm mich einfach in den Arm | Und dann schau'n wir uns tief in die Augen",0LgdXFDT9AfjMyaeoxBT2P
Pinky Promise,Tom Twers,1,in,,"Ey, lass sagen für den Fall, dass wir in fünf Jahren niemand geküsst hab'n | Lass uns das hier konserviеren, für in ein paar Jahren | Mach ein Kreuz in dein' Kalender | Ey, lass sagen für den Fall, dass wir in fünf Jahren niemand geküsst hab'n | Ey, wenn wir in fünf Jahren niemand geküsst hab'n | Ey, lass sagen für den Fall, dass wir in fünf Jahren niemand geküsst hab'n | Ey, wenn wir in fünf Jahren niemand geküsst hab'n",1lgs8jzOj1YAg0NxLFvhpG
Ende,Nina Chuba,1,in,,"Tunnelblick, ich ras' in der S-Bahn (Hey) | Ich schleppe mich in die nächste Bar | Warum frier' ich in dei'm T-Shirt ein? | Male Schlussstriche in' Himmel, lass' die Sonne untergeh'n | Warum frier' ich in dei'm T-Shirt ein?",3kAXRmMpVq8uMLX5HCpTYO
Bisschen am Arsch,Marlon Hammer,1,in,,"Du erzählst von dein'n lieblings [Sekt'n?], in deinen Lieblingsstädt'n | Doch baby, ich war nie in Paris auch nicht Wien und Venice | Denn ich war bisher in mein'm Leben nur am Arsch | Du fliegst in den Urlaub, und ich auf die Schnauze | Komm, verbring den Rest von deinem Leben in mein'm Arm | Du fliegst in den Urlaub, und ich auf die Schnauze | Und in dein'm [?] nur ein Bild von dein'm Dad, wie er Kippen holt",4uWk55mDGvcaedQrFZlqxc
Hey Hübscher,Sandra Hesch,1,aus,in,"Bevor du mit mir mitkommst, geb' ich dir einеn aus, ja | Doch er sieht heiß aus, ist nicht schlimm, dass er nichts kann | Bevor du mit mir mitkommst, geb' ich dir einen aus, ja | Bevor du mit mir mitkommst, geb' ich dir einen aus, ja",5dulYsLWKRiYKUnfNuPckL
Beverly Hills,Karsten Walter,1,in,über,"Willst du 'ne Suite oder lieber in ein Haus in den Hills? | Wir sind wach, wir sind schnell, in dein’n Ohren blingt Chanel | Willst du 'ne Suite oder lieber in ein Haus in den Hills? | Ach du scheiße, glaub', ich hab' mich in dich verliebt",4ed0JZqigSHz5Mxt0XYxj5
alle märchen sind gelogen,jolle,1,hoch,"oben, aus",Selbst der Himmel ist nicht hoch genug | Selbst der Himmel ist nicht hoch genug | Selbst der Himmel ist nicht hoch genug | Selbst der Himmel ist nicht hoch genug | Und trotzdem schaue ich hoch,7qkjnUILqzn2GjkZfRcH7Z
Geschlossene Augen,SANTOS,1,in,unter,"Ich hätte mich auch mit geschlossenen Augen in dich verliebt | Ich hätte mich auch mit geschlossenen Augen in dich verliebt | Gefühle wie in einem Liebesbrief, handgeschrieben | Ich hätte mich auch mit geschlossenen Augen in dich verliebt | Ich hätte mich auch mit geschlossenen Augen in dich verliebt | Nur weil das so schön geprickelt hat in meinem Bauchnabel | Der Blick in die Seele noch tiefer als bis zum Gehtnichtmehr | Ich hätte mich auch mit geschlossenen Augen in dich verliebt | Ich hätte mich auch mit geschlossenen Augen in dich verliebt",4qdGZUy2bzM8GB2qBaMWpR
Jesolo,Emil F,1,in,nah,"You're the hottest little thing in town | You're the hottest little thing in town | You're the hottest little thing in town | You're the hottest little thing in town | Rumor we the hottest in the town (Gang, gang, baby) | Me and my niggas out here in these streets, man | You're the hottest little thing in town (Aye) | You're the hottest little thing in town | You're the hottest little thing in town | You're the hottest little thing in town | Posted in the snow, remember before | I'm the coldest in my city | And where were you in the beginning? | You're the hottest little thing in town | You're the hottest little thing in town | We the hottest niggas in the fuckin' town | You're the hottest little thing in town | You're the hottest little thing in town | To flower that blooms and in darkness there's fire | To flower that blooms and in darkness there's fire | You're the hottest little thing in town | You're the hottest little thing in town",6tisTgZ8ditx7IBmszdWEc
Loop,NOA,1,in,,"And I fall in love 'cause why wouldn't I? | I'm living in a loop | Yeah, I'm living in a loop | I'm living in a loop | Yeah, I'm living in a loop | And I fall in love 'cause why wouldn't I?",65oDKmVbe8kIAYmRMZUxlL
Weiße Haare,Florian Künstler,1,in,,"Will ich noch immer in dein'n Arm'n schlafen | Und egal, auch in fünfzig Jahr'n | Will ich noch immer in dein'n Arm'n schlafen | Und egal, auch in fünfzig Jahr'n | Will ich noch immer in dein'n Arm'n schlafen | Und egal, auch in fünfzig Jahr'n",1MUMsiZAZ4qAEVKb51uKst
Hübsche Mädchen,Liser,1,über,"in, unter",Songs schreibt er leider nur über hübsche Mädchen | Songs schreibt er immer nur über hübsche Mädchen | Songs schreibt er leider nur über hübsche Mädchen | Songs schreibt er immer nur über hübsche Mädchen | Er ist reflektiert und steht über dem System | Songs schreibt er leider nur über hübsche Mädchen | Songs schreibt er immer nur über hübsche Mädchen | Songs schreibt er leider nur über hübsche Mädchen | Songs schreibt er immer nur über hübsche Mädchen,3a9Mz7MuO7zB6lwpzfEAGm
Pfeil im Herz,ELEHA,1,in,über,Seit wann hab' ich ein'n Pfeil in meinem Herz? | Ein'n Pfeil in meinem Herz | Seit wann hab' ich ein'n Pfeil in meinem Herz? | Ein'n Pfeil in meinem Herz | Seit wann hab' ich ein'n Pfeil in meinem Herz? | Ein'n Pfeil in meinem Herz,0pBDHJFnlMzKBUvchbpaCT
küss mich doch,Shirin David,1,in,,"Begrüßen uns mit Küsschen am Flughafen in München | Wir sind für immеr jung, Liebe in der Luft | Bikinis und Extensions, Martinis in den Händen | Wir benehmen uns wie Bitches in der Suite von Präsidenten | Wir sind für immer jung, Liebe in der Luft",23H67W1NWkB4DOVVT8QOfV
loslassen,Aaron,2,"in, unter","oben, hoch","Ich schaue hoch in den Himmel und der Himmel wird rot | Ich schaue hoch in den Himmel und der Himmel wird rot | Alles, was ich habe, schmeiß' ich weg in den Wind | Wie viel Sorgen passen in 'nen Kopf rein? | Ich schaue hoch in den Himmel und der Himmel wird rot | Alles, was ich habe, schmeiß' ich weg in den Wind | Will alles loslassen, steh' unter Strom (Yeah) | Will alles loslassen, steh' unter Strom (Ja) | Will alles loslassen, steh' unter Strom | Will alles loslassen, steh' unter Strom (Ja) | Will alles loslassen, steh' unter Strom | Will alles loslassen, steh' unter Strom",684DYzMh67ioLQQ9wJAfpm
Der allerletzte Tanz,Alexander Eder,1,in,"oben, aus","(Und wie es ausgeht, liegt in deiner Hand) | Und wie es ausgeht, liegt in deiner Hand | Das ist die letzte Runde, das Feuer in dir brennt | Das Leben ist nicht einfach, es zwingt dich in die Knie | Und wie es ausgeht, liegt in deiner Hand | Das ist die letzte Runde, das Feuer in dir brennt",2NXWhUHpKQv2N4ZXDd95dC
Fliegen,Nina Chuba,1,in,aus,"Schau' in mich rein, frag' mich, wer hier wohnt | Du nimmst mich in den Arm | Setzen unsre Sorgen in den Sand | Du nimmst mich in den Arm",4lnLVhGxv1YnJEJIComb9x
Gänsehaut,Julia Meladin,1,aus,"hoch, in","Dass du mich anschaust, reicht schon aus, ich hab' Gänsehaut | Immer, wenn du lächelst, zoom' ich kurz aus | Denn egal, was in dem Text steht, es reicht aus | Dass du mich anschaust, reicht schon aus, ich hab' Gänsehaut | Dass du mich anschaust, reicht schon aus, ich hab' Gänsehaut | Dass du mich anschaust, reicht schon aus, ich hab' Gänsehaut",1oZFgsKtzrqKxwHUjmdROu
Heimweh,Alies,1,in,unten,"Doch komm' nirgendwo an, muss die Wunden in Kauf nehm'n | Ich hab' die Augen voll Hoffnung, doch trag' nur Leere in mir | Alle hab'n sich gеfunden, geh' verlor'n in dеr Welt | Und manchma' fehlt mir in dem Chaos hier die Weitsicht | Ich muss hier raus, denn es ist Boarding in zwei Stunden",3EKWorBKvdRrwpnMEwMHVK
Mama hat gesagt,SDP,1,in,aus,"Ich war nur in der Schule, um alle zu nerven | Ich war nur in der Schule, um alle zu nerven | „Pack jede Mark in dein Sparschwein“ | Ich war nur in der Schule, um alle zu nerven | Ich war nur in der Schule, um alle zu nerven | Ich war nur in der Schule, um alle zu nerven | Ich war nur in der Schule, um alle zu nerven | Ich war nur in der Schule, um alle zu nerven | Ich war nur in der Schule, um alle zu nerven",086edN2nz8TjB3zddIdlPn
Herzschlag,1986zig,1,in,,"Sag mir, was du in meinen Augen siehst | Meine Liebe lag tief begraben in Clubs | Hab' mich zu oft gefragt: Was bringt das Ding in der Brust | Doch in deinem Arm hat sich alles verändert",2ghJKdYVe12wPq5gDAC7yB
ein Versprechen,TONI,1,über,"in, aus","Doch ich drück' und fahr' über Los, Money über Hoes | Doch ich drück' und fahr' über Los, Money über Hoes (Yeah, ey) | Doch ich drück' und fahr' über Los, Money über Hoes | Doch ich drück' und fahr' über Los, Money über Hoes",6fmbxxrKpawESKVXsM846u
DER LETZTE SONG ALLES WIRD GUT feat Nina Chuba,KUMMER,1,in,,"Kein'n Trost spenden in trostlosen Momenten | Jemand, der voll Hoffnung in die Zukunft blickt | Dein Leben liegt in Scherben und das Haus steht in Flamm'n | Holt dich Krebs straight back in die Realität | Geile Them'n für Songs in diesen Zeiten | Auch der letzte Track zieht ein'n noch runter in den Schmutz | Jemand, der voll Hoffnung in die Zukunft blickt | Dein Leben liegt in Scherben und das Haus steht in Flamm'n | Dein Leben liegt in Scherben und das Haus steht in Flamm'n",4RgrQ5jGalu6FWsy6WbfDM
paris syndrom  dach session,Blumengarten,1,in,aus,Ich war noch nie in meinem Leben so verliebt | Ich war noch nie in meinem Leben in Paris | Ich war noch nie in meinem Leben verliebt | Ich war noch nie in meinem Leben in Paris | Siehst du mich in dei'm Traum? | Ich war noch nie in meinem Leben so verliebt | Ich war noch nie in meinem Leben in Paris,4cvfB6n4wfSXIvND88VRc1
Du bist anders,AnnenMayKantereit,1,in,,Aber ich seh' was in deinem Gesicht | Aber ich seh' was in deinem Gesicht | Aber ich seh' was in deinem Gesicht | Aber ich seh' was in deinem Gesicht,1FuB3SlcjgU3KAyDwUwB6r
3 Stock,AnnenMayKantereit,1,in,aus,Ich würd' gern mit dir in 'ner Altbauwohnung wohn'n | Ich würd' gern mit dir in 'ner Altbauwohnung wohn'n | Immer wieder warten in leisen Telefonaten | Ich würd' gern mit dir in 'ner Altbauwohnung wohn'n | Ich würd' gern mit dir in 'ner Altbauwohnung wohn'n | Ich würd' gern mit dir in 'ner Altbauwohnung wohn'n | Ich würd' gern mit dir in 'ner Altbauwohnung wohn'n,2M5xIJ2GySzBSKjhKdkjUL
Glücklich,01099,1,über,aus,"Weiße Wolken türm'n sich über mir drüber | Ich seh', die Sonne geht auf, direkt über deinem Haus | Weiße Wolken türm'n sich über mir drüber | Weiße Wolken türm'n sich über mir drüber",3z3thFt7kVIkfY9PRdIOcJ
Küss mich,Ivo Martin,1,unter,,"Küss mich unter den Stern'n | Oh, bitte küss mich unter den Stern'n | Küss mich unter den Stern'n | Oh, bitte küss mich unter den Stern'n",5cKOROElbZXQHLdKKlJ7eJ
Rote Flaggen,Berq,1,in,aus,Weil ich so nichts in Farbe seh' | Und mich neben mir die nackte Wahrheit im Bett in die Knie zwingt | Weil ich so nichts in Farbe seh' | Und mich neben mir die nackte Wahrheit im Bett in die Knie zwingt | Weil ich so nichts in Farbe seh' | Und mich neben mir die nackte Wahrheit im Bett in die Knie zwingt,7bkUa9kDFGxgCC7d36dzFI
Kippe,ENNIO,1,in,,Wir tanzen in verrauchten Räumen | Ist in deinem Kopf Platz zu träumen? | Deine Hand in mein'n Haaren | Wir tanzen in verrauchten Räumen | Ist in deinem Kopf Platz zu träumen?,7jQ8C4PKJDAUY5Ql9TjFb3
Be Cool Speak Deutsch,Die Prinzen,1,in,aus,"Ganz spontan in Urlaub fahr'n | Danach chillen Sie in der Lounge."" | ""Guten Tag, ich such' 'n Kleinwagen, oder sowas in der Art."" | ""Ja, die gibt's in bluescreen, green stretchflag und numeric",74OovnXz2s7QjG5yYMwL2P
Alles oder nichts,Liane Covi,1,in,,"Hey, it reminds me of that rich girl I went out with and when her dad went out of town we fooled around in his Jacuzzi | It reminds me of the time I used to work in a pizza place | Hey, it also reminds me of the time I ate a slice of pizza, and then went over to a 60 year old man's house and made him fuck me in the ass in front of his kids",4aktrqrEMhTCzjKdgMeVRf
SABÍA QUE NO,reezy,1,in,aus,"Wenn du einen Sternhimmel siehst, dann liegst du in 'nem Rolls-Royce | Du hast zwei Stimmen in dir so wie Venom | Doch in den USA ist sie ein Foreign (Foreign, zoom) | Letztes Jahr in St. Moritz ist ihr Herz erfroren (Froze) | Foreign Cars in Sport, ja, do you like that? (Sport, ja, do you like that?)",61lNxSCj38lvmZjJZuhXSt
Zick Zack,Rammstein,1,in,aus,"In die Wangen, in die Stirn | Kann man in den Nacken zieh'n | Und Bauchfett in die Biotonne | Sondermüll in Lippen spritzen",2w7Ca8DNYXBCgA6Bht7o0N
Angst,Rammstein,1,in,,So in Angst sind Land und Leute | Und die Furcht wächst in die Nacht | Schreien Feuer in die Gassen | Und die Furcht wächst in die Nacht | Und die Furcht wächst in die Nacht,0UuNO0yYvsMPlyLF7RfQlg
Asche zu Asche,Rammstein,1,in,,Dann knie ich mich in dein Gesicht | Und steck' den Finger in die– | Dann knie ich mich in dein Gesicht | Und steck' den Finger in die–,407eqFGqQc40KPf43YrQ44
Deutschland,Rammstein,1,in,"hoch, über","Das Herz in Flammen (So heiß, so heiß, so heiß, so heiß) | (Deutschland!) Mein Herz in Flammen | (Deutschland!) Mein Herz in Flammen | (Deutschland!) Dein Herz in Flammen",2bPGTMB5sFfFYQ2YvSmup0
Amnesie,Liaze,2,"in, unter",hoch,"Hoffentlich seh'n wir uns in diesem Leben nochmal | Ich bin in meiner Amnesie (Amnesie) | Sitze voll verklatscht und benebelt in meinem Zimmer (Ja, ja) | Und ich schaue in den Himmel, wenn die Sterne wieder schimmern | Wir leiden unter Amnesie | Wir leiden unter Amnesie, doch wir woll'n Amnesia, ey | Wir leiden unter Amnesie, doch wir woll'n Amnesia-a | Wir leiden unter Amnesie, doch wir woll'n Amnesia, ey",2Hcb4JVJtN6mbQfzEYJ4rq
G Wagon,Gzuz,1,in,aus,"Im G-Wagon, in 'nem G-Wagon | Im G-Wagon, in 'nem G-Wagon | Im G-Wagon, in 'nem G-Wagon | Im G-Wagon, in 'nem G-Wagon | War nie in Yale, aber im Jail, Pritsche schräg, jetzt Sitze beige (Yes) | Im G-Wagon, in 'nem G-Wagon | Im G-Wagon, in 'nem G-Wagon | Im G-Wagon, in 'nem G-Wagon | Im G-Wagon, in 'nem G-Wagon",1bG8JOOvT1K9DjG6YPBfh9
2003,Liaze,1,in,"aus, unter","Es gab ein Gericht für alle sieben Tage in der Woche | Russian Guy, für die Deutsche war ich fremd in diesem Land | An 'ne Zeit, die für immer in mir bleibt | An 'ne Zeit, die für immer in mir bleibt",4yNWhBYneGn8Gvr7Y3ciqf
brauchst mich nicht,fiora,1,in,hoch,Hab' mich in uns längst verlor'n | Wie's in dir aussieht | Hab' mich in uns längst verlor'n | Wie's in dir aussieht | Wie's in dir aussieht,6O1kPxUxudwlkjAoD52X4x
Für immer Frühling  Akustik Version,SOFFIE,1,in,,"Von einem Land, in dem für immer Frühling ist | In das Land, in dem für immer Frühling ist | In dem Land, in dem die Winter nicht so trübe sind | In dem Land, in dem die Sommer kühler sind | Und wenn ich in mei'm Bett abends einschlaf' | Von dem Land, in dem für immer Frühling ist | Von dem Land, in dem ich noch was fühl' | Von dem Land, in dem die Sommer grüner sind",5QlKI9edRWvgJc4vleYjzM
Berlin lebt,Capital Bra,2,"in, aus",oben,"Ghetto, Ghetto, weil in meiner Welt nur Para zählt (Ja, bra) | Komm' mit Egzon in dein'n Laden, pack' die Stangen in das Laken (Bra, bra, bra) | Ghetto, Ghetto, weil in meiner Welt nur Para zählt (Ja, bra) | Aber deren Kinder sehen aus wie meine Söhne | An Kunden aus Bayern mit dem Kontostand von Neymar (Ja) | Meine Lehrer fragten damals, „Was soll später aus dir werden?“ | Ruf' kurz Ufo an und klär' mir Klunker aus Antwerpen (Ufo)",5FGtzUgxycYideaPBFdkaV
Donuts,Gzuz,2,"in, unter",aus,"Häng' ab in Bars, Jacky auf Eis, Stress aufm Kiez (Woop-woop) | Roll'n in Kolonne wie Staatspräsidenten, mit besserem Schnitt als Harvard-Studenten (Woop-woop) | Häng' ab in Bars, Jacky auf Eis, Stress aufm Kiez (Woop-woop) | Häng’ ab in Bars, Jacky auf Eis, Stress aufm Kiez (Woop-woop) | Häng' ab in Bars, Jacky auf Eis, Stress aufm Kiez (Woop-woop) | Neuner-Patron’n unter dem Sitz, Wumme dabei (Woop-woop) | Neuner-Patron'n unter dem Sitz, Wumme dabei (Woop-woop) | Neuner-Patron’n unter dem Sitz, Wumme dabei (Woop-woop) | Neuner-Patron'n unter dem Sitz, Wumme dabei (Woop-woop)",5XVPNr0CAoUn1jD033Ucoo
Warum tun die 20er so weh,RAUM27,1,in,"aus, unter",Das Lеben schlägt mir in die Fressе | Das Leben schlägt mir in die Fresse | Das Leben schlägt mir in die Fresse | Das Leben schlägt mir in die Fresse,6a6h6BfnX0NeJ4P5dqNB4P
Sex,Rammstein,1,in,,"Ich schau' dir tief in das Geschlecht | Beißt das Hirn, kriecht in die Venen | Eine Faust in meinem Bauch | Meins ist deins und das in dir | Meins ist deins und das in dir",15f16lrsDzFeNpHYBTzHLI
Was uns high macht,Provinz,1,in,aus,"Du sagst, es geht uns viel zu gut in diesen kranken Zeiten | Schaust traurig in dein leeres Glas hinein, ja, ja | Während du dich in Rage redest | Zündest an, ziehst den Rauch tief in deine Brust | Atmest in mein Ohr | Oh Baby, ich verlier' mich in dir",5UAGxcNL4V1ZjssyiHlJvI
Räuber und Gangster,Booz,1,in,,"Ey, Truman Show, leben ständig in 'nem Film | Gatsby, haben Batz in der Tasche | (Sieben, acht) Dicker Cup in der Hand und ich lass' mich nicht stressen (Ey) | Nina trinkt ihr Wildberry und wir schmеißen 'ne Party in der— | Nina trinkt ihr Wildberry und wir schmeißen 'ne Party in der Hood | (Sieben, acht) Dicker Cup in der Hand und ich lass' mich nicht stressen | Nina trinkt ihr Wildberry und wir schmeißen 'ne Party in der— | Nina trinkt ihr Wildberry und wir schmeißen 'ne Party in der Hood",5vyOejaopJSR8cIARzCMnC
Alle hassen Nazis,KAFVKA,1,links,,"Das ist ja nicht mal links, was ich sag', guck ma' | (Oh) Das ist ja nicht mal links, was ich sag' | (Oh) Das ist ja nicht mal links, was ich sag' | (Oh) Das ist ja nicht mal links, was ich sag' | (Oh) Das ist ja nicht mal links, was ich sag' | (Oh) Das ist ja nicht mal links, was ich sag' | (Oh) Das ist ja nicht mal links, was ich sag'",5x5OTI0HilwE1NzGEpWe6n
Achilles,Berq,1,in,aus,"Vielleicht hörst du das in zwei Jahr'n mit gebrochenem Herzen, ja | Wehe, ich seh' dich in der ersten Reihe | Für die Reste in der Brust, wo bei anderen ein Herz sitzt | Für die Reste in der Brust, wo bei anderen ein Herz sitzt | Für die Reste in der Brust, wo bei andern ein Herz sitzt",1Yj9IP75nNp6JntNYOxrzH
meinen die uns,Zartmann,1,in,,"War nie gut in Chemie, aber hab' zwei in mei'm Magen drin | Zukunft liegt in Trümmern und ich rauch' ein'n in mei'm Zimmer | Steck' paar Dinger in mein'n Mund | Und streck' mein'n Finger in die Luft | Ah, triffst mich in irgendeiner Bar | Ich streue Salz in die Wunde, mir reicht's (Mir reicht's) | Zukunft liegt in Trümmern und ich rauch' ein'n in mei'm Zimmer | Steck' paar Dinger in mein'n Mund | Und streck' mein'n Finger in die Luft",2Zrv4bCzz8Ix9mGWse1Exc
Dua Lipa,Ritter Lean,1,aus,in,"Sie sieht so wie Dua Lipa aus | Sie sieht so wie Dua Lipa aus (Wie Dua, ah) | Sie sieht so wie Dua Lipa aus (Wie Dua, ah) | Sie sieht so wie Dua Lipa aus (Wie Dua, ah) | Sie sieht so wie Dua Lipa aus (Wie Dua, ah) | Weißt du was? Glaub mir nicht (Sie sieht so wie Dua Lipa aus)",5K4ihcq7sw3imhegdvz5gU
Joel,okdanketschüss,1,in,"oben, innen","Joel steht jetzt in der Tür | Kommt in die Küche, kommt zu mir | Ich hab' in Berlin ein'n Jung'n getroffen | Ich hab' in Berlin ein'n Jung'n geseh'n | Ich hab' in Berlin ein'n Jung'n getroffen | Ich hab' in Berlin ein'n Jung'n geseh'n | Ich hab' in Berlin ein'n Jung'n getroffen | Ich hab' in Berlin ein'n Jung'n geseh'n",7A2MVRdwPy1PKiF5euhNK6
Rückbank,fiora,1,in,hoch,"Aber das Auto, in dem wir fahr'n, ist nicht mehr 'n Corsa | Das neue Haus, in dem du wohnst | Aber das Auto, in dem wir fahr'n, ist nicht mehr 'n Corsa | Würd ich einmal noch in unsrer Straße steh'n | Wir gern ich nochmal in dem Garten wär",0eykQulskSplL3BJ3YWBfe
Schachmatt,JAS,1,in,"oben, nah","Roll' den Frust in die Kippe, meine Seele wird Rauch | Schwarzweiße Gedanken, wir verlier'n uns in Schach | Der Raum steht in Flamm'n, ich halt' deine Hand | Zweihundertfünfzig Gramm, in meiner Hand liegt dein Herz | Der Raum steht in Flamm'n, ich halt' deine Hand",5rCUIjknAqNIgAjXnH0oFw
fahrrad,fiora,1,in,,Und ich sink' in dein'n Pulli rein und tauch' in die Gedanken ein | Ich sink' in dein'n Pulli rein und tauch' in die zwei Jahre ein | (Sink' in dein'n Pulli ein),7ndLAU4VgQFe4SADpwoq0W
Das Neue Normal,okdanketschüss,2,"in, aus",,"Da ist eine Frau in einem kurzen Kleid | Sie geht in den Park und sie hat 'ne gute Zeit | Sie schaut aus dem Fenster, in den Himmel und sie singt: | Ein Mann mit dunkler Haut steht in einem Kindergarten | Um ihn herum sind Kinder in den allerschönsten Farben | In Hosen und in Kleidern so wie es ihnen gefällt | Bis es eines Tages endlich in Erfüllung geht | Sie schaut aus dem Fenster, in den Himmel und sie singt: | Eine riesengroße Menge aus Liebe und aus Licht | Sie tragen Schilder aus Pappe, aus Karton und Holz | Sie singen aus voller Kehle, was auf ihren Schildern steht",4JZzUgcFrkWisEO1yirDj7
Niemand,Panda Lux,1,nah,aus,"Waren so nah, so nah, an uns dran | Waren so nah, so nah, an uns dran",27ZZfeQ1j6yXH7YZpVK3xg
Trophäe,Paula Carolina,1,in,aus,Nur eine von viel'n in deiner Vitrine | Du sitzt in ihrem Porsche und holst mich ab vom Kellnern | Nur eine von viel'n in deiner Vitrine | Nur eine von viel'n in deiner Vitrine | Nur eine von viel'n in deiner Vitrine,0ktvX44VXoA8TUcB74anK9
Liebesbriefe,fyne,1,nah,unter,"Ich will dich weit weg, aber nah bei mir | Ich will dich weit weg, aber nah bei mir | Ich will dich weit weg, aber nah bei mir | Ich will dich weit weg, aber nah bei mir",0E4RbZN7VkxPugbvtLhiub
Die Sonne Scheint,KAFFKIEZ,2,"in, aus",,"Die Sonne scheint aus deinem Arsch in mein Gesicht | Dir geht's besser, während in mir was zerbricht | Die Sonne scheint aus deinem Arsch in mein Gesicht | Dir geht's besser, während in mir was zerbricht | Du hast unsre Wohnung in dem schönen Altbauhaus | Die Sonne scheint aus deinem Arsch in mein Gesicht | Dir geht's besser, während in mir was zerbricht | Die Sonne scheint aus deinem Arsch in mein Gesicht | Dir geht's besser, während in mir was zerbricht | Die Sonne scheint aus deinem Arsch in mein Gesicht | Die Sonne scheint aus deinem Arsch in mein Gesicht | Die Sonne scheint aus deinem Arsch in mein Gesicht | Die Sonne scheint aus deinem Arsch in mein Gesicht",37IlJq4E5cViaCUApA0Xp6
3 Uhr Nachts,Nina Chuba,1,in,,Drei Uhr nachts mit dein'n Girls in der Stadt | Pulver in der Blue Jeans und sie tanzt (Und sie tanzt) | Drei Uhr nachts mit dein'n Girls in der Stadt | Drei Uhr nachts mit dein'n Girls in der Stadt | Drei Uhr nachts mit dein'n Girls in der Stadt | Drei Uhr nachts mit dein'n Girls in der Stadt,3UYxIENAasKz3LVwOnTeLX
Hymne gegen euch,Provinz,1,in,,Denn deine Jungs geh'n in' Puff | Sind sie in Sicherheit | Hörst du die Schüsse in der Luft? | Denn deine Jungs geh'n in' Puff | Sind sie in Sicherheit | Hörst du die Schüsse in der Luft? | Denn deine Jungs geh'n in' Puff | Sind sie in Sicherheit | Hörst du die Schüsse in der Luft?,5eodOuMG2p2SfH87betM3X
HEIMWEG,Berq,1,in,aus,"Ich hab' dich ersetzt, dein'n Geruch und dein'n Platz in mei'm Bett | Der Platz in mei'm Bett gehört immer noch dir | Der Platz in mei'm Bett gehört immer noch dir | Dein Herz fällt tief durch die Brust in dein'n Bauch | Der Platz in mei'm Bett gehört immer noch dir | Der Platz in mei'm Bett gehört immer noch dir | Der Platz in mei'm Bett gehört immer noch dir",6nEigFDrOeqU0bDJbg51jJ
Ayurveda,Faber,1,aus,in,"Uuh, du gehst mir nicht aus dem Kopf | Und trotz Psychopharmaka, du gehst mir nicht aus dem Kopf | Uuh, du gehst mir nicht aus dem Kopf | (Du, du gehst mir nicht aus dem Kopf)",3idSirVFloe6YB7jraVSae
Armee der Tristen,Rammstein,1,in,,"Reih dich ein in unsre Bande | Hand in Hand, nie mehr allein | Hand in Hand, kein Blick zurück | Hand in Hand, nie mehr allein (Komm mit) | Hand in Hand, kein Blick zurück",514GW1c9Jn21KgZmO6mZIE
Mitte Zwanzig,Mayberg,1,vorne,mitte,Dann fangen wir von vorne an | Dann fangen wir von vorne an | Dann fangen wir von vorne an | Dann fangen wir von vorne an,1sJ3mOLaRQDVlvF9fqxIz6
Schlaflos,verifiziert,1,in,,"Golf oder City-Bike, spät in der Nacht | Flightmode, fahr' im Kreis, schlaflos in der Stadt | Steig' in den Golf, kein Ziel, egal | Golf oder City-Bike, spät in der Nacht | Flightmode, fahr' im Kreis, schlaflos in der Stadt | Steig' in den Golf, kein Ziel, egal, fahr' schnell, die Sicht verschwimmt nochmal | Golf oder City-Bike, spät in der Nacht | Flightmode, fahr' im Kreis, schlaflos in der Stadt",0ZHBPzpeKm5imaE0v81fnC
Nazis erschiessen,Yu,1,in,aus,"Armors Stein hat genau in den rot-schwarzen Fleck getroffen | Ich würd für dich in Cops baden und 'nen Tag lang im Kessel hocken | Ich hab' seit neustem Schmetterlinge in den Fäusten | Zuerst 'ne neue Welt bau'n, in der alle gleich sind",0lA9KMtcnmyBN9LDOC58uW
Vivaldi,Faber,1,aus,in,"Wolltest mich verführ'n von der Bühne aus | Komm, Baby, komm, Babe, schalt mal deinen Kopf aus | Pack mal dein'n Cock aus | Pack deine Flöte aus, ich schwör', ich spiel' Vivaldi drauf | Auch das Piccolo lacht niemand wegen seiner Größe aus",5Qt9nyg9UFZJ5iqFsKA4pM
Top,Faber,1,aus,in,"Babe, ich schau dich an und du siehst top aus | Baby  schau mich an und zieh dein Top aus | Ich schau dich an und du siehst top aus | Baby  schau mich und zieh dein Top aus | Ich schau dich an und du siehst top aus | Baby schau mich an und zieh dein Top aus | Ich schau dich an und du siehst top aus | Baby schau mich an und zieh dein Top aus",2P9OKiFiDDwHcMkdGVuqcd
Zu viel  nicht genug,SOFFIE,1,in,,"Für Zeit mit dir nehm' ich in Kauf, ja | Rauch in einer Stadt, in der sich jeder kennt | Und für einen Blick in deine Augen | Wenn mir die Worte fehl'n, ist in meinen Ven'n Endorphin",6ASKJH0Uam97httStG9YA5
Schalt mich an,SOFFIE,1,in,"hoch, aus","Bin zu hoch geflogen, in der Sonne verbrannt | Ich wusste, Funken, die fliegen, setzen alles in Brand | Bin zu hoch geflogen, in der Sonne verbrannt | Sag mir, wann ist wieder Land in Sicht, mh-mh-mh | Denn jetzt ist Wind, jetzt ist Sturm, jetzt bin ich in der Brandung | Bin zu hoch geflogen, in der Sonne verbrannt | Bin zu weit geschwomm'n, in den Fluten gefang'n | Dreh' ich mich in 'nem Kreis oder einer Spirale? | (Dreh' ich mich in 'nem Kreis oder einer Spirale?) | Dreh' ich mich in 'nem Kreis oder einer Spirale? | (Dreh' ich mich in 'nem Kreis oder einer Spirale?)",6VMdADCEGC7LbpIWpCXB8g
Mein Herz brennt,Rammstein,1,aus,"in, unter",Ich bin die Stimme aus dem Kissen | Hab' es aus meiner Brust gerissen | Sie kriechen aus dem Kellerschacht | Ich bin die Stimme aus dem Kissen | Ich bin die Stimme aus dem Kissen,5ArNGisLzrNOIVwWajRRdt
Rasendes Herz,okdanketschüss,1,in,aus,"Komm, verlieb dich in wen ander'n | Komm, verlieb dich in wen ander'n | Es setzt hinter sich alle Brücken in Brand | Es setzt hinter sich alle Brücken in Brand",29eXnzxpENGrWcMwc36eGN
Böses Mädchen,okdanketschüss,1,in,"aus, über","Erst in diesem, laufendem Schauer | Knutschst in der Suite mit 'nem Ölscheich | Kuscheln auf 'nem Eisbärfell in der Kajüte | Du willst dich nicht nur in Kohle wälzen | Sondern in echt ein Echsenmensch (Ähm)",3vSszwMK1J5CK0fnJFBdSM
Meine Kneipe,Von Wegen Lisbeth,1,in,,"Deine neuen Freunde in meine Kneipe | Geh in die Kirche, verkauf Aktien, verkauf Crack | Deine neuen Freunde in meine Kneipe | Deine neuen Freunde in meine Kneipe",5NBCRuSpMGY5ckTP6TfWDQ
Die blaue Katze,Florian Paul  Die Kapelle der letzten Hoffnung,1,aus,,Schläft die blaue Katze ihren Liebesrausch aus | Denn im Innenhof sind die Lichter und Kerzen schon aus | Schläft die blaue Katze ihren Liebesrausch aus | Sie spürt nur die Kälte und flieht aus der Stadt | Schläft die blaue Katze ihren Liebesrausch aus,13i4Ev5OcOIuquIy4q0kI9
Perplex,herbst,1,in,,"Ich glaub' ich bin in Not | In Not, in Not | Ich glaub' ich bin in Not | In Not, in Not | Ich glaub' ich bin in Not | In Not, in Not",1l6RdGLpQgfxx83tvpabgD
Das Beste,Emma Rose,1,in,"hoch, aus",Das Beste in mir bist immer nur du | Das Beste in mir bist immer nur du | Das Beste in mir bist du | Das Beste in mir bist immer nur du | Das Beste in mir bist immer nur du | Das Beste in mir bist du,5dholWRj5q0lQUxHS5hRWh
Radio,Rammstein,1,in,nah,Ich lass' mich in den Äther saugen | Ich lass' mich in den Äther saugen | Leise in die Hände singen | Ich lass' mich in den Äther saugen,5vZ4IeUenK2cHub2d7yfWk
Mann muss,Apache 207,1,in,,Ich rannte mal in ein brennendes Haus wie ein Feuerwehrmann | Mit so viel Kraft in den Arm'n | Und so viel Luft in der Brust | Mit so viel Kraft in den Arm’n | Und so viel Luft in der Brust | Mit so viel Kraft in den Arm'n | Und so viel Luft in der Brust,5lPVREGY9NlY4AGW82NIXb
Meine Couch,okdanketschüss,1,in,aus,Du stehst da in meinem Zimmer | Ich bin verliebt in meine Couch | Ich bin verliebt in meine Couch | Ich bin verliebt in meine Couch | Ich bin verliebt in meine Couch | Ich bin verliebt in meine Couch | Ich bin verliebt in meine Couch | Ich finde Kleingeld in den Ritzen,0BGRsgEOSuh2USZhgIisK3
Augen schwer,frytz,1,in,unter,"Es ist mitten in der Nacht, doch fühl' mich leicht, ja | Du kannst in mich reinseh'n, Baby, deine Blicke Laserschwerter | Und du siehst die Steine in mei'm Bauch | Es ist mitten in der Nacht, doch fühl' mich leicht, ja | Nehm' Ware von Übersee mit in deinen goldenen Käfig | Es ist mitten in der Nacht, doch fühl' mich leicht, ja",7Es5XYCmKaZSEqbhUwQM4O
sommernacht,Kasi,1,in,,"Und gestern Nacht, da war mir kalt, ich hab's in einem Text verpackt | Ich komm' mit Tetrapack und Rotwein in den Park | Bitte lass uns nochmal sein, so wie in dieser einen Nacht | Bitte lass uns nochmal sein, so wie in dieser einen Nacht",3DVzkUswIOPp9NqGP3LmdC
luna,JEREMIAS,1,in,"oben, nah, aus","Sie scheint in der Nacht, ja, jeder kann sie seh'n | Ich seh' Gesichter in 'nem Tunnel, alle schrei'n: | Sie scheint in der Nacht, ja, jeder kann sie seh'n | Sie scheint in der Nacht, ja, jeder kann sie seh'n",6PtHI6v10q0fMSidQ3unqj
Schlaf gut,Betterov,1,in,"oben, unten, hoch","Die Decke hier in meinem Zimmer bis zum Dach freigelegt | Kein Gedanke in dieser Zeit | Ich scrolle nach unten, immer in Richtung Unendlichkeit | Kein Gedanke in dieser Zeit | In dieser Stunde, in diesem Licht | In dieser Stunde, in diesem Licht | In dieser Stunde, in diesem Licht | Kein Gedanke in dieser Zeit | In dieser Stunde, in diesem Licht | In dieser Stunde, in diesem Licht | In dieser Stunde, in diesem Licht",7F1tsrQG6qkTU0J33oJULz
Rotkäppchen,Zartmann,1,in,,"Riechst du was in der Luft liegt? | Nimm einfach alles, wie viel passt in deinen Mund? | Riechst du was in der Luft liegt? | Doch dich in meinem Arm | Doch dich in meinem Arm | Riechst du was in der Luft liegt?",6JpaJctTqTob98rfmvHj3S
Spring,Provinz,1,hoch,"oben, in, aus, unter","Wenn wir fliegen, fliegen wir hoch, ich | Springen hoch, fallen hin (Spring) | Springen hoch, fallen hin (Ey, ey, ey) | Springen hoch, fallen hin (Spring) | Springen hoch, fallen hin (Ey, ey, ey)",3jUU4A528IZGwYIiCFpVPw
17 für immer,Provinz,1,in,"rechts, aus","Ey, deine Hand, sie ist in meinen Jeans | Ja, es ist Sommer in Italien | Ja, es ist Sommer in Italien | Hand in Hand bis an deine Tür | I just died in your arms tonight | Hand in Hand bis an deine Tür",2lOg1hXi5S8POyFgUC8HSY
24h,frytz,1,über,,"Bin ich jetzt über diesen sogenannten Berg oder was? | Denn ich bin über dich hinwеg (La, la, la, la) | Bin ich jetzt über diesen sogenannten Berg oder was? | Jetzt ich bin über dich hinweg (La, la, la, la) | Bin ich jetzt über diesen sogenannten Berg oder was? | Bin ich jetzt über diesen sogenannten Berg oder was? | Bin ich jetzt über dich hinweg? (La, la, la, la)",3HM9AnMuan4N9nWUsgxMjP
Sommer,JEREMIAS,1,in,,"Du lächelst und ich weine eine Träne in dein'n Schoß | Halt' mich fest in deinem— | Du lächelst und ich weine eine Träne in dein'n Schoß | Halt' mich fest in deinem Schoß | Well now really when we go back to falling in love | There is, in it, the idea of the fall",7blHW241nxMy339lX6B2x7
Stille,JEREMIAS,1,in,"hoch, aus",Ich hab' von allem viel zu viel und alles in mir will einfach nur raus | Ich seh' mich selbst in der Natur vor einem blüh'nden Haus | Zwölf Jahre später stehe ich in 'ner Kabine einer Clubtoilette | Ich sag' okay und zieh' den Hoodie tief in mein Gesicht,3sau7JOh37m3SNXeQyHY1U
Lieferandomann,Von Wegen Lisbeth,1,in,,Seinen scheiß Spinat in das Regal? | Für das kranke Tier in mir | Für das kranke Tier in mir | Für das kranke Tier in mir,5xmiBjGBbQyAtTvgH0fByG
Gegenteil von Glück,Paula Hartmann,1,in,,"Ich reiß' ein Loch in mein Leben mit dem Umriss von dir | Hoff', dass du in unsre Scherben trittst | Hoff', dass du in unsre Scherben trittst | Feuerwerk in mei'm Gesicht",6hHrfh59hQJyfxGjGtMQ0h
Kippenautomat,Kraftklub,1,in,,Da sind kaum noch Tags und Scratches in den Scheiben dieser Bahn | Doch jedes Glas in dieser Bar | Jeder Strauch in diesem Park | Denn jedes Glas in dieser Bar | Jeder Strauch in diesem Park,2BZ8hZDDjpvxa8d1ZESzil
Clown zum Freak,JEREMIAS,1,in,"aus, unter","Alles in mir brennt, ich glaube, ich hab' Fieber | Bisschen so wie in 'ner anderen Welt | Das ist ein Traum in 'nem Dorf, wir sind zu viert | Das „Vielleicht“ in mei'm Kopf, das ist viel zu groß | Lass mich allein, in der Masse geh' ich unter",2Xam1sL5Mkib0UPCHX75KM
So lang gewartet,herbst,1,in,"oben, nah","Hab' Angst vor dem, was kommt mich in mei'm Sein stoppt | Weiß nicht, wohin mich's führt, mich in dеn Abgrund stürzt | Immer wieder in den Gruppen, die ich gar nicht mag | Reden von Drogenbusiness in dem sie Erfolge haben | Die Reichweite finden, um mich in Zahlen zu verlieren",2KYjBisHqkeqRaHYJgYkYi
GLD,Yunus,1,in,,I was down in the dirtie i swear to god i had nuthin | Back in my city im pablo tryna hup in that lambo... | I was down in the dirtie i swear to god i had nuthin... | Back in my city im pablo tryna hup in that lambo... | I been cooking in  the kitchen  and they beeen hatin ey been scheming,6ZuBdYeF4hDOv81YbtH14J
Milano,okdanketschüss,1,in,,"Wenn in der Kleingartensiedlung der Strom ausfällt | Ist der Moment gekomm'n, in dem dein Herz schreit | In meinem Casa in der Lombardei | Von dieser Stadt red' ich in höchsten Tönen | Ich bin in Milano",4oflCTFHTdImVQ77v48hPr
Sara,Provinz,1,in,,"Willst du noch in die Ferne, mit Köpfer in das Wasser? | Willst du noch in die Ferne, mit Köpfer in das Wasser? | Willst du noch in die Ferne, mit Köpfer in das Wasser?",5bvYRm3ycI3Q1O8DKhLFzD
wir habens überlebt,Zartmann,1,in,aus,"Schlachtfeld in den Straßen, mein Hеrz macht kurz ein'n Satz | Ja, kurz 'ne Flasche geklaut und dann raus in die Prärie | Wir knall'n Korken in Gedenken an die | Trän'n in mein'n Augen, hoff', euch geht es gut, wo ihr liegt, also",4N2xigWIV1NWcMe6HRdalt
Hurra die Welt geht unter,KIZ,2,"in, aus",unter,"Allerdings hatte der Song schon am 25. Juni 2015 auf dem Kosmonaut Festival 2014 seine Weltpremiere wie man in diesem Liveblog erkennt: | Beim Barbecue in den Ruinen der Deutschen Bank | Vogelnester in einer löchrigen Leuchtreklame | Weißt du noch, als wir in die Tische ritzten, in den Schulen | Und wir kochen unser Essen in den Helmen der Soldaten | Komm, wir fahren in den moosbedeckten | Dieses Gefühl, als in den Flamm'n unsre Pässe schmolzen? | Heut Nacht denken wir uns Namen für Sterne aus (Sterne aus) | Der Kamin geht aus, wirf ma' noch 'ne Bibel rein | Seh'n aus, wie wir wollen, haben Sex, wie wir woll'n | Ja, jetzt ist es wieder aus",3NIDOSThELMihLSOMZcL4k
Side Btch,Lara Hulo,1,in,hoch,"Mitten in der Nacht sitzen wir in deiner Küche | Ich mag gernе deine Lippen, mеine Hände in dein'n Haar'n | Von der Küche auf dein Sofa und dann in dein Bett | Wegen dir in noch 'n Loch rein fall'n | Ich mag gerne deine Lippen, meine Hände in dein'n Haar'n | Von der Küche auf dein Sofa und dann in dein Bett | Wegen dir in noch 'n Loch rein fall'n",1IlD9Pgw9s77UrUBfteqWM
Amicelli,Pavelo  Schnell,1,in,unter,Halt mich in deinem Arm | Ich nehm' den Ring in die Hand | Hab' dich noch immer gespeichert in meinem Handy | Hab' dich noch immer gespeichert in meinem Handy,3yuHT1CFZyIqSlkk6ZHOjf
Tote Tauben,Chapo102,1,in,"aus, unter","Hackedicht, ich lächel' in den Spiegel, doch bin schlecht drauf | Ich bin 'ne Drecksau, wenn ich in Kneipen Woddi saufe | Alle in der Kneipe, außer mir, wissen, sie liebt mich nicht | Doch bin nie weiter weg als in die nächste Bar gekomm'n",7BOJBPrU9jqnnSp0BWKZjd
Von hier an blind,Wir sind Helden,1,in,,"Zwischen zwei Fragen in der Lücke zwischen zwei Tagen blieb | Nahm den Wagen und ging vor ihm in die Knie | Vor zwei Tagen ging der Wagen in die Knie | Ich und mein Magen und der Kopf in mei'm Kragen liefen | „Gib dich geschlagen und geh endlich in die Knie“ | Setzte die Pause neue Flausen in mein Ohr, und ich",6XYydpbZMrgQbZdv5J31oU
mir gefällt,frytz,1,in,aus,Komm' in das Game auf entspannt | Komm' in die City vom Land | Komm' in das Game auf entspannt (Yup) | Hab' den Lenker in der Hand (Pew),1kk3jen27YGQqdhtNT9jAW
Mambo  40Bochum,JEREMIAS,1,in,,Es dröhnt in meinen Ohren | Es dröhnt in meinen Ohren | Es dröhnt in meinen Ohren | Es dröhnt in meinen Ohren,6xpuniuA3p9cNic7fnMGTp
Wenn ich liebe,Siggi,2,"oben, hoch","unten, nah, in, aus","Irgendetwas zieht mich immer runter, wenn ich oben bin | Irgendetwas zieht mich immer runter, wenn ich oben bin | Irgendetwas zieht mich immer runter, wenn ich oben bin | Irgendetwas zieht mich immer runter, wenn ich oben bin | Immer wenn ich kurz zu hoch geflogen bin | Kurz hoch und wieder runter wie so'n Flug von Wien nach München | Immer wenn ich kurz zu hoch geflogen bin | Immer wenn ich kurz zu hoch geflogen bin | Immer wenn ich kurz zu hoch geflogen bin",3H5BfyY0AcgvMbI4O8pHRz
Tommi,AnnenMayKantereit,1,in,vorne,"Hier in der Bahn die Spree seh'n kann | Alle in Kölle jebore sin | Alle in Kölle jebore sin | In der Stadt, in der wir jung und dumm war'n | Alle in Kölle jebore sin | Alle in Kölle jebore sin | Alle in Kölle jebore sin",4aFIMli7GhMfRXdR17UjlA
Alle Fragen,AnnenMayKantereit,1,in,,Du fährst in die Heimat | Du fährst in die Heimat | Du fährst in die Heimat | Du fährst in die Heimat,1e3wKpsmH8fcdLaDNn7OGu
Schlagschatten,AnnenMayKantereit,1,aus,,Nur aus dem Fenster geschaut | Warum laufen die Tränen aus meinen Augen | Warum laufen die Tränen aus meinen Augen | Warum laufen die Tränen aus meinen Augen,1Fj80aQLSpbKhNkA2MDLPG
Generation YouPorn,Faber,1,in,aus,"Generation YouPorn, doch du springst nicht nackt in See | Fliegst nach Lima in den Urlaub | Schießt dir in den Kopf mit deiner Kleinlichkeit | Mit dem Auto in Bioladen kaufst du regional",0JWWONWErvsmlAQUgAhEjO
Zukunft,AnnenMayKantereit,1,in,,Ich kann nich' in die Zukunft schau'n | Nur in die Vergangenheit | Ich kann nicht in die Zukunft schau'n | Nur in die Vergangenheit,2yI3NNFLbKskIBpGuiANjV
Irgendeine Nummer,Kraftklub,1,in,,"Vielleicht nimmst du dir nochmal Zeit und denkst in Ruhe drüber nach | Vielleicht nicht nächsten Monat, doch bestimm in ein-zwei Jahren | Dann bist du nur noch irgendeine Nummer in meinem Telefon | Du bist nur noch irgendeine Nummer in meinem Telefon | Direkt vor mir an der Theke mit der Zunge in seinem Mund | Du bist nur noch irgendeine Nummer in meinem Telefon | Du bist nur noch irgendeine Nummer in meinem Telefon | Du bist nur noch irgendeine Nummer in meinem Telefon | Du bist nur noch irgendeine Nummer in meinem Telefon",6m1H18rTtKtmsun2x7VZu9
König der Nachbarschaft,ENNIO,1,aus,in,"Du rastest aus und sagst, du willst noch zieh'n | Ich brech' aus und schreie laut | Lichter aus im Hinterhaus | Ich brech' aus und schreie laut | Deine Eltern rasten aus, weil du ziehst | Ich brech' aus und schreie laut | Lichter aus im Hinterhaus | Ich brech' aus und schreie laut | Ich brech' aus und schreie laut",5NN5yCExaaQdYLWXWQ9d65
fremdknutschen,anaïs,1,in,,"Du kommst in den Raum, sofort Feueralarm | Du bist so perfekt in meinem Kopf | Weil in mei'm Kopf geh' ich schon viel zu, viel zu, viel zu weit | Ein Wodka-Soda zu viel und ich schmelze wie Eis in mei'm Glas | Safe benutzt du Duschgel drei in eins | Weil in mei'm Kopf geh' ich schon viel zu, viel zu, viel zu weit",74jHaJ6g2IVxQtwchMLVxN
Vermissen feat Henning May,Juju,1,in,aus,Steige wieder in den Tourbus und ich riech' an dein'm Shirt (Shirt) | Wie ich dich in diesem scheiß Augenblick? | Wie ich dich in diesem scheiß Augenblick? | Ich häng' besoffen ab in irgendwelchen Bars | Wie ich dich in diesem scheiß Augenblick? | Wie ich dich in diesem scheiß Augenblick?,1SSzM044DUbVpYNNHWIhYJ
SEX UND LIEBE,Paula Carolina,1,in,"aus, über",Rutscht mein Herz in meine Hose | Das geht richtig in die Tiefe | Rutscht mein Herz in meine Hose | Das geht richtig in die Tiefe,5odLD1t5L2VF5UgYOypjFY
Drei Uhr Nachts,Mark Forster,1,in,"aus, unter","Ganzen Namen in meinem Handy | Dann wirst du manchmal in mir 'n bisschen blass | Ganzen Namen in meinem Handy | Ich geh' wieder unter Leute, ich brauch' Luft in meiner Lunge | Ganzen Namen in meinem Handy",6NMA5MsBDOqwQuVT3IbwNj
Tut mir nicht leid,herbst,1,in,,"Sag, ist der Schmerz tief in meiner Brust | Sag, ist der Schmerz tief in meiner Brust | Sprichst von dir und mir in ferner Zukunft, darauf kann ich mich freu'n | Doch frag' ich dich, was wir sind, macht's Shutdown in dei'm System | Sag, ist der Schmerz tief in meiner Brust | Nimmst mich in Arm, küsst meine Wangen | Wie kann man so eiskalt sein? Dein Herz lebt in der Eiszeit | Nimmst mich in Arm, küsst meine Wangen | Wie kann man so eiskalt sein? Dein Herz lebt in der Eiszeit",09xobCb1XP0zy52Gwifir9
1996,RAR,2,"in, aus",nah,"Ich seh' mich in deinen Augen | Ich seh' mich in deinen Schmerzen | Ich spür' es in meinem Herzen | Sitz' in meinem Kinderzimmer wie auf Acid, alles dreht sich | Ich tauch ab in den Tag | Ich schau in die Vergangenheit wie ein distant viewer | Ich seh' mich in deinen Augen | Ich seh' mich in deinen Schmerzen | Ich spür' es in meinem Herzen | Ich seh' mich in deinen Augen | Ich seh' mich in deinen Schmerzen | Ich spür' es in meinem Herzen | Dein Himmel sieht anders aus | Ich lieb dich, ich breche aus | Dein Himmel sieht anders aus | Ich lieb dich, ich breche aus",1FQ20CihLeBuPUlpJiQXgQ
Seelenruhig,JAS,1,in,,"Hab' mich getäuscht in deiner Liebe, unsrem Glück | Herz in Trümmern, leere Augen | Bin ich der Fehler in dei'm System oder das Puzzleteil, was fehlt? | Herz in Trümmern, leere Augen",2wfJuxPSkgoBeghpPX7IsB
HALTDEINMAUL,Haller,1,aus,oben,"Halt dein Maul, ich blend' dich aus | Sehe viel zu fresh aus auf dem Weg zur Kita | Halt dein Maul, ich blend' dich aus | Halt dein Maul, ich blend' dich aus",1H8rHfjnlDYiTNzGqV3oGp
Wenn Blätter fallen,JEREMIAS,1,aus,,Ich denk mir Sachen aus | Erzähl Geschichten aus der Welt | Die ich mir aus der Kehle schrei | Die ich mir aus der Kehle schrei | Ich denk mir Sachen aus | Erzähl Geschichten aus der Welt,01EarvP5TaP2tiNlbqOIoS
gefühlskalt,jaschu,1,in,"innen, unter","Das schwarze Wasser fesselt mich und zieht mich in die Tiefe, ah | Und ich sinke in die Tiefe | Bitte, bitte, schau mir nicht in meine Augen | Durch das Loch in meiner Brust weht ein eisiger Wind | Alle andern Emotionen in mir zittern bestimmt",12wfNMh4y6Z7MxhofYNIrl
istdasalles,lönneberger,1,in,"hoch, aus","Scheißegal, die Zukunft liegt eh schon lange in Scherben | Erfolgreich in den Menschen Hass geschürt | Hallo, willkomm'n, mach's dir gemütlich in dei'm Hamsterrad | „Die Ausländer sind schuld“, sagt der in mein Gesicht | Erfolgreich in den Menschen Hass geschürt | Mit Work-Life-Balance und Vier-Tage-Woche lässt sich der Wohlstand unseres Landes, den wir heute haben, in Zukunft nicht erhalten und deswegen müssen wir mehr arbeiten | Applaus von den Firmenchefs und Wirtschaftsvertretern in Halle",4fsHnEIFRKi7TZ8ya2W4U6
Maschinenmensch,RAR,2,"in, aus",,"Ich kann nichts fühlen, hab' nur Draht in der Brust | Starre Schritte in die Nacht | Gehöre nicht in die Natur | Starre Schritte in die Nacht | Schraub' mir die Augen aus den silbernen Höhlen | Reagiere wie aus Eisen | Schraub' mir die Augen aus den silbernen Höhlen | Reagiere wie aus Eisen",68ApfTNCTJirZMApkctTTe
Vielleicht,jaschu,1,in,,Vielleicht war ja dieser Druck in meiner Brust | Vielleicht war ja dieser Druck in meiner Brust | Vielleicht war ja dieser Druck in meiner Brust | Vielleicht war ja dieser Druck in meiner Brust,6SdNtgmRMqLORL388GtIw4
Mandala,Liaze,1,in,unten,"Damals war das alles noch in meiner Fantasie ausgemalt wie Mandala | Heut lass' ich mit Brüdern ein paar Racks in der Boutique, Dicka, irgendwo in Amsterdam | Pust' ich für ein'n wolkenfreien Himmel einfach Wolken in den Himmel (Phu) | Damals war das alles noch in meiner Fantasie ausgemalt wie Mandala | Heut lass' ich mit Brüdern ein paar Racks in der Boutique, Dicka, irgendwo in Amsterdam | Smoken heute Cali-Strains in irgendeiner Suite, früher Stanni auf der Bank im Park | Heute find' ich sie nur noch ganz unten in der Prada Tasche (Ja) | Damals war das alles noch in meiner Fantasie ausgemalt wie Mandala | Heut lass' ich mit Brüdern ein paar Racks in der Boutique, Dicka, irgendwo in Amsterdam | Smoken heute Cali-Strains in irgendeiner Suite, früher Stanni auf der Bank im Park",5AWt5AhNDKYUUQh8JgqA1N
4 Uhr,jaschu,1,in,oben,"Eine Hand an deiner Hüfte, eine Hand in deiner Hand | Es riecht nach Regen in der Nacht | Eine Hand an deiner Hüfte, eine Hand in deiner Hand | Eine Hand an deiner Hüfte, eine Hand in deiner Hand",5AHSgn5YA32xPTM0Tlhxkv
Unbequem,jaschu,1,in,über,Irgendwas in meiner Brust tut weh | Mitten in mei'm Herz tut's weh | Mitten in mei'm Herz Pfeile | Irgendwas in meiner Brust tut weh | Irgendwas in meiner Brust tut weh,4z5HVYYNapQZajh4jA0UyP
Nachtbus,jaschu,1,in,,"Keine Angst mehr in mir | Keine Angst mehr in mir | Glaub', da heilt irgendwas in mir | Keine Angst mehr in mir | Glaub', da heilt irgendwas in mir",7KGorm6PPaGm786knkyzrn
Am Ende dieses Lieds,ENNIO,1,in,nah,Nur in meiner Fantasie stirbt unsre Hoffnung nie | Nur in meiner Fantasie gehen wir unendlich tief | Nur in meiner Fantasie stirbt unsre Hoffnung nie | Nur in meiner Fantasie gehen wir unendlich tief | Nur in meiner Fantasie stirbt unsre Hoffnung nie | Nur in meiner Fantasie gehen wir unendlich tief,0EhfipW0dxhg0bESywNyAp
Fast vergessen,Dominik Hartz,1,in,aus,Jetzt ist dein Lächeln in mei'm Gesicht | Jetzt ist dein Lächeln in mei'm Gesicht | Jetzt ist dein Lächeln in mei'm Gesicht | Jetzt ist dein Lächeln in mei'm Gesicht | Jetzt ist dein Lächeln in mei'm Gesicht,0rnU64SEFpchNbDFlghgqu
Loser,Yu,1,in,"aus, über","Ich lieg' schon wieder drunk in Straßenbahn'n, ja | Ich lieg' schon wieder drunk in Straßenbahn'n, ja | Ich lieg' schon wieder drunk in Straßenbahn'n, ja | Ich verliebe mich in jeden und lass' den dann nicht mehr los",32EldyIfS0pCgs78XQuDT7
Deine Mama hat dich wohl nie geliebt TW,Marisabelle,1,in,,"Mein Lieblingssound der Bruch in deinem Genick | Wenn sie sich weit wegsetzt in der Bahn | Du nennst es Liebe, doch du tust sie in ihr Glas | Mein Lieblingssound der Bruch in deinem Genick",0w99Hw1W8KvKCtjiGsDZmt
Wie Ein Echter Mann,OK KID,1,in,rechts,"(Ich zeige dir in fünfunddreißig Sekunden, wie du zu einem echten Mann wirst) | Gehen zum weinen in den Keller | (Echte Männer sind rechts) Da tickt 'ne Bombe in der DNA | Fühlt sich an wie Dynamit in der Brust | Doch irgendwann nehm'n wir das Herz in die Hand | Feuchte Augen, Arm in Arm, bis die Lerche singt | Echte Männer singen „Heal the World“ in CIS | Fühlt sich an wie Dynamit in der Brust | Doch irgendwann nehm'n wir das Herz in die Hand",2BJjVCZBrXvmfiwBfUhrZV
hello sunshine,Katha Pauer,1,in,,"Tief in Moabit und ich frage mich: „Wie geht das?“ | In den Krall'n, die ich hab', du ziehst dafür in die Stadt | Du zeigst mir, dass du siehst, was keiner in mir sieht | In den Krall'n, die ich hab', du ziehst dafür in die Stadt",0AbX5Xi6d6kGmdpZFovSrY
Nichts mehr mit ENNIO,KITSCHKRIEG,1,in,,Wieso ist da nichts mehr in deinem Blick | Wieso ist da nichts mehr in deinem Blick | Komplett in dir gefangen und völlig abgehoben | Wieso ist da nichts mehr in deinem Blick | Wieso ist da nichts mehr in deinem Blick | Komplett in dir gefangen und völlig abgehoben | Wieso ist da nichts mehr in deinem Blick | Wieso ist da nichts mehr in deinem Blick,0ImPqxZWjyUg5xXs6lruMb
carcassonne,elimako,2,"in, aus",,"Ich muss lern'n, aber du bist in mei'm Kopf | San Pellegrino in der Hand | Granadilla in der Tasche | Ja, du bist in mei'm Kopf | Ja, du bist in mei'm— | (Du bist in mei'm—) | Ziehst mich an, ich zieh' dich aus | Damn, du siehst gut aus | Bring mich aus dem Konzept | Mach mich an, zieh mich aus | Damn, du siehst gut aus | Damn, du siehst gut, gut aus | Damn, du siehst gut, gut aus (Ich muss ständig an dich denken)",3BXOQ4VvoQ5T5CuqLYHLoh
Vienna,YUNG SAINT PAUL,1,in,,"Mach' ein'n Stopp in Vienna | Hab's mir so gewünscht und dann ist in echt passiert, yo | Ich bin ein guter Mensch in meinem Herz | Hab's mir so gewünscht und dann ist in echt passiert, yo",1Lf5ZA2ITqtoo0w6qAGfxj
Camilla,YUNG SAINT PAUL,1,in,"aus, über, unter","Kenn sie seit Sommer '19 in Mailand | Ihr Onkel ist gefürcht' in der ganzеn Stadt | Weil es kann passier'n, dass sie den Laden in Brand setzt (Ha) | Besser mach dir zwei Schluck Rum rein in dein'n Kaffee, weil anders erträgst du das nicht (Ha)",4IgsV4j9x88UgXTiYSzMK5
Duftkerzen,Jassin,1,in,,"Das Kind in mir ist bisschen verwirrt von sich | Du liegst zuhause in dei'm Bett, wartest auf ein neues Leben bei Candy Crush, ja | Die Welt kann untergeh’n, solang die Sonne scheint in unsren Straßen, ja | Ich leg' mir ein’n Filter vor die Welt, pack' den Filter in das Pape und paff' | Du liegst zuhause in dei'm Bett, wartest auf ein neues Leben bei Candy Crush, ja",3AMisMCfVYI1UAIXICs4eK
Serpentinen,FRISO,1,in,aus,"Ich schau' in den Raum | Doch der Bass in diesem Raum ist unglaublich laut, ah | Fahr' auf deine Wang'n zu, in Serpentin'n vorbei | Fahr' auf deine Wang'n zu, in Serpentin'n vorbei | Fahr' auf deine Wang'n zu, in Serpеntin'n vorbei | Auf deine Wang'n zu, in Serpentin'n vorbei | Fahr' auf deine Wang'n zu, in Serpentin'n vorbei | Fahr' auf deine Wang'n zu, in Serpentin'n vorbei | Fahr' auf deine Wang'n zu, in Serpentin'n vorbei",3vD832LKUskbgpZGr78EKK
Neu verliebt,Pablu,1,in,,"Ja, du hast Sand in den Haar'n und die Sonne im Gesicht | Ich verlieb' mich neu (Mich neu) in diesen Ort und dich (Und dich) | Ich glaub', in diese Idee hab' ich mich verliebt | Ich verlieb' mich neu (Mich neu) in diesen Ort und dich (Und dich) | Ich glaub', in diese Idee hab' ich mich verliebt",3yb9jwPk1G3lfXVZtgwcN5
Bad Trip,Luka Blau,1,in,,Big da bad gyal in a real life back no Tinder | Hotter than lava anytime you run in winter | Big da bad gyal in a real life back no Tinder | Hotter than lava anytime you run in winter,7zDZzeB7vFDXScRfczbOEn
Wieso,Magda,1,in,,Warum tut's gut in die Sterne zu schau'n? | Woher die Wärme in meinem Blut? | Warum tut's gut in die Sterne zu schau'n? | Es tut gut in die Sterne zu schau'n,5EVTMTPMNTyKQg55hVOhqF
Girl Boss feat Alice Go Dream Wife,Blond,1,in,,"Looks like he's in another world | Live in dreams, Sunday Girl | Looks like he's in another world | When I saw you again in the summertime",0bcB1Cj7C6Nj92Vt1Bbxe7
Match,Blond,1,in,,Ich bin durchaus in der Lage Gefühle zu zeigen | Ihr macht Pärchenurlaub in Ungarn oder Fehmarn | Wäre ich in 'ner Beziehung dürfte ich da vielleicht mal mitfahren | Ich und Ich leben in perfekter Harmonie,4GnMTpqR1LVDdE18XWZ2lR
Du und Ich,Blond,1,in,,Wochenende in der Diskothek | Du und ich bis in den Tod | Du und ich bis in den Tod | Du und ich bis in den Tod | Du und ich bis in den Tod | Du und ich bis in den Tod | Du und ich bis in den Tod,1mIXsr8Kq3lEJt47UdQqfY
Junkie,Yu,1,in,,"Bad Bitch, pull' up in 'nem Bentley in rot | Bad Bitch, pull' up in 'nem Bentley in rot | Sie hat sich in den Falschen verliebt | Bad Bitch, pull' up in 'nem Bentley in rot",421pMbVNbXVDtSzNynVlop
Beautiful Girl,Luciano,1,in,"links, rechts","(Beautiful girl) Dream in Person, hab' mein Beautiful Girl im Blick | (Beautiful girl) Dream in Person, hab' mein Beautiful Girl im Blick | Mein Beautiful Girl bis spät in die Nacht | (Beautiful girl) Dream in Person, hab' mein Beautiful Girl im Blick | (Beautiful girl) Dream in Person, hab' mein Beautiful Girl im Blick",2XRn6Qu0Wd1KvOND8JbaTx
Bamba feat Aitch  BIA,Luciano,1,in,,"Draped in cash (Hahaha) | Look, I squeeze five tings in the backseat, if we get chased then I'm takin' laps (Skrrt, skrrt) | '016 got you tax-free, now I can't say what I paid in tax, huh (Shh) | And I might just buy her a bag, depending what mood I'm in (Okay) | Got my head down, put in the work, so wet, she makin' me lose my grip (Woo) | I'm givin' glam in my mugshot (Ayy) | They tryna put me in wedlock (Uh) | I got his head in a leg lock (Uh) | I got enemies in my yard | I got Hennessy in my system | But I ride with faith in God | I got enemies in my yard | I got Hennessy in my system | But I ride with faith in God | Aura majestic, Gyal, stepp' in den Club dominant, ah (Boss) | Aura majestic, Gyal, stepp' in den Club dominant (Ah) | Ohne Skandal in den Top-Ten-Charts | Thottie locate in the suite, five stars | Body im Shape, deine Girls in love | Guck, she slides in my messenger | Wenn sie mich sieht, dann in Foreign Cars",7nFJSfGvvV0WjatTZN6QYi
West Connect feat Central Cee,Luciano,1,in,,"Diamond in the rough, but I come out the mud | Head first, whole body was covered in dirt | You see the results when you put in the work | Fraud man sat in the internet caf'",4OGb9JY7pPEElDGwulYOBB
Frau aus dem Libanon,Mudi,1,in,aus,"Mitten in Beirut gibt's eine Frau, die einen Kurden liebt | Zwanzig Jahre alt, frisch verliebt in einem fremden Land | Zusammen waren sie in Mekka, er hat es ihn' bewiesen | Hilft ihrer Familie in Libanon, schickt Geld rüber",3Ca72x9BRjHI716aKQF8tw
Normal,Hava,1,in,,"Baby, ich wart’ auf dich in 'nem Luxuswagen | Mademoiselle in Weiß, can you be my Valentine? (Salut) | Baby, ich wart' auf dich in 'nem Luxuswagen | Baby, ich wart' auf dich in 'nem Luxuswagen",3pyZgbg3uC8NlBQ3E81zlb
2011,Dardan,1,in,,"Doch immerhin hast du mein'n Merch in deinem Zimmer drin | Denn dieses Messer in mein' Rücken zieh' ich raus, sie hab'n mich verkauft | So viel Para in den Händen, lebe für den Augenblick | Zivis dreh'n Runden, Augenringe in mein' Spiegelbild | Als ich dir das letzte Mal in dein Gesicht sah, Babe (In dein Gesicht sah, Babe, Babe, Babe) | Da sah ich alles in dein'n Augen, aber dich fand ich nicht (Aber dich fand ich nicht)",44IkrAeQhRxZpuyshIeVEW
Pistoleta,Olexesh,1,in,,"Mach' Massari in der Discoteca, weiß, was du brau-au-auchst | Mach' Massari in der Discoteca, weiß, was du brau-au-auchst | Stimmen in mein' Kopf, oh, fatigué | Wartet in der Zelle auf Kommando | Mach' Massari in der Discoteca, weiß, was du brau-au-auchst",7ciTcePUxWjBbaouXk7Bvf
Baile feat Amo Haaland936  Kauta,Rap La Rue,2,"aus, unter",in,"Hol' das Accessoire aus mein' Apartment | Hol' das Accessoire aus mein' Apartmеnt | Hol' das Accessoire aus mein' Apartment | Hol' das Accessoire aus mein' Apartment | Hol' das Accessoire aus mein' Apartment | Hol' das Accessoire aus mein' Apartment | Mix' unter der Sonne vier Varianten | Baile, die Sonne geht unter, der Himmel bordeaux-lila | Baile, die Sonne geht unter, der Himmel bordeaux-lila | Baile, die Sonne geht unter, der Himmel bordeaux-lila",6p5snXqHBtG6rjO7bwiGZT
Egal,Rap La Rue,2,"in, aus",nah,"Du warst in 'nem Käfig gefang'n | Keine Gefühle, nah, dein letzter Tanz, komm, nimm's in Kauf | Ich fahr' nachts in die Stadt | Ich seh' dir tief in die Augen, doch seh' nix | Gefühle taub, mein Kopf ist aus, dir war's egal (I-it's Jazouli, baby) | Gefühle taub, mein Kopf ist aus | Gefühle taub, mein Kopf ist aus | Gefühle taub, mein Kopf ist aus | Gefühle taub, mein Kopf ist aus",6zF5LE8eK9Bf98UwLVe8Du
Substanzen feat Aymen Jiyo  ilo 7araga,Rap La Rue,1,in,unter,"Vier Substanzen in der Blutbahn, lass uns tanzen (La-la-la) | Sukur knall' ich in die Kamera | Sie will mit mir feiern, doch ich will nur in ihr Kleid rein | Vier Substanzen in der Blutbahn, lass uns tanzen (La-la-la) | Viele Substanzen in der Blutbahn, lass uns tanzen (La-la-la)",1EypcNrXUoHSv6siw5FNPi
Blue Porsche feat Niska,Luciano,1,in,aus,"Komm an Bord in mein' Babyblue Porsche (Blue Porsche) | Leb' gesund, ah, Body top in Form (Uh-uhh) | Fühl' mich gut in mein' Babyblue Porsche (Blue Porsche) | An meiner Seite sieht sie gut aus in Los Angeles (Méchant, méchant) | Confident in mein' Ocean-Blue Porsche (Vroom, vroom) | Komm an Bord in mein' Babyblue Porsche (Blue Porsche) | Leb' gesund, ah, Body top in Form (Uh-uhh) | Fühl' mich gut in mein' Babyblue Porsche (Blue Porsche) | An meiner Seite sieht sie gut aus in Los Angeles (Méchant, méchant) | Confident in mein' Ocean-Blue Porsche (Vroom, vroom) | Auf mei'm Weg in Richtung Heaven | Leb' in den Tag, ich dank' dir, Gott | Mein Porsch' in Garage babyblue (Boh, boh) | Komm an Bord in mein' Babyblue Porsche (Blue Porsche) | Leb' gesund, ah, Body top in Form (Uh-uhh) | Fühl' mich gut in mein' Babyblue Porsche (Blue Porsche) | An meiner Seite sieht sie gut aus in Los Angeles (Méchant, méchant) | Confident in mein' Ocean-Blue Porsche (Vroom, vroom)",3gOVMei7c4BD6oIfed24dc
GHETTOGIRL,CAPO,1,in,,"Du bist mein Ghetto-Girl, aber wieso gehst du raus in die Welt ohne mich? | Muss ich fünfzehn Jahre Knast jetzt in Kauf nehm'n | Blockpanorama, in mei'm Kopf ist schon wieder nur Drama | In der letzten Zeit warst du bis in die Nacht unterwegs | Ich hab' sie geliebt, doch in diesem Moment frag' ich: „War es das wert?“ | Und ich bete zu Gott in der Nacht",3idbCPumlga23rxFA08fZE
cOcO MAmA,Dardan,1,in,aus,"Coco Mama, steig in meinen Benz in weiß | Coco Mama, steig in meinen Benz in weiß | Coco Mama, steig in meinen Benz in weiß | Coco Mama, steig in meinen Benz in weiß",0oOPa0AlLnjCO6eci0HIdH
D A YYY T O N A,Dardan,1,in,,"Guck, ich komm' vorbei in 'nem Range Rover (Range Rover) | In 'nem Range Rover, in 'nem Range Rover (Oh) | Die Tommy-Gun trage ich in meinem Mantel (Ey) | Bevor uns die Cops seh'n rein in die Kapseln, okay | Guck, ich komm' vorbei in 'nem Range Rover (Range Rover) | In 'nem Range Rover, in 'nem Range Rover (Range Rover) | Guck, ich komm' vorbei in 'nem Range Rover (Range Rover) | In 'nem Range Rover, in 'nem Range Rover (Range Rover) | Guck, ich komm' vorbei in 'nem Range Rover | In 'nem Range Rover, in 'nem Range Rover",5Bj9rLRVpf5xxQwhlyOOeh
Nautilus,Shindy,1,in,"oben, aus","Papi-Pap ist in da Club, im Pelz so wie Puff | R&B Thug und Popstars sind in love | Und sitze nicht in Jurys rum für ein paar hundert K | La-da-da-da-da-da, ich bin up in smoke | La-da-da-da-da-da, ich bin up in smoke | Shadow Blue Frost Fox in der Garderobe | La-da-da-da-da-da, ich bin up in smoke | La-da-da-da-da-da, ich bin up in smoke",4qOTcNt9fUBA1PhA2VFg8W
Alors feat CAPO,Kurdo,1,in,aus,"(Mamacita, bleibst wieder in mein' Kopf häng'n) | Mamacita, bleibst wieder in mein' Kopf häng'n | Mamacita, bleibst wieder in mein' Kopf häng'n | Beim zweiten Ma' am selben Tag hast du mir tief in die Augen geblickt | Mamacita, bleibst wieder in mein' Kopf häng'n",0zBOXwDbCEM0Wbx3rqVdQb
Baddies,Aitch,1,in,"hoch, vorne, aus","So viel Baddies sind in the club | So viel Ladys sind in the club | I had your sis in my whip and your babes in the house (Woah) | You can go and get dressed in Dior (Ah-ah, bombaclaat, ja, ja) | So viel Baddies sind in the club | So viel Ladys sind in the club | Heb' ab, in Europa Top Ten, no cap | So viel Baddies sind in the club | So viel Ladys sind in the club",66Bup3CXgRRl8z91EDHUIf
VEMPA,FOURTY,1,in,,"Gestern hat sie noch in Chemnitz gechillt | Sag mir, ist das Love in the Air oder was für nebenher? | Wir fahr'n besoffen in mein Hotel | Sag mir, ist das Love in the Air oder was für nebenher?",3pPMgoouYtezLiBTEeL9be
Kinder deiner Sonne,Lune,1,in,"nah, aus","Frau'n geschmückt in Henna und Gold, ich lieb' dein'n Staub in mein'n Haar'n | Mndala kurdî, wir spiel'n Fußball in Sandal'n | Frau'n geschmückt in Henna und Gold, ich lieb' dein'n Staub in mein'n Haar'n | Das Erste, was ich seh', ist ein Mann mit einem Tasbih in der Hand | Frau'n geschmückt in Henna und Gold, ich lieb' dein'n Staub in mein'n Haar'n",6PBxhhQfrrX9d1nrRyETWl
NuR Du ,Lune,1,in,hinten,"Ich betäub' den Schmerz, geh' da raus, such' dich in andern | Wartest vor der Wache, denn bin wieder in Gewahrsam | Erwähn' dich in mein'n Gebeten | Ich betäub' den Schmerz, geh' da raus, such' dich in andern",57rRFuUDGCBjQWlxoKGhR0
Wie beim ersten Mal,Nimo,1,aus,"nah, in","Du scheinst wie beim, siehst aus wie beim, riechst wie beim ersten Mal | Du scheinst wie beim, siehst aus wie beim, riechst wie beim ersten Mal | Du scheinst wie beim, siehst aus wie beim, riechst wie beim ersten Mal | Du scheinst wie beim, siehst aus wie beim, riechst wie beim ersten Mal",4jhQOtHfWQq6GYkhvsAkOq
JLo,AriBeatz,1,in,"links, rechts","Drei Frau'n gehen schon in meine Wanne (Prra, ey) | Ay, in the city of sex, no love | Hab' ein Rendezvous, Ekho, in Paris (In Paris) | Sie will Yayo haben, in Paris",3FCPOqUmiJsepiiHCoBYJ5
KEIN SCHLAF,Nimo,1,in,aus,"Seit Tagen nichts, habe nichts in mei'm Magen | Seit Tagen nichts, habe nichts in mein' Magen | Seit Tagen nichts, habe nichts in mein' Magen | Seit Tagen nichts, habe nichts in mein' Magen | Seit Tagen nichts, habe nichts in mei'm Magen | Seit Tagen nichts, habe nichts in mein' Magen | Seit Tagen nichts, habe nichts in mein' Magen",1B89LtaW92jj4AqT7OZ0Fj
Zoey,Nimo,2,"nah, aus","in, über, unter","Oh, nah-nah-nah, nah, nah, nah, nah | Oh, nah-nah-nah, nah, nah, nah, nah | Oh, nah-nah-nah, nah, nah, nah, nah | Oh, nah-nah-nah, nah, nah, nah, nah | Oh, nah-nah-nah, nah, nah, nah, nah | Oh, nah-nah-nah, nah, nah, nah, nah | Oh, nah-nah-nah, nah, nah, nah, nah | Oh, nah-nah-nah, nah, nah, nah, nah | Sie kann drei Wörter Spanisch und macht auf Latina aus Puerto Rico, Ekho | Wah, Zoey, du hast Weiß aus der Nase, zur Seite, du Barbie, du bist unter meinem Niveau | Wie all ihre Designermarken, die nicht aus Italien, Milano komm'n, sondern aus Kuşadası (No-no-no-no, no-no-no-no)",0dGSOCj6hdV5Nr0V8FjONc
Nie wieder,Nimo,2,"in, aus",,"Nie wieder geh' ich in Zelle wegen Patte | Nie wieder geh' ich mit Achter und Fußfesseln runter in Bunker und wart' auf mein Urteil | Ein Monat später war ich wieder in Haft, Diggi | Nie wieder geh' ich in Zelle wegen Patte | Nie wieder geh' ich mit Achter und Fußfesseln runter in Bunker und wart' auf mein Urteil | Nie wieder geh' ich in Zelle wegen Patte | Nie wieder geh' ich mit Achter und Fußfesseln runter in Bunker und wart' auf mein Urteil | Baba warnte: „Aus Garro wird Juan, aus Birra wird starkes Alkohol“ | Deine Drogen werden härter, aus Gras wird Kokain | Baba warnte: „Aus Garro wird Juan, aus Birra wird starkes Alkohol“ | Baba warnte: „Aus Garro wird Juan, aus Birra wird starkes Alkohol“",65F822tpD9sLd0tKnCe98B
Lambo Diablo GT feat Nimo,CAPO,1,in,"aus, über","Schüsse in der Nacht, Mainhattan-City-Gangs machen alles für den Lambo Diablo GT | Bis tief in die Nacht, le-le-le (Ey, ey) | Bis tief in die Nacht, le-le-le (Ey, ey), le-le-le (Ey, ey, ey) | Die letzte Schlacht, die wir in Mainhattan überleben | Die letzte Schlacht, die wir in Mainhattan überleben | Goldschmuck im Wert von 'ner Million verspielst du in der Nacht beim All-in-Poker (Oh ja, ja) | Autokino in Cabriolets unnötig, warum, wenn ich den Film leb', Bruder? (Oh ja, ja) | Alles wird wahr in Miami Beach, piss' auf den Hall of Fame (Ja, ja) | Die letzte Schlacht, die wir in Mainhattan überleben | Die letzte Schlacht, die wir in Mainhattan überleben",6HxFJbQahRd5rWQ752D710
Jede Nacht,Schubi AKpella,1,in,,"Bist du in meiner Nähe, dann spür' ich in mir den siebten Sinn | Ob in Nike oder in Prada | Steig' ich ein in mein'n Wagen, fahre zu dir hin",3eGI9ETrSY2nU1hbsohC0H
Hol mir dein Cousin,Zuna,1,in,aus,"Der Magen ist leer und die Not in der Heimat zu groß | Steuerfrei, raus aus dem Ghetto, rein in den Brabus | Doch trauen sich nicht rein in den Bezirk, wo ich wohn' | Ne-ne-ne-ne, in der Hood herrschen andere Regeln, Bra (Ja, ja, ja, ja, ja) | Geh ma' zurück in dein Dorf, deine Lügen kannst du Kindern erzähl'n (Bra) | Ich lass' ihn in ma ville verbrenn'n, Bra (Bra)",0EDnvBfwhkj4R4Ye5BbecQ
Sorry Ekho,Nimo,1,in,,Ich kauf' ihr paar Prestos in Pink | Best views in every place (Ah-ah) | Ich kauf' ihr paar Prestos in Pink | Ich kauf' ihr paar Prestos in Pink,219nTiAbQrIuGCUPr9kFV6
Roller,Apache 207,1,aus,in,"Mein Kopf platzt, Gucci-Sandalen, ich trag' sie nur aus Trotz, Trotz | Mit meinem Baby, sie sticht zu, geht besser aus dem Weg | Ruf doch, wen du willst, von mir aus kannst du auch dein'n Papi hol'n | Seh'n mich im Unterhemd, schiel'n zu mir rüber, sie checken mein'n Body aus",6hw1Sy9wZ8UCxYGdpKrU6M
Starboy,Luciano,1,in,,"Ich bin immer noch voll Power, poh, poh (Nicht in deiner Welt) | Seit Tagen in mein'n DMs drin, ich will nicht in dein'n Freundeskreis | Starboy, doch ich bleib' immer noch in der Hood | Bro, vertrau mir, alle stabil in der Clique | Heute in 'nem Cullinan, doch damals hatt ich nix | Starboy, doch ich bleib' immer noch in der Hood",0Rgdhptwk0A3Clbu5RpYI1
Familia feat Morad,Luciano,1,in,"oben, aus","Noch in mir gefangen, der Pressure tief | Doch in mei'm Kopf noch Paras, sie sind geblieben tief in mir drin | Werd' den Pain nie vergessen, trag' ihn immer noch tief in mei'm Herz | Werd' den Pain nie vergessen, trag' ihn immer noch tief in mei'm Herz",11sME7QBXXMvBmjNr6sPIv
Rapstar,Amo,1,in,über,"Wir sind zwar gefang'n in der Hood | Ripp' Keller-Fahrräder, heute Hitmaker in Aleman | Bricks in mein' Werdegang sind heut Bricks in mein' Accessoire",57gjUsErLOYxTOqyiK6CVm
Cataleya,Samra,1,in,,"Worum es sich bei dem Namen „Cataleya“ handelt, kann in der entsprechenden Annotation… Read More [Songtext zu „Cataleya“] | Wir nahmen's in die Hand, Cataleya | War'n so blank, Cataleya, in die Bank, Cataleya | Wir nahmen's in die Hand, Cataleya | War'n so blank, Cataleya, in die Bank, Cataleya | All der Hass und trotzdem nehm' ich dich in Schutz, Cataleya | Bevor du gehst, geh' ich in die Luft, Cataleya | Ein Schuss in die Brust, weil ich muss, Cataleya (Rrah) | Wir nahmen's in die Hand, Cataleya | War'n so blank, Cataleya, in die Bank, Cataleya | Wir nahmen's in die Hand, Cataleya | War'n so blank, Cataleya, in die Bank, Cataleya",42hrHYe1Dw92eiZwWQF0sr
Facetime,Dardan,1,in,,"Steck' meinen Schein in den Novoline | Augen zu, ich könnt' in Tokio sein | Doch ich bin unterwegs in der Late-Night | Doch ich bin unterwegs in der Late-Night | Denke nicht an morgen, bin allein in der Stadt | Livin' fast life, sitz' in der S-Line | Steck' meinen Schein in den Novoline | Augen zu, ich könnt' in Tokio sein | Doch ich bin unterwegs in der Late-Night | Doch ich bin unterwegs in der Late-Night | Steck' meinen Schein in den Novoline | Augen zu, ich könnt' in Tokio sein | Doch ich bin unterwegs in der Late-Night | Doch ich bin unterwegs in der Late-Night | Steck' meinen Schein in den Novoline | Augen zu, ich könnt' in Tokio sein | Doch ich bin unterwegs in der Late-Night | Doch ich bin unterwegs in der Late-Night",0oZyouBDStcJEUbTmSfys2
Neymar,Capital Bra,1,aus,in,"Ich will 22-Zoll-Räder und die Sitze aus Leder | Ich will 22-Zoll-Räder und die Sitze aus Leder | Ich will 22-Zoll-Räder und die Sitze aus Leder | Diamanten aus Antwerpen, ey (Ey) | Ich will 22-Zoll-Räder und die Sitze aus Leder | Ich will 22-Zoll-Räder und die Sitze aus Leder",50mQStZYV5QFgyGK9GOVZg
Ohne mein Team,Bonez MC,1,in,"oben, aus","Menthol in der Kippe, Soda im Drink | Kokain in der Kabine zu zweit | Ein Chick in der Linken, ein Chick in der Rechten",05Mp2UJulSttxQ4E6hQPH3
Ballin,Luciano,2,"hoch, in",aus,"Guck, Mama, werd' zum Star, kämpf' mich hoch in Jordan (Flex) | Guck, Mama, werd' zum Star, kämpf' mich hoch in Jordan (Negro) | Guck, Mama, werd' zum Star, kämpf' mich hoch in Jordan (Negro) | Guck, Mama, werd' zum Star, kämpf' mich hoch in Jordan (Negro) | Guck, Mama, werd' zum Star, kämpf' mich hoch in Jordan (Flex, flex) | Guck, Mama, werd' zum Star, kämpf' mich hoch in Jordan (Negro) | Guck, Mama, werd' zum Star, kämpf' mich hoch in Jordan (Flex) | Guck, Mama, werd' zum Star, kämpf' mich hoch in Jordan (Negro) | Guck, Mama, werd' zum Star, kämpf' mich hoch in Jordan (Flex) | Guck, Mama, werd' zum Star, kämpf' mich hoch in Jordan (Negro) | Guck, Mama, werd' zum Star, kämpf' mich hoch in Jordan (Negro) | Guck, Mama, werd' zum Star, kämpf' mich hoch in Jordan (Negro) | Guck, Mama, werd' zum Star, kämpf' mich hoch in Jordan (Flex, flex) | Guck, Mama, werd' zum Star, kämpf' mich hoch in Jordan (Negro) | Werd' zum Star in Jordan | Guck, Mama, werd' zum Star, kämpf' mich hoch in Jordan (Flex) | Guck, Mama, werd' zum Star, kämpf' mich hoch in Jordan (Negro)",4PwQl3zVNOg1NUZzTOux8S
Benzema,Capital Bra,1,aus,in,Capital aus Ukraine und nicht Drake aus Kanada | Capital aus Ukraine und nicht Drake aus Kanada | Capital aus Ukraine und nicht Drake aus Kanada | Capital aus Ukraine und nicht Drake aus Kanada | Capital aus Ukraine und nicht Drake aus Kanada | Capital aus Ukraine und nicht Drake aus Kanada | Capital aus Ukraine und nicht Drake aus Kanada,0gyO8zq1Hw5GTQ33EXcc40
Safari,Maxwell,1,in,,"Lichtjahre gereist, Millionär in Sachen Bonus der Fluggesellschaft | Nicht reinkomm'n in' Club war gestern | (Sie, sie, sie, sie) Sie spiel'n den Song in der Disco | Maxwell, ich häng' mit der Gang in der Disco (Yeah) | Haschisch in meiner Piñata (Pleh) | (Sie, sie, sie, sie) Sie spiel'n den Song in der Disco | (Sie, sie, sie, sie) Sie spiel'n den Song in der Disco",6hjck7ERXicpsW51UkdHCA
Chinchilla feat KC Rebell  Capital Bra,Summer Cem,1,in,"nah, aus","Doch ich geh' heut in deinen Rücken ohne Feuchtcreme (Uh-ihh) | Dass ich paar Jahre in die Kiste geh' (Huh) | Für meine Bratans, raus in die Kälte (Brra) | Und deswegen komm' ich im Benz und geh' rein in die Läden (Ja) | Nicht nur Berlin, in verschiedenen Städten (Bra)",3a5qsP4xawpweFRXgzG6VP
Primo,RAF Camora,2,"in, unter","aus, über","Man spielt uns in Phuket, Ibiza, Budapest und es rasiert (Ahh), ahh | Die Ersten in Deutschland, Platin der Stempel (Ja, Mann) | Willkommen in Wien, du findest mich unter der Sonne mit John und Farido (Ah, ah) | Kaufen von Donna Versace in Läd'n | Willkommen in Wien, du findest mich unter der Sonne mit John und Farido | Willkommen in Wien, du findest mich unter der Sonne mit John und Farido | Wenn es sein muss, komm' ich nachts in dein'n Traum wie La Mano Nera | Drei Chays und ich in ein' Raum, mein Schwanz macht Capoeira | Raben im Rücken reißt alles in Stücke, la Omertà | Willkommen in Wien, du findest mich unter der Sonne mit John und Farido | Willkommen in Wien, du findest mich unter der Sonne mit John und Farido (Ah, ah) | Willkommen in Wien, du findest mich unter der Sonne mit John und Farido | Willkommen in Wien, du findest mich unter der Sonne mit John und Farido | Willkommen in Wien, du findest mich unter der Sonne mit John und Farido",7y5chiQbuvviOYUfUmOPqo
Überlebt,Azet,1,in,"hoch, über","Mein Kar in dein'n Mund | Du bist ein Niemand, geh in Deckung, lauf (Uf, la-la-la) | Du bist am kopier'n in meiner Gegenwart (Uf, la-la-la) | Guck, ich zünd' den Joint an, und ich lauf' in Adilleten | Guck, ich zünd' den Joint an, und ich lauf' in Adilleten",5ODK0R10oNrzGrZxRzwHvR
Bon Voyage,Miami Yacine,1,in,,"Ohh, Choya, rauch' in Casablanca das Ganja, bon voyage | Choya, rauch' in Casablanca das Ganja, bon voyage | Sexy Groupies in Milano | Ohh, Choya, rauch' in Casablanca das Ganja, bon voyage | Choya, rauch' in Casablanca das Ganja, bon voyage | Aus dem Ghetto in die Charts, es ging ganz, ganz schnell (Pah, pah) | Ess' in Restaurants, nie wieder Penny Markt (Skrrt, skrrt) | Ohh, Choya, rauch' in Casablanca das Ganja, bon voyage | Choya, rauch' in Casablanca das Ganja, bon voyage",1VfSu8qtTf5PMi3d8XVZGj
DNA,KC Rebell,1,in,"aus, über","Hundert Mille bar, Geld machen liegt in der DNA | Hundert Mille bar, Geld machen liegt in der DNA | Hundert Mille bar, Geld machen liegt in der DNA | Hundert Mille bar, Geld machen liegt in der DNA | Hundert Mille bar, Geld machen liegt in der DNA | Hundert Mille bar, Geld machen liegt in der DNA | Sie sagen, ich hätt BtM in meiner DNA | Hundert Mille bar, Geld machen liegt in der DNA | Hundert Mille bar, Geld machen liegt in der DNA",6yL5RjG5eeFOE5iU7qPho8
Murcielago,KC Rebell,1,aus,in,"Wenn du siehst, wie ich aus dem Wagen steig' | Denn du siehst wie der letzte Pisser aus | Da sieht's nach Lanzarote aus | Sprich mir bitte keine Drohung aus (Nein) | Wir hol'n dich aus der Wohnung raus (Ja, ja, ja) | Danach siehst du wie Quasimodo aus | Welche? Die aus Santa Monica",39qlqpwVzRkQP6WsILfIB5
Ya Salam,Kurdo,1,in,"oben, links, rechts","Illegal vom Block in ein'n Lambo | Und lächel' in die Kamera wie Kennedy | Ah, Mann, ich mach' sogar in Habs Money | (Mann, ich mach' sogar in Habs Money)",5fpujciVjGBhnR2XFx06E7
Kokaina,Miami Yacine,2,"in, aus",,"Rheinische Straße, bis tief in die Nacht wird von Junkies die Shore gekocht (Pah, pah) | Lilane Scheine in Steueroasen gebunkert wie Verona Pooth (Pah, pah, pah) | Fick' auf dein'n Trainingsplan, Hundesohn, mich hält das Ghetto in Form (Bra) | Bis tief in den Morgengrau'n Sex im Hotelzimmer ohne ein Präservativ (Pah, pah, pah) | Meine Jungs schmuggeln Dope in den Mopeds | Flex aus Peru oder Costa Rica | Zwei Kilo Kokaina, direkt aus Costa Rica | Zwei Kilo Kokaina, direkt aus Costa Rica | Auf meinem Plasma-TV läuft 'ne Doku von Gs aus den 30er-Jahr'n | Ficke Töchter von Oligarchen, Geschäfte mit Scheichs aus den Emiraten (Emiraten) | Zwei Kilo Kokaina, direkt aus Costa Rica | Zwei Kilo Kokaina, direkt aus Costa Rica",6bN6XXylz4unPfOCBIg0z5
Airwaves,Pashanim,1,in,"hinten, aus, über","Prada-Fleece, hab' Zwannis bei in Boxershorts aus Türkei | Airwaves in mein'n Jeans und Trikot von Zizou | Airwaves in mein'n Jeans und Trikot von Zizou | Große Louis-Taschen tragen und Piqué-Polos in Weiß | Airwaves in mein'n Jeans und Trikot von Zizou | Airwaves in mein'n Jeans und Trikot von Zizou",5CqkgDH8QZjSqqI3HmYxDD
Sex ohne Grund,Ali Bumaye,2,"in, unter",aus,"Bitch, ich passe nicht ma' in ein'n Sportwagen rein | Komm' aus mei'm Kaff in dein'n Szeneclub | Best-dressed Motherfucker in der GQ | Ich hab' 99+ in mein'n DMs | Wir beide bleiben unter uns und | Wir beide bleiben unter uns und | Wir beide bleiben unter uns und | Wir beide bleiben unter uns und | Wir beide bleiben unter uns und | Wir beide bleiben unter uns und",6Dc7Ruu0S65BcZGoFNacRP
Casanova,Summer Cem,1,in,,"Sie sagt, dass sie nur mich in ihrem Herzen trägt | Du weißt, ich bin in meinem Modus, und das heißt für dich | Und in jeder Stadt wartet ein Mädchen, wow, ahh | Bis zwölf Uhr mittags in 'nem Tourbus penn'n (Okay) | Big-Booty-Fotos in der Timeline (Ja) | Ich hab' Bitches in der ganzen scheiß Republik (Ja) | Sie sagt, dass sie nur mich in ihrem Herzen trägt | Du weißt, ich bin in meinem Modus, und das heißt für dich | Und in jeder Stadt wartet ein Mädchen, wow, ahh | Geben dir nicht das Gefühl, was ich in dir erweck' (Eh-eh) | Du schaust in deine Zukunft und du siehst dich mit 'nem Baby im Arm | Sie sagt, dass sie nur mich in ihrem Herzen trägt | Du weißt, ich bin in meinem Modus, und das heißt für dich | Und in jeder Stadt wartet ein Mädchen, wow, ahh",0jB0RNZIfaihaDKNmdrI40
Wie im Traum,Ardian Bujupi,1,aus,in,"Die Frau zieht sich aus, ja, ihr Blick ist versaut | Der Schampus aufs Haus, ja, die Fans rasten aus | Der Tag wird zur Nacht, komm, ich geb' dir ein'n aus | Die Frau zieht sich aus, ja, ihr Blick ist versaut | Der Schampus aufs Haus, ja, die Fans rasten aus | Der Tag wird zur Nacht, komm, ich geb' dir ein'n aus | Dom Pérignon, lass' es servier'n aus einer Edel-Finca | Die Frau zieht sich aus, ja, ihr Blick ist versaut | Der Schampus aufs Haus, ja, die Fans rasten aus | Der Tag wird zur Nacht, komm, ich geb' dir ein'n aus",1jcgbCEa1Et4MEKk0XiWRu
CC,Jazeek,1,in,,"Sie ist so in love, L-O-V-E | Sie ist so in love, L-O-V-E | Sie ist so in love | Schreibt sie mir überall und nimmt meinen Namen in' Mund | Von ihr in mein'n DMs | Sie ist so in love, L-O-V-E | Sie ist so in love, L-O-V-E | Schreibt sie mir überall und nimmt meinen Namen in' Mund | Von ihr in mein'n DMs | Sie ist so in love, L-O-V-E | Sie ist so in love, L-O-V-E | So in Lo-, Lo-, Love",4a84lPY76pFWTxWL4x4iCC
LID,LACAZETTE,2,"in, aus",,"Und ich suche in der Menschenmenge Jette | Ich stech' auf jeden ein, der mir in die Quere kommt | Steche in die Masse rein, stech' aus der Masse raus | Steche in die Masse rein, stech' aus der Masse raus | Steche in die Masse rein, stech' aus der Masse raus | Wenn ich einen Tag nicht ziehe, kommt das Abiat aus den Por'n | Steche in die Masse rein, stech' aus der Masse raus | Steche in die Masse rein, stech' aus der Masse raus | Steche in die Masse rein, stech' aus der Masse raus",5U8jvRKKzcc3XjBB2CNZaZ
Butcher,Sosa La M,1,in,"vorne, aus","Ich kenn' mein'n Weg, denn I got the keys, und ich kauf' ein'n Culli in Anthrazit, ja (Wouh, wouh) | Ja, chill' aufm Boot in Abu Dhabi, sipp' White Wine (Mwuah) | Yeah, Neun-Milli und drei Mille in mein'n Pants | Geb' ihr in Villa so wie Charlie Sheen, Ma-Malibu wie Ashton Kutcher (Wee, wouh) | Du siehst nur PJs in mei'm Feed, 30k, weil ich wirklich flieg' | Geb' ihr in Villa so wie Charlie Sheen, Ma-Malibu wie Ashton Kutcher | Geb' ihr in Villa so wie Charlie Sheen, Ma-Malibu wie Ashton Kutcher (Wee, huh)",0uSHA5dbsCRMmzbidwhKwl
Ausländer,Mert,1,in,,"Dreißig Cousengs passen rein in ein'n Benz | Und angeblich waren alle beide gut in Mathe (blablabla) | Wir sind Ausländer, ihr könnt uns alle in ein'n Topf werfen | Wir sind Ausländer, ihr könnt uns alle in ein'n Topf werfen | Weil wir Essen haben und in Betten schlafen (blablabla) | Ich hatte in der Schule keine Butterbrote | Sogar meine Mutter hat 'n Basey in der Handtasche (yüah) | Wir sind Ausländer, ihr könnt uns alle in ein'n Topf werfen | Wir sind Ausländer, ihr könnt uns alle in ein'n Topf werfen",0h8cJsgN0ZyDGbMP9rY4Df
RADW,Haftbefehl,1,in,aus,"Rücken an der Wand, Gift in der Hand | Ich hab' den Rücken an der Wand, Juan in der Hand | Schiefer Kokain in Plomben, Arbia-Hanf aus Niederland | Ich kipp' literweise Cîroc-Woddi in mich rein | Sitz' bei Ali in der Küche, Ahornstraße in Griesheim | Rücken an der Wand, Gift in der Hand | Ich hab' den Rücken an der Wand, Juan in der Hand | Schiefer Kokain in Plomben, Arbia-Hanf aus Niederland | Rücken an der Wand, Gift in der Hand | Ich hab' den Rücken an der Wand, Juan in der Hand | Schiefer Kokain in Plomben, Arbia-Hanf aus Niederland",4IrH8L9pkMVSeA6uJZjtT8
Leck Sibbi,Nimo,1,in,aus,"Sie rollt ihre Augen und beißt in meine Lippen sanft | Spritz' in dein Face und sag': „Yallah, verpisse mich“ | Spritz' in dein Face und sag': „Yallah, verpisse mich“ | Spritz' in dein Face und sag': „Yallah, verpisse mich“ (Yallah) | Ab und zu will die Madame in die Stadt | Spritz' in dein Face und sag': „Yallah, verpisse mich“ (Yallah)",6D8vcrnVs7oMQ6K9Y44cHt
Jim Beam  Voddi,AK AUSSERKONTROLLE,1,in,"hinten, aus","Gentleman, charmant, nimm das Sektglas in die Hand | Sie zögert nicht lang und sie steigt in den Benz | Nimm sie in die Suite, geb' ihr richtig tief, richtig miese Schlampe | Sie springt in den Swimmingpool, ich— (Ah) sie in der Lobby | Sie springt in den Swimmingpool, ich— (Ah) sie in der Lobby (Wouh) | Zwei-Meter-Mann kommt in Club rein (Ah), Autorität so wie Suge Knight (Ah) | Sie springt in den Swimmingpool, ich— (Ah) sie in der Lobby | Sie springt in den Swimmingpool, ich— (Ah) sie in der Lobby (Wouh)",0b85BAqtnPxgxHn0nkegXd
Jasmin,Aymen,1,aus,in,"Streck deine Flügel aus und flieg, ich bleib' der letzte Passagier | Du kommst aus 'ner Welt voller Rosen | Ich komm' aus 'ner Welt aus Beton",6rjpIgtN4FOujp5DbZZnCh
Northside,Sosa La M,1,in,,"In der Zukunft wie in mehr als cent-dix mois | Run up on me und sein Kafa get slappеd in (Doh, doh, doh) | Nur Luft, ich hab' schlimme Sachen in mein' Book-Bag | Natürlich bin ich in der Kitchen, Sosa, Pâtissier (Cook it up) | Natürlich bin ich in der Kitchen, Sosa, Pâtissier | Babylon observiert immer noch, mischen sich in die Menge bei mei'm Auftritt, fuck it | Schon wieder Broski in Habes (Schon wieder) | Shawty hat zu viel passé (Ha), sie kommt nicht in mein'n Palace | Natürlich bin ich in der Kitchen, Sosa, Pâtissier | Natürlich bin ich in der Kitchen, Sosa, Pâtissier (Uh)",3COS5kuid5EKAfN2klE84V
Dunya,Amo,2,"in, aus","oben, unten, fern","Die ersten Sonn'nstrahl'n schein'n in das Fenster rein | Schule verkackt, doch in Mathematik stark | Und verlieren sich in der Dunya | Und verliebte sich in diese Dunya | Und verliebte sich in diese Dunya | Und verlieb dich nicht in die Dunya | Und verliebte sich in diese Dunya | Und verliebte sich in diese Dunya | Du willst aus dem Fenster das Geld schmeißen | Du willst aus dem Fenster das Geld schmeißen | Du willst aus dem Fenster das Geld schmeißen | Du willst aus dem Fenster das Geld schmeißen",4eIdT2bW2gaTDdJnMgt7Ue
Tach Tach,Coup,1,in,,"Bin von Jayjo-Häschen in Playboy-Mansions (Ah, yeah) | Zu Billboard-Flächen in Millionenstädten (Ah, ja-ja-ja) | Wenn du in den Bullenwagen jumpst, weil du uns siehst? (Ah) | Weißt noch, Sa7bi? Düsseldorf in der Nacht | Knallen Kugeln in dein'n Kafa, was du machst, ist Pillepalle | Immer noch am Block, planen Dinger in der Nacht",7B5bGlw1n5iEIMsUmGTypc
Marlboro Rot,Samra,1,in,"aus, unter","Circa vier, fünf Mille in der Moncler | Nie wieder häng' ich ab in schmutzigen Discos | Wir sind abgesichert, Mama bricht in Trän'n aus | Der Wagen brennt wie das Blut in meinen Adern | Der Wagen brennt wie das Blut in meinen Adern",4e6l3QGj4RZesjDLVqYk3H
AKON,Jazeek,1,in,aus,"Rollin' like a G6, Baby, komm in meine Suite um acht (Ja) | Es wird so heiß wie in L.A., San Diego | Babygirl weiß, I'm the next one in Germany | Es wird so heiß wie in L.A., San Diego (Oh-ah) | Es wird so heiß wie in L.A., San Diego",6YFNhYf7A33biVmMG1JSQf
CRAZYYY,Jazeek,1,in,,"Hab' Alk in mein' System (Woah) | Mein Baby, can you let me in? (Me in) | Hol' dich in mei'm Mercedes (Oh-ah) | Hol mich in dei'm Mercedes (Ah) | Hol' dich in mei'm Mercedes (Oh-ah) | Hol mich in dei'm Mercedes (Ah)",4WRPZc8xQsolMusrLy2sxn
Wieder Lila,Samra,1,in,über,"Ich hab' Alkohol im Blut, in der Levi's circa sechzig Mille | Wallah, ich geh' über Leichen, doch nie wieder in den Bau, rrah | Lila in der Tasche und wir rollen im Beamer | Hundert Gramm Haschplatte in der Hosentasche | Wenn ich in bar mit Cataleya an der Kasse bezahl' | Verteil' das Zeug in der Siedlung | Russische Spezialeinheit schnappt mich in Stalingrad (woh)",2kkcJ8tSDV42LdWcPjy6We
Hayate,Luciano,1,in,aus,"Da für dich, zieh’ in' Kampf für dich, kauf' die Welt bar für dich | Machst mich zum Krieger, in Hapis nie wieder (Yeah) | Stabiler Negro, bleib' in Bewegung | Stabiler Negro, bleib’ in Bewegung",2vzQotgEoJMvqOQp9XxqFR
APARTMENT feat Monet192,Dardan,1,in,,"Zeig mir deine Seele, schau' dir in die Augen tief | Nur wir beide wissen, was in diesem Raum geschieht | Zeig mir deine Seele, schau' dir in die Augen tief | Nur wir beide wissen, was in diesem Raum geschieht | Tut mir leid, weiß, du hast dich in mich geirrt | Zeig mir deine Seele, schau' dir in die Augen tief | Nur wir beide wissen, was in diesem Raum geschieht",0atxjWna6ikysmEzrqGXLW
Mama war der Mann im Haus Rheingold Soundtrack,XATAR,1,in,"oben, unten, hoch, aus, über","Sag, was weißt du über aufwachsen in Kriegsgebieten? (Ah) | Normal weiß man hier, wie man in 'nem Bunker bricht (Yeah) | Doch in meinem Fall großes Minus, Gottes Erziehung (Astaghfirullah) | Sechsstellig Schulden bei der Mafia in Rotterdam (Haha)",0xSd7MjLb8eCdSraudx0SJ
Iz da,XATAR,1,in,"aus, über","Kapital in verrücktesten Mansions iz da | Schießer und Stecher in Nissans und Benzers (Iz da) | 500er Batzen auf Tasche iz da, 500 Kanaken in Rage iz da | Xatar Baba iz da, während Rap-Kings kacken in Hose | Bring' ich Sound in Quali von Bose",2k0cvQmGvHOuNmKo2rMYIj
Fast Life,Azet,1,in,"links, rechts, aus, unter","Sag, wer will Beef? Neun in den Jeans | KMN, rein in die Bank mit den Jungs | Ich hab' nichts zu verlier'n, wallah, schieß' in dein'n Kopf | Sag, wer will Beef? Neun in den Jeans | KMN, rein in die Bank mit den Jungs | Ich schieß' in dein'n Kopf vor versammelter Mannschaft",1HTFSSFVP01fVWeRVg53NV
Bling Bling,KC Rebell,2,"in, aus",,"Eier so dick, es passt in kein Golfloch | Cali-Pflanzen in meiner Helly Hansen | Chaya straight aus Mississippi in mein' Zimmer, bling, bling | Dunk' in deine Fresse, tief aus dem Downtown | Tu dich nicht verstecken, wenn ich dich in deiner Straße such' | Chaya straight aus Mississippi in mein' Zimmer, bling, bling | Chaya straight aus Mississippi in mein' Zimmer, bling, bling | Mitternacht-Show, zieh dein'n Pyjama aus | Chaya straight aus Mississippi in mein' Zimmer, bling, bling | Straight aus Bergen, Kanaks mit Attitude | Dunk' in deine Fresse, tief aus dem Downtown | Chaya straight aus Mississippi in mein' Zimmer, bling, bling | Chaya straight aus Mississippi in mein' Zimmer, bling, bling",6RwSKFBSOtuNVDA4N7LFNS
Therapie,Aymen,1,in,aus,"Wie oft ich in der Bahn saß | Ich nahm die Last von dir, als du in deinem Kerker saßt (Mh) | Auch wenn es mir zu viel ist, geh' für dich in Therapie | Auch wenn es mir zu viel ist (Ey), geh' für dich in Therapie (Ey) | Auch wenn es mir zu viel ist, geh' für dich in Therapie",4DmkCxj5WLnT3LQDG0MUY0
Ich will hier nicht weg,XATAR,1,in,aus,"Wozu vom Block in die Skyline der Stadt? | Wenn ihr hier nicht wegwollt, werft die Hände in die Luft | Werft die Hände in die Luft und schreit (Oh) | Wenn ihr die Straßen liebt, schmeißt die Hände in die Luft | Schmeißt die Hände in die Luft und schreit (Ja) | Wenn ihr für die Straßen lebt, schmeißt die Hände in die Luft | Bonn und NRW, schmeißt eure Hände in die Luft (Oh) | Und die Straßen in ganz Deutschland, schreit „Alles oder Nix“",1XJoZ8OMQwr6Ox2tPIbV77
Capri Sun,Aymen,1,in,aus,"Hektiks in mein' Bina | Dreh'n paar Runden in mei'm Beamer | Tranquil, tranquil, ich hab' Batzen in der G-Star-Jeans | (Ey, ey, ey) (Ah) Cali in 'nem Mansory, Tiffany Blue | (Ey, ey, ey, ey) (Ah) Hoodies in 'nem Penthouse",2U07Gukj3QGlLh0krokPdG
Buscape,Azet,1,in,aus,"Sitz' im Lambo in Amsterdam | Jetzt sieht sich mich in Full HD, ay, ay, ay, ay | Früher planlos, heute Lowe in der Pantollë | In einem Fefe in Spider, fick die Neider | Brille von Maybach, full in Designer | Früher planlos, heute Lowe in der Pantollë | In einem Fefe in Spider, fick die Neider | Brille von Maybach, full in Designer",20ABHNIR9jBXjaQnLjcVI2
Unlock,Luciano,1,in,,"Turk in mei'm Herzen und Turk in my mind | Doch Pain in my chest | Steig in den Jet und komm mit auf den Trip (Baby) | Turk in mei'm Herzen und Turk in my mind (Boah, boah)",044C22X5gRELj72l3D81Rs
Never Know feat SHIRIN DAVID,Luciano,1,in,"hoch, aus","Vom Paket hoch in die Charts, guck, ich leb' mein'n Film, ja | Loco Driller, schon früher, back in days, ja | Guck, pull' up in 'nem Benz 44 in Travis Js, ja | Stepp' in den Club mit Shirin David, zu viel Sauce, ja",0Dw8hUbjXORzIWp7mjbh0t
SUVs,Luciano,1,in,,"Pull up in SUVs, ja | Whole gang pull up in SUVs, ja | (Black on black, black) Pull up in SUVs, ja | Black on black, black, pull up in SUVs | Guck, ich fahr' vor in 'nem Truck, Baby | Flieg' weit weg in 'nem Privatjet | Rolls-Royce Cullinan, in London SUV, ja | Pull up in SUVs, ja | Whole gang pull up in SUVs (Ja) | (Black on black, black) Pull up in SUVs, ja | Pull up in SUVs, ja | Whole Gang, pull up in SUVs (Ja) | (Black on black, black) Pull up in SUVs, ja",01I8aPBUJIMzCtHsCVvmq5
Ruf mich nicht an,Mert,1,in,,"An-ananı sikeyim, Para in den Jeans (Woah) | Muko macht den Beat und es ballert in den Streams (Uff) | Bleibe in den Trends (Uh), keine Konkurrenz | Steigende Tendenz, deshalb steig' ich in den Benz (Brrt) | Pftu in dein Gesicht | Ich steige in mein (*Vrmm*) | Seiten sind auf null, Fonex in den Haar'n (Brrt) | Paar Minuten später nimmt ihn Mandy in den Mund (Haha) | Pftu in dein Gesicht | Ich steige in mein (*Vrmm*) | Pftu in dein Gesicht | Ich steige in mein | Pftu in dein Gesicht | Ich steige in mein",769nNvpkKj87gthV3Y1KlK
Baby 20,Zuna,1,in,"unten, aus","Wo ich war – in Gedanken bei dir, Baby | Wo ich war – in Gedanken bei dir, Baby | Wo ich war – in Gedanken bei dir, Baby | Ich hab' mich in dein'n Augen verlor'n | Wo ich war – in Gedanken bei dir, Baby | Wo ich war – in Gedanken bei dir, Baby | Wärme in mein Leben rein, ist meine Stimmung unten | Wo ich war – in Gedanken bei dir, Baby | Wo ich war – in Gedanken bei dir, Baby",2VkL7Pl5AYbr2tSuMzta7V
Hit One,Luciano,1,in,"aus, unter","Andrang in meinen DMs, gib mir den Classy Shit (Ja) | Denn es wurde eng in dem Hochhaus (Doh) | Immer noch „Fuck twelve“ in 'nem All-black Jeep 44 | Demons in my head like King Von (Ja) | Immer noch „Fuck twelve“ in 'nem All-black Jeep 44",5OeScOAa7LAx2jN11RRVJe
Kein Plan,Loredana,1,in,,"Dreh' 'ne Runde in 'nem Maybach (Maybach) | Million-Dollar-Smile, Zähne weiß wie Kokain (-in) | Dreh' 'ne Runde in 'nem Maybach (Maybach) | QDH bis in die Schweiz, wir sind reich, du bist broke | Bin mit Lori, Mozzik unterwegs in G-Class (Hahaha) | Geh'n zu zweit in die Charts auf die Eins, Eins | Dreh' 'ne Runde in 'nem Maybach",17d5deyzyNjNzml5EHq7Dr
Ticket nach Ketama feat Liaze,ARY,1,in,,"Baby, wir sind gefang'n in den Nineties | Greif' sie, dein Arsch perfekt in der Tight Jeans | So wie Qualm in der Luft | Oder haben wir in vielen Sachen andre Perspektiven? | Lern' ich mich jedes Ma' aufs Neue in dich zu verlieben | Endorphine ballern mies, drei Uhr nachts, sind in Paris | Shawty scheißt auf tausend Typen, sie ist nur in mich verliebt (Nur in mich) | Ja, du siehst meine Gefühle, merke, wie ich mich verlier' in dir (Nur in dich) | So wie Qualm in der Luft",7KWwQ8SokgUDO7es6Q4ZGW
sag wieso,Lune,1,in,,"Sitz' in mei'm Zimmer und suche ein Licht, was er mir nicht gibt | Sitz' in mei'm Zimmer und suche ein Licht, was er mir nicht gibt | Sitz' in mei'm Zimmer und suche ein Licht, was er mir nicht gibt | Sitz' in mei'm Zimmer und suche ein Licht, was er mir nicht gibt | Sitz' in mei'm Zimmer und suche ein Licht, was er mir nicht gibt | Und wenn ja, sag mir, ob du meine Augen siehst, wenn du in ihre schaust",3zMWsfPgegUuJ6P7Qb7b54
AC Milan,Luciano,1,in,aus,"Du redest zu viel, guck in meine Blicky, du Çöp (Boh-boh) | Du redest zu viel, guck in meine Blicky, du Çöp (Boh-boh) | Coldest nigga in town, es wird hart | Du redest zu viel, guck in meine Blicky, du Çöp (Boh-boh)",3hp6a3AGZ0eM0qwgxN5dqT
Ruf mich an,Morpheuz,1,in,,"Ganz egal, in welcher Stadt, ich werd' immer nach dir seh'n | Ganz egal, in welcher Stadt (Ich werd' immer nach dir seh'n) | Ganz еgal, in welcher Stadt (Welchеr Stadt), ich werd' immer nach dir seh'n | Ganz egal, in welcher Stadt, ich werd' immer nach dir seh'n, mein Babe (Yeah-yeah) | Ganz egal, in welcher Stadt (Welcher Stadt), ich werd' immer nach dir seh'n | Ganz egal, in welcher Stadt, ich werd' immer nach dir seh'n, mein Babe (Yeah-yeah)",2irNEyuG8VTKYnPkWcGgzi
Siehst dus auch so,Morpheuz,1,in,,"Hab' keine Kraft, ich warte in deiner Straße | Wegen dir ist mein Traum tot, in mir herrscht rein gar nichts | Wegen dir ist mein Traum tot, in mir herrscht rein gar nichts | Wegen dir ist mein Traum tot, in mir herrscht rein gar nichts",6GFGIBvEfBama5eAcjvfyi
Sauvage,Luciano,1,in,aus,"So sorry, ich bin nicht so nice (Nice), die Kälte in mir kommt von meiner Welt | Presi-Suite in 'nem Fünf-Sterne-Hotel, b-b-bad bitches only, elle est belle (Ha) | Wenn du denkst, dass ich nur in der Nacht unterwegs bin, dann hat es ein'n Grund | Machten auf tough, alles gestellt (Ha?), kam'n in mein' Banks, wurden geschellt",2Ed0ve2x6FVzEVKYVbPfGq
Sure Shots,Luciano,1,in,aus,"Alles nur Sure Shots, stapel' die Stacks in mei'm Tourbus | Alles nur Sure Shots, stapel' die Stacks in mei'm Tourbus | Bang' deine Sister in Loco sein' Tourbus (Brr, Gang, Gang, Gang, baow) | Knall' in dein'n Bunker ohne ein'n Rammbock | Chaser tritt deine Tür ein in Air Force (Brrah, pow, pow, pow, pow) (Brrah) | Alles nur Sure Shots, stapel' die Stacks in mei'm Tourbus | Alles nur Sure Shots, stapel' die Stacks in mei'm Tourbus | Alles nur Sure Shots, stapel' die Stacks in mei'm Tourbus | Alles nur Sure Shots, stapel' die Stacks in mei'm Tourbus",2rus6RzlKwTYPod5pFBcUU
Züleyha,Mudi,1,in,über,"Hab' gehofft, dass diese Wunde in mei'm Herzen heilt | Ich hab' Bilder in mei'm Kopf, beschütz sie, lieber Gott | Ich will schlafen, denn in meinen Träum'n besucht sie mich so oft | Hör' deine Stimme in mei'm Kopf, doch du redest nicht",51MydIaDKstOQP5aQdJhpl
WHINE BADALADA,Jazeek,1,in,,"Eins in Germany (Oh) | Du ein paar Million'n in dei'm Spind hast?“ (Ja, ja) | Eins in Germany (Oh) | Sie will kein'n anderen Mann, sie will nur mich in ihr'm Leb'n | Eins in Germany (Oh)",7fjov4E4FQSn92fqndntfa
TRAPPERS LULLABY,reezy,1,in,aus,"Der Raum war voller Smoke, ich spür' es in mei'm Atemweg | Illegaler Waffenbesitz in meinen Vorstrafen (Brr) | Mr. Officer, denken Sie wirklich, ich habe die Glocky in mei'm Wagen? (No, no) | Der Raum war voller Smoke, ich spür' es in mei'm Atemweg | Der Raum war voller Smoke, ich spür' es in mei'm Atemweg",17xC4jTj1kzw4PhaQyOhUd
MANCHESTER,reezy,1,in,,Wir befinden uns mitten in der Schlacht | Wir befinden uns mitten in der Schlacht | Diamonds in bunten Farben wie ein Bällebad (Bling) | Siehst du Kiddies in Trackies wie in Manchester | Sie halten mich und mein'n Bruder in 'nem Smart an | Siehst du Kiddies in Trackies wie in Manchester,5yVhcpTvQYr4LooQ0dt4l4
SAGROTAN feat reezy,KALIM,1,in,,"Lauf' durch die Bank mit den Racks in der Hand, doch ich bin kein Bankkaufmann (Nah) | Lauf' durch die Bank mit den Racks in der Hand, doch ich bin kein Bankkaufmann (Ohh) | Sie kommt in die Crib mit 'n Catwalk (Cat) | Du bist verliebt in ein'n Trap-Lord (Ja) | Keine Vitamine, ich mische Lean in die Gazos (Lean in die Gazos) | Lauf' durch die Bank mit den Racks in der Hand, doch ich bin kein Bankkaufmann (Nah) | Lauf' durch die Bank mit den Racks in der Hand, doch ich bin kein Bankkaufmann (Ohh)",2R5kWKlRKal6lZOkdQxUSc
PECHSCHWARZ,CAPO,1,aus,"in, über, unter","Mmh, weil wir von Grund aus schon Kämpfer sind, ey | Es gibt kein'n Weg aus diesem Labyrinth | Der Druck macht aus uns Diamanten | Es gibt kein'n Weg aus diesem Labyrinth",0tSHpfI5eqtR6WVUjSkacP
1999 Pt 6 Gabriel vs Luzifer,Haftbefehl,1,in,aus,"Loch in beider meiner Reeboks, drunter drei Paar Socken | Ich schrei', so laut ich kann, in die Erdatmosphäre | „Lieber Gott, ist das die Nacht, in der ich sterbe?“ | Entweder Rap oder Leben in der Zelle",7eksUI2XbDxcT1CHSXDyPb
Pole Position,Luciano,1,in,"aus, über","Doch ich chill' in Côte d’Azur, vacay in South France | Ich hab' es in mein' Blut und in meiner DNA | Wake up in the morning and I see no change | Big-City-Life, Penthouse in New York | Doch ich chill’ in Côte d'Azur, vacay in South France | Hol' sie aus dem kalten Norden, bring' sie in den Süden | Und flieg' so oft in Private Jets, mir wachsen langsam Flügel | Mach' Skiurlaub in Courchevel und ihr seid noch auf Sylt | Du siehst mich in der Dunkelheit, weil echte Steine glitzern | Doch ich chill' in Côte d'Azur, vacay in South France",2mW3KRKLCR2jshXKaot4EL
Schmerz,Dardan,1,in,aus,"Gebor'n in Alemania, ging verlor'n in meiner City | ¿Qué pasa, ma bella? Heut schwimm' ich in Para | Wie früher auf Strada mit Loch in mei'm Schuh (Ah-ja)",4SXUbnaYt80pFpAebHVR5Q
Häagen Dazs,Sosa La M,2,"in, aus",,"Bring' die Blickys in den Club (Wouh), Shawtys shaken zu dem Bass (Ey, shake it) | Bring’ die Blickys in den Club, Shawtys shaken zu dem Bass (Shake) | Geschäfte geh’n vor, j'suis desolé, ma belle, ich mach' das wieder gut in Marbella | Mask on, Canada Goose (Ha), wärst du in mein'n Shoes, schaffst du nicht ein'n Day (Nah) | Bring' die Blickys in den Club (Wouh), Shawtys shaken zu dem Bass (Ey, shake it) | Bring' die Blickys in den Club, Shawtys shaken zu dem Bass (Ay) | Sie sagt, ich seh' gut aus (Hm), aber Bitch, ich seh' nur Nyash (Nur Nyash) | Sie sagt, ich seh' gut aus (Ha), aber Bitch, ich seh’ nur Nyash (Yeh) | Sie sagt, ich seh' gut aus (Ha), aber Bitch, ich seh' nur Nyash (Nur Nyash) | Sie sagt, ich seh' gut aus (Ha), aber Bitch, ich seh' nur Nyash (Bae, shake that)",5gBDMQlmL0DBjxTxpgTgMn
Habibo,Veysel,3,"in, aus, über",hoch,"Schüsse fallen wie in Lagos | Bin in der Filmszene drinne jetzt, hoppala | Ein Phänomen, bunker' dreizehn Kilo in 'nem Chevrolet (Vay, vay, vay, vay) | Bring' die allerbeste Ware in die oberste Etage | Hab' Augen wie die in China | Hab' Augen wie die in China | Ware aus Rio, mach' guten Preis | Waffen kommen hier aus Nahost | Ware aus Rio, mach' guten Preis | So wie zehn Kilo frisch verpackt aus Rotterdam | Ware aus Rio, mach' guten Preis | Ware aus Rio, mach' guten Preis | Wir fahr'n paar Kilos über die Schweiz | Wir fahr'n paar Kilos über die Schweiz | Wir fahr'n paar Kilos über die Schweiz | Wir fahr'n paar Kilos über die Schweiz",3sRndoHhqNPrcrgEIdHs8V
Halbmond,Kurdo,1,in,,"Warum sie perfekt ist? Weil wenn sie in 'nem Benz sitzt | Wenn sie Frau'n in mein' Video sieht, guckt sie mich schief an | Mitten in der Nacht, es ist Halbmond | Mitten in der Nacht, es ist Halbmond | Lederjacke schwarz, Wellen in den Haar'n | Mitten in der Nacht, es ist Halbmond | Mitten in der Nacht, es ist Halbmond | Mitten in der Nacht, es ist Halbmond | Mitten in der Nacht, es ist Halbmond | Mitten in der Nacht, es ist Halbmond | Mitten in der Nacht, es ist Halbmond",2QwVg1uFqqf9SLRsaZWqmB
Caliente feat Jamal,Kurdo,1,aus,in,"Jungs aus der Gosse akzeptier'n keine Bosse | Fünf Scheine für 'ne Kalasch aus Tirana (Gunner) | Denn sie kommen aus 'ner Dünya, wo man keine Wahl hat | Chill' im Block mit ein paar Mocros und paar Bras aus Kongo | Sie sagten: „Du hast keine Zukunft, sag, was soll nur aus dir werden?“",7v6dMftPuVECeQDXxJDGVG
Springfield feat Bushido,Shindy,1,in,,"Ich chill' in 'ner Lounge mit den Hoes wie ein Pascha | Ich chill' in 'ner Lounge mit den Hoes wie ein Pascha | Yeah, Euros in den Jeans | Kaufe ein paar Häuser in Berlin | Ich chill' in 'ner Lounge mit den Hoes wie ein Pascha",5bcn7oYQlvn7bcekQIdzXi
Tilidin,Capital Bra,1,in,aus,"Steig' in den Sportwagen, flüchte bis ins Morgenlicht | Sitz' besoffen in der Bar, bring Campari-Maracuja (Rrah) | Ich bin in aller Munde, stopf' die Fressen aller Hunde | Alle Hater bluten (Alle), weil ich bin wie Salz in deiner Wunde (Brra)",0Dlcu2fgHklOnajVu2dUNU
Venedig,Shindy,1,in,,"Willkomm'n in Venedig | Schließ' uns in der Suite ein, goldener Käfig | Könnte Model sein, doch ihr Arsch passt nicht in Size Zero | Sie sagt: „Echte Frau'n machen's nicht in Nike Air“ | Ich bin undercover in Venedig diesen Sommer | Wir ficken in Venedig, willkomm'n im Paradies | Manche Leute machen Flitterwochen in Paris | Wir ficken in Venedig, willkomm'n im Paradies | Manche Leute machen Flitterwochen in Paris | Aber ich und meine italienische Bitch, wir ficken in Venedig | Musste in der Kälte Kisten schleppen, Rückenschmerzen in der Regel | Wir ficken in Venedig, willkomm'n im Paradies | Manche Leute machen Flitterwochen in Paris | Wir ficken in Venedig, willkomm'n im Paradies | Manche Leute machen Flitterwochen in Paris | Aber ich und meine italienische Bitch, wir ficken in Venedig",5gr8txrWi5JFLDoxzVZxLE
Ma Shawty,Jazeek,1,in,,"Hab' dich oft in dei'm Herzen verletzt | Deshalb sind so viele Baddies in mei'm Foreign Truck | Ertränke meine Demons in 'nem Henny-Glas | Fake Love, ständig Devil in mei'm Ohr",56DjIeqZidDufg6H3yoTr5
Miami,Luciano,1,in,,"All die Baddies in Monaco auf und ab (Ja, ja, ja) | Denn du bist in Pretty Woman mit Erfolg, ja | Wenn ich chille mit den Prettys in der City, livin' life (Ja, ja, ja) | Denn die Demons in mein'n DMs sind zu pretty in ihr'm Kleid",4nBfq4hPT6U8Qs4gAx0mv8
Effizient,Luciano,1,in,,"Hab' Tequila in mei'm Cup, bisschen Depris übern Tag, trotzdem fokussiert wie every Day (Ja) | Baddies fragen mich spontan, ob ich komm' zu ihn'n nach France, siehst mich fahr'n in ei'm fetten Benz | Hab' Tequila in mei'm Cup, bisschen Depris übern Tag, trotzdem fokussiert wie every Day (Ja) | So wie in 'nem Film (Ja) | Hab' Tequila in mei'm Cup, bisschen Depris übern Tag, trotzdem fokussiert wie every Day (Ja)",7sqY47Gnfqm1CvttBA490C
SANTA FREESTYLE,THIZZY52,1,in,,"Immer in Topform, alle Opps pumpen jetzt Vom Block | Immer in Topform, alle Opps pumpen jetzt Vom Block | Bro hinterm Lenkrad gibt wieder Kicki Richtung Amsterdam in einem Benzer | Immer in Topform, alle Opps pumpen jetzt Vom Block | Immer in Topform, alle Opps pumpen jetzt Vom Block",2kOxp9BK7kiD2e4odseUN2
SELFMADE  GRIEZMANN,THIZZY52,1,in,aus,"Köpf' 'ne Champagne-Bottle Rosé in der Trap | Köpf' 'ne Champagne-Bottle Rosé in der Trap | Lass kein'n Pisser— (Bow), Lass kein'n Pisser in mein'n Kreis rein | Köpf' 'ne Champagne-Bottle Rosé in der Trap | Köpf' 'ne Champagne-Bottle Rosé in der Trap | So wie in Freiheit, Jungs aus dem Untergrund | Brech' deine Mannschaft, fick' deine Sippschaft, zeig deine Eier in Real Life, eh | So wie in Freiheit, Jungs aus dem Untergrund",0PFZJiniN98Dvol16UJAsP
Moulaga,MADE,1,in,aus,"Er ist schon seit morgens in der Spielothek | Ich bin nie wieder gefang'n in einem Loch (Pah) | Ich bin nie wieder gefang'n in einem Loch | Wenn die Summe nicht mehr reicht, fliegt die Klinge in dein Fleisch",4pnk9Mhzcv3oHxFyARlNNP
Enchanté,Sosa La M,1,aus,fern,"Du siehst bisschen aus (So wie Beyoncé, weh) | Du siehst bisschen aus (So wie Beyoncé, weh) | Du siehst bisschen aus (So wiе Beyoncé, weh) | Du siehst bisschen aus (So wie Beyoncé, weh)",7Mn6Tisa1wVvYusahnvjE5
H 3 T E L,Dardan,1,in,oben,"Sie ist bis um drei in mei'm Hotel | Meine Seele so kalt wie der Whisky Bourbon in der Minibar | Suche dein'n Nam'n in tausenden Chats | Sie ist bis um drei in mei'm Hotel | Check' ein ins Hotel, während sie wartet in der Lobby | Steig' in den Lift und ich weiß, sie folgt mir und sie folgt mir | Sie ist bis um drei (Bis um drei) in mei'm Hotel",4PP0u2Fhzg8NnPW3EZGw2v
Mensch ist Mensch,Moe Phoenix,1,in,,Du musst keine Wut in dei'm Bauch haben | Und in der schweren Zeit wirst auch du (du) es kapier'n | Du musst keine Wut in dei'm Bauch haben | Du musst keine Wut in dei'm Bauch haben,5oIcW1BFQtVhsEWXihA6Yh
Leeres Herz,Morpheuz,2,"fern, in",,"Du bist da und doch so fern (So fern) | Du bist da und doch so fern (So fern) | Schau' dir in die Augen, sowas hab' ich nicht verdient | Ertrink' in Poison | Ertrinkst in Poison | Du liest in mein'n Augen ihren Nam'n | Ich denk' an sie, doch halt' dich in mein'n Arm'n | Schau' dir in die Augen, sowas hab' ich nicht verdient (On God) | Schau mir in die Augen, sowas hast du nicht verdient (On God) | Schau' dir in die Augen, sowas hab' ich nicht verdient (Nein, nein) | Schau mir in die Augen, sowas hast du nicht verdient (On God)",3v2R5MUKWWzcUpeMXSr7bG
LOV  NYC Edition,LACAZETTE,1,in,"unten, hoch, aus","Sie ist verliebt in ein'n G | Oh, ma jolie, sag ihm, ich habe mich in seine Tochter verliebt | Wart’ in dein’ Treppenhaus und rauche eine Marlboro | Will dir in die Augen gucken könn'n, falls du mich wieder triffst",22of7esclDCfhbskWNCHUc
Kochanie,JIGZAW,2,"hoch, in","aus, über","Geh' hoch, wenn es zu ernst wird | Geh' hoch, wenn es zu ernst wird | Geh' hoch, wenn es zu ernst wird | Geh' hoch, wenn es zu ernst wird | Denn auch alte Freunde versuchten, mich in die Falle zu zieh'n | Ich trag' Handschell'n und dein'n Namen in meinem Herzen (Kochanie) | Ich trag' Handschell'n und dein'n Namen in meinem Herzen (Kochanie) | Der Blick in ihren Augen verrät, sie hat alles im Griff | Sie hat Schminke von MAC und Waffen in ihrer Handtasche | Ich trag' Handschell'n und dein'n Namen in meinem Herzen (Kochanie) | Ich trag' Handschell'n und dein'n Namen in meinem Herzen (Kochanie)",1EteD7RVEOeOa9xBDIwF6F
Ich darf das,Shirin David,1,in,,"Dann mit einer Story direkt in den Zeitung'n | Stelle keine Frau in den Schatten, damit ich schein' (Nеin) | Kein Mann in dieser Welt macht dich zum Star, Schatz | Verteile wieder Körbe in Berlin",0i239e7IfbcMy4xx3FGMNz
Que pasa,Aymo,1,aus,in,"Bitch ist aus Antep, Türkei | Bin auf Exotic Whips und tanz' mit Sharamits aus Medellín | Puerto Rico, Antwerpen und paar aus Nador | Teil' mein Kingsize-Bett mit 'ner Chick aus Brasília | Teil' mein Kingsize-Bett mit 'ner Chick aus Brasília | Teil' mein Kingsize-Bett mit 'ner Chick aus Brasília | Teil' mein Kingsize-Bett mit 'ner Chick aus Brasília",4fH8BbJKlb5jnmmXDroWe1
CDY,LACAZETTE,1,aus,in,Sie löscht jeden Mann aus ihr'm Handy | Sie sieht aus wie Monica Bellucci | Sie löscht jeden Mann aus ihr'm Handy | (Sie löscht jeden Mann aus ihr'm Handy),6BRGGHydYjs2xpSjw8Dwx7
Bend Over 2,Jazeek,1,in,,"Untouchable in Germany wiе Oli Kahn, yeah (Yeah, yeah, yеah) | Ich hab' pretty B's in ganz Europa (Europa) | Hit your favorite model in my lo-lo-lo-loafers | Ich hab' pretty B's in ganz Europa (Europa) | Hit your favorite model in my lo-lo-lo-loafers",0xdCOXFgnKNBFmhVGyDJjl
Nonstop,Dardan,1,in,links,"Stars in Europa | Ich geh' den Weg bis zum Ende, bin ein Phänomen in mei'm Block (In mei'm Block) | Zwei Albaner, keiner spielt in unsrer Liga (Nein) | Shqipes in Europa | Ich geh' den Weg bis zum Ende, bin ein Phänomen in mei'm Block (In mei'm Block)",72mTkKFJYy497k5cJhqVwi
KLATSCH DAS,Jazeek,1,in,"über, unter","Ich mache Millis in New York, als wär ich Melo (Melo) | Hol' dich ab in einem Lambo, nein, ich fahre kein'n Rover (Yeah) | Ich hab' sieben IG-Models in my Crib an 'nem Montag, yeah | Ich kann nichts dafür, bin wie gefangen in dieser Welt | I wanna jump up in my Lamborghini Gallardo | Ich hab' sieben IG-Models in my Crib an 'nem Montag, yeah",1WERhgO8sSoeGP4XVTiBoQ
Vermisse,Dardan,1,in,hoch,"Du lebst in mei'm Kopf | Wenn es endet in 'nem Chaos? (Ja) | Du lebst in mei'm Kopf | Du verläufst dich in mein' Kopf, sag mir, was du siehst | Seh' die Dinge in mei'm Block durch die Jalousie | Du lebst in mei'm Kopf | Wenn es endet in 'nem Chaos? (Chaos) | Du lebst in mei'm Kopf | Sag' dir: „Du bist meine Welt”, doch es endet in 'nem Chaos | Du lebst in mei'm Kopf | Wenn es endet in 'nem Chaos? (Chaos) | Du lebst in mei'm Kopf",0DAe8XAFqCfdL2F649pgN0
Vienna Calling,Falco,1,in,,"Talking about, Stella sitzt in Rio, Stella liegt in Tokio | Ob in Tucson, Arizona, Toronto, Canada? | Wien in Not (Cha-cha-cha) | Ob in Tucson, Arizona, Toronto, Canada? | Wien in Not (Cha-cha-cha) | Wien in Not, so in Not, haha | Wien in Not | Vienna calling (Wien in Not; na-na-na-na-na-na; Wien in Not) | Hello, oh-oh (Wien in Not) | (Wien in Not; na-na-na-na-na-na; Wien in Not, Wien in Not) | (Oh-oh; Wien in Not)",6tetorrFfVEwugqcgfwEm1
Faust auf Faust  Remastered 2008,Klaus Lage,1,in,"oben, nah",Mischst dich in alles ewig ein - | Für wen hast du in dieser Nacht | Mit ihr warst du in bösen Lagen | Traf dich in's Herz in der Gefahr,2CHhV1qOt5DyA1EXr0xjWM
Alkohol,Herbert Grönemeyer,1,in,,Gelallte Schwüre in rot-blauem Licht | Graue Zellen in weicher Explosion | Alkohol ist dein Sanitäter in der Not | Alkohol ist dein Sanitäter in der Not | Alkohol ist dein Sanitäter in der Not | Alkohol ist dein Sanitäter in der Not | Alkohol ist dein Sanitäter in der Not | Alkohol ist dein Sanitäter in der Not | Alkohol ist dein Sanitäter in der Not,0fEuIosdE4UTHACOrmjR1f
Reeperbahn,Udo Lindenberg,1,in,"nah, aus","Auch in Rio im Abendwind | Oder in München, in so 'nem Doofbräuhaus | Ich stehe cool in Venezia | Mit 'nem Drink in Harry's Bar | In 'ner lauen Nacht in Kairo | Ich höre Opern in Bayreuth | Und nach 'ner Weile kommt's mir wieder in den Sinn | Und nach 'ner Weile kommt's mir wieder in den Sinn",1WXPn2DhhGnSHC0VjXJqZo
Willenlos,Westernhagen,2,"in, aus",,"Ich fiel in ihr Dekolleté | Und ich war wirklich nicht in der Lage | Und ich war wirklich nicht in der Lage | Mann, ich war wirklich nicht in der Lage | Ihr aus dem Wege zu gehen | Ihr aus dem Wege zu gehen | Sie kam aus Nowosibirsk | Wir tranken Wodka aus Flaschen | Ihr aus dem Wege zu gehen",46vOwVfosQJ4bFdY1ryVnU
Ein ehrenwertes Haus,Udo Jürgens,1,aus,"oben, in, unter","Und die Gemeinschaft aller Mieter schreibt uns nun: „Zieh'n Sie hier aus“ (Hey, hey, hey) | Und die vom Erdgeschoss, tagtäglich spioniert sie jeden aus | Auch die von oben, wenn der Gasmann kommt, zieht sie den Schlafrock aus | Wenn du mich fragst, diese Heuchelei halt' ich nicht länger aus | Wir packen unsre sieben Sachen und zieh'n fort aus diesem ehrenwerten Haus",4ikBKCSwrkR7T7aNH7eFxn
Bruttosozialprodukt,Geier Sturzflug,1,in,,"Ja, dann wird wieder in die Hände gespuckt | Ja-ja-ja, jetzt wird wieder in die Hände gespuckt | Ja, jetzt wird wieder in die Hände gespuckt | Ja-ja-ja, jetzt wird wieder in die Hände gespuckt | Und heimlich in die Fabrik eindringt | Ja, jetzt wird wieder in die Hände gespuckt | Ja-ja-ja, jetzt wird wieder in die Hände gespuckt | Jetzt wird wieder in die Hände gespuckt | Ja-ja-ja, jetzt wird wieder in die Hände gespuckt | Ja, jetzt wird wieder in die Hände gespuckt | Ja-ja-ja, jetzt wird wieder in die Hände gespuckt | Ja-ja-ja, jetzt wird wieder in die Hände gespuckt | Ja-ja-ja, jetzt wird wieder in die Hände gespuckt",2jWCLuhLinumCeHiCGONu3
Bochum  Remastered 2016,Herbert Grönemeyer,1,aus,in,"Aber grade das macht dich aus | Du hast 'n Pulsschlag aus Stahl | Bochum, ich komm' aus dir | Bochum, ich komm' aus dir | Bochum, ich komm' aus dir | Bochum, ich komm' aus dir",6WDe2acDWMoxYZhpZZNpvY
Es lebe der Sport,Rainhard Fendrich,1,in,,Mutterseeln allanich sitzt er da bis in da Frua | Weu wenn si zwa in die Pappn haun | Genussvoll beißt er in sei Schnitzelbrot | Und geht dann endlich ana in die Knia | Steigns eam ord'ntlich in die Goschn | Und es ihn in die Landschaft steckt,7L3Tasv1uAL1INJn041Gmu
Musik nur wenn sie laut ist,Herbert Grönemeyer,2,"in, unter",aus,Wenn sie ihr in den Magen fährt | Wenn sie ihr in den Magen fährt | Wenn sie ihr in den Magen fährt | Wenn sie ihr in den Magen fährt | Wenn sie ihr in den Magen fährt | Wenn der Boden unter den Füßen bebt | Wenn der Boden unter den Füßen bebt | Wenn der Boden unter den Füßen bebt | Wenn der Boden unter den Füßen bebt,0MdqL0ZGvouiroPdhFZ1Yg
Amsterdam,Cora,1,in,,Allein in einer fremden Stadt | Allein in Amsterdam | Allein in einer fremden Stadt | Allein in Amsterdam | Allein in einer fremden Stadt | Allein in Amsterdam | Allein in einer fremden Stadt | Allein in Amsterdam,7FrsdB6c1buzMfSndN4UQL
Fürstenfeld,STS,1,in,aus,"Es handelt von einem steirischen Musiker, der in Wien erfolglos ist und in seine steirische Heimatstadt… Read More [Songtext zu „Fürstenfeld“] | In der Kärntner Stroßn, do singt ana „Blowing in the Wind“ | Der hat wulln sei Glück probiern in der großen, fremden Stodt | Ois wie a paar Schilling in seim Gitarrenkuffa drin | Niemals spül i mehr in Wien | I spül höchstens no in Graz",2n3ERDAyw57jX3iLZfADse
Mit 18,Westernhagen,1,aus,"in, über",Und Straßen sind aus Dreck gebaut | Und Straßen sind aus Dreck gebaut | Und Straßen sind aus Dreck gebaut | Und Straßen sind aus Dreck gebaut,0rb4TvajfVkHvxO5ismHvh
Wahnsinn,Wolfgang Petry,1,in,,Wahnsinn warum schickst du mich in die Hölle | So ein Wahnsinn warum schickst du mich in die Hölle | Wahnsinn warum schickst du mich in die Hölle | So ein Wahnsinn warum schickst du mich in die Hölle,16CCUMReocx2dtFgmSqORr
Mit 66 Jahren,Udo Jürgens,1,in,,"(Mit 66) Mit 66 Jahren, da kommt man erst in Schuss | (Mit 66) Mit 66 Jahren, da kommt man erst in Schuss | Dann geh'n wir nämlich rocken in eine Diskothek, oho, oho, oho | Im Sommer bind' ich Blumen in meine Denkerstirn | (Mit 66) Mit 66 Jahren, da kommt man erst in Schuss | Mit 66 Jahren (Mit 66), da kommt man erst in Schuss | Mit 66 Jahren (Mit 66), da kommt man erst in Schuss",687anwxZ267LHbA4bw1Enq
Kinder an die Macht  Remastered 2016,Herbert Grönemeyer,1,in,aus,Die Welt gehört in Kinderhände | Wir werden in Grund und Boden gelacht | Die Welt gehört in Kinderhände | Wir werden in Grund und Boden gelacht | Die Welt gehört in Kinderhände | Wir werden in Grund und Boden gelacht | Die Welt gehört in Kinderhände | Wir werden in Grund und Boden gelacht | Die Welt gehört in Kinderhände,19w8ChnDiyS5Jcj8TLBX6O
Beinhart,Torfrock,1,über,in,Wir ridеrn easy über Berg und Tal | Wir ridern easy über Berg und Tal | Wenn wir über alle Pisten bügeln | Wir ridern easy über Berg und Tal,3nOernkswNwTfHHGya0GAk
Er steht im Tor,Wencke Myhre,1,nah,aus,"Frühling, Sommer, Herbst und Winter bin nah bei meinem Schatz | Frühling, Sommer, Herbst und Winter bin nah bei meinem Schatz | Frühling, Sommer, Herbst und Winter bin nah bei meinem Schatz | Frühling, Sommer, Herbst und Winter bin nah bei meinem Schatz",6Xpd2qTFOFdJMp8A2Y3QwX
Ich glaub es geht schon wieder los  2004 Version,Roland Kaiser,1,in,,"Und alles steht in Flammen | Und alles steht in Flammen | Und alles steht in Flammen (Oh-oh, oh) | Und alles steht in Flammen (Steht in Flammen)",3X9B7yIpLasUU5j4GPXogp
Anita,Costa Cordalis,1,in,,Allein in Mexiko | Allein in Mexiko | Hier in Mexiko | Allein in Mexiko,0ObItSI2K1SP6uJPdHSyb9
Du mußt ein Schwein sein,Die Prinzen,1,in,vorne,Du musst ein Schwein sein in dieser Welt – Schwein sein | Du musst gemein sein in dieser Welt – gemein sein | Du musst ein Schwein sein in dieser Welt – Schwein sein | Du musst gemein sein in dieser Welt – gemein sein | Du musst ein Schwein sein in dieser Welt – Schwein sein | Du musst gemein sein in dieser Welt – gemein sein | Du musst gemein sein in dieser Welt,5ShK4xJLX8t8FyrBa906JC
Liebe auf den ersten Blick,Münchener Freiheit,1,aus,,Diesen Taumel aus purem Glück | Diesen Taumel aus purem Glück | Diesen Taumel aus purem Glück | Diesen Taumel aus purem Glück,4QRsnJRKgHF6gRPZQzNMu8
Herz aus Glas  Single Version,Münchener Freiheit,1,in,aus,Denn ich sehe in dein Herz aus Glas | Denn ich sehe in dein Herz aus Glas | Denn ich sehe in dein Herz aus Glas | Denn ich sehe in dein Herz aus Glas | Denn ich sehe in dein Herz aus Glas | Denn ich sehe in dein Herz aus Glas,7fKE1svR1JOPtNHBthtpR8
Bis wir uns wiedersehn,Münchener Freiheit,1,in,,Denn irgendwo in dieser Nacht bin ich vor Sehnsucht aufgewacht | Denn irgendwo in dieser Nacht bin ich vor Sehnsucht aufgewacht | (Denn irgendwo in dieser Nacht bin ich vor Sehnsucht aufgewacht) | (Denn irgendwo in dieser Nacht bin ich vor Sehnsucht aufgewacht) | (Denn irgendwo in dieser Nacht bin ich vor Sehnsucht aufgewacht) | (Denn irgendwo in dieser Nacht bin ich vor Sehnsucht aufgewacht) | (Denn irgendwo in dieser Nacht bin ich vor Sehnsucht aufgewacht) | (Denn irgendwo in dieser Nacht bin ich vor Sehnsucht aufgewacht) | (Denn irgendwo in dieser Nacht bin ich vor Sehnsucht aufgewacht) | (Denn irgendwo in dieser Nacht bin ich vor Sehnsucht aufgewacht) | (Denn irgendwo in dieser Nacht bin ich vor Sehnsucht aufgewacht) | (Denn irgendwo in dieser Nacht bin ich vor Sehnsucht aufgewacht),7eAZgnEueDKrf7iNDLoBt6
Wenn ein Mensch lebt,Puhdys,1,in,,Ich hab' mich in ihren Schatten gelegt | Ich habe mich in ihren Schatten gelegt | Ich hab' mich in ihren Schatten gelegt | Ich habe mich in ihren Schatten gelegt,5TXjpoGaoO5DTkgrBshl5T
Josie,Peter Maffay,2,"in, aus",,"Und Sehnsucht bringt in der Stimme, wenn sie lacht | Und etwas in ihr will fast zerspringen | Mit jedem Blick in ihren Spiegel | Und in der Nacht fühlt sie sich so allein | Und etwas in ihr will fast zerspringen | Sie hat ein Kleid aus Sonnenschein | Doch aus dem Kind von gestern wird nur langsam eine Frau | Doch aus dem Kind von gestern wird nur langsam eine Frau | Doch aus dem Kind von gestern wird nur langsam eine Frau",22Kw9zlfCNZe07YWvnK5Qh
Komm Zurück,Münchener Freiheit,1,in,über,Komm zurück in meine Welt | Komm zurück in meine Welt | Komm zurück in meine Welt | Komm zurück in meine Welt,0xHyME5zLidOMoxKd2aUhe
Blumen aus Eis,Heinz Rudolf Kunze,1,in,"nah, aus",Ich sah Autos in den Baumen | Ich hare Tollwut in der Predigt | Ich sah Autos in den Baumen | Sex in unbewohnten Raumen | Ich sah Autos in den Baumen,71hbieT13LcdYY6COkLFBe
Die Welt steht auf Pause,Adel Tawil,1,in,aus,"Ich halt's kaum aus, alles in mir leer | Dein Herz setzt aus, denn in der Luft (Denn in der Luft; ah) | Und auf einmal rückt was um uns ist in den Hintergrund",0xAij1Uf2yqEj0PHbgJZ6b
Ein Herz kann man nicht reparieren,Udo Lindenberg,1,in,,"Hör mir jetzt mal zu, lass mich jetzt in Ruh' | Ist es einmal in zwei, dann ist alles vorbei | Ist es einmal in zwei, dann ist alles vorbei | Und geht's einmal in zwei, ist es längst nicht vorbei",6rDpddP9TCGQ48LsUcHe8o
Das Buch,Puhdys,1,über,aus,Es wird über uns berichten über unser leben über unsern tod | Und über feuer das so groß war daß keine tränen es mehr löschen konnten,17wPHtdxprys7JYfBbv6dy
Verlorene Kinder,Silly,1,in,,Die verlornen Kinder in den Straßen von Berlin | Der Wohnblock spuckt sie in | Die verlornen Kinder in den Straßen von Berlin | Zu den alten Linden die nur in der Ferne blühn | Die sie nicht mehr finden in den Straßen von Berlin,14QB7XOnkuH2vKYePtAqOz
Dich zu lieben,Roland Kaiser,1,in,,Du hast in mir ein erloschenes Feuer entfacht | Weckt die Sehnsucht in mir auf ein Leben mit dir | Weckt die Sehnsucht in mir auf ein Leben mit dir | Weckt die Sehnsucht in mir auf ein Leben mit dir | Weckt die Sehnsucht in mir auf ein Leben mit dir,04Gctkyr8En3h8GgZQ4n6z
Sagte mal ein Dichter,Holger Biege,2,"in, aus",,"Und nun lebt es in den Menschen fort | Den ich in der großen Stadt dann pfleg' | Ja so einfach sprach er aus das Wort, und nun lebt es in den Menschen fort | Ja so einfach sprach er aus das Wort, und nun lebt es in den Menschen fort | Ja so einfach sprach er aus das Wort, und nun lebt es in den Menschen fort | Ja, so einfach sprach er aus das Wort | Ja so einfach sprach er aus das Wort, und nun lebt es in den Menschen fort | Ja so einfach sprach er aus das Wort, und nun lebt es in den Menschen fort | Ja so einfach sprach er aus das Wort, und nun lebt es in den Menschen fort",3kFnJf7mrEViUydEA0kkFQ
Gewitterregen,Karat,2,"oben, in",,Und es war noch etwas ganz weit oben | Ganz weit oben | Und es war noch etwas ganz weit oben | Ganz weit oben | Was ich von ihr gewollt in meinen Träumen | Wo sie hinging in der Nacht | Es flogen Wolken weg in Richtung Süden | Es flogen Wolken weg in Richtung Süden | Wo sie hinging in der Nacht,5BARFfuVHNT0p5rAkyzsdf
Immer so,Karat,1,in,,"Ohne, dass du da bist, schau' mir in die Eyes | Halt ich in der Hand und dann denk' ich nur an dich | Halt ich in der Hand und dann denk' ich nur an dich | Ohne, dass du da bist, schau' mir in die Eyes",4X5onrK9IcmwpSW3CUT7ak
Extreme,Roland Kaiser,1,in,aus,Wir lagen uns in den Armen | Und in der Stille der Nacht | Zerreißt der Schmerz in mir fast meine Seele | Und in der Stille der Nacht,2oYv5p4zVz2ENLikDdGRMS
Samstag Nacht,Howard Carpendale,1,in,nah,Als die Angst in mir | Du bleibst in deiner Welt | Ich mu in meine Welt | Deine Liebe brennt wie ein Licht in mir | Die Hand in meiner Hand | Du bleibst in deiner Welt | Ich mu in meine Welt | Deine Liebe brennt wie ein Licht in mir | Deine Liebe brennt wie ein Licht in mir | Deine Liebe brennt wie ein Licht in mir,62ksYS9QhtArjw61P6VOcy
Hier fing alles an,Roland Kaiser,1,in,,Was wir nur in Träumen sah'n | Und dort standen wir Arm in Arm | Was wir nur in Träumen sah'n | Was wir nur in Träumen sah'n,5DYRRShB7yOQ8HNURKHdaP
Du entschuldige  i kenn di,Peter Cornelius,1,in,aus,"Sie war in der Schul der erklärte Schwarm | Und vorgestern sitz i in ein Lokal | I schau in zwa Augn und waß auf amoi | Der Peter, der zehn Häuser weiter gwohnt hat in der Gassn",0rJ6zR9AFRCSJBxYBGIXhA
Fremde oder Freunde,Howard Carpendale,1,in,,"Ich geh die Strae lang wie immer, da ist noch Licht in deinem Zimmer | Will ich dir in die Augen sehn, ob ich da bleiben kann | Noch ein paar Stufen bis zur Tr, ich spr ein wenig Angst in mir | Will ich dir in die Augen sehn, ob ich da bleiben kann",6fFCFEX3FeuqG3c1kRzXCS
Servus machs guat  Single Version,Nicki,1,in,,"Production for the first season began in June 2004. The series premiered on Nickelodeon on November 5, 2004. However, it ended on Nick's ME:TV block in 2007, but it was moved to the Nicktoons Network. | 5:30PM UPICK: ""The Adventures of Jay Jay & Jayime: Starry Wars/Jay Jay in the Woodz"" (NEW) | 7:30PM Catscratch - ""The Ghost of Mrs. Cramdilly / A Line in the Litter Box"" (NEW) | 1:00PM The Adventures of Jay Jay & Jayime - ""Halloween (Horror Madness)/Mangster in the Mist"" (NEW) | 9:30PM The Adventures of Jay Jay & Jayime - ""The Grass is Plain/Match on Myunt Olympics"" (NEW) (This is the first episode in 2006!) | 8:30PM The Adventures of Jay Jay & Jayime - ""Kissing Down in the Rain"" | 9:55PM The Adventures of Jay Jay & Jayime - ""Summer in the Winter/Seasonal Events"" (NEW) (This is the last episode of 2006!) | 9:00PM Just Jordan - ""Fools in the Hood""",5uoqvrRY3iD1xTlTqhCWlZ
Lebenslänglich du  Radio Version,Roland Kaiser,1,in,,"Mein Herz ist tief in deinem Herz gefangen | Vakuum in mir, wenn ich dich verlier', ich brauch' dich | Feuerwerk in mir, wenn ich dich berühr', du bist so tief in mir | Vakuum in mir, wenn ich dich verlier', ich brauch' dich | Feuerwerk in mir, wenn ich dich berühr', du bist so tief in mir | Vakuum in mir, wenn ich dich verlier', ich brauch' dich | Feuerwerk in mir, wenn ich dich berühr', du bist so tief in mir | Vakuum in mir, wenn ich dich verlier', ich brauch' dich | Feuerwerk in mir, wenn ich dich berühr', ich brauch' dich",4S44lh3LvjHTBHZftrgT95
Am Ende bleiben Tränen Tu cosa fai stasera,Roland Kaiser,1,in,aus,Hüllt dich in Traurigkeit ein | Sie zieht ihre Spur in dein Gesicht | Nimmt den Platz in dir ein | Hüllt dich in Traurigkeit ein | Sie zieht ihre Spur in dein Gesicht | Nimmt den Platz in dir ein | Hält sein Bild in dir wach,1qtTEigEsHneIwrti2eGh0
Wenn d Sehnsucht brennt,Nicki,1,in,aus,Du loßt mi in himmi eini schaun | Du loßt mi in himmi eini schaun | Du loßt mi in himmi eini schaun | Du loßt mi in himmi eini schaun | Du loßt mi in himmi eini schaun | Du loßt mi in himmi eini schaun | Du loßt mi in himmi eini schaun | Du loßt mi in himmi eini schaun,73f2hsd0ejkkN8PPk3rmQ5
So was wie Liebe,Michelle,1,in,"nah, aus",Es war sowas wie Liebe und es brennt in mir | Ganz tief in meiner Seele bist immer so | Ich sah in dein Gesicht und Augen lügen nicht | Für alle Tränen in der Zeit danach | Es war sowas wie Liebe und es brennt in mir | Ganz tief in meiner Seele bist immer so | Ganz tief in meiner Seele bist immer du,5xP015BwzcMmlVCIhbAGGn
Tears of Ice,Bolland  Bolland,1,in,,"If I saw you in Heaven? | If I saw you in Heaven? | Here in Heaven | If I saw you in Heaven? | If I saw you in Heaven? | Here in Heaven | If I saw you in Heaven? | If I saw you in Heaven? | Tears in Heaven | Ooh, tears in Heaven | Ooh, tears in Heaven | If I saw you in Heaven?",7pd1IiHL9O6iIW8XVcPpJ4
Warum tanzt du so allein,Howard Carpendale,1,in,aus,Du schaust in fremde Gesichter (Ha-ha-ha) | Das tut in der Seele weh (Ha-ha-ha) | Du schaust einen tief in die Augen (Ha-ha-ha) | Das tut in der Seele weh (Ha-ha-ha) | Das tut in der Seele weh (Ha-ha-ha),1aNDwdpvbhIA6xjzEgEYLb
Wunderland,IC,1,in,,Walkin' in a winter wonderland | Walkin' in a winter wonderland | But you can do the job when you're in town | Walkin' in a winter wonderland,7jgU9O2PO2b2Spvkek7iL1
Alles was du willst,Roland Kaiser,1,in,,"Alles was Du willst, liegt in Deinen Händen | Denn alles was Du willst, liegt in Deiner Seele | Alles was Du willst, liegt in Deinen Händen | Alles was Du willst, liegt in Deiner Seele",61tj5lVUySji71o0L9YKTL
Ruf mich an,Howard Carpendale,1,nah,in,"(Immer nah) Warst mir immer nah | (Immer nah) Sei la mia metà | (Immer nah) Und glaub mir, ich bin da",6xCeg8hYy1tlBuAvZr6qOg
Weil i di mog  1993 Version,Relax,1,aus,in,Und gib den letzten Pfenning aus | I kenn mi nimma aus | Falln bei mir die Lichter aus | I kenn mi nimma aus | Falln bei mir die Lichter aus,26qFFcaHoVxgfpBUShjyIP
Amore Mio,Roland Kaiser,1,aus,,"Zieh dich nicht aus, amore mio | Zieh dich nicht aus, amore mio | Ein Typ, der nie aus der Rolle fällt | Jetzt zieh dich aus, amore mio",4jol2ZNT6DEDypmW9ZMJLy
Manchmal möchte ich schon mit dir,Roland Kaiser,1,in,nah,Kühler Abendwind fängt sich in deinen Haaren | Und du sagst: „Halt mich ganz fest in deinen Armen“ | Die Berührung deiner Hand setzt mich in Flammen | Hand in Hand ganz nah an einem Abgrund stehen | Hand in Hand ganz nah an einem Abgrund stehen,1IdRpplrsI2cvFGXHeBAVR
Im 5 Element  Radio Version,Roland Kaiser,1,in,,Dein süßes Salz in meinem Mund | Du erfindest dich neu in mir | Ich entdecke mich neu in dir | Dein süßes Salz in meinem Mund | Dein süßes Salz in meinem Mund | Dein süßes Salz in meinem Mund,42oH7c1bK7qtuKn38Jk9wP
Südlich von mir  Long Version,Roland Kaiser,1,nah,"in, über","Südlich, ganz nah bei dir | Südlich, ganz nah bei dir | Südlich, ganz nah bei dir | Südlich, ganz nah bei dir | Südlich, ganz nah bei dir | Südlich, ganz nah bei dir | Südlich, ganz nah bei dir | Südlich, ganz nah bei dir",0QY3jUrgIacH9rQVwD6xsg
So lieb ich dich,Roland Kaiser,1,in,,Dann stirbt etwas in mir | Dann stirbt etwas in mir | Dann schließ dich nicht ein in dir | Dann stirbt etwas in mir | Dann stirbt etwas in mir,5M5QNpnhuQaBpkqlvMgMVi
Summer Wine  Sie sah mich an,Roland Kaiser,1,in,,"Strawberries, cherries and an angel's kiss in spring | Strawberries, cherries and an angel's kiss in spring | Strawberries, cherries and an angel's kiss in spring | Strawberries, cherries and an angel's kiss in spring",0T5rV4fWVos2dMoxyBITrW
Wenn es dich irgendwo gibt,Howard Carpendale,1,in,,So lange - und ich bin tausend Wege gegangen mit der Frage tief in | Dann werd' ich dir in die Augen seh'n | Dann werd' ich dir in die Augen seh'n | Dann werd' ich dir in die Augen seh'n,0sHxumOEt3eiFSGec02NpK
Careless Love,Humpe Humpe,1,in,,"Soon starts rainin' in my room | Soon starts rainin' in my room | Rainin' in my room | Rainin' in my room | Rainin' in my room | I'm still in love, still in love | Soon starts rainin' in my room | Soon starts rainin' in my room | Soon starts rainin' in my room | Soon starts rainin' in my room",6SH8woKFKPkBhVXFLC7GrM
No Longer Friends,Humpe Humpe,1,in,,Suspicion's in your mind | Save your promises; they're all in vain | Hurts to see you in despair (In despair) | Save your promises; they're all in vain | Hurts to see you in despair,1sJWVEtAQazJcGSCEhAz58
Morgen,Wincent Weiss,1,in,aus,"Hab' dieses Kribbeln in mei'm Bauch | Ey, in meinem Kopf bin ich schon unterwegs | Es ist nicht zu beschreiben in Wortеn | Ey, in meinem Kopf bin ich schon unterwegs | Es ist nicht zu beschreiben in Worten | Es ist nicht zu beschreiben in Worten",6jRkUyD99GMJ4KUjo5PCip
Alles brennt,Johannes Oerding,2,"in, über",aus,"Alles brennt, alles geht in Flammen auf | Alles brennt, alles geht in Flammen auf | Und wenn es wieder in mir brennt, dann weiß ich jetzt genau | Alles brennt, alles geht in Flammen auf | Alles brennt, alles geht in Flammen auf | Ich halt' die Luft an, lauf über die Glut | Ich halt' die Luft an, lauf über die Glut | Ich halt die Luft an, lauf über die Glut | Ich halt' die Luft an, lauf über die Glut",5KeR2J0sSem4BWYdcTW1Jf
Bye Bye  RadioVersion,Silly,1,in,,"Yo, I ain't in the club throwing one's on girls | For the night's in the rain tryna hit them cells | Put a wap in that spot | I got him in this blunt unface it (Loud) | I ain't in the club throwing one's on girls (Nah) | For the night's in the rain tryna hit them cells (cells) | I ain't in the club throwing one's on girls | For the night's in the rain tryna hit them cells",6PUdf79PXrMBztoLctV3H0
Auf den Meeren,Karat,1,in,unter,"Der nächste Song in der Jukebox ist meiner | Setz mich in die Kneipe, Digger, das ist Frauentausch Unplugged | Karate Andi, ich komm' reingeschneit in Discos | Ich hab Crystal Meth in einem Wohnmobil gemacht",5TOaOXls2ts5Ey2C3yU46S
Ganz egal,Karat,1,in,aus,"Das ist jetzt mein Zuhause, in Zimmer Nummer vier | Dann kommst du dеn Flur entlang, eingeliefert in der Nacht | Da ist 'ne Story in dein'n Augen, ich glaub', du bist gefährlich | Du darfst wieder in die Freiheit, aber leider ohne mich",42lCu3oQ5pzrpqW0jabQHU
Falscher Glanz,Karat,1,in,,Die Zweifel schlug ich allesamt in den Wind | Dann hast du mir kalt in die Augen gelacht | Die Zweifel schlägst du allesamt in den Wind | Dann hast du mir kalt in die Augen gelacht,2i9y7UYuRF8VEtj843X8Bm
Wilder Mohn,Karat,2,"in, aus",oben,"Jagajau, deutscher Rap fickt deine Frau bei deinem Gig steh ich mit Benzinkanister in der Crowd | Ich geh völlig aus mir raus und dein Vater in Berufung selbst Kamp beschimpft mich als Versager ohne Zukunft | Ich stolper aus der Spielo direkt in den Nobelpuff | Hau mir ´ne Spritze in den Arm  und zerficke die Oldschool! | Und raste aus | Ich geh völlig aus mir raus und dein Vater in Berufung selbst Kamp beschimpft mich als Versager ohne Zukunft | Ich komm aus der Vorratskammer mit dem Vorschlaghammer | Ich stolper aus der Spielo direkt in den Nobelpuff",1hKNKUrs1V3lul9by4CuYX
Tanz mit mir,Karat,2,"in, aus",über,"Verkaufe das Pepp in der Straßengasse | Nase ist taub und ich geh in den Stripclub | Nase ist taub und ich geh in den Stripclub | Ich trag einen Trenchcoat und komm in die Oldschool, mit Hand an der Waffe wie Amokläufer | Nase ist taub und ich geh in den Stripclub | Nase ist taub und ich geh in den Stripclub | Raus aus dem Bett, nehme den Nasenkaffee | Baustellenrap aus dem Sauerstoffzelt | Und seh dabei noch aus, so wie Jesus Christus | Und seh dabei noch aus, so wie Jesus Christus | Und seh dabei noch aus, so wie Jesus Christus | Und seh dabei noch aus, so wie Jesus Christus",2o1rUhlmSV7v34i1Mn26Qj
Marionetten,Karat,1,aus,"links, rechts, hoch, in","Augen aus Glas blicken starr | Köpfe aus Holz, die sind hohl | Puppen aus Holz stehen still | Augen aus Glas starren hoch | Puppen aus Holz, die sind blind",3prIr4MNx4ir7DkC2Cdg2M
Und ich liebe dich,Karat,1,in,,"Der Haftantritt dann in zwei Tagen | Wir saßen abends zu viert in Friedrichs Wagen | Wir waren nicht betrunken, nicht in der Unterzahl | Und hier und jetzt, in Friedrichs Wagen",59a0aw1N9KaYI7zmf1uR3k
Dann kann ich fliegen,Karat,1,in,,But through every bend in the road | Be a light in the darkness | With hope in the father | Be a light in the darkness | With faith in the father | Be a light in the darkness | I'll be a light in the darkness,61972qsj38FazsbdeG9qaE
Don Alfredo,Karat,1,in,,"Found love in my darker days | They ain’t lettin’ our face in | Wildin’ in somethin’ to feel better, ayy | Somethin' in my brighter day | Everything in the dark gon' serve, surface | Now the fact’s all up in the ear, ya heard us?",6afX74eWCKbLExK6wythaJ
Wer einmal lügt,Karat,1,in,,"Wer von euch saß in Haps? | Wer von euch saß in Haps? | Was für „Treib' meine Kasse ein“? Lucky macht in Ruhe | Ich mach' alle käsebleich, in meiner Fresse glänzt ein Stein (Lak, swerve) | Wer von euch saß in Haps? | Wer von euch saß in Haps?",0RsFnQVrloJQ6tHvz2PE6h
Wind und Feuer,Karat,1,in,,'Cause you will hate yourself in the end | 'Cause you will hate yourself in the end | 'Cause you will hate yourself in the end | 'Cause you will hate yourself in the end,6HiQAmWp1QGWWuhhx09SrE
80qm,Nina Chuba,1,in,aus,Dein'n Wagen nie mehr in der Einfahrt seh'n | Deine letzten Spur'n sind verpackt in Kartons (Verpackt) | Dein'n Wagen nie mehr in der Einfahrt seh'n (Mh) | Dein'n Wagen nie mehr in der Einfahrt seh'n (Mh),13Ozua7wPk2dU3NIIgJJJo
Fata Morgana feat Tokio Hotel,Nina Chuba,1,in,,"Ich schau' in die Augen, die nie für mich da war'n | Da ist noch Licht in deiner Wohnung, ich lauf' zufällig dran vorbei | Ich schau' in die Augen, die nie für mich da war'n | Ich schau' in die Augen, die nie für mich da war'n | Wie 'n Geisterfahrer in die Nacht | Da ist noch Licht in deiner Wohnung, ich lauf' einfach dran vorbei | Ich schau' in die Augen, die nie für mich da war'n | Ich schau' in die Augen, die nie für mich da war'n",7a4O4FPGjTL4084bbvFeJF
Sehnsucht,Rammstein,1,in,über,"The snow in the first verse refers to feminine lubrication, in the lovers'… Read More [Songtext zu „Sehnsucht“] | Wieder in den Schoß der Löwin, wo ich einst zu Hause war | Der große Vogel schiebt den Kopf sanft in sein Versteck zurück",3oWFQPp5lL5x907hCcCRa9
Wahnsinn,01099,1,in,,"Denn alles dreht sich in mei'm Bett, ich fall' ins Garnichts | Nimmst mich einma' in den Arm, dann gehst du | Denn alles dreht sich in mei'm Bett, ich fall' ins Garnichts | Siehst du dis Dunkle in mei'm Zimmer? Spür' die Panik | Bitte schieß mir in die Brust, ich kann's ertragen | Nimmst mich einmal in den Arm, dann gehst du | Denn alles dreht sich in mei'm Bett, ich fall' ins Garnichts",5OhpIovwNlJZFqczeaYnJz
Bis hier und noch weiter,Adel Tawil,1,aus,"außen, in, über","Dinge, die von außen strahl'n, seh'n oft anders aus von inn'n | Ich roll' die Steine aus dem Weg | Dinge, die von außen strahl'n, seh'n oft anders aus von inn'n | Ich roll' die Steine aus dem Weg | Denn auch aus hundert Meilen erkenne ich deinen neidischen Blick | Ich roll' die Steine aus dem Weg",5y2qTBdWUFNgSPOygSWOMe
Stark  Long Version,Ich  Ich,1,oben,in,Aber ich steh nur hier oben | Aber ich steh nur hier oben | Ich steh nur hier oben | Aber ich steh nur hier oben | Ich steh nur hier oben,0qWFawlYhZAftmGBsFutdw
Bilder von Dir,Laith AlDeen,1,in,,Bilder von dir überdauern bis in alle Zeit | Bilder von dir überdauern bis in die Ewigkeit | Meine Worte hüllt in Schweigen | Ich fühl es in meinem Kopf | Bilder von dir überdauern bis in alle Zeit | Bilder von dir überdauern bis in die Ewigkeit,23t7gG7rKSddYrU3zaMv0S
Santiano,Santiano,1,hoch,,Segel hoch | Segel hoch | Segel hoch | Segel hoch,48iwF6sUOHYg2foDUPZWUd
Was wir alleine nicht schaffen,Xavier Naidoo,1,in,,Wir haben wieder wind in den segeln | So wie in einer kartbahn | Wir sollten in zeiten wie diesen nie | Nur darum geht den ersten platz zu belgen in best zeit,0iudDbnha87aqfwNyCpC5I
Meine Muse  Rap Version,Xavier Naidoo,1,in,,"Du bist so präsent in der Gegenwart | Du kommst leicht in Fahrt, Männer sind Herzinfarkt gefährdet | Zu führen der sie befreit und uns vereint in Ewigkeit | Tief in meinem Horizont der lächelt",5kxheHViQdjHJzTXdmIldY
Unter die Haut feat Cassandra Steen,Tim Bendzko,1,aus,"in, unter",Es zieht mich immer weiter gerade aus | Es zieht mich immer weiter gerade aus | Komm wir reissen aus | Es zieht mich immer weiter gerade aus,210XJ4gUFiCBiYjel9fwa9
Whatever,CRO,1,in,,"Die ich in meinem Leben je hatte | Spring' in die Nikes, fly, und geh' wie der Baus | In Zeitlupe in den Club, es hat ewig gebraucht | Geh' in die Küche, mach' mir erst einmal 'nen Kaffee mit Jim",3S4F48POUIMUglbZoP7LSx
Ultraleicht,Andreas Bourani,1,in,aus,Jetzt schwebst du aus dem Nichts in mein verdrehtes Leben | Es scheint in deiner Nähe gibt es weder Raum noch Zeit | Und rennen wie besessen in den Wellen um die Wette | Ein Feuerwerk zieht in der Ferne Farben in die Nacht,5dAhClprLlWd10J4FEWEEY
Dickes B feat Black Kappa,Seeed,1,in,nah,"The asphalt shook, it's booming in my ear | You sink into the bass like a swamp corpse in a swamp | We shake what we got until 7 in the morning | In summer, you heal, in winter you hurt | In summer, you heal, in winter you hurt | Back in the day, Berlin was about tanks and missiles | Today I live in the East between flowery wallpapers | Too much air in my lungs for too few trumpets | In summer, you heal, in winter you hurt | In summer, you heal, in winter you hurt | In summer, you heal, in winter you hurt | In summer, you heal, in winter you hurt",4eRmCZWJoEtLl0wy7EJPwd
Augen zu Musik an,Bosse,1,in,aus,Ich hab' ’n Zwanni in der Tasche und 'n Hunderter im Mund | Mit dir in meinem Kopf wird mir nicht mehr kalt | Sie zieht mich in ihr'n Bann | Ich pfeif’ in die Morgensonne „Learning to Fly“ | Ich blinzel’ in den roten Horizont | Sie zieht mich in ihr'n Bann | Sie zieht mich in ihr'n Bann,6oV82Y85hyRw2FaUmyGEXW
Flutlicht,Adel Tawil,1,in,"aus, über","Wir werden zu Helden, sind stark in Einigkeit | Wir werden zu Helden, steh'n zusamm'n in Einigkeit (ooh, ooh) | Draußen auf den Straßen und in den obersten Etagen | Wir werden zu Helden, sind stark in Einigkeit | Wir werden zu Helden, steh'n zusamm'n in Einigkeit (ooh, ooh, ooh, ooh, ooh, ooh, ooh, ooh, ooh) | Wir werden zu Helden, steh'n zusamm'n in Einigkeit | Wir werden zu Helden, sind stark in Einigkeit | Wir werden zu Helden, steh'n zusamm'n in Einigkeit",79NR7jZMna0cmHqkfhI2Ja
Polarlichter  Single Mix,Adel Tawil,1,in,"unten, hoch","Wir könn'n Polarlichter seh'n, immer wenn wir in den Norden schau'n | Vielleicht bist du noch da, wenn ich mal in die Jahre komme | Ist in dieser kalten Atmosphäre Balsam für die Seele | Errichtet wie ein Königreich, zieh in den Palast | Wir beide hab'n die Möglichkeit in dieser einen Nacht | Immer, wenn wir in den Norden schau'n | Immer, wenn wir in den Norden schau'n",6K748ecwGaYfLga4fSCMxL
Kaum Erwarten,Wincent Weiss,1,in,,"Dann vielleicht in ein paar Jahren (Oh-oh, oh) | Auf meine Mails warten sie Tage, ich bin grad nicht in der Lage | Denn wir sitzen in der Sonne, hier in unsrem schönen Garten | Yeah, dann vielleicht in ein paar Jahr'n (Vielleicht in ein paar Jahr'n; Oh-oh, oh) | Dann kommt mein Sohn in unsren Garten",5bILMWvUEjLFZED96DJVpG
Solange Liebe in mir wohnt  Radio Edit,Luxuslärm,1,aus,"in, über","Sprech' ich es aus, rette ich Leben | Ich bau aus Trümmern einen Thron | Ich bau aus Trümmern einen Thron | Ich bau aus Trümmern einen Thron",23PcPEoBsWdPF6vVY9Fhjz
Zuckerrand,Streichelt,1,in,,Schön verrührt in einem Drink mit Zuckerrand | Während innerlich ein Krieg alles in kleinste Trümmer legt? | Schön verrührt in einem Drink mit Zuckerrand | Während innerlich ein Krieg alles in kleinste Trümmer legt?,64G2hh0TqAVlGAHGTLGYc8
Schau dir zu,Edwin Rosen,1,aus,in,"Und du sagst, ich seh' nicht aus wie ich | Ich leuchte alles aus, jede Ecke in jedem Raum | Und du sagst, ich seh' nicht aus wie ich | Das gleiche Spiel, Tag ein, Tag aus | Und du sagst, ich seh' nicht aus wie ich | (Das gleiche Spiel, Tag ein, Tag aus) | (Das gleiche Spiel, Tag ein, Tag aus) | (Das gleiche Spiel, Tag ein, Tag aus) | (Das gleiche Spiel, Tag ein, Tag aus)",327J4B693gp2yhtwHSVfKL
Bett Aus Angst,Drückeberger,1,in,aus,"Es ist nur so, ich ertrag' den Blick in den Spiegel nicht | Komm und leg dich zu mir, in mein Bett aus Angst | Leg dich auch zu mir, in mein Bett aus Angst | Es ist nur so, ich ertrag' den Blick in den Spiegel nicht | Komm und leg dich zu mir, in mein Bett aus Angst | Leg dich auch zu mir, in mein Bett aus Angst",3P12RK6ZTsoFBZZQKjTFDx
zwischendrin verliebt,TOBIAS,1,in,,Hab' ich mich in dich verliebt | Hab' ich mich in dich verliebt | Hab' ich mich in dich verliebt | Hab' ich mich in dich verliebt,4cfEKx32p9CV07CfHWXXdT
Nimm mir die Angst,Kilian Knight,1,in,nah,Drum nimm mein Herz und brech' es in zwei | Schieb das Messer in die Brust | Dick I'm in terrible danger! | Drum nimm mein Herz und brech es in zwei,3qbqkQGpwUUEBdqcJERdCC
Wenn Du jetzt gehst,Buntspecht,2,"in, aus",,"Trittst du herein in meine Welt | Und dann stürzt das ganze Haus in sich zusammеn | Und dann stürzt das ganze Haus in sich zusammen | Und dann stürzt das ganze Haus in sich zusammen | Doch wenn du jetzt gehst, fällt die Türe aus den Angeln | Wenn du jetzt gehst, fällt die Tür aus den Angeln | Denn wenn du jetzt gehst, fällt die Türe aus den Angeln | Wenn du jetzt gehst, fällt die Tür aus den Angeln | Wenn du jetzt gehst, fällt die Tür aus den Angeln",5S3WepJKbCnGjdrJ0xEpg7
kopflos durch die nacht,herz,1,in,,"Füstös a levegő, rest in peace Jack Herer | Füstös a levegő, rest in peace Jack Herer | Rest in peace, Jack Herer (hah) | Füstös a levegő, rest in peace Jack Herer",0ufVR3XKgG4dUXxQ25t5HW
9010,KUMMER,2,"aus, über",in,"Heute siehst du anders aus, die Jahre sind ins Land gegang'n | Chemnitz-City-Swag, alles sieht irgendwie traurig aus | Erst haben sie dich aus dem Kampfsportstudio geworfen | Jetzt fall'n dir selber die Zähne aus, glasige Augen, Gestank nach Bier | Wir liefen über die Straßen, getragen von Adrenalin | Ich würde gerne lachen über dich | Dabei hattet ihr euch doch geschworen: „Nichts geht über die Bruderschaft“ | Und sie reden nicht gern über diese Phase in ihrem Leben | Ich würde gerne lachen über dich",3S6gLmTazUpf94hrn9Tpi1
zuhause fühlen,diggidaniel,1,in,,"Wo soll ich mich zuhause fühlen? Außer in deinen Armen | Wo soll ich mich zuhause fühlen? Außer in deinen Armen | Träume leben in Zweisamkeit, deine Arme um meinen Hals | Wo soll ich mich zuhause fühlen? Außer in deinen Armen | Wo soll ich mich zuhause fühlen? Außer in deinen Armen | Wo soll ich mich zuhause fühlen? Außer in deinen Armen | Wo soll ich mich zuhause fühlen? Außer in deinen Armen | Wo soll ich mich zuhause fühlen? Außer in deinen Armen | Wo soll ich mich zuhause fühlen? Außer in deinen Armen",3sMbwYLnGvxDljGvGpAZbz
Chrysanthemen,Souly,1,in,"rechts, über, unter","Ja, okay, ha, ich steh' in dei'm Garten so wie Chrysanthemen | Außer du und ich in Suncore auf dem Bauernhof | Auf der Fahrradtour in Utah | All der Corny Shit der in mei'm Kopf nur mit dir cute war | Das Haus, in dem wir sitzen, hat 'ne schmutzige Fassade | Also nimm mich in den Arm, wenn ich traurig bin",6tNRSKvGIyH2DB2IJamt4n
Labyrinth,OOMPH,3,"links, rechts, aus",in,"Links, rechts, gerade aus, links, rechts, gerade aus | Links, rechts, gerade aus, links, rechts, gerade aus | Links, rechts, gerade aus, links, rechts, gerade aus | Links, rechts, gerade aus, links, rechts, gerade aus | Links, rechts, gerade aus, links, rechts, gerade aus | Links, rechts, gerade aus, links, rechts, gerade aus | Links, rechts, gerade aus, links, rechts, gerade aus | Links, rechts, gerade aus, links, rechts, gerade aus | Links, rechts, gerade aus | Links, rechts, gerade aus | Links, rechts, gerade aus | Links, rechts, gerade aus | Links, rechts, gerade aus | Links, rechts, gerade aus | Links, rechts, gerade aus, du bist im Labyrinth | Links, rechts, gerade aus, links, rechts, gerade aus | Links, rechts, gerade aus, du bist im Labyrinth | Links, rechts, gerade aus, links, rechts, gerade aus | Links, rechts, gerade aus, du bist im Labyrinth | Links, rechts, gerade aus, links, rechts, gerade aus | Links, rechts, gerade aus, du bist im Labyrinth | Links, rechts, gerade aus, links, rechts, gerade aus | Links, rechts, gerade aus, du bist im Labyrinth | Links, rechts, gerade aus, links, rechts, gerade aus | Links, rechts, gerade aus, du bist im Labyrinth | Links, rechts, gerade aus, links, rechts, gerade aus | Links, rechts, gerade aus, du bist im Labyrinth | Links, rechts, gerade aus, links, rechts, gerade aus | Links, rechts, gerade aus, du bist im Labyrinth | Links, rechts, gerade aus, links, rechts, gerade aus | Links, rechts, gerade aus | Links, rechts, gerade aus | Links, rechts, gerade aus | Links, rechts, gerade aus | Links, rechts, gerade aus | Links, rechts, gerade aus | Links, rechts, gerade aus | Links, rechts, gerade aus | Links, rechts, gerade aus, du bist im Labyrinth | Links, rechts, gerade aus, links, rechts, gerade aus | Links, rechts, gerade aus, du bist im Labyrinth | Links, rechts, gerade aus, links, rechts, gerade aus | Du hast mich oft aus dir verbannt | Links, rechts, gerade aus, du bist im Labyrinth | Links, rechts, gerade aus, links, rechts, gerade aus | Links, rechts, gerade aus, du bist im Labyrinth | Links, rechts, gerade aus, links, rechts, gerade aus | Links, rechts, gerade aus, du bist im Labyrinth | Links, rechts, gerade aus, links, rechts, gerade aus | Links, rechts, gerade aus, du bist im Labyrinth | Links, rechts, gerade aus, links, rechts, gerade aus | Links, rechts, gerade aus, du bist im Labyrinth | Links, rechts, gerade aus, links, rechts, gerade aus | Links, rechts, gerade aus, du bist im Labyrinth | Links, rechts, gerade aus, links, rechts, gerade aus | Links, rechts, gerade aus | Links, rechts, gerade aus",30IIpE2xRRMmxH4BevuA8Z
Armselig,Drückeberger,1,in,,Steckst du in meiner Haut | Steckst du in meiner Haut | Steckst du in meiner Haut | Steckst du in meiner Haut,7G21hN7cENQUpowzf6ngWy
Wie soll ein Mensch das ertragen,Philipp Poisel,1,in,,Leg dich in jede Figur | Werf' dich in jeden meiner Schritte | Dir in die Augen zu seh'n? | Leg dich in jede Figur | Werf' dich in jeden meiner Schritte | Dir in die Augen zu seh'n? | Dir in die Augen zu seh'n? | Leg dich in jede Figur,749AelQ3MztBd0mbl9kvDl
was ich an dir liebe,Knetti,1,in,aus,Ein Bier später und ich dräng' mich permanent in Mittelpunkt | Angesetzt und ich schieße mich in Wahn | Steh' in Rom vollgekokst und der Vatikan brennt | Dieser Track geht in dein'n Kopf wie ein Produkt von Rheinmetall,0kQLZksQgMkHn7aFH1H5RT
Küss mich weich,Yecca,1,in,aus,"Dir in die Seele blicken, während ich auf dir sitze | Ich war in meiner Mitte, du wirfst mich aus der Bahn | Doch ich kann das seh'n, in dein'n Augen, deiner Iris | Dir alle Schmerzen nehm'n, die ich in dein'n Augen seh' | Es war nur ein Augenblick, seitdem bin ich in dir gefang'n",7mWSRvi0XYC0ofXyj6l9fz
Hallo,Ivo Martin,1,in,außen,"Nenn mich ruhig Pablo, denn ich geh' für dich in den Bau | Nenn mich ruhig Pablo, denn ich geh' für dich in den Bau | Nenn mich ruhig Pablo, denn ich geh' für dich in den Bau | Nenn mich ruhig Pablo, denn ich geh' für dich in den Bau",2xhQ4DChsw78ca8fUUZo5b
sterne zählen,Lyno Nine8,3,"hoch, in, aus",,"Schau'n in Himmel hoch, wir konnten da kein Ende seh'n | Schau'n in Himmel hoch, wir konnten da kein Ende seh'n | Schau'n in Himmel hoch, wir konnten da kein Ende seh'n | Schau'n in Himmel hoch, wir konnten da kein Ende seh'n | Schau'n in Himmel hoch, wir konnten da kein Ende seh'n | Schau'n in Himmel hoch, wir konnten da kein Ende seh'n | Steh' alleine in mei'm Raum und frag' mich: Wo bist du? | Designer Kopf bis Fuß, Weekend in Paris | Schau'n in Himmel hoch, wir konnten da kein Ende seh'n | Schau'n in Himmel hoch, wir konnten da kein Ende seh'n | So schnell kann es geh'n, aus Sterne wurden Trän'n, ah | So schnell kann es geh'n, aus Sterne wurden Trän'n | So schnell kann es geh'n, aus Sterne wurden Trän'n, ah | So schnell kann es geh'n, aus Sterne wurden Trän'n",63Yiw4d40cEyNqsPVm0IPh
Verloren wie ich Pt 1,TEMMIS,1,aus,in,"Wie ein Roboter aus 1984 | ""Du siehst nicht aus wie jemand, dem man vertraut | Hat sie aus Langeweile alle meine Kippen geraucht | Wie ein Roboter aus 1984",7dnXwD70dRyuKC9RKjkgn0
Taub,diggidaniel,1,aus,,"Ich schalte kurz aus, wenn ich mit dir bin | Ich schalte kurz aus, wenn ich mit dir bin | Ich schalte kurz aus, wenn ich mit dir bin | Ich schalte kurz aus, wenn ich mit dir bin | Ich schalte kurz aus, wenn ich mit dir bin | Ich schalte kurz aus, wenn ich mit dir bin | Ich schalte kurz aus, wenn ich mit dir bin | Ich schalte kurz aus, wenn ich mit dir bin",1aKZ8Llnl8YzlKetmh2xGY
Bloody Rain,Souly,1,in,,"Ja, sag mir, ist das Regen in dei'm schönеn Gesicht? (Jaah) | Denn es geht vom Regen in die Traufe, man | Bloody Rain in meiner Stadt, ja | Bloody Rain in meinem Schrank, ja | Ja, sag mir, ist das Regen in dei'm schönen Gesicht? (Jaah) | Denn es geht vom Regen in die Traufe, man | Bloody Rain in meiner Stadt, ja | Bloody Rain in meinem Schrank, ja",03lHuGuHgKcWThhKg9qivx
Silhouette,flö,1,in,,It's like I'm running in place | It's like Im running in place | It's like I'm running in place | It's like Im running in place | It's like I'm running in placе | It's like Im running in place,55rh6SfU8bK7kQ2OXSA2EW
Pistazieneis,Streichelt,1,in,hoch,Glaub' ans Glück in einer dunklen Welt | Trag dich in meinem Freundebuch für den Anfang | In dem Baum in deinem Garten stehen schon lange unsere Namen eingeritzt | Trag dich in meinem Freundebuch für den Anfang,2KDo6hRi9WlRCaSk7hqMUS
Bring mich nach Hause,Betterov,1,aus,"oben, nah, hinten, in","Ich schaue aus dem Fenster, ich kann kaum noch was erkenn'n | Ich schaue aus dem Fenster, da oben brennt noch Licht | Ich schaue aus dem Fenster wie in einer andern Stadt | Ich schaue aus dem Fenster, als hätt ich irgendwas geschafft",1YmsB8U8HTPNPwUjDyZNbA
Sterne oder Häuser,Kicker Dibs,1,in,,"Ich fliege solange in der Kurve | Ich fliege solange in der Kurve | Der Vogel sieht nun mal am meisten, also steig in den Flieger und flieg, Junge, flieg, flieg, flieg | Ich fliege (Fliege) solange in der Kurve (Solange in der Kurve)",3bjznIW6xFUv4W9nPSuuT3
Ms Jackson,Pashanim,1,in,"rechts, hinten, aus","Und ich komm' in Doppel-G, und sie kommt in EA7 | Ich rauch' Kush in Costello SLR | Ist nicht safe in der Hood, nein, hier gibt's kein AppleCare | Narcotic in Westberlin, wir spiel'n Wer wird Millionär? | Und ich komm' in Doppel-G, und sie kommt in EA7 | Prada Sport, Tom Ford, spring' in' Cabrio-Rücksitz | Und ich komm' in Doppel-G, und sie kommt in EA7 | Und ich komm' in Doppel-G, und sie kommt in EA7",3ilgxZl5g7MOQCUiky3VOG
Augenringe,TEMMIS,1,in,,"""Woher kommen die Risse in deinem Glas?"" | Ich hab' gestern Abend in Scherben gefasst | Und hast dann 'ne Viertelstunde in dein Telefon geschaut | Bleib wach in der Nacht | Bleib wach in der Nacht",11w1uI2HR88crpYx2YIryq
Klinge,TEMMIS,1,in,,Stich mir die Klinge in die Brust | Schrei meinen Namen in die Luft | Du gehst spazier'n in meinen Träumen | Stich mir die Klinge in die Brust | Stich mir die Klinge in die Brust,2NCcaUGmPpvotD51FbATLv
Seifenblase,RAUM27,1,aus,"nah, in, über","So ein Quatsch, sie ist aus Seife | Breche ich aus, bin ich damit alleine | Breche ich aus, bin ich damit alleine | Breche ich aus, bin ich damit alleine",2YKPy9smBSO3g01qXWoCNK
Gezeiten,RAUM27,1,in,aus,"Die Stadt engt mich ein, die Hitze steht in der Bahn | Schmeiß' mich in die Gezeiten | Leb' in meiner Prime, könnte schöner nicht sein | Schmeiß' mich in die Gezeiten | Leben in den Tag, komm'n nie wieder klar | Schmeiß' mich in die Gezeiten | Leb' in meiner Prime, könnte schöner nicht sein | Schmeiß' mich in die Gezeiten | Leben in den Tag, komm'n nie wieder klar | (Mh) Halt mich fest in deinem Arm | Schmeiß' mich in die Gezeiten | Leb' in meiner Prime, könnte schöner nicht sein",4SSVmxpjJbhKgkJPDZnaim
17 Juli 1989,Betterov,1,in,hoch,"Für ein Leben in 'nem anderen Land | Er rammt den Haken in den Zaun | Fasst dabei in einen Draht | Ja, mitten in der Nacht war | Der letzte Zaun in Sicht | Lässt sich fallen in das Gras",6S0TLeKgZ34PLBF7vbFcJP
18 Juli 1989,Betterov,1,in,"aus, unter",Meine Mutter weint Tränen in ihr Kleid | Meine Mutter weint Tränen in ihr Kleid | Bis zu einem Haus in dem ein neuеr Tag begann | Aus Begegnungеn in der Nachbarschaft | Aus Begegnungen in der Nachbarschaft,7fA24NfmVzoPt1c4DhkFrI
Du hast in mein Herz gemalt,Betterov,1,aus,in,"Unser Bett war ein Teich aus Rosen | Und nein, ich wisch' keine Träne aus dem Gesicht | Und nein, ich wisch' keine Träne aus dem Gesicht | Und nein, ich wisch' keine Träne aus dem Gesicht | Und nein, ich wisch' keine Träne aus dem Gesicht",3t7ImkZKsxak7iRN3VSdA6
In meinem Zimmer spielen sich Dramen ab,Betterov,1,aus,"in, unter",Bitte mach' das Licht aus | Bitte mach' das Licht aus | Inmitten aus Papier | Bitte mach' das Licht aus | Bitte mach' das Licht aus,0aH3juoWkOQIRYmxFYdUW9
Papa fuhr immer einen großen LKW,Betterov,1,in,oben,Ich war unterwegs in einem großen LKW | Schau hier in der Straße Mal in jedes Fenster rein | Ich war unterwegs in einem großen LKW | Gleich fall' ich in einen tiefen Schlaf,4hendjqO5Ru179N4ZqhWWT
Sag nicht deinen Namen,Betterov,1,in,,Denn unser Name stand in Akten | Unser Name stand in Akten | Denn unser Name stand in Akten | Unser Name stand in Akten,3nleDmEncc78XX7KGe8DUy
Chemtrails,Betterov,1,in,"unten, hoch, aus, über","Ich bin in einer Stadt gebor'n, in der bin ich seitdem nicht mehr gewesen | Sie trugen mich in Laken aus der Klinik, konnt durch geschloss'ne Augen gar nichts seh'n | Ich kam in einem Auto wieder zu mir, um mich rum ein tiefes Rauschen | Es war, als gäb's in dieser Welt, in die ich kam, nur diesеn einen Sound | Ich lieg' mit dem Gesicht in meinem Kissen, mein Atem rauscht vorbei | Ich bin in einer Stadt geboren, in der bin ich vor kurzem erst gewesen",3jLdoKfmoKmVxtP3OfvAGx
Alles leuchtet ein,Betterov,1,aus,"hoch, in",Seh’ ich aus wie das Kind von Brad Pitt | Dann sehe ich wieder aus wie ich | Seh' ich aus wie das Kind von Brad Pitt | Dann sehe ich wieder aus wie ich,4bWM3dt5UIBNeFj71zYF8O
Berlin ist keine Stadt,Betterov,1,in,"aus, über","Ich steige in die Bahn, ich bin oft zu Dir gefahr'n | Wir liefen in 'ner Parade | Ich esse in dem Laden, in dem wir oft zusamm'n war'n",7AI0iHa5aNuhedYVADdjBL
Farbfilm,OK KID,1,nah,"aus, unter","Ich glaub', so nah, ich glaub', so nah | Ich glaub', so nah war'n wir noch nie | Ich glaub', so nah, ich glaub', so nah | Ich glaub', so nah war'n wir noch nie | Ich glaub', so nah, ich glaub', so nah | Ich glaub', so nah war'n wir uns nie | Ich glaub', so nah war'n wir uns nie | Ich glaub', so nah war'n wir uns nie | Glaub', so nah war'n wir uns nie | Ich glaub', so nah, ich glaub', so nah | Ich glaub', so nah war'n wir uns nie (Egal, egal) | Ich glaub', so nah, ich glaub', so nah | Ich glaub', so nah war'n wir uns nie",0bKTOJsvADrn5QY2v8avjP
Paff Paff,Rap La Rue,1,in,aus,Immer griffbereit in der Umhängetasche | Möchte Hinata in der Entourage | Möchte Hinata in der Entourage | Möchte Hinata in der Entourage | Möchte Hinata in der Entourage,6tcGtg5RHQImTM9rjYWRqF
Hässlich,AYLIVA,1,aus,in,"Find', ohne mich siehst du einfach so hässlich aus | So hässlich aus, Babe | Sie liebst und küsst, siehst du dabei hässlich aus (Mh-mh) | Du siehst hässlich aus, Babe (Mh-mh-mh) | Find', ohne mich siehst du einfach so hässlich aus | So hässlich aus, Babe | Sie liebst und küsst, siehst du dabei hässlich aus (Mh-mh) | Du siehst hässlich aus, Babe (Mh-mh-mh)",3an1JVi8OsE0aG6dMS4Pes
Wildberry Lillet Remix feat Juju,Nina Chuba,1,in,"oben, unten","Will, wenn ich aufwach', in dein Gesicht seh'n | Private Jet in der Garage und Flamingos in mei'm Garten | Will, dass alle meine Freunde bei mir wohn'n in der Straße | Jede Zeile von mir bleibt in dei'm Gedächtnis (Ah)",1ywM9BP8vzh0Pu1zbnGAfY
Sommergewitter,Pashanim,1,in,"aus, unter","Sommergewitter in mei'm Block, hör’ den Regen ganze Nacht | Sommergewitter in mei'm Block, hör’ den Regen ganze Nacht | Deshalb jag' ich das Papier in 'nem blau'n Prada-Sweatshirt | Und sie schreibt mir um halb drei in 'ner warmen Sommernacht | Sommergewitter in mei'm Block, hör' den Regen ganze Nacht | Lange Nächte in 61, in der Gegend macht ich meine ersten Schritte | Und du triffst mich in mein' Kiez, triffst mich nicht im KaDeWe | Und du weißt, in mein' Herz hab' ich kein'n Platz | Doch ich schreib' dir um halb drei in 'ner warm'n Sommernacht | Sommergewitter in mei'm Block, hör' den Regen ganze Nacht | Sommergewitter in mei'm Block, hör' den Regen ganze Nacht",2H7jZg2HliuQhZjfBblLrZ
Dorfkinder,Finnel,1,in,aus,"Eskalier'n in der Nacht und sind früh wieder wach | Eskalier'n in der Nacht und sind früh wieder wach | Eskalier'n in der Nacht und sind früh wieder wach | Komm in unser Kaff, weil sich das immer lohnt | Eskalier'n in der Nacht und sind früh wieder wach | Eskalier'n in der Nacht und sind früh wieder wach",6TJJfeL9UUi0xNnYvte2av
Metal Gates,Iron Pulse,1,in,,"No point in stressing, we're not impressing them anymore | No point in stressing, were not impressing them anymore | Stuck us in boxes, that's where you want us | S-s-stuck us in boxes, that's where you want us | Stuck us in boxes, that's where you want us | S-s-stuck us in boxes, that's where you want us",6v7nM95cj0sNzr4uspn7cV
Sie weiß feat Mero,AYLIVA,1,in,,You stand in a different room (Yeah-yeah) | You look for yourself in different women (Yeah) | You're living in a different world | You're in my head 24/7,6JUeZ04YG6WIy937AgIPsR
Face to Face,Fred Denote,1,in,aus,"Hauptsache ein Kölsch in der Hand | Fließt der Shit durch den Kopf in den Fuß | War komplett auf Entzug, doch bin back in der Booth | Rapper machen auf Affen wie in nem Tierkäfig",3psdlQnAk0cHH5ayZumSxi
Was du nicht siehst feat ela,Kool Savas,1,in,"außen, aus","Ich sehe was, was du nicht siehst, da ist viel mehr, was in dir ist | Ich sehe was, was du nicht siehst, da ist viel mehr, was in dir ist | Den Kopf statt in den Wolken in der Stratosphäre | Doch ich sеh' auch paar Probleme drücken in dеr Magengegend | Herz auf einem Textblock in der Aufnahmekabine | Doch in dieser Gegend stutzen sie solchen wie dir die Flügel | (Ich sehe) Paradox, seh' dich nach den Stern'n greifen in 'nem Bunker | Ich sehe was, was du nicht siehst, da ist viel mehr, was in dir ist | Ich sehe was, was du nicht siehst, da ist viel mehr, was in dir ist | (Ich sehe) Schau' in den Spiegel und seh' mehr als ein paar Chartverkäufe | Ich sehe was, was du nicht siehst, da ist viel mehr, was in dir ist | Ich sehe was, was du nicht siehst, da ist viel mehr, was in dir ist | (Ich sehe was, was du nicht siehst, da ist viel mehr, was in dir ist) | (Ich sehe was, was du nicht siehst, da ist viel mehr, was in dir ist)",76j4GsRzhvUVfucELTpiS2
Bullet feat AYLIVA,MERO,1,in,,"Are you holding me in your arms? | Hold every bullet in the barrel for me | Stay with me, we'll be back here in the end | And agreed with you, even if I'm in the right | Stay with me, we'll be back here in the end | Stay with me, we'll be back here in the end",5ch9m39I5MleWuwceDgCxz
Geringverdiener,Finnel,2,"in, aus",,"Du in Gucci, ich in Ralph Lauren | Zwölf Uhr: Brunch in Paris, der Kaviar mild (Exquisit) | Du in Gucci, ich in Ralph Lauren | Finnel in den Charts, sag, wer so'n Hype hat (Huh, wer?) | Zwölf Uhr: Brunch in Paris, der Kaviar mild (Exquisit) | Du in Gucci, ich in Ralph Lauren | Geringverdiener, aus dem Weg | Geringverdiener, aus dem Weg (Hinfort) | Geringverdiener, aus dem Weg | Geringverdiener, aus dem Weg (Hinfort) | Geringverdiener, aus dem Weg",45brbM7Ij9LxQWjC0DjBXj
Ich kündige,Grossstadtgeflüster,1,in,"innen, aus","Schmeiß' die Fetzen in die Luft, wünsche ein'n schön'n Tag | Schmeiß' die Fetzen in die Luft, wünsche ein'n schön'n Tag | Doch dann spuckste in die Hände durch den Tunnel Richtung Ende | Und das Auge zuckt den dritten Tag in Folge | Schmeiß' die Fetzen in die Luft, wünsche ein'n schön'n Tag | Schmeiß' die Fetzen in die Luft, wünsche ein'n schön'n Tag | Schmeiß' die Fetzen in die Luft, wünsche ein'n schön'n Tag | Schmeiß' die Fetzen in die Luft, wünsche ein'n schön'n Tag",6sMH6GKuVOjDLdwfBR08oA
Meine 1,1986zig,1,in,unten,"Ich kann in dein'n Augen seh'n, wir beide sterben jung | Ich will für immer, dass du bleibst, in my life, oh yeah | Ich will für immer, dass du bleibst, in my life, oh yeah | (Oh, sunshine in an empty place) Egal, wie schnell wir fall'n | Ich will für immer, dass du bleibst, in my life, oh yeah",6QZ7IptsMdWodN4uFuXNkv
Nur für Dich,Kontra K,1,in,,"Ich trink' ihr Gift für dich in einem Schluck auf Ex | Bevor sie dazu komm'n, was sie hassen, in Worte zu fassen | Sag nur ein Wort, ich geh' für dich in Flammen auf | Ich hab' vierundzwanzig Stunden, zwölf davon in Action | Sag nur ein Wort, ich geh' für dich in Flammen auf",7y2CanQNBGTd7EVJy80hLC
Die schönsten Tage,SDP,1,aus,in,Was machst du heut noch? Ich frag' nur aus Intresse (Oh) | Was machst du heut noch? Ich frag' nur aus Intresse | Was machst du heut noch? Ich frag' nur aus Intresse | Was machst du heut noch? Ich frag' nur aus Intresse | Was machst du heut noch? Ich frag' nur aus Intresse,5h6yetX656MwIB1jAuAEjI
Toto,MADE,1,in,"hinten, aus","Heute schreib' ich Hits in 'nem Beamer | Flüstert sie in mein Ohr: „Du bist Badaue“ | Ja, Madame bleibt in mein' Ghetto | Ich bin gefangen in den Nightlife | Vermiss' die Schmetterlinge in mei'm Bauch | Ja, Madame bleibt in mein' Ghetto",2666ajMhxjHYeK2EPKC6yY
The Winner Takes It All  Radio Edit,ERotic,1,in,,"Because tonight I want to learn all about the secrets in your garden | Here in the garden, where temptation feels so right | Let your hair down, let me get you in the mood | (Here in the garden)",6zTbRxJXbXPkLTNJbuKTrc
I CanT Stop Lovin You,ANN KEE,1,in,,Send in thoughts of John the God | Send in dreams | Send in change | Send in chance | Send in you | Send in pain | Send in lies | Send in words that I believed | Send in you | Send in you | Send in you,47YPvOvjmNExbRyw6cFkKE
Ok,KUMA,1,in,,"I get in my mood, sit in my room and I go M.I.A | I get in my mood, sit in my room and I go M.I.A | I get in my mood, sit in my room and I go M.I.A",7k7ZHgnrHFqV33fPEk7gAG
Prophet,Mystigma,1,in,,"Phreshboyswag, yeah I seen it in the stars | Feel like bloody [?] in the sea I'm swimming far | Yeah, hе's trying to fight me 'cause I fucked hеr in the ass | I'm with phreshboyswag right now, in the club turning up we smoking gas right now",06jeign9AfksMLED9WbaRG
Wer Ich Bin,FokuZz,1,in,,Mary’s got cancer in her breast and her brain | Jimmy had a car crash in a hurricane | He fell in love with Heather | Heather fell in love with Michael | Michael fell in love with Trevor,2yI1ZeyxkKu4yZhNvXsa9P
1979,BLUTHUND,1,in,,"Krebs schon überlebt, freut sich, wenn's in Rente geht | Andere Kids besuchen in der dritten Klasse passte nicht | Dieser tiefe Schmerz in mir | Spielte mit dem Tod in dieser verwahrlosten Zeit | Baller' in den tiefen Schacht der Berliner Nacht | Dieser tiefe Schmerz in mir",00koGlyPyVllhVowgMY6UZ
Sommer,Beatzarre  Djorkaeff,1,in,,Wir hab'n geknutscht in deinem Zimmer | Kribbeln in mei'm Bauch und alles hat geflimmert | Wir hab'n geknutscht in deinem Zimmer | Kribbeln in mei'm Bauch und alles hat geflimmert | Wir hab'n geknutscht in deinem Zimmer (Nur wir beide) | Kribbeln in mei'm Bauch und alles hat geflimmert (Alles flimmert),3sqZwhR5UFmHAh1KLXGOgq
GTA,Dardan,1,in,"hinten, aus","Sonnenbrille, Lederjacke wie in Matrix (Mh-ahh) | Ich chill' in Barcelona so wie Messi, Lionel | Halbe Mio in 'nem Monat, Zoll-Controlla, er bleibt ruhig | Sonnenbrille, Lederjacke wie in Matrix (Mh-ahh) | Ich bin in der Arena für euch wie ein Matador",1bQduKjv7s88QkGmzcxHMh
Gewitter,Vildano,1,in,,"Put me in a mood | Looking in the mirror, mirror | Douse me in glitter | Shade in my psyche, won't you | Can't be found in others | It's in the way you carry yourself | Douse me in glitter | Then shade in my psyche, oh",5EtgsW4SS2o8vmV0mzN7Nv
Halb so,Patrick Noe,1,in,,"Or T.O throw the towel in | Stunning shit, in a circle, nigga walk a lot | In a scope, in a sight, in a vision, in a light | I'm a spark, in the dark, fuck it up, stop his heart",2ADQG245K2wU85BlIgozru
Abwärts,Jadu,1,in,"aus, über","Keiner macht uns hier was vor, ey, rasen in 'nem Porsche | In paar Jahr'n unsre Namen in der Forbes | Keiner macht uns hier was vor, ey, rasen in 'nem Porsche | In paar Jahr'n unsre Namen in der Forbes (Hey) | Keiner macht uns hier was vor, ey, rasen in 'nem Porsche | In paar Jahr'n unsre Namen in der Forbes | Keiner macht uns hier was vor, ey, rasen in 'nem Porsche | In paar Jahr'n unsre Namen in der Forbes (Ey) | Keiner macht uns hier was vor, ey, rasen in 'nem Porsche | In paar Jahr'n unsre Namen in der Forbes | Keiner macht uns hier was vor, ey, rasen in 'nem Porsche | In paar Jahr'n unsre Namen in der Forbes",3OyX1igyUbPgnEP88lcbbc
Erst im freien Fallen  Radio edit,Nobo,1,in,,"Your bitch spent the night, she callin' in late (Callin' in late) | The cameras was on us, we walked in so late | Your bitch spent the night, she callin' in late (Callin' in late) | The cameras was on us, we walked in so late | Gorillas in Louie, don't wear too much Bape (Louie) | Might got a Rover but you not in my Range (Skrrt) | Your bitch spent the night, she callin' in late (Callin' in late) | The cameras was on us, we walked in so late | Take a trip and be right back in a day | Don't care 'bout how you knew me back in the day | Your bitch spent the night, she callin' in late (Callin' in late) | The cameras was on us, we walked in so late | I just got some dome in a Sprinter | Honestly, I ain't been broke in a minute (Minute) | Your bitch spent the night, she callin' in late (Callin' in late) | The cameras was on us, we walked in so late",4c2koaU1iTBO5L3xvtBOJE
weißt du was ich meine,Ratmir,1,in,,I fuck your bitch in my whip | Chopping blades up in that Cadillac | Triple six is in this hoe | I fuck your bitch in my whip | I fuck your bitch in my whip,5Y8W4724QnrJAjPE2eRL0p
Abenteuerland,Pur,1,in,aus,"Alles das ist möglich in dir drin, in deinem Land | Trau dich nur zu spinnen, es liegt in deiner Hand | Es liegt in deiner Hand",0jhTk783jt1p97KId6ZZav
Aurélie,Wir sind Helden,1,in,aus,"„Wann nur verliebt sich wer in mich?“ | Ach, Aurélie, in Deutschland braucht die Liebe Zeit | Wie in aller Welt sich die Deutschen dann vermehr'n | Wenn die Blumen und die Bienen in Berlin nichts tun als grien'n",6vugYRjEYHJ3nsGP5kScpf
99 Red Balloons,Nena,1,in,,"You and I in a little toy shop | Back at base, bugs in the software | Floating in the summer sky | Floating in the summer sky | Call the troops out in a hurry | Scramble in the summer sky",0XSxZ0cpHcZIpPA7TgSOwZ
Ich will immer wieder dieses Fieber spürn  Live From O2 World Berlin Germany2010,Helene Fischer,1,hoch,,"Vom Himmel hoch, mmmmmh | Vom Himmel hoch, da komm' ich her | Vom Himmel hoch | Vom Himmel hoch",1ATmwnjJ9V5AwpcHTIFkxZ
Wie es mal war,Wincent Weiss,1,in,aus,"Da ist irgendwas in mir, ich weiß nicht, was es ist | Versuch's zu fühlen, geh' in mein tiefstes Inneres | Da ist irgendwas in mir, ich weiß nicht, wo es ist | Da ist irgendwas in mir und es wird immer mehr",2XixrBjTfit6rZVgnD7D1V
Du gehst nicht aus meinem Kopf,Kay One,1,in,aus,Nur noch Party-Bilder in dei'm Feed | Stehst vor teuren Autos in dein'n Reels | Wieso bin ich nur in dich verliebt? | Warum in dein'n DMs dann so viele Typen?,3jy5dNLbaVAODjBuvnKxup
Das Leben Du warst schon immer so,LEA,1,in,"unten, über, unter","Jetzt halt' ich Lou in meinem Arm, kann dich in ihren Augen seh'n | So viel Geschichten von dir, doch du passt in kein Buch | So viel Geschichten von dir, doch du passt in kein Buch",5JpesS8MN7ALRO3HI8jptw
Was Helden tun,Noah Levi,1,in,über,"Doch in diesem großen Zimmer fühl' ich mich so klein | Wie die Menschеn in den Film'n | Ich will mich aufrappeln, wieder in die Ferne zieh'n | Wie die Menschen in den Film'n",4XqIfNRBkhBcmXpuLQWRWF
BETON,KAYEF,1,oben,in,"Wir war'n oben, aber jetzt merk' ich die Schwerkraft | Wir war'n oben, aber jetzt merk' ich die Schwerkraft | Wir waren so weit oben, hab'n vergessen einzuatmen | Wir war'n oben, aber jetzt merk' ich die Schwerkraft | Wir war'n oben, aber jetzt merk' ich die Schwerkraft",7j2x9wj3hNV7daS8HPXCWy
Schwarze Herzen,Vanessa Mai,1,in,,"Schlaflose Nächte in mei'm Bett (Heh) | Ja, ich warte auf ein Herz in unserm Chat (Baby, du fehlst) | Haben zwei schwarze Herzen in unsern Chat geschmiert | Haben zwei schwarze Herzen in unsern Chat geschmiert",40BdeM6V0FwRIHXRW4UH41
Überall,CÉLINE,1,in,,Dein Schatten noch hier in 'nem leeren Raum | Und in mei'm Herz ist ein Vakuum | Dein Schatten noch hier in 'nem leeren Raum | Und in mei'm Herz ist ein Vakuum | Dein Schatten noch hier in 'nem leeren Raum | Und in mei'm Herz ist ein Vakuum,1yfH3lBvPoImbq16sQcsxi
an all diesen Tagen,Wilhelmine,1,in,,"Wenn alles in dir wieder irgendwie einbricht | Ja, ich seh's in dei'm Blick | Wenn alles in dir wieder irgendwie einbricht | Ja, ich seh's in dei'm Blick | Wenn alles in dir wieder irgendwie einbricht | Wenn alles in dir wieder irgendwie einbricht",129TLJVbwR9oS1pVn20FAb
Elefant,LEA,2,"hoch, in",aus,Und alles kommt in mir hoch | Und alles kommt in mir hoch | Und alles kommt in mir hoch | Und alles kommt in mir hoch | Du saßt mit mir in meiner Höhle | Und alles kommt in mir hoch | Und alles kommt in mir hoch | Du saßt mit mir in meiner Höhle | Und alles kommt in mir hoch | Und alles kommt in mir hoch,732SnVmWa7qJqOPNbrqIr7
Von jetzt an,Madeline Juno,1,in,unter,"Von jetzt an, lass' ich nur noch Licht in meine Welt | Quantensprung in neue Umlaufbahn, oh, oh, oh | Von jetzt an, lass' ich nur noch Licht in meine Welt | Quantensprung in neue Umlaufbahn, oh, oh, oh | Von jetzt an, lass' ich nur noch Licht in meine Welt | Quantensprung in neue Umlaufbahn, oh, oh, oh",0T0q0pefAcNW9qMW3QcZgX
Traum,Achtabahn,1,in,,"Und die Panik in mir steigt, mein Herz schlägt bis zum Hals, ja | Fühlt sich so kalt an in deinem Arm | Und die Panik in mir steigt, mein Herz schlägt bis zum Hals, ja | Barfuß in unsren Scherben zu steh'n | Wie ein schlechter Film, in dem das Happy End fehlt | Und die Panik in mir steigt, mein Herz schlägt bis zum Hals, ja",6wLjeRnooo4AHNM3prscIe
Chaos,Mathea,1,in,,Alles in mir Chaos | Alles in mir Chaos | Alles in mir Chaos | Alles in mir Chaos,6XjhXMNeN3VQTOstpxHy5L
Baby Langsam  Despacito auf deutsch,Voyce,1,in,"oben, aus","Ich bleib' in deinem Kopf, wie davor noch kein anderer | Lass dich fallen in meinen Armen | Denn in deinem Puzzle, da fehlt nur noch ein Teil | Ich bleib' in deinem Kopf, wie davor noch kein anderer | Lass dich fallen in meinen Armen | Gehen in Puerto Rico Hand an Hand am Strand lang | Wie in jener Nacht und das war erst der Anfang | Lass dich fallen in meinen Armen",1e3OuQ4ff7MKUXBuLbpDJD
Perfect  Deutsche Version,Voyce,2,"in, aus",,"Ich seh in deinem Blick, dir geht es wie mir | Kleine, lass dich fallen in meinen Arm | Ich seh die Zukunft nur in dir | Kleine, lass dich fallen in meinen Arm | Als du fragst: Wie sеh ich aus? | Ruh dich erst aus | Kleine, du siehst perfekt aus heut Nacht | Als du fragst: Wie seh ich aus? | Ruh dich erst aus | Kleine, du siehst perfekt aus heut Nacht",37ULhq9delFiTn6GZQ14xr
2x,Mathea,1,in,,"Ich sitz' schon wieder in mei'm Wohnzimmer | Ich heb' nicht ab, wenn du mich anrufst in der Nacht | Ich heb' nicht ab, wenn du mich anrufst in der Nacht | Ich heb' nicht ab, wenn du mich anrufst in der Nacht",3Esn90IzUHMGq1xLaiCsex
Signal,JORIS,1,in,,"Lautes Schweigen in der Luft | Leeres Pochen in der Brust | Denn auch wenn Revolution in mir schreit | Immer tiefer in die Stille, doch ich glaub, ich glaub' an uns | Schick das Signal raus in die Weite",2BwfsfmUspHjb68jMfWoxE
Fluss,LEA,1,in,aus,Und in mir alles um dich kreist | Ich spür' es ganz tief in mir drin | Wir hingen dauernd in Bars ab | Ich spür' es ganz tief in mir drin,4gh92MOGkhnJoYVztbruGX
Warum,KAYEF,2,"in, aus",,"Hab' ich immer noch deine Sachen in mei'm Schrank? | Dein Lieblings-T-Shirt in meinem Schrank | Als ich dich traf, damals in meiner Bar an der Ecke | Hab' ich immer noch deine Sachen in mei'm Schrank? | Hab' ich immer noch deine Sachen in mei'm Schrank? | Hab' ich immer noch deine Sachen in mei'm Schrank? | Hab' ich immer noch deine Sachen in mei'm Schrank? | Hab' ich immer noch deine Sachen in mei'm Schrank? | Hab' ich immer noch deine Sachen in mei'm Schrank? | Krieg' ich dich nicht aus mei'm Kopf? Es macht mich krank | Und holst die gottverdammten Hoodies aus dem Schrank | Krieg' ich dich nicht aus mei'm Kopf? Es macht mich krank | Krieg' ich dich nicht aus mei'm Kopf? Es macht mich krank",4czTM2LHecuYCvcjHXDPHj
Sinn,Tagtraeumer,1,in,hoch,"Doch hätte Angst vor dem Stoß deiner Hände in den Tod | Dir fehlt der Sinn in der Sache, wenn ich bei dir bin | Dir fehlt der Sinn in der Sache, wenn ich bei dir bin | Dir fehlt der Sinn in der Sache, wenn ich bei dir bin | Dir fehlt der Sinn in der Sache, wenn ich bei dir bin",6qdb75zoTxDP3IJx6DVtue
Keine leise Ahnung,Inkognito,1,in,"hoch, über, unter","Sie war'n nicht da in all den Jahren die verändert haben | Deine Gedanken eingehüllt in tausend Tücher | Sie stecken uns in Schubladen, doch leben in Luftblasen | Lass sie im Dunkeln, als würden sie in 'ner Gruft schlafen",6V7WfiwmIkibsXDyicyMkU
Valentino  PasticheRemixMashup,Chilli Vanilli,1,in,,"Ticket bald nach Malibu in Designer Carlito (flex) | Mulatto in Camouflage | Zitrus rein in Hennessy | Sitze in 'ner Bude ohne Heizung oder Strom | Verrenn' mich ständig in mir selbst und kann nicht ahn'n, wo ich steh'",6A8CUZA3CD1ifaSBrYiic8
Mit Paketen  PasticheRemixMashup,Brass Knuckle,1,in,"aus, über","Ah, machst auf Mann in dein’n Tracks mit deinen süßen Witzen | Unterwegs in Prada und Yeezy (Yеah) | Eskalation in der Hood, wenn ich Kurs änder' (Ouais, ouais) | Es geht um Batzen in Socken, dicke, hartzige Pocken | Es hat sich nichts geändert in mei'm Team nur",0HjTUUiwdboDiXji7hduNp
Kein Paragraph  PasticheRemixMashup,Chilli Vanilli,1,in,,"Bitch in Dessous kennt keine Tabus (KG, KG, KG) | Bitch in Dessous kennt keine Tabus (KG, KG, KG) | Koks vom Kartell, Rolex in Handschell'n (Brra) | Schicke dir paar Shooter vorbei, die dich in den Tod jagen (Pew) | Die dich in den Tod jagen | Schicke dir paar Shooter vorbei, die dich in den Tod jagen | Bitch in Dessous kennt keine Tabus (KG, KG, KG) | Bitch in Dessous kennt keine Tabus (KG, KG, KG)",7L9khRqTMZXQcxxcQilL6C
Kings  PasticheRemixMashup,Brass Knuckle,1,in,"links, vorne, hinten, aus","Ich fall' in einem roten Ferrari auf | Ich bin dieser Typ, der einfach in den Laden pinkelt | Lad' die Gun, du wirst in dem Benz zerfetzt | Label Nummer 1, so steht's in dem Backspin-Heft | Lad' die Gun, du wirst in dem Benz zerfetzt | Label Nummer 1, so steht's in dem Backspin-Heft",1GqAvtfm7q4MKroKdNwQvG
Mittendrin  PasticheRemixMashup,Brass Knuckle,1,in,"aus, über","Im Viеrtel Krieg, trag' Problemе, Euros in mei'm Kopf | Blick fehlt für Bitches, Batzen in den Louis-Taschen (Louis-Taschen) | Von der Straße in die Charts, bleib' für immer Idéal (Ja) | Von der Straße in die Charts, bleib' für immer Idéal (Ja) | Von der Straße in die Charts, bleib' für immer Idéal (Ja) | Von der Straße in die Charts, bleib' für immer Idéal (Ja)",3fnuGAXhwQJe1A5XWFftm0
Mir gehört die Welt  PasticheRemixMashup,Chilli Vanilli,2,"in, aus",über,"Ich häng' in der Hood wie Polizei-Absperrbänder | Es ist in den Kreisen der Renner wie'n Leichtathlet, Penner | Bitte mach nie wieder auf emotional in deinen Tracks | Wenn ich dich breitklatsch' wie Teigmasse, ist in dei'm Heimatkaff Schweigen der Lämmer | Sie könn'n mich aus den Büchern nicht radier'n | Drive-by aus dem Daimler-Benz-Fenster | Fülle die Lung'n mit 'nem tiefen Zug aus dem Blunt | Blick' vom Pool auf den Strand, hol' die Schuhe aus dem Schrank",1WOqf5bFUV46ovSGV06BdO
Schicksal  PasticheRemixMashup,Brass Knuckle,2,"in, aus","über, unter","So stumm und leise du dich in deinen Kreisen auch bewegst | So stumm und leise du dich in deinen Kreisen auch bewegst | Ich war in mein' jungen Alter schon zu viel auf Nase | Geschäfte in Hafenstrecken (Check), Dreck wird in bar gewechselt (Pah, pah, pah) | So stumm und leise du dich in deinen Kreisen auch bewegst | So stumm und leise du dich in deinen Kreisen auch bewegst | Tick' aus, Nasenbruch, fick' auf Strafvollzug | Steig' aus dem Jeep aus, für dich würd ich doch zum Miethaus | Zahl dein'n Kombi, du Pussy und merk dir: So sieht die Suite aus (Yeah)",1elZd9JRE5JMkf1twIEQwB
Hoch,Tim Bendzko,1,aus,"oben, unten, hoch, in",Sie sehen so viel kleiner von hier oben aus | Manchmal löst ein Abgrund in mir Angst aus | Sie sehen so viel kleiner von hier oben aus | Sie sehen so viel kleiner von hier oben aus,7gqefhSJfWyN1qQ2huvEze
Ich kann nicht aufhören unser Leben zu lieben,Revolverheld,1,in,"aus, über","Du hast mein Zeug in den Keller verbannt | Dieser Druck in mir ist doch so übertrieben | In die Stadt, in der sich alles verliert? | Sitzt du in Seoul allein im Café? | Dieser Druck in mir ist doch so übertrieben | Dieser Druck in mir ist doch so übertrieben",6Hxa4eiFel56MYRYRF4Ovy
Immer da,Glasperlenspiel,1,in,"vorne, hinten","Und hinten wir Kinder, in Richtung Toskana | Damals in der Schule die Pausen geliebt | Der rote Faden in mei'm Lebenslauf: | Tobt in mir das Chaos, dann machst du's still | Verheult in der Bahn oder die wildeste Nacht | Tobt in mir das Chaos, dann machst du's still | Verheult in der Bahn oder die wildeste Nacht",60GM02jbWvTwH6P5rq2VOT
Nur die Musik,JORIS,1,in,,Und die Stimme in mein'm Ohr sagt: | Und in mein'm Kopf nur die Musik | Ich schaue in ungeahnte Ferne | Und die Stimme in mein'm Ohr sagt: | Und in mein'm Kopf nur die Musik | Und in mein'm Kopf nur die Musik,4zbjLM7jut3CaojmphTOdG
Steine,Bosse,2,"in, aus","oben, unten, unter","Ich geh' mit dem Hammer in zerfurchte Felsen | Haue Löcher in die Angst, in mein Gewissen | Dann hinab in die Tiefe, in den dunklen Schacht | Baue mir Berge aus Schmerz und Fragen | Erste Brocken sind aus Kindheit und Vermissen | Beiß' mir die Zähne aus, wenn ich sie zermalme | Beiß' mir die Zähne aus, wenn ich sie zermalme | Beiß' mir die Zähne aus, wenn ich sie zermalme",4wKPW0bPRFQ3IBkln5kDTH
unendlichkeit  Main Edit,CRO,1,in,aus,"'n wunderschön'n Benz in Weiß? | Keine Zeit, das hier ist mein Ticket in die Ewigkeit | Damals mit der MPC vom Zimmer in die Charts | 'n wunderschön'n Benz in Weiß?",00xBJ1IJSkErFWuuHxLPoP
Leuchtturm  Jerome Extended Remix,Gestört aber GeiL,1,in,,Denn du bist mein Leuchtturm in der Nacht | Denn du bist mein Leuchtturm in der Nacht | Denn du bist mein Leuchtturm in der Nacht | Denn du bist mein Leuchtturm in der Nacht,6UYk7zDmPV7pj07NAuQi2O
Vagabund,Bausa,1,in,,"Heute hier, morgen da und in jeder Stadt ein Mädchen | Heute hier, morgen da und in jeder Stadt ein Mädchen | Heute hier, morgen da und in jeder Stadt ein Mädchen | Heute hier, morgen da und in jeder Stadt ein Mädchen | Und, und ich lieg' in einem anderen Bett | Lieg' in einem anderen Bett, eh | Und ich lieg' in 'nem anderen Bett | Tut mir leid, Baby, ich lieg' in einem anderen Bett, eh | Nur leider bin ich nicht nur in dich, sondern jede verliebt | [Outro] (nur in der Videoversion)",3yhaXZury9ZUpfXvdvuWiB
Außerhalb der Zeit  Live  Trabrennbahn Hamburg,Bosse,1,in,,Weit raus in die Wildnis | Herndorf in der Hand | Weit raus in die Wildnis | Weit raus in die Wildnis,7m394tzYT69bxLSWVvXvhQ
Alles Gute,Mathea,1,in,,"Und am besten geht ihr Hand in Hand | Und am besten geht ihr Hand in Hand | Nur glaubt ihr echt, dass ihr noch in mein Leben passt? | Und am besten geht ihr Hand in Hand",7vqihGVf7xIvahyJSazQ0q
Falsche Entscheidung,Fettes Brot,1,in,aus,Wir gehen in die falschen Clubs uns mögen nur die falschen Leute | Blas’ ich mutterseelenalone in mein’ Saxophon | Ich wär so gern in Bars mit Fernsehstars | Mit allem drum und dran in Designer Streetwear,2M3ni44IUB14uUVkugnsIm
Spring,Wincent Weiss,1,aus,"hoch, in","Ich weiß, es sieht hoch aus, ich weiß, dass du Angst hast | Atme ein, atme aus | Atme ein (Atme ein), atme aus (Atme aus)",0X0HcPMdxenZebSOa6vbKi
Moonlight,Jaylina,1,in,,We in a pack fasho | She bathing in the moonlight | Let her soak it in | She bathing in the moonlight | Let her soak it in,6pA0nKUv3U7Nr2Njpd82Ut
Dauerschleife,Lika Doss,1,in,unter,"Ich weiß nur, ich hab' dich in Dauerschleife | Ich weiß nur, ich will dich in Dauerschleife | Ich weiß nur, ich hab' dich in Dauerschleife | Ich weiß nur, ich will dich in Dauerschleife | Jede Nacht, immer noch, ich hab' dich in mei'm Ohr | Wenn alles leise wird, hab' mich in dir verloren | Halten wir fest, du und ich in Dauerschleife | Ich will dich in Dauerschleife | Ich will dich in Dauerschleife | Ich will dich in Dauerschleife",2byfRHCg1HcwDSe3a761OT
15 Meter tief,Jamie Roseanne,1,in,aus,Wieso bringst du das Mädchen in mein kleines Paradies | Wieso bringst du das Mädchen in mein kleines Paradies | Wieso bringst du das Mädchen in mein kleines Paradies | Wieso bringst du das Mädchen in mein kleines Paradies,54boQw2CHWXCzbbZUPQl5z
Leicht gesagt,Jamie Roseanne,1,in,,Kipp‘ mein' Kaffee in dein Gesicht | Kipp‘ mein' Kaffee in dein Gesicht | Nie mehr um 8 Uhr in der U-Bahn | Kipp‘ mein' Kaffee in dein Gesicht | Kipp‘ mein' Kaffee in dein Gesicht | Nie mehr um 8 Uhr in der U-Bahn | Kipp‘ mein' Kaffee in dein Gesicht | Kipp‘ mein' Kaffee in dein Gesicht | Nie mehr um 8 Uhr in der U-Bahn,2hQwYGvO1HZRsHoVYZgZly
OK,Jaylina,1,in,,"Freaky-ass nigga, in my house, I got a head room | And we all in the bed togеther | I just took off in a Hellcat | I just hit a bitch in a pin move like wrestling | Tryna convince you to believe in somethin' like pastors",227Jc3GQgkMWX5tCzSk3e5
Ein Tag am Meer,naDINO,1,in,,I saw the neighborhood; neighborhood was red in color | The smell of blood and body parts in front of me scatter | Hospitals in dire need of blood donation and mosques shouting | Walls in the streets become white in color | The girl crying in the arms of strange ache,600fS9hETpzBw2YjxB4LsM
Ticket,Seeed,1,vorne,"hoch, in, aus","Die Sonne kommt, es geht von vorne los | Die Sonne kommt, es geht von vorne los | Die Sonne kommt, es geht von vorne los | Die Sonne kommt, es geht von vorne los",6frjeqCOrcb010qUtilQ0K
Melatonin,Jaylina,1,in,,"I used to believe in what I couldn't see, but now sometimes I ask myself | You used to believe in what you couldn't see | I was lost in my thoughts | Funniest beef in the land of milk and honey",1WNpjt65cImKdCBK3bHBHi
Perfekt so,Lika Doss,1,in,,Put ya hands in the air now jump jump | I met this girl back in the bay | It's Team 99 swerve in my lane | Put ya hands in the air now jump jump | Home alone in ya underwear,0oEEs9LMelOIApbupbkzzo
Wenn du bei mir bist,Tim Schulz,1,in,,Hab mich total in dir verloren | Fühl mich noch immer wie in Trance | Noch immer dieses Kribbeln in meinem Bauch | Hab mich total in dir verloren | Fühl mich noch immer wie in Trance | Noch immer dieses Kribbeln in meinem Bauch | Hab mich total in dir verloren | Fühl mich noch immer wie in Trance | Noch immer dieses Kribbeln in meinem Bauch,43hbf7tfot9EYEJ5yuyPsJ
Vibe,Mariano Milano,1,in,,"California weed, in another continent (UK) | In a daze in the West mayne with best thang | It's rainin' with the vibes in the room | It's way too vibey in the room | Mother plants in the minivan | They say I'm old school, I guess I'm just stuck in my ways | Got a pack in the back, I'm sure it'll amaze | It's rainin' with the vibes in the room | It's way too vibey in the room | That Tony Greenhand bad daddy rolled in the high times, Kush | It's rainin' with the vibes in the room | It's way too vibey in the room",2JNvtJkZ4CZ05j3ALzCNFA
Wie Nice,Jamie Roseanne,1,in,aus,Trag uns in die Gästeliste ein | Baby wir steppen in den Club | Tanz zu den Bässen in meim‘ Club | Baby wir steppen in den Club | Tanz zu den Bässen in meim‘ Club | Baby wir steppen in den Club | Tanz zu den Bässen in meim‘ Club | Baby wir steppen in den Club | Tanz zu den Bässen in meim‘ Club | Baby wir steppen in den Club | Tanz zu den Bässen in meim‘ Club | Baby wir steppen in den Club | Tanz zu den Bässen in meim‘ Club,0NfD9v2eLhljjCb8yXfd0v
Um die Sonne,Robert Redweik,1,in,,"Wir hab'n uns tausendmal geseh'n in all den Jahr'n | Ich glaub', ich kann's in dein'n Augen seh'n, wir beide woll'n mehr | Genau in diesem Moment | Ich glaub', ich kann's in dein'n Augen seh'n, wir beide woll'n mehr",0gWHGTuTJTzl8fHuTbWGk3
Für immer immer,Fettes Brot,1,in,aus,"Ich liebte ein Mädchen in Blankenese | Ich liebte ein Mädchen in der Hafencity | Ich liebte ein Mädchen in Rothenburgsort | Ich liebte ein Mädchen in Altona | Ich liebte ein Mädchen in Hammerbrook | Ich liebte ein Mädchen in Finkenwerder | Doch dann wurde es mir in Hamburg zu klein | Und so zog ich in ganz Deutschland ein | Ich liebte ein Mädchen in Frankfurt, Oder | Wir fuhren durchs Land in ihrem alten Skoda | Ich liebte ein Mädchen in Salzgitter | Ich liebte ein Mädchen in Eisenach | Ich liebte ein Mädchen in Magdeburg | Ich liebte ein Mädchen in Köln | Auf dem Foto in der Küche sieht sie aus wie Katja Ebstein | Ich liebte ein Mädchen in Schwerin | Doch dann wurde es mir in Deutschland zu klein | Und so zog ich in die Welt hinein | Ich liebte ein Mädchen in New York City | Ich liebte ein Mädchen in Rio de Janeiro | Ich liebte ein Mädchen in Istanbul | Ich liebte ein Mädchen in Madrid",4R33pZKL0Xaf3i78ukNJcM
Wolke 7  Single Version,Max Herre,1,in,,"Kopf in' Wolken, Kopf im Sand | Die Kraft in dir trägt und verrät dich | Nachts in Katakomben abfliegen | [Max:] Kopf in' Wolken, Kopf im Sand",2Jcx6qkJTt7mFRiIAXX3uc
Jetzt ist Sommer,Wise Guys,1,in,,"Dann Sprung mitten rein in den kalten Pool | Wir singen in der Badewanne mit | Sommer ist, was in deinem Kopf passiert | Sommer ist, was in deinem Kopf passiert | Doch ich hab keins und das ist in Ordnung so | Wenns den ganzen Sommer nur in der Garage steht | Dass sie im Bikini in die Nordsee springt | Sommer ist, was in deinem Kopf passiert | Sommer ist, was in deinem Kopf passiert | Und die Sonne geht an in meinem Kopf | Sommer ist, was in deinem Kopf passiert | Sommer ist, was in deinem Kopf passiert | Sommer ist was in deinem Kopf passiert | Sommer ist, was in deinem Kopf passiert | Sommer ist, was in deinem Kopf passiert",6ocnaAfmrgyiB9vKxo5qga
Von allein  WIR  Culcha Candela Single Edit,Culcha Candela,1,in,,"Hängt tausend Zettel in die Nachbarschaft | Deine Fahne in die Luft (ey), deine Fahne in die Luft | Deine Fahne in die Luft (ey), deine Fahne in die Luft",5CRHElxRbAIFlocvaZJeih
Ja,Silbermond,1,in,,"Ich bin verloren in deiner Mitte | Und ja, ich schwör auf dich in jeder meiner Fasern sagt, ja | Und ja, ich schwör auf dich in jeder meiner Fasern sagt, ja | Denn ich bin und bleib verlor'n in deiner Mitte | Und ja, ich schwör auf dich in jeder meiner Fasern sagt, ja",1o7VoexABptcWX6AUWHWUL
Das Leben ist schön,Bass Sultan Hengzt,1,in,über,"Ich hab Hunger, doch hab nicht mal ein' Knopf in den Taschen | Genau in diesem  Moment kommt dieses Lied, das man kennt | Genau in diesem  Moment kommt dieses Lied, das man kennt | Mann, ihr Wichser, das Problem ist, dass das Leben mich in 'n Arsch fickt | (Genau in diesem Moment kommt dieses Lied, das man kennt",3dZcFpKOO1RrJccL01l84Y
Einfach nur weg,Johannes Oerding,1,in,,Vielleicht in Paris vom Eifelturm spucken | Vielleicht in Berlin erstmal was trinken gehen und | Ich war noch nie irgendwo in Afrika | Ich war noch nie in New York | Auf 'ner Gondel in Venedig meine Lieder singen | Ich war noch nie irgendwo in Afrika | Ich war noch nie in New York,45Lp7RkfuyxHBD8d1ojNfk
Wieder am Leben,Andreas Bourani,1,in,aus,Es vibriert in allen Sinnen | Trag in mir Kraft für zehn | Trag in mir Kraft für zehn | Sie soll'n in hundert Jahren noch davon reden | Trag in mir Kraft für zehn,6qoe8Y30BXNnT5fnyqPMAC
Ich werd die Welt verändern,Revolverheld,1,über,"vorne, unter",Und mal über mich selber lachen | Und mal über mich selber lachen | Und mal über mich selber lachen | Und mal über mich selber lachen | Und mal über mich selber lachen | Und mal über mich selber lachen | Und mal über mich selber lachen,4dbbplFNfaSfHAtOUegIIf
Siehst Du Das Genau So ,Sportfreunde Stiller,1,in,vorne,"Denkst du denn da genauso, in etwa so wie ich? | Ging es nach mir, sollten wir wieder öfter in den Himmel schauen | Denkst du denn da genauso, in etwa so wie ich? | Denkst du denn da genauso, in etwa so wie ich? | Denkst du denn da genauso, in etwa so wie ich?",2E3Dt8uf2r3WH7KqhrBvan
Grenzenlos,Glasperlenspiel,1,hoch,"aus, unter",Wir werden wach und wir fallen hoch | Auf die Dächer hoch hinaus | Wir werden wach und wir fallen hoch | Wir werden wach und wir fallen hoch,0re2JzXOLhpeQvNDCPdwW0
Mit dir teilen,Chima,1,vorne,"in, aus","Refrain: Und wenn die Welt nicht untergeht, haben wir noch nicht genug gelebt, ich will nach vorne schaun', ins Morgengrauen und seh den Tag entstehen, solang' die Welt nicht untergeht, hab ich noch nicht genug gelebt, und ich will, alles wirklich, alles mit Dir teilen | Refrain: Und wenn die Welt nicht untergeht, haben wir noch nicht genug gelebt, ich will nach vorne schaun', ins Morgengrauen und seh den Tag entstehen, solang' die Welt nicht untergeht, hab ich noch nicht genug gelebt, und ich will, alles wirklich, alles mit Dir teilen | Refrain: Refrain: Und wenn die Welt nicht untergeht, haben wir noch nicht genug gelebt, ich will nach vorne schaun', ins Morgengrauen und seh den Tag entstehen, solang' die Welt nicht untergeht, hab ich noch nicht genug gelebt, und ich will, alles wirklich, alles mit Dir teilen. (x2) | Refrain: Refrain: Und wenn die Welt nicht untergeht, haben wir noch nicht genug gelebt, ich will nach vorne schaun', ins Morgengrauen und seh den Tag entstehen, solang' die Welt nicht untergeht, hab ich noch nicht genug gelebt, und ich will, alles wirklich, alles mit Dir teilen. (x2)",0PylXP7dA1DyaOAZZ7ahKO
Bis zum Schluss with Silbermond,Curse,1,aus,in,"Gehofft, dass aus den Differenzen Liebe wächst | Wir haben gehofft das aus Differenzen noch Liebe wächst | Gehofft, dass aus den Differenzen Liebe wächst | Gehofft, dass aus den Differenzen Liebe wächst | Doch auch ich habe begrenzte Kräfte, es gleitet aus meinen Händen | Gehofft, dass aus den Differenzen Liebe wächst | Wir haben gehofft das aus Differenzen noch Liebe wächst",6KHvikAcwELosBAFgEiBWX
Single,Die Fantastischen Vier,1,aus,"unten, hoch, in, über",So völlig rausgerissen aus dem Gesamtzusammenhang | Ich steh auf aus meinem goldenen Bett | Du siehst gut aus mit dem roten Teppich | (Ich möchte) deine Melodie nie aus dem Kopf,3sl4BbOCH4qILcy0cfPeNI
Ich  Du,Anna Depenbusch,1,in,,Stell ich mich mit dir in den Wind | Weil dir kalt war in der Nacht | Dann nehm ich dich in meinen arm | Du bist die Stimme in dir drin | Ich stell dich mit dir in den Wind,4qfwh0dloTZ7kSPTGZy94B
Die Welt steht still,Revolverheld,1,aus,in,Atme langsam wieder aus | Atme langsam wieder aus | Streiche dich aus meinem Lebenslauf | Atme langsam wieder aus | Atme langsam wieder aus | Atme langsam wieder aus,1RmQXlq0hqpZDhD9P43a1z
Alles geht,Tonbandgerät,1,aus,,Ich wollt dich nicht wecken aus deinen Träumen ohne Schlaf | In Pfützen gekentert mit Schiffen aus Papier | In Pfützen gekentert mit Schiffen aus Papier | In Pfützen gekentert mit Schiffen aus Papier,5Xsz2xAPzoBLHVl9CW45Uj
An Tagen wie diesen,Fettes Brot,1,in,,"Viele Menschen ums Leben gekommen und dem Erdboden gleich gemacht in nur einer Nacht | Während ich grad gesundes Obst zerhäcksel' in der Moulinex | Seh' ein Kind in dessen traurigen Augen 'ne Fliege sitzt | Denn auch wir sind Eltern jetzt, haben ein Kind in diese Welt gesetzt | Mitten in der Nacht werd' ich wach und bin schweißgebadet",3jkp8fGwMxKVGZbNNYccnZ
Einmal im Leben,Luxuslärm,1,in,,"Wenn sich alles in dir dreht | Das liegt hier in meinen Arm | Wenn sich alles in dir dreht | (Oh, yeah, once in a lifetime) | Wenn sich alles in dir dreht",7soDiz8MiTyIfLNvENf0AZ
Gebt uns ruhig die Schuld den Rest könnt ihr behalten,Die Fantastischen Vier,1,in,"oben, unter","Ich lächle niemals andre Leute in der Straßenbahn an | Und muss Getränke ab und zu in Einwegflaschen kaufen | Schieb dir die Schuld in die Schuhe oder schüttel sie ab | Schieb dir die Schuld in die Schuhe oder schüttel sie ab | Schieb dir die Schuld in die Schuhe oder schüttel sie ab | Schieb mir die Schuld in die Schuhe und ich schüttel sie ab | Dass es irgendwer anders war, kommt gar nicht in Frage",47frgG1eiZSFJHsdvJn3VX
Zimmer ohne Zeit,Fabian Römer,1,in,aus,"Wenn draußen Tag für Tag verstreicht wie in Lichtgeschwindigkeit | Schleich mich leise in mein Zimmer ohne Zeit | Tut mir leid, dass einzuhalten ist nicht leicht in so 'nem Zimmer ohne Zeit | Pack alles was mir eigentlich so heilig ist in Kisten ein",1yKdKuEqYNUwN7KXyfbGJo
Hi Kids,CRO,1,hoch,"in, aus","Werft den Arm hoch und gebt mir ein „Hallo“ | Werft den Arm hoch und gebt mir ein „Hallo“ | Und jeder der mich nicht kennt, nimmt trotzdem den Arm hoch | Werft den Arm hoch und gebt mir ein „Hallo“ | Werft den Arm hoch und gebt mir ein „Hallo“ | Und jeder der mich nicht kennt, nimmt trotzdem den Arm hoch (Yeah) | Werft den Arm hoch und gebt mir ein „Hallo“ | Werft den Arm hoch und gebt mir ein „Hallo“ | Und jeder der mich nicht kennt, nimmt trotzdem den Arm hoch",0S4w9LF9jyDnw9hPjTRvF3
1ste Liebe feat Joy Denalane,Max Herre,1,in,"aus, über, unter","Hab als Kind jeden Tag in deiner Straße gespielt | Blieb bei ihr, cancelte meinen Ziviplatz in Berlin | Dann in 2 Zimmer mit Terrasse mit dem Cash von Anna | Sie wollt mich kontrollieren in ihrem Wahn nach Sicherheit",1uL44Cf5hCszDyr7DMm8H3
Zu Dir Weit Weg,Mark Forster,1,in,,"Obwohl sich alles in mir wehrt, lass' ich dich zieh'n | Und bleibe ohne dich alleine in Berlin | Schlafen in dein'n Arm'n | Obwohl sich alles in mir wehrt, lass' ich dich zieh'n | Und bleibe ohne dich alleine in Berlin",0FUhdaMHNR003lNMEpDEol
Wie soll ein Mensch das ertragen  Projekt Seerosenteich Live,Philipp Poisel,1,in,,"Ich bin allein in der Nacht | Ich bin allein' in der Nacht, wie du | Ich hab Angst in der Nacht, wie du, wie du | Ich bin allein in der Nacht, wie du | Und ich hab Angst in der Nacht, wie du | Ich bin allein' in der Nacht, wie du | Und ich hab Angst in der Nacht, wie du",5rOFeQ18pbdUm209Lcq7rp
Der Sonne entgegen,Kenay,1,in,aus,"Ich werde nichts mehr liеben, als in deinem Schoß zu liegen | Ich werde nichts mehr lieben, als in deinem Schoß zu liegen | Du bist wie Sommer in Schweden | Ich werde nichts mehr lieben, als in deinem Schoß zu liegen",2b7i0tdH37GPTOiwyotm3T
Schön so wie du bist,Kenay,1,in,,"Du bist die Schönheit in Person, nur weißt du es nicht | Du bist die Schönheit in Person, nur weißt du es nicht | Und egal, in welchem Licht | Seh' ich das Strahl'n in dein'm Gesicht",02MMbXADqJSqBDJxr22jnW
Träume,METRICKZ,1,in,"aus, unter","Und das war damals wie ein Funken in 'nem Pulverfass | Aber in mein'n Träum'n ist diese Welt nicht wie hier | Aber in mein'n Träum'n ist diese Welt nicht wie hier | Sind wir am Boden, denn das reißt uns in die Tiefe | So viele Wunden, dennoch badest du in Trän'n | Aber in mein'n Träum'n ist diese Welt nicht wie hier | Aber in mein'n Träum'n ist diese Welt nicht wie hier | Aber in mein'n Träum'n ist diese Welt nicht wie hier | Aber in mein'n Träum'n ist diese Welt nicht wie hier",5pIVfo9GURIwa4cR578MAW
Neue Welt,Moritz Garth,1,in,"oben, unten, links, rechts",Ich mach 'nen schritt in eine neue Welt | Ich mach 'nen schritt in eine neue Welt | Ich mach 'nen schritt in eine neue Welt | Ich mach 'nen schritt in eine neue Welt,5enmOOsX4zMfzC9Tayk8dY
Läuft bei dir,FLEX,1,in,aus,"Ab in den Laden, Bier für 1, 50€ und danach läuft bei dir | Du kannst damit leben, du kannst alle Themen in letzter Zeit läuft bei dir | An diesem Tag, in diesem Jahr | An diesem Tag, in diesem Jahr | Du liegst den ganzen Tag nur in der Sonne rum so wie ein Säugetier | An diesem Tag, in diesem Jahr | An diesem Tag, in diesem Jahr",0KCSL8XlcBzTN00GerpZ3Y
Der Himmel reisst auf,Stereoact,1,in,aus,Der Kopf in den Wolken und das Herz in der Hand | Wir tauchen nach Perlen in den Fluten der Nacht | Der Kopf in den Wolken und das Herz in der Hand | Der Kopf in den Wolken und das Herz in der Hand,070xDjpupXsnjuoRzcQaDm
Dein Hurra,Bosse,1,in,,"Dein Hurra in mein Gesicht | Hey, hey, hey, du schreist Hurra in mein Gesicht | Schreist laute Ideen in meine tauben Ohr'n | Hey, hey, hey, du schreist Hurra in mein Gesicht | Hey, hey, hey, du malst Hurra in mein Gesicht | Du jubelst Orkane in den dichten Staub | Hey, hey, hey, du schreist Hurra in mein Gesicht",1ge9r5XwpoZyogDkMOFE5m
Helden,FlowRag,1,in,über,Und bis spät in die Nacht | Und bis spät in die Nacht | Und bis spät in die Nacht | Und bis spät in die Nacht,5j1n2xOwbhv5T5jwu0fOQT
Es war einmal,Beginner,1,aus,"in, über, unter",Wollten raus aus der Kälte | Wollten raus aus der Kälte | Wollten raus aus der Kälte | Wollten raus aus der Kälte,1WUT1GqQ5PB0eVFfQxMfG0
Raus,Planetarium,1,aus,in,"Ich bin raus, ruh mich aus | Raus aus allem, was fest hält. Ich geh vor die Hunde und belle, wuff | Ich dreh am Rad, nehme kurz Rast, raste aus | Ich bin raus, ruh mich aus | Ich bin raus, ruh mich aus",3w3b2qnHfDf8K2Caz0GGQg
Morgenkaffee,MATU,1,aus,unten,"Dann komm ich vielleicht wieder aus mir raus | Dann komm ich vielleicht wieder aus mir raus, yeah | Dann komm ich vielleicht wieder aus mir raus | Dann komm ich vielleicht wieder aus mir raus, yeah | Komm ich vielleicht wieder aus mir raus | Komm ich vielleicht wieder aus mir raus",75wwRYwAcSDQdy8Zn1FSHn
Bonnie  Clyde,Sarah Connor,1,in,über,Doch plötzlich steht die Welt in Flamm'n | Um uns herum steht die Welt in Flamm'n | Und meine Welt steht wieder in Flamm'n | Um uns herum steht die Welt in Flamm'n,623YhIqwvuXamhw7tvHMBq
Für immer  Madizin Single Mix,Glasperlenspiel,1,in,,"Seit du in meinem Leben bist | Die mich fast fraßen, war alleine in der Riesenstadt | Ich sah durch mein Fernglas in diese Welt | Ich sah durch mein Fernglas in diese Welt",5nEFk33j3BqeXm4RP1GMy9
Medizin,Alexa Feser,1,aus,"in, über",Und das Ich auf einem Meer aus Trübsinn treibt | Mein Rettungsboot aus Tönen und meine Medizin | Mein Rettungsboot aus Tönen und meine Medizin | Mein Rettungsboot aus Tönen und meine Medizin,6lfkp7DqQJtg6zfTTW1vqD
Sag meinen Namen  Quarterhead Remix,Lupid,1,in,aus,Zwei Felsen in der Brandung | Ich will Geschichte in dei'm Leben bleiben | Mit Blei in unsren Venen | Zwei Felsen in der Brandung | Ich will Geschichte in dei'm Leben bleiben | Ich will Geschichte in dei'm Leben bleiben,1T2TNKOWM7qkkYt12ZTdHf
Zeiten ändern sich feat Albert Nsanda,Culcha Candela,1,in,,"Zeiten ändern sich, schrei es in die Welt | Zeiten ändern sich (yes), schrei es in die Welt (Ja mann) | Das Blatt wird sich wenden, schrei es in die Welt | Bin ich verstört in meinem leben nehm ich's selbst in die Hand | Ah, Zeit dein' Traum jetzt zu Leben, Zeit die Zügel in die Hand zu nehmen | Ah, Zeit dein' Traum jetzt zu Leben, Zeit die Zügel in die Hand zu nehmen",3zAtszyF4gVi8C2RblBjXF
Regenbogen  Akustik Version,Wincent Weiss,1,in,aus,"Ich in dein'n, du in mein'n, du in mein'n, ich in dein'n Arm | Ich in dein'n, du in mein'n und wir zwei in unseren Armen | Ich in dein'n, du in mein'n, du in mein'n, ich in dein'n Arm | Ich in dein'n, du in mein'n und wir zwei in unseren Armen",1XL4zhh4ySNzQnyGVghHig
Playlist  Piano Version,Jonas Monar,1,in,,Zeig ich dir diesen einen Song in meiner Playlist | Zeig ich dir diesen einen Song in meiner Playlist | Zeig ich dir diesen einen Song in meiner Playlist | Zeig ich dir diesen einen Song in meiner Playlist | Zeig ich dir diesen einen Song in meiner Playlist | Zeig ich dir diesen einen Song in meiner Playlist,4YGbx6OqId8EJBYjRYwPF7
Alles über Bord,Anna Depenbusch,1,aus,"hoch, in, über","Dieses Kleid aus Blei steht mir nicht | Dieses Kleid aus Blei steht mir nicht, das steht mir nicht | Dieses Kleid aus Blei steht mir nicht | Dieses Kleid aus Blei steht mir nicht, das steht mir nicht",65iZrBHG6SEIOQiYDasJTV
Mein Leben ist der Wahnsinn,Henning Wehland,1,aus,,Such′s dir selber aus | Ob ich aus meinem Zeigefinger | Doch das sieht nie so gut aus | Saugt mich ein und spuckt mich aus | Lässt mich gewinnen und trickst mich aus | Saugt dich ein und spuckt dich aus | Lässt dich gewinnen und trickst dich aus | Saugt mich ein und spuckt mich aus | Lässt mich gewinnen und trickst mich aus,17O8NUovNWHZDiV3zdt4a4
Lauf Baby lauf  From The Voice Of Germany,TAY,1,in,,"Ich hab seit Tag eins gemerkt, dass ich nicht in das Game pass' | Ich laufe weiter auch wenn sie mir in mein Weg Steine legen | Geh' ich in mich, bis ich in mir drin' diese Stimme hör' | Also redet nicht verdammt und pisst nicht in meine Richtung | Denn jedes Wort war wichtig, jeder Satz ein Schritt in meiner Entwicklung",0Emc3uS6WzgkxgR6gP0llz
So schön kaputt,SDP,1,in,aus,Wir sind vom Leben gezeichnet in den buntesten Farben | Wir sind vom Leben gezeichnet in den buntesten Farben | Wir sind vom Leben gezeichnet in den buntesten Farben | Wir sind vom Leben gezeichnet in den buntesten Farben,2G1BlWRM5zQS9brG0dZhye
Farbenmeer,Joel Brandenstein,1,in,,Bist du da und dann ist ein Feuerwerk in der Luft | Bist du da und dann ist ein Feuerwerk in der Luft | Bist du da und dann ist ein Feuerwerk in der Luft | Bist du da und dann ist ein Feuerwerk in der Luft | Bist du da und dann ist ein Feuerwerk in der Luft | Bist du da und dann ist ein Feuerwerk in der Luft,2rwPsvCiQlKmEmtBSsn75L
Perfekte Imperfektion  Akustik Version,Swiss  Die Andern,1,in,"innen, aus, über",'nen Kuscheltierhund fest umschlungen in den Armen | Was bist du wert in dieser Welt? Es bleibt die selbe Frage | Ich will in Bangkok mit dir tanzen gehen zur Regenzeit | Doch auch in der Niederlage schlagen unsere Herzen gleich,48Z64A0NGCXl2skhjaDZTp
Scherben,SMATKA,1,in,"aus, unter","Das Crack in den Adern ich merk wie es knalt | Blutige Sache, Leben hat sich in ein Schlachtfeld verwandelt gefangen in einer Grube mit Ratten und Schlagen, Rache Gedanken so abgefuckt ich tanze mit dem Teufel, Nacht für Nacht während ich meinen Verstand mit Gift betäube, zersplitterte Träume grauer Himmel | Das Crack in den Adern ich merk wie es knalt",4Y4nSZ4P12TUpCsGqJVsdW
Nie zu Ende,Jonas Monar,1,in,,Doch wir bleiben noch in diesem Augenblick | Lass uns das Glück in die Arme nehm'n | Lass uns das Glück in die Arme nehm'n | Lass uns das Glück in die Arme nehm'n | Lass uns das Glück in die Arme nehm'n,0T4h79neqK0F7af0EC3EnG
Jede Nacht,Philipp Dittberner,2,"in, aus",,"Und ich fühl mich in Ordnung, weil mich dein Reden sortiert | All das lange Bettgeflüster treibt den Nachbar in Wahnsinn, aber ich schlafe besser zu dem schönen Klang deines Atems | Weil jeder in der Dunkelheit ein bisschen an uns glaubt | Weil jeder in der Dunkelheit ein bisschen an uns glaubt | Und jede Nacht gehen die Lichter aus | Und jede Nacht gehen die Lichter aus | Und jede Nacht gehen die Lichter aus | Und jede Nacht gehen die Lichter aus | Und jede Nacht gehen die Lichter aus | Und jede Nacht gehen die Lichter aus",03mrCU2atEYjG0X1SCNDRu
Trash  Diamanten,Parallel,1,in,,To see physicians in a blaze | You in your mental state | Our fist extends put you back in your place | PARAPLEGIC! Locked tightly in your chair,4KGVzIZraS5cvQjoW40B7Z
Der Junge der rennt,Max Giesinger,1,in,,"Muss immer in Bewegung bleiben | Muss immer in Bewegung bleiben | Muss immer in Bewegung bleiben | Muss immer in Bewegung bleiben | Fremder in meiner Stadt | Der Erste im Ziel, doch der Letzte in der Bar | Muss immer in Bewegung bleiben | Muss immer in Bewegung bleiben | Muss immer in Bewegung bleiben | Muss immer in Bewegung bleiben",0rLcunkGgHo9qYKZtZg35Y
Schloss  Dasmo  Mania Remix,Glasperlenspiel,1,in,aus,"In mein Schloss, in mein Schloss | Ich nehme dich mit in mein Schloss | Ich nehme dich mit in mein Schloss | Ich nehme dich mit in mein Märchenschloss",6rQrzaYqXE1xUU0RLskilv
Lichterketten,Sasha,1,hoch,in,"Wir sind wie Lichterketten, wir strahl'n zum Himmel hoch | Wir sind wie Lichterketten, wir strahl'n zum Himmel hoch | Wir strahl'n zum Himmel hoch | Wir sind wie Lichterketten, wir strahl'n zum Himmel hoch | Wir strahl'n zum Himmel hoch",6NpATTWV1gg1IPSnmSGiWY
Kein Asphalt,Jante,1,in,,"Nein ich bin kein Gangster, in der Nacht siehst du Gespenster an deinem Fenster, will nach Übersee wie Nascar | Unnormal, ich sipp' die Punica, bleibe ein Unikat der noch nie in der Uni war | Bounce wie ein Flummi man, Hunnis in dem Gummiband | Nein ich bin kein Gangster, in der Nacht siehst du Gespenster an deinem Fenster, will nach Übersee wie Nascar",3vdNhJp8zV3srjKIQymSQ6
Game Over und Out,Jante,1,in,,"The song’s lyrics deal with the racial climate in the United… Read More [Intro] | See you, you in there dancin' | And I'm in here needin' questions answered | (And I'm in here needin' questions answered) | Outside looking in | The door is open but you can't get in | Something's in the way | (See you, you in there dancin') | (And I'm in here needin' questions answered)",7pN7o4oHC7eD0NsRDHHti6
Feuer und Meer,Meine Zeit,1,in,,Meine  Hände in den Taschen | Seh'n wir uns beide in die Augen | Meine Hände in den Taschen | Meine Hände in den Taschen | Meine Hände in den Taschen | Meine Hände in den Taschen,4MvZSI9a8DuOX03CTba4qv
Das ist doch keine Liebe,LÖVEN,1,in,,Do you believe in life after love? - after love? - after love? - after love? | Do you believe in life after love? - after love? - after love? - after love? | Do you believe in life after love? - after love? - after love? - after love? | Do you believe in life after love? - after love? - after love? - after love?,2YSsInvrRqcIfnuNo2oDfN
Schakale der Nacht,Jamie Roseanne,1,in,,"Brauchst nicht viel in einer Stadt wie Berlin | Der Moment, wenn in uns alles erwacht | Denn in dir steckt noch viel Talent | Denn in dir steckt noch viel Talent",3NkhPy6naz2wJMZfr2L7w3
Denxu,Fettes Brot,1,in,aus,"Wie das Feuer am Strand in den Osterferien (Aha) | Ich hab' gesagt, ich bin verliebt in dich | Du hast gesagt, dass du seit Jahr’n in einer glücklichen Beziehung bist | Verbotene Küsse in den dunkelsten Ecken | Ich hab' gelebt für die Nächte in der Bar",4qtM5Xt67WHXg4JZXEubkr
Beste Version,Vanessa Mai,1,in,,"Bist ein Kunstwerk, das in keinen Rahmen passt | Ist okay, dass du nicht in den Rahmen passt | Ist okay, dass du nicht in den Rahmen passt | Ist okay, dass du nicht in den Rahmen passt",5EOGqUg3jjj6pVGrFQMmIY
Ich wünsch dir,Sarah Connor,1,in,,Liegt mein Sinn in dir | Ich wünsch' dir Mut und Vertrau’n in dich selbst | Ich wünsch' dir Mut und Vertrau’n in dich selbst | Ich wünsch' dir Mut und Vertrau'n in dich selbst,6Ubu6f6HM3s04qZuGIccsx
Mit Dir Ohne Dich,Otto Normal,1,aus,in,Es scheint das wir bestand aus dir | Es scheint das wir bestand aus dir | Es scheint das wir bestand aus dir | Es scheint das wir bestand aus dir | Es scheint das wir bestand aus dir,4MkBZWZW2IKq0uvp3lHmQB
Wenn Liebe kommt,LOTTE,1,in,aus,"Schau mir in die Augen, Baby, wenn wir uns begegnen | Schau mir in die Augen, Baby, wo ist das Problem? | Schau mir in die Augen, Baby, wenn wir uns begegnen | Schau mir in die Augen, Baby, oder hast du Angst",1MEpVyXTheTBd5J7l6Jliz
Wie Zuhause feat Alligatoah  MTV Unplugged  Single Edit,Santiano,1,in,"nah, aus",Ich sitz' in einem Starbucks in Phuket | Ich  sitz' in einem Starbucks in Phuket | Die Sehnsucht trägt mich weit in die Ferne | Die Sehnsucht trägt mich weit in die Ferne | Ich sitz' in einem Starbucks in Phuket | Ich sitz' in einem Starbucks in Phuket | Wie dieses Federvieh in einer Legebatterie | Begebe mich in die Verlegenheit mit meiner Wenigkeit,1zTu8Kfi8Gk29kSbSjvSAE
Halt mich fest,Philipp Dittberner,1,in,,Sitzt du in der Falle | Auf engstem Raum und in den einsamsten Barracken | Ob hier im Jetzt oder in der Vergangеnheit | Sitzt du in der Falle | Hast du kein Ziel in Sicht | Sitzt du in der Falle | Hast du kein Ziel in Sicht,73wArDycF407xqpGDLKLxX
ICH FRAG DIE MAUS,Mark Forster,2,"in, aus","hoch, unter","Ich frag' die Maus, ich frag' die Löcher in' Bauch | Ich frag' diе Maus, ich frag' die Löcher in' Bauch | Ich frag' die Maus, ich frag' die Löcher in' Bauch | Ich frag' die Maus, ich frag' die Löcher in' Bauch | Ich frag' die Maus, ich frag' die Löcher in' Bauch | Ich frag' die Maus, ich frag' die Löcher in' Bauch | Und so schnеll geh'n mir die Fragen nicht aus | Die 132.229,5 Fragen nicht aus | Und so schnell geh'n mir die Fragen nicht aus | Und so schnell geh'n mir die Fragen nicht aus | Die 132.229,5 Fragen nicht aus",0fFme4SCe60FQBHXLkqfgD
Legoschloss,Glasperlenspiel,2,"vorne, in",,Fangen wir von vorne an | Fangen wir von vorne an | Fangen wir von vorne an | Fangen wir von vorne an | Aus tausend Steinen und in allen Farben | Aus tausend Steinen und in allen Farben | Aus tausend Steinen und in allen Farben | Aus tausend Steinen und in allen Farben | Aus tausend Steinen und in allen Farben | Aus tausend Steinen und in allen Farben,1Yuwmq1UQNKlhqWBje5Cdo
Flugmodus,Clueso,2,"rückwärts, in",,"Fall'n rückwärts in den Treibsand | Wir fall'n rückwärts in den Treibsand | Fall'n rückwärts in den Treibsand | Wir fall'n rückwärts in den Treibsand | Und ich zähl' die Tage rückwärts | Fall'n rückwärts in den Treibsand | Wir fall'n rückwärts in den Treibsand | Immer nicht in Glanzform | Fall'n rückwärts in den Treibsand | Wir fall'n rückwärts in den Treibsand | Ich wär gern in deiner Zeitzone, deiner Zeitzone, yeah | Fall'n rückwärts in den Treibsand | Wir fall'n rückwärts in den Treibsand | Fall'n rückwärts in den Treibsand | Wir fall'n rückwärts in den Treibsand",5ekhxzw7uZCUsD7FHgb2g5
Spring,Mr Polska,1,in,,I'm a raver in my flesh and bones | I'm sitting in the night at the flashing strobes | I’m a raver in my flesh and bones | I’m sitting in the night at the flashing strobes,1gYhY6lBUobvFCB5klYJkL
Sonne Geht Auf,Klangkuenstler,1,in,,"Sonne geht auf in der Straße, wo die Atzen häng'n | Sonne geht auf in der Straße, wo die Atzen häng'n | Wenn ich besinnungslos bin, dann kommst du nicht in meinen Sinn | Wenn ich besinnungslos bin, dann kommst du nicht in meinen Sinn | Wär schon legende, wenn ich nicht immer noch in dich verliebt wäre",6bs1myCEARQoI7oOLxqHkp
PALERMO,Ski Aggu,1,in,aus,"Aber dann fehlt mir der Dreck in meiner Stadt (Ah, yeah) | Denk' an mein Viertel, bin in Sizilien und lass' mich verwöhnen | Mit Fratellis, machen Urlaub in Italien (Ah, yeah) | Häng' in der Pampa mit Salamandern, alle so (Ah, yeah) | Muss nicht auf Uhr schau'n in mei'm Urlaub in Italien (Ah, yeah) | Aber dann fehlt mir der Dreck in meiner Stadt (Ah, yeah) | Aber dann fehlt mir der Dreck in meiner Stadt (Ah, yeah)",1AzhkL1zTo5NJ1oBOp0Hhe
JUNGE BALLER,6PM RECORDS,1,in,,"Mach' mich blau in der City, ja, ich hab' Haaland verpflichtet, ah (Pah, pah, pah) | In der rechten Hand 'ne Kippe, mein'n Cousin in der linken (Bap-bap, bap-bap, bap) | Damals fühlt ich mich wie'n Profi in mein'n Nike-Tiempo-Schuh'n | Mit 6PM-Trikot in meine Lieblingsbar | Mach' mich blau in der City, ja, ich hab' Haaland verpflichtet, ah (Pah, pah, pah) | In der rechten Hand 'ne Kippe, mein'n Cousin in der linken (Bap-bap, bap-bap, bap)",29vCE5UzdE8dzcJWbG2CsK
GERMANY,Dauner,1,in,,"I come to the club and I have teile in my jeans, uh | This is how we do in Deutschland | This is how we do in Deutschland | And if you are homophobic, you get fucked in the ass (Icke) | Blue Punisher, put it in her mouth, uh | This is how we do in Deutschland | This is how we do in Deutschland",50LgSBOTX8nkAKmbWF1Wxt
JWD,Filow,1,aus,in,"Ich schaute auf die Bühne aus der Crowd | Ich schaute auf die Bühne aus der Crowd | Kam bei Mama aus dem Bauch (Ja), war ihr Schatzi seit Tag eins (Eins) | Ich schaute auf die Bühne aus der Crowd | Ich schaute auf die Bühne aus der Crowd",7iLaBBQq0tzQvZUBXwJ2KL
bissu dumm  MEGALODON REMIX,Bonez MC,4,"oben, hoch, in, aus","unten, hinten, über, unter","Ich spiele oben mit, als hätte Bonez mich gesignt (Haha) | Wir sind hier unten, wir hör'n nicht auf die da oben | Doch „Du schaffst es ganz nach oben“ ist nur 'ne dumme Illusion | Ich sprech' für all die Kids, die von da oben keiner sieht | Bull'n komm'n um die Ecke und die Jungs klettern das Haus hoch, heh | Bull'n komm'n um die Ecke und die Jungs klettern das Haus hoch, heh | Bull'n komm'n um die Ecke und die Jungs klettern das Haus hoch, heh | Bull'n komm'n um die Ecke und die Jungs klettern das Haus hoch, heh | Bull'n komm'n um die Ecke und die Jungs klettern das Haus hoch, heh | Bull'n komm'n um die Ecke und die Jungs klettern das Haus hoch, heh | Weit hoch in der Nahrungskette | Bull'n komm'n um die Ecke und die Jungs klettern das Haus hoch, heh | Meine Youngins klau'n Schuhе bei Snipes für Shows in der Schweiz (Ja) | Hä, bist du dumm? Wer spuckt denn in die Hand, Mann, die ein'n füttert? | Mein Brudi schwerer Hustler, doch geht knüppeln in der Mensa | Die Fliegen sind aus Blei auf meiner klein'n Farm in Kansas | Gegen die Löcher in dein' Körper hilft dir auch kein Bepanthen | Erst saß der Kanake in 'nem 3er | Danach saß der Kanake in 'nem Benz | Skaten in Coupés, wir sind hoodrich | Hinterm Bett kleine Scharfe in Box (Brrt) | Zu jung schon in Haps, wegen Summ'n hab' ich Knacks | Gibt viel, auf was ich Hass hab', das passt nicht in ein'n Achter | Pack' den Hass in all die Strophen, Kids aus Blocks werd'n Philosophen | Freiheit für alle in Trauer, die Unterdrückten | Sie nahm'n uns alles und streuten mehr Salz in unsre Wunden | So viel Hass unter der Maske plus 'n Brandloch in der Jacke | Eyo, ich steig' in die TNs ein, 187-Gang-Sign (Haha) | Ich dreh' das Chrom in die Sonne, dass es blitzt (Ching) | Nein, die soll'n nicht in Berlin häng'n so wie Naziplakate | Sitzen in der Zitadelle, smoken Static wie Assassins | Überwachen Übergaben mit Babyfon in Frankfurt | Pupill'n groß wie Wanduhr, voll auf Sendung in Chanel-Schuh'n (Brr, brr) | Baller' mir 'n Schawarma, treff' dann Dardan in sein' Barber | Rissen in den Blockfassaden, Pisse stinkt im Wohnbereich | Sodass überall in den Wolken Helikopter kreisen, Nigga (Wouh) | Bei uns in forty-two, 42, wo wir leben | Bei mir in meiner Gegend dreht sich alles nur ums Nehmen | Pack' die hunderttausend in die Fake-Prada-Tasche | Böse Augen treffen Sam, setz' den G-Wagon in Brand | Wir war'n schon vor dem Fame in Zeitungsberichten | Häng' in Moabit ab mit Spielern und mit Dope-Tickern (Ah) | Scheiß' auf eure Realness, denn ich seh' mei'm Vater in die Augen | Sie geh'n online in dein'n Kopf rein, geht noch ein'n, und noch ein | Wenn ich will, dann leg' ich Feuer, Feuerwasser in 'ner Flasche dabei | Leben hart, was mir bleibt, ist Frieden hol'n in den Geist | War noch nie in ei'm Gefängnisblock | Hamburg-Rap in nur drei Worten beschrieben | Weit hoch in der Nahrungskette | Bin voll in ihr drinne und das für 'ne Knolle Haze | Diese Streets leben in mir und die Bull'n könn'n nix machen | Willkommen in der Wildnis (Ah), hier kriegst du Straße, und zwar bildlich (Komm, komm) | Chill dich ein'n Tag in unsren Schuh'n, du kriegst Filmriss | Junge aus Kongo, Kölsch in mein' Glas | So viel Kapseln, er war früher in der Klasse schon der Don | Den andern fehlt der Segen, gehen wählen aus Protest | Ich geh' heute aus mit der Frau von dem Kaulitz | Die Fliegen sind aus Blei auf meiner klein'n Farm in Kansas | Bist du dumm? Ich komme aus dem tiefsten Loch im Dschungel | Pack' den Hass in all die Strophen, Kids aus Blocks werd'n Philosophen | Kugeln fliegen nachts aus dem Benz, bang-bang (Okay) | Gibt dir Schwinger mit erhobenen Zeigefingern aus Blei | Bass pumpt stumpf aus der Box wie ein Holzkopf | Du kriegst mich ausm Block, doch den Block nicht aus mir | Komm' aus der Hood, Drogentote, Money, Dschungel und Kahis | Junge aus Kongo, Kölsch in mein' Glas | 50 Cent, alles glänzt, lenk' den Benz aus der Einfahrt",1IMa0Il4w988MwZCUcISix
Broker,Ski Aggu,1,in,aus,"Ich bin übern Zaun geklettert in den Club, jetzt spiel' ich Shows da | Ich bin übern Zaun geklettert in den Club, jetzt spiel' ich Shows da | Ging in die zehnte Klasse mit ei'm fetten Bubatz  im Mund | Ich bin übern Zaun geklettert in den Club, jetzt spiel' ich Shows da | Ich bin übern Zaun geklettert in den Club, jetzt spiel' ich Shows da | Para yok, keine Patte in der Tasche, ja | Keine Kappe, ja, ich hatte die Vision wie in Mathe (Uff) | Ich bin übern Zaun geklettert in den Club, jetzt spiel' ich Shows da | Ich bin übern Zaun geklettert in den Club, jetzt spiel' ich Shows da",2ASD3lIvN1z7MUgXqnZd8R
Alles Anders,Filow,1,in,über,"Hol' dich ab in 'nem Zweisitzer | MDMA in mein Glas reingemischt | Ich bin Sigma leider, in der G-Star dicke Eiеr | Kaugummi in der Fresse, Gummi in der Tasche (Wouh)",5gRi7t4ATOwldKBjuT2cSN
schwarzer toyota,skrt cobain,1,in,,"Du fährst mit UberX, ich zur Arena in Hannover | Wohn'n in Europa, wir ernten im Oktober | Es ist nicht krass, wenn du in der WG— | Bin neu in dieser Branche, bekomme eine Chance",6zV5WGrUYlR2i4AiaKfrKN
1 ADLER,Ski Aggu,1,in,aus,"Ich hab' nicht vor, in ein'n Puff zu geh'n, aber ich würde gern freier sein | Und du bist in mеi'm Arm, aber ich bin nur am grübeln | Ich will nicht in' Puff geh'n, doch will freier sein | Ein Adler gehört nicht in' Käfig | Ich will nicht in' Puff geh'n, doch will freier sein | Ich will nicht in' Puff geh'n, doch will freier sein | Ich will, ich will nicht in' Puff geh'n, doch will freier sein | Ich will nicht in' Puff geh'n, doch will freier sein",36an2kIaMv6GW7UaNXTWTw
übersee freistil,Ski Aggu,1,in,"aus, über","Dann ist еs wie in Apotheken, sie könn'n kranke Zahl'n seh'n da, ah | Der USA-Konzerte hat in seinem Kalender | Und ich weiß jetzt in etwa, wie's ist, ein Rockstar zu sein | Anschein'nd gibt's da Zeil'n, die gab's schon in Kollegah-Versen | Und wenn ich sterbe, gibt's in Wilmersdorf ein'n Ski-Aggu-Platz",6bTwEI3fPO6lEI85ivLMt1
abgelenkt,Ski Aggu,1,in,,"Sonne geht auf in der Straße, wo die Atzen häng'n | Spazier' mit mein'n G's in den Club und wir tragen sehr geile Klamotten | Wenn ich besinnungslos bin, dann kommst du nicht in meinen Sinn | Sonne geht auf in der Straße, wo die Atzen häng'n | Wär schon legende, wenn ich nicht immer noch in dich verliebt wäre | Sonne geht auf in der Straße, wo die Atzen häng'n",6lIQ6uJHb6P5HmI9ElGidx
Kein DJ,Ski Aggu,2,"links, rechts",in,"Schritt nach rechts, Schritt nach links, ah | Schritt nach rechts, Schritt nach links | (Schritt nach rechts, Schritt nach links) | (Schritt nach rechts, Schritt nach links) | Schritt nach rechts, Schritt nach links, ah | Schritt nach rechts, Schritt nach links | (Schritt nach rechts, Schritt nach links) | (Schritt nach rechts, Schritt nach links)",7y0gyU4jMNwcbh3dmPVkuF
playboi,Ski Aggu,1,in,,"Bin in Berlin, meine Stadt, jeder kennt mich | Bin grad in sеhr schlechter Verfassung wiе China, ah | Und das verpack' ich in Liedern, ah | Bin in Berlin, meine Stadt, jeder kennt mich | Bin in Berlin, meine Stadt, jeder kennt mich",5m8ME6TaDKwlGxs7cew6qr
AUF ERNST,Ski Aggu,1,in,unter,"Trage viele Wunden in mei'm Herzen, doch wen wundert's? | Ich block' ein'n Tag in mei'm Kalender, um mein'n Traum zu leben | Ganzes Jahr schon in den Charts, sie sind von Ski Aggu genervt | Ganzes Jahr schon in den Charts, sie sind von Ski Aggu genervt | Ganzes Jahr schon in den Charts, sie sind von Ski Aggu genervt",79uD0PzuOQ69Z0u0qJmeiH
BALLA BALLA,Ski Aggu,1,in,aus,"Ganze Mannschaft in der Booth und es gibt Jägi umsonst | ​d-d-d-dobel tanzt in Slow Mo, er hat Keta bekomm'n | Marlon hat in' CDJ-3000 sein'n Stick gekloppt | Ich-ich-ich rapp' darüber, was in meinem Leben passiert",1PPKayYlydvupkWxjCtUoV
Viva Musikvideo,Endzone,2,"in, über","rechts, vorne","Vivaldi, Antonio in der Playlist | Vivaldi, Antonio in der Playlist (Pew, pew, pew) | Später illegales Festival in Kaulsdorf | Vivaldi, Antonio in der Playlist (Pew, pew, pew) | Vivaldi, Antonio in der Playlist (Pew, pew, pew) | Sie schickt all die Pics über AirDrop | Sie schickt all die Pics über AirDrop (Aggu) | Sie schickt all die Pics über AirDrop | Sie schickt all die Pics über AirDrop (Aggu)",3QtLDVO8q94PY0ACJxhqWm
häng,Ski Aggu,1,in,aus,"Aber sie ist salty in mein'n Augen so wie Trän'n (Salt) | Denn ich hab' ein Rendezvous mit Atzen, die um dreizehn Uhr schon Korn in ihrem Bauch haben | Ich lebe sehr gesund, ich kipp' mir O-Saft in die Mische | Schreib' in die WhatsApp-Gruppe: „Wer kann Kokskapsel mitbringen?“ | Du siehst mich in U-Bahn schmieren, doch mach' kein Graffiti",57mp20YZqpaEAwJquxWsUt
Z0RNIG 2O24,Ski Aggu,1,in,,"Meiste Hörer in Deutschland im Monat, Ski Aggu ist Sechster (Ich bin nicht ma' Rapper) | Mеiste Hörer in Deutschland im Monat, Ski Aggu ist Sechster (Ich bin nicht ma' Rapper) | Früher in der Schule wurd ich immer umgesetzt | Dann hat sich seine Gage in etwa verdreifacht | Meiste Hörer in Deutschland im Monat, Ski Aggu ist Sechster (Ich bin nicht ma' Rapper) | Meiste Hörer in Deutschland im Monat, Ski Aggu ist Sechster (Ich bin nicht ma' Rapper) | Ich zock' in der Max-Schmeling-Halle, doch Basketballspieler bei Alba Berlin bin ich nicht",4bL1w0m4bPkjqMfi93RK1x
vodka soda ²²²,Ski Aggu,1,in,aus,"Zieh' durch Kiez an 'nem baba Tag, besoffen in Hood, es sind zwanzig Grad | Sieh mich von Kneipe in den Club mit Emmy-Roller losfahr'n, ja | Vierzig E's in meiner Jacke und geh' übern Schlesi | Lauf vercrackt nach Haus, in meiner Fresse leichter Sonnenbrand | Z-zieh' durch Kiez an 'nem baba Tag, besoffen in Hood, es sind zwanzig Grad | Seh' mich von Kneipe in den Club mit emmy-Roller losfahr'n (Aha) | Schick' in den Chat die Details rein (Let's go) | Stunden geskippt in Mathe und Englisch | Spiel'n mit Sticker und Karten, in S-Bahn'n fahren (Sk-skrrt) | Skinny Bitch in mei'm Arm, der Club zu warm, ich trinke Wodka-Soda (Grr)",188CCrU9P7bcdKf2XPWYXq
angefickstツ,Ski Aggu,1,in,unter,"Schatz, ich bin so krass in dich, ah | War verrückt, als du meintest, dass du sehr in mich verliebt bist grade (Piu) | Schatz, ich bin so krass in dich, ah (Wie krass?) | I-i-ich bin so krass in dich, ah (Wie krass?)",4sMsrZAhKuvAuLIwXmUz6x
justin bieber,Ski Aggu,1,in,über,Heute Bling in meinen Uhren und daneben die Koteletten | Steppe über Pflastersteine in den frühen Stunden | Heute Bling in meinen Uhren und daneben die Koteletten | Steppe über Pflastersteine in den frühen Stunden,6EDZ4yXd4Kh9mBZpBavsjT
Privnote,Ski Aggu,1,über,"in, aus","Privnote (Aggu), führ' Konversation über Privnote | Ich mach' deine Wohnung zur Disco, führ' Konversation über Privnote | Privnote, ah, führ' Konversation über Privnote | Ich mach' deine Wohnung zur Disco, führ' Konversation über Privnote | Privnote (Aggu), führ' Konversation über Privnote | Ich mach' deine Wohnung zur Disco, führ' Konversation über Privnote | Privnote, ah, führ' Konversation über Privnote | Ich mach' deine Wohnung zur Disco, führ' Konversation über Privnote",1t5IMxAgi4fILSHXOtAXQ1
Früchtetee mit Honig,Ski Aggu,1,aus,in,"Tee ist ausgetrunken und mein Ohrring aus Silber, ah | Ich bin aus Berlin und mein Ohrring aus Silber | Ich trinke gerne Wein, doch geb' nur ungerne Geld für aus | Tee ist ausgetrunken und mein Ohrring aus Silber, ah | Ich bin aus Berlin und mein Ohrring aus Silber, ja | Tee ist ausgetrunken und mein Ohrring aus Silber, ah | Ich bin aus Berlin und mein Ohrring aus Silber, ja",5PBavpcTOJACTGXjbWQFWt
GUSTAV,Ski Aggu,1,aus,in,"Er heißt Gustav, kommt aus Stuttgart und als er achtzehn ist | Es sprudelt aus ihm raus, eigentlich spricht er gar nicht so krass viel | Er trifft Leute aus der Szene, wird zum Drogenfreak | Klar, jetzt müsst ihn jemand raushol'n aus dem Teufelskreis | Bist du zugezogen, solltest du dich aus Berlin verpissen, ah",0zg3tztWA6DEJmtZ6zbO0l
Junge Criminals,Lyrica,1,in,"aus, über","Wir sind gut in Taschen pressen so wie du bist gut am blenden (Du bist nix, haha) | Sie zieht sich für Fuffi aus, ich push' mit drеißig in die Rente (Gang, Gang) | Ich mach' paar Push-ups, Pull-ups, danach bin ich gassеd und slide in Shops rein | Und hol' mein Hak auf [über?] du willst nicht in mein' Kopf sein | Bin im Beamer-Whip, ich geh' [über Kick?] und ich fahr' zu sechst in dein'n Block rein",5wOLxKNL4rYl2PGBdY7xtM
Z0RNIG 2O24  Niklas Dee  Berky Remix,Ski Aggu,1,in,,"Meiste Hörer in Deutschland im Monat, Ski Aggu ist Sechster (Ich bin nicht ma' Rapper) | Meiste Hörer in Deutschland im Monat, Ski Aggu ist Sechster | Meiste Hörer in Deutschland im Monat, Ski Aggu ist Sechster (Ich bin nicht ma' Rapper) | Meiste Hörer in Deutschland im Monat, Ski Aggu ist Sechster (Ich bin nicht ma' Rapper)",78PEp6PRRLCCMlCVKjm7d9
Z0RNIG 2O24  Kev Koko Remix,Ski Aggu,1,in,,"Meiste Hörer in Deutschland im Monat, Ski Aggu ist Sechster | Mеiste Hörer in Deutschland im Monat, Ski Aggu ist Sеchster | Früher in der Schule wurd ich immer umgesetzt | Dann hat sich seine Gage in etwa verdreifacht | (Dann hat sich seine Gage in etwa verdreifacht) | Meiste Hörer in Deutschland im Monat, Ski Aggu ist Sechster",46ISY7vxn1vYxuOykfzP0w
PARKPLATZ,PAPKE,1,in,aus,"Mit der Miete in der Socke und der Kanne in der Tasche, ah (Rund um die Uhr) | Noch ein Tattoo von ei'm Bruder in der Küche stechen, ah (Ja) | Es geht um viel Drugs, bisschen schmier'n, das' ein Tag in Berlin | Farbe an den Händen, ah (Ey), Racks in den Jeans | Das' ein Tag, wie ich ihn liebe in Berlin | Klettern rein in Spaßbad | Ich grüße Rolfo/Bonkas, Hausverbot in der Mitropa | Klettern rein in Spaßbad",6X95BDkuYDR5bRRPisBwMU
Wer hat diesem Jungen,c4rl,1,in,aus,"You done got my heart all in it and I just wanna be with you tonight | You done got my heart all in it and I just wanna be with you tonight | Sorry, war grad' weg in meinem Kopf, da läuft 'ne Show | Sorry, war grad' weg in meinem Kopf, da läuft 'ne Show | Sorry, war grad' weg in meinem Kopf, da läuft 'ne Show | Sorry, war grad' weg in meinem Kopf, da läuft 'ne Show",2AlWi6zUeybxAVZnyzivcx
ALLES,shosharascal,1,in,aus,"Ja, 320 in that bitch, ja, ja-ja (Ja-ja, ja) | Ich erinner' mich, als ich dead broke war, guck' zurück in die Timeline (Ja) | Ich will fliegen in Raf Simons (Ja), ist mir egal, ob teuer oder billig (Ja) | Ich will schweben in Margiela (Ja), Bitch, ich will Money machen, und zwar hella (Ja) | Ich will laufen in mein'n Nikes (Ja), muss mich beeil'n, hab' nicht so viel Zeit (Ja) | Ich kenn' Jungs, die sitzen in der Falle (Ja), ja, ich schwör' auf alles | Ich erinner' mich, als ich dead broke war, guck' zurück in die Timeline (Ja) | Ich will fliegen in Raf Simons (Ja), ist mir egal, ob teuer oder billig (Ja) | Ich will schweben in Margiela (Ja), Bitch, ich will Money machen, und zwar hella (Ja) | Ich will fliegen in Raf Simons (Ja), ist mir egal, ob teuer oder billig (Ja) | Ich will schweben in Margiela, Bitch, ich will Money machen, und zwar hella",0njis68df4z4pdGvaHPkVp
Anderer Wind,KC Rebell,2,"in, aus",über,"Rumblin' in the jungle, aus Gebüsch wie 'n Affenkind | Steine in mein' Weg nehm' ich wie bei Tetris | Flieg' in Heimat und spend' hier Fuffi an die Hemşos | Rumblin' in the jungle, aus Gebüsch wie 'n Affenkind | Rumblin' in the jungle, aus Gebüsch wie 'n Affenkind | Ich komm' mit zweieinhalb in mei'm Bund | Shit, wir komm'n von Seite in ein' Jeep | Shit, wir komm'n von Seite in ein' Jeep | Rumblin' in the jungle, aus Gebüsch wie 'n Affenkind | Rumblin' in the jungle, aus Gebüsch wie 'n Affenkind | Rumblin' in the jungle, aus Gebüsch wie 'n Affenkind | Rumblin' in the jungle, aus Gebüsch wie 'n Affenkind | Ich mach' das alles aus Prinzip | Und jede Stelle, die sich öffnet, kriegt jemand aus Family, hey | Rumblin' in the jungle, aus Gebüsch wie 'n Affenkind",0n4qU1icNPPVKkCzH0V0U4
Erinnerung,CRO,2,"oben, in","unten, hoch, aus","Und immer dann wenn es nach oben geht | Und immer dann wenn es nach oben geht | Und du merkst du bist oben wenn du ganz unten warst | Und immer dann wenn es nach oben geht | Ich dagegen nahm in Krisen halt die Droge Musik | Schreib ich es hin denn so bleibt's in Erinnerung | Schreib ich es hin denn so bleibt's in Erinnerung | Wir fahren durch das Land, waren gefangen in dem Spaß | Und als Basti fragte, ob ich mich in' Schrank stellen mag | Schreib ich es hin denn so bleibt's in Erinnerung",4XF4ZDKXUeJUqfF1qDVerS
Never Cro Up,CRO,1,in,aus,"Hat sich nix verändert, nicht im letzten wie in diesem Jahr | Verpenn' Termine, stell' mein Album vor Release schon in Blogs | Yeah, spring in die Karre, leg die Platte ein | Und alle Menschen fall'n sich in die Arme wie am 8. Mai (I'll never grow up)",1o4H1f4vXVP1Lov1FJJMfb
2006,CRO,1,in,über,"Könnt ich durch die Zeit fahr'n in einem schnell'n Auto | Schick mich zurück in die Zeit, in der niemand mich kennt | Und in der Schule war des Zeugnis eher schlimm",0yN1pMbZUco2cvXcCENXRr
Jeder Tag,CRO,1,in,"oben, hoch, fern, aus","Und bemerk, ich hab es nicht mehr in der Hand, yeah | Doch irgendwas in mir drin sagt, du denkst wie ich, yeah, ah | Und ich komme wie in Trance | Gehen an den See, ich bade in Applaus",1yehFRURVfqIKQDvnL0XBo
Super Bass,Nicki Minaj,1,in,,"When he come up in the club, he be blazin' up | He always in the air, but he never fly coach | This one is for the boys in the polos | I can tell that you're in touch with your feminine side, uh | See, I need you in my life for me to stay",7gKIt3rDGIMJDFVSPBnGmj
ZU RAUS,Ikkimel,1,aus,,"Dein Schwanz sieht aus wie ein Egel, uh, no, ich vergieße keine Träne | Es-es ist okay, wie es mir geht, weil ich seh' gut aus | Jeden Abend wird es spät, weil ich geb' immer gut aus (Gut aus) | Es-es ist okay, wie es mir geht, weil ich seh' gut aus | Jeden Abend wird es spät, weil ich geb' immer gut aus | Es, es-es, es ist okay, wie es mir geht, weil ich seh' gut aus | Jeden Abend wird es spät, weil ich geb' immer gut aus (Gut aus)",6Qq5BKqusx4fCW9XedfE59
ERSTE SAHNE,Ikkimel,1,aus,"hinten, in","Hausverbot im Bierbaum, weil wir seh'n zu gut aus | Alle geben Bier aus, zeig ma' dein'n Bierbauch | Hausverbot im Bierbaum, weil wir seh'n so gut aus | Alle geben Bier aus, zeig ma' dein'n Bierbauch | Hausverbot im Bierbaum, weil wir seh'n zu gut aus | Alle geben Bier aus, zeig ma' dein'n Bierbauch",0YAQf04xIMNHngFbQjXUsy
HAMPELMANN,Ikkimel,1,in,über,"Ah, Bitches fall'n in Ohnmacht und ich komm' mit geil'n Ratschlägen | Willst du eine von uns ficken, komm'n dir sechs von uns in' Arsch treten | Bitches fall'n in Ohnmacht und ich komm' mit geilen Ratschlägen | Willst du eine von uns ficken, komm'n dir sechs von uns in' Arsch treten",5FOKyRI64xH2502x1aCZrj
VERBRECHER,Ikkimel,1,aus,hinten,"Ja, aus Prinzip geh ich immer behindert | Kek, gib mir ein'n aus | Ke-kek, gib mir ein'n aus | Kek, gib mir ein'n aus | Daddy gib-gib mir ein'n aus | Kek gib mir ein'n aus | Ke-kek gib mir ein'n aus | Kek gib mir ein'n aus | Daddy gib-gib mir ein'n aus",49pulIPODB6DXU2s2qgYBF
SWEET BABY JESUS  Let It Snow,Ikkimel,1,in,,"Ich hab' immer harte Nippel, komm' ich trotzdem in den Himmel? | Ich hab' immer harte Nippel, komm' ich trotzdem in den Himmel? | Ich hab' immer harte Nippel, komm' ich trotzdem in den Himmel? | Ich hab' immer harte Nippel, komm' ich trotzdem in den Himmel? | Ich hab' immer harte Nippel, komm' ich trotzdem in den Himmel?",0Qn1aGvjdyex7v7nFSIYIp
FUSSBALLMÄNNER,Ikkimel,1,in,,"Tiki-Taka in 'nem Tanga | Tiki-Taka in 'nem Tanga | Mir geht einer ab (Mhh), wenn er in den Winkel trifft | Tiki-Taka in 'nem Tanga | Tiki-Taka in 'nem Tanga",4J7SneVQn1o3hvCNt8Wfbx
SWEET BABY JESUS,Ikkimel,1,in,,"Ich hab' gesündigt, komm' ich trotzdem in den Himmel? (Yeah) | So-Sonntags auf'm Rave, danach Beichte in der Kirche (Oh, oh) | Ich hab' gesündigt, komm' ich trotzdem in den Himmel? (Ja, oh) | Ich hab' gesündigt, komm' ich trotzdem in den Himmel? | Ich hab' gesündigt, komm' ich trotzdem in den Himmel? (Oh, oh) | Ich hab' gesündigt, komm' ich trotzdem in den Himmel?",6lz00XY25dd3VTK78QmcK6
SHEMLORD,Ikkimel,2,"in, aus",,"Sonntagmorgen in Berlin bedeutet Drogenrausch | Sonntagmorgen in Berlin bedeutet Drogenrausch | Sonntagmorgen in Berlin bedeutet Drogenrausch | Sonntagmorgen in Berlin bedeutet Drogenrausch | Sonntagmorgen in Berlin bedeutet Drogenrausch | Sonntagmorgen in Berlin bedeutet Drogenrausch | Worauf wartest du? Zieh deine Hose aus | Steig' ins Taxi ein, Straße später wieder aus (Ah) | Guck' hinter diе Theke und die Chefin rastet aus | Worauf wartest du? Zieh deine Hose aus | Worauf wartest du? Zieh deine Hose aus | Ich schick' meine Freundin vor, sie sieht süß aus | Sie sagt: „Cüş, wow“, holt den Fuffi aus der Strapse | Worauf wartest du? Zieh deine Hose aus | Worauf wartest du? Zieh deine Hose aus | Worauf wartest du? Zieh deine Hose aus",4ku7QchA7jvPef2Td3n0UJ
AMENA,Ikkimel,1,in,aus,"Ich krieg' harte Nippel, immer wenn ich in 'nem Achter fahr' | Ich krieg' harte Nippel, immer wenn ich in 'nem Achter fahr' | Wenn du meiner Freundin dumm kommst, sei dir sicher, dass ich dich auch in 'nem Absatz klatsch' | Ich krieg' harte Nippel, immer wenn ich in 'nem Achter fahr' | Wenn du meiner Freundin dumm kommst, sei dir sicher, dass ich dich auch in 'nem Absatz klatsch'",6wPupZx0WFmkj9wnCrCUJU
UNISEXKLO,Ikkimel,1,in,"hoch, aus",Steck dir deine Uni in' Po | Steck dir deine Uni in' Po | Steck dir deine Uni in' Po | Steck dir deine Uni in' Po | Steck dir deine Uni in' Po | Steck dir deine Uni in' Po | Steck dir deine Uni in' Po,4hRzKXmuyPUDL71Wb7YG59
WELLNESS,Ikkimel,1,in,oben,"Zeig' dir mein'n Handstand, komm mit mir in' Whirlpool (Äh) | Hallo, du bist lecker, gibt's den Pimmel auch in groß? | Ich gehe in die Sauna, bevor ich mich zermürbe | Ganz oben, da in Reihe drei | Hallo, du bist lecker, gibt's den Pimmel auch in groß? | Ich gehe in die Sauna, bevor ich mich zermürbe | Alle Kinder kriegen Trauma, jetzt ist Ikki in der Sauna",4v7VTj5IplCUp32I7l15jX
BÖSER JUNGE,Ikkimel,1,in,,"Ab in' Zwinger, noch 'ne Runde (Ru-Ru-Ru-Runde) (Ah) | Ab in' Zwinger, noch 'ne Runde (Ru-Ru-Ru-Runde) (Ah) | Ab in' Zwinger, noch 'ne Runde (Ru-Ru-Ru-Runde) (Mh) | A-a-ab in deine Ecke, Frauchen ist die beste | Ab in' Zwinger, noch 'ne Runde (Ru-Ru-Ru-Runde) (Mh) | Ab in' Zwinger, noch 'ne Runde (Ru-Ru-Ru-Runde) (Mh)",5lDFdYwhyarra7XImI4SN8
BLING BLING,Ikkimel,1,in,,"Bring mir noch 'n Drink, blas' die Scheine in den Wind | Stripper auf der Show und dann sperr' ich ihn in ein'n Käfig (Löwe) | Bring mir noch 'n Drink, blas' die Scheine in den Wind | Bring mir noch 'n Drink, blas' die Scheine in den Wind | Weil Mama kommt 'nen Balg ganz sicher nicht in den Stall (Okay) | Bring mir noch 'n Drink, blas' die Scheine in den Wind | Bring mir noch 'n Drink, blas' die Scheine in den Wind",5QfjKQjACPTsHUFryqh1Fu
IDGAF,Ikkimel,3,"oben, in, über",aus,"Macht’s mir nach, Baddies tanzen oben ohne (Ah) | Macht's mir nach (Ey), Baddies tanzen oben ohne (Ah) | Macht's mir nach (Ey), Baddies tanzen oben ohne (Ah) | Macht's mir nach (Ey), Baddies tanzen oben ohne (Ah) | Ich rede über Fotzen (Ah) und ich bring' sie in die Charts | Ich bin so gottlos geil, in dein'n Kreisen wär ich ein Heide (Heide) | Ich rede über Fotzen (Ah) und ich bring’ sie in die Charts | Ich rede über Fotzen (Ah) und ich bring' sie in die Charts | Ich rede über Fotzen (Ah) und ich bring' sie in die Charts | Ich rede über Fotzen (Ah) und ich bring' sie in die Charts | Ich rede über Fotzen (Ah) und ich bring’ sie in die Charts | Ich rede über Fotzen (Ah) und ich bring' sie in die Charts | Ich rede über Fotzen (Ah) und ich bring' sie in die Charts",4Vwb4A41SoZWdTRL7Jojus
RAN AN DIE BULETTEN,PA69,2,"in, aus",,"Pack dein'n Kinder Riegel wieder in die Hose, du Schmock (Ah) | Spürst du das Kitzeln in der Nase und das Blubbern in dei'm Bauch? | Wenn du kuscheln willst, komm in die Hängematte | Nur noch dreimal einen blasen und dann komm'n wir in die Charts | (Huh) All you can eat, wir sind Prolls aus Prinzip | (Huh) All you can eat, wir sind Prolls aus Prinzip | Die besteht aus Chicken-Nuggets, Keta und Vaseline | (Huh) All you can eat, wir sind Prolls aus Prinzip | (Huh) All you can eat, wir sind Prolls aus Prinzip | Prolls, Prolls aus Prinzip, uh ja, West-Berlin | (Huh) All you can eat, wir sind Prolls aus Prinzip | (Huh) All you can eat, wir sind Prolls aus Prinzip",4iHgHwghOMGzqX9kZ0QgHY
Bitch feat Ikkimel,Katja Krasavice,1,in,"oben, aus","Lipstick, Money, nasser Slip in Grau | Bin die geilste Schlampe in Germany mit Ikki | Steh' nicht in der Küche, trotzdem machen wir ein Sandwich | Lipstick, Money, nasser Slip in Grau | Lipstick, Money, nasser Slip in Grau | Schau' in den Spiegel und ich seh' 'ne reiche Schlampe",47SANiKPFr9ahY9rublsio
KINK,Ikkimel,1,in,,Drück' sie in seine Fresse und dann frag' ich: „Wie riecht es?“ | Drück' sie in seine Fresse und dann frag' ich: „Wie riecht es?“ | Drück' sie in seine Fresse und dann frag' ich: „Wie riecht es?“ | Drück' sie in seine Fresse und dann frag' ich: „Wie riecht es?“,2lbKc1VmB0NGobAV1SUdvk
EIER LEGEN,Ikkimel,1,in,hinten,"Und dann schick' ich's in paar Gruppen (Sheesh) | Ich war gut in der Schule und jetzt häng' ich mit Schwulen (Ah) | Ich war gut in der Uni und jetzt häng' ich mit Lesben (Was?) | Aber ist egal, steck' ihn tief in' Arsch (Ah) | Schluck' deine Kinder mitten in der Nacht (Ah)",7EGnjqxm47d1Nb0uvq6FY9
WHOS THAT,Ikkimel,1,in,aus,"Guter Ass und du siehst ihn in dei'm Newsflash | Guter Ass und du siehst ihn in dei'm Newsflash | Guter Ass und du siehst ihn in dei'm Newsflash | Du siehst mich in der Bravo, Outfit knapper als bei Borat | Von der größten Fotze meiner Stadt zur größten in Europa | Guter Ass und du siehst ihn in dei'm Newsflash | Guter Ass und du siehst ihn in dei'm Newsflash",6ua13cq5mSN0kkHKJd46Wt
MAMI,Ikkimel,1,aus,,Der kleine HS sieht ziemlich tuff aus | Räumt die Spülmaschine aus und dann nennt er mich Mami (Uh) (Hey) | Seitdem fick' ich aus Protest nur auf Nase | Der kleine HS sieht ziemlich tuff aus | Räumt die Spülmaschine aus und dann nennt er mich Mami (Hey),6fOF4TYCnH4OmK23DcM21Q
