Track name,Artist name,Album,Playlist name,Type,ISRC,Spotify - id
"El Perdón (with Enrique Iglesias)","Nicky Jam","Fénix","Learn Spanish","Playlist","USSD11500005","7qCAVkHWZkF44OzOUKf8Cr"
"Reggaetón Lento (Bailemos)","CNCO","Primera Cita","Learn Spanish","Playlist","USSD11600135","3AEZUABDXNtecAOSC1qTfo"
"DUELE EL CORAZON (feat. Wisin)","Enrique Iglesias","DUELE EL CORAZON (feat. Wisin)","Learn Spanish","Playlist","USRC11600642","6YZdkObH88npeKrrkb8Ggf"
"Mi Gente","J Balvin","Vibras","Learn Spanish","Playlist","FR22F1701790","7COfe3P7KgfwDwIRB8LIDw"
"Hasta el Amanecer","Nicky Jam","Fénix","Learn Spanish","Playlist","USSD11500463","5Fim1gaXBgsiFfsQAfQSDS"
"Dura","Daddy Yankee","Dura","Learn Spanish","Playlist","US2BU1700200","6KuqAtoeVzxAYOaMveLNpH"
"Bien Tropical","Mozart La Para","Bien Tropical","Learn Spanish","Playlist","QMJMT1801887","3QP2Q74rhpBFcLh3ub5E8Y"
"Baby Girl (feat. Lalo Ebratt)","Mario Bautista","Baby Girl (feat. Lalo Ebratt)","Learn Spanish","Playlist","MXF151800243","6o8ogTrSX8H0F66Pdz3Tsc"
"Te Boté - Remix","Nio Garcia","Te Boté (Remix)","Learn Spanish","Playlist","QM4TW1811888","3V8UKqhEK5zBkBb6d6ub8i"
"Mujeres","Mozart La Para","Mujeres","Learn Spanish","Playlist","QMJMT1801580","6xLvYhLOW2oETJoZv8ChU8"
"Escápate Conmigo (feat. Ozuna)","Wisin","Victory","Learn Spanish","Playlist","USSD11700076","1KSqYYJFyfTecXFk9M0prc"
"Bonita","J Balvin","Bonita","Learn Spanish","Playlist","USLZJ1770735","0atfY1ew83Ql9nNnJiD2t5"
"X","Nicky Jam","X","Learn Spanish","Playlist","USSD11800024","39N9RPD9MRb5WmoLzNzPeA"
"Felices los 4","Maluma","F.A.M.E.","Learn Spanish","Playlist","USSD11700134","1RouRzlg8OKFeqc6LvdxmB"
"SUBEME LA RADIO","Enrique Iglesias","SUBEME LA RADIO (feat. Descemer Bueno & Zion & Lennox)","Learn Spanish","Playlist","USRC11700058","7nKBxz47S9SD79N086fuhn"
"Safari","J Balvin","Energía","Learn Spanish","Playlist","USUM71604778","456xBIOmLRoLzCvCzZrWge"
"Si Tú La Ves (feat. Wisin)","Nicky Jam","Fénix","Learn Spanish","Playlist","USSD11600423","4yN6xPLopmTLvc27pO9LIE"
"Tu Veras Si Me Crees","Young F","Tu Veras Si Me Crees","Learn Spanish","Playlist","COAKK1900016","41LLFX3jfZfyTfbZIEJsCu"
"Ginza - Remix","J Balvin","Ginza (Remix)","Learn Spanish","Playlist","MXUM71502649","1tJw60G9KHl7fYVdQ2JDgo"
"El Amante","Nicky Jam","Fénix","Learn Spanish","Playlist","USSD11600415","3umS4y3uQDkqekNjVpiRUs"
"Me Rehúso","Danny Ocean","54+1","Learn Spanish","Playlist","USWL11900076","6ifUES3keWjwXgae8pXI3o"
"Otra Vez (feat. J Balvin)","Zion & Lennox","Motivan2","Learn Spanish","Playlist","USWL11600244","3QwBODjSEzelZyVjxPOHdq"
"La Rompe Corazones","Daddy Yankee","La Rompe Corazones","Learn Spanish","Playlist","US2BU1603070","2Q85xwXagilpHKTfdrbC7M"
"Sigo Extrañándote","J Balvin","Energía","Learn Spanish","Playlist","USUM71604779","0k23rRi1B8ZHrKtzECGoyk"
"Báilame","Nacho","La Criatura","Learn Spanish","Playlist","USUM71703461","3umCRVVIPZ72WnperWxLgL"
"Besándote","Piso 21","Ubuntu","Learn Spanish","Playlist","MXF151700080","43jclIPKJv9iFiYWVyWqsb"
"EL BAÑO","Enrique Iglesias","EL BAÑO","Learn Spanish","Playlist","USRC11701002","2vvdTrdryjsl8DmPIMDWZU"
"Shaky Shaky","Daddy Yankee","Shaky Shaky","Learn Spanish","Playlist","US2BU1600020","7gcMKL3lnDxsp4bIXyv6Zk"
"Borro Cassette","Maluma","Pretty Boy, Dirty Boy","Learn Spanish","Playlist","USSD11500124","6DUdDIRgLqCGq1DwkNWQTN"
"Déjame Te Explico","Reykon","El Lider","Learn Spanish","Playlist","USWL11700003","5M2tojb0yj6d313gKh40GA"
"Bobo","J Balvin","Energía","Learn Spanish","Playlist","MXUM71600599","5kdTuoKeqdnblCop75wMuX"
"No digas nada","Mario Bautista","Otra Órbita","Learn Spanish","Playlist","MXB971700011","5uri4QSUkltuHijM9aq1SQ"
"Como Antes (feat. Wisin)","Yandel","#Update","Learn Spanish","Playlist","USSD11700379","5YzA563GXTuwQaRq24z1k5"
"Kung Fu","Dasoul","Kung Fu","Learn Spanish","Playlist","ES5701700183","5bCqP8qJkx52Ntoe9VvxSe"
"Darte un Beso","Prince Royce","Soy el Mismo","Learn Spanish","Playlist","USSD11300195","6cJLfIqwh0tCKRjYM3WpZ5"
"Tal Vez","Paulo Londra","Homerun","Learn Spanish","Playlist","USWL11900063","5jW3rF4URMdK7tO2xjS5EI"
"So Fresh","Paulo Londra","Homerun","Learn Spanish","Playlist","USWL11900124","4Egu7kAjEmygXrtX2n7AIV"
"Que Calor (with J Balvin & El Alfa)","Major Lazer","Que Calor (with J Balvin & El Alfa)","Learn Spanish","Playlist","QMUY41800271","1sviDBcAqVOxMXq4xITVEs"
"Callaita","Bad Bunny","Callaita","Learn Spanish","Playlist","QM6N21919851","2TH65lNHgvLxCKXM3apjxI"
"Morado","J Balvin","Morado","Learn Spanish","Playlist","USUM71924691","3mQ6SLdxxaL52Yte7KF2Ks"
"La Romana","Bad Bunny","X 100PRE","Learn Spanish","Playlist","QM7281884731","1khmgu0pveJbkbpbkyvcQv"
"No Vuelvas Más","Darell","No Vuelvas Más","Learn Spanish","Playlist","USSD11900403","0mcBgVRVsvESTkEyVHt7Ue"
"Hola Señorita","GIMS","Hola Señorita","Learn Spanish","Playlist","FR8FB1901430","71MEWIf4Itr8Pd9OW5Mq7q"
"Blanco","J Balvin","Colores","Learn Spanish","Playlist","USUM71922372","5pXy29xzxR3aTB0SYRI590"
"Don´t Come Back","Danna Voice","Don´t Come Back","Learn Spanish","Playlist","ART0G2001592","6eH7Ka4mAhseIYHbSouTRY"
"New","MLM","New","Learn Spanish","Playlist","TCAEJ1942823","1QmLuIIj6j8nJWhhpCv04w"
"Hawái","Maluma","PAPI JUANCHO","Learn Spanish","Playlist","USSD12000190","1yoMvmasuxZfqHEipJhRbp"
"BICHOTA","KAROL G","Reguetón Sólido","Learn Spanish","Playlist","USUM72019324","7AESVKeHpNr2KrPUKbsbat"
"Downtown","Anitta","Downtown","Learn Spanish","Playlist","BRWMB0700761","3Ga6eKrUFf12ouh9Yw3v2D"
"Te Boté (versión bolero)","Los Rivera Destino","Te Boté (versión bolero)","Learn Spanish","Playlist","QMPKX1886648","1D1YNQgrvte4jgJVUUAOsx"
"XOXA - Premium","Farruko","XOXA (Premium)","Learn Spanish","Playlist","USSD12100001","2K1mqI6DBj5qv83oif1Zj5"
"Diplomatico","Major Lazer","Diplomatico (feat. Guaynaa)","Learn Spanish","Playlist","QMUY42100007","7a94Ov4vCVJFWkMQQSIFHU"
"Singapur","El Alfa","El Androide","Learn Spanish","Playlist","USDY42003198","4QfZYDhGZc0T2RDvGiI69E"
"Ropa Cara","Camilo","Mis Manos","Learn Spanish","Playlist","USSD12000609","2zY1iTaEgs8ROkkWtWLe7l"
"Travesuras","Flow La Movie","Travesuras","Learn Spanish","Playlist","QMFME2016782","2etJ67Egf7woMgOikVrlJM"
"Vitamina Q (feat. Justin Quiles & Lirico En La Casa)","BCA","Vitamina Q (feat. Justin Quiles & Lirico En La Casa)","Learn Spanish","Playlist","USWL12100318","5PhabK1aFpmmfV2Va6tzGP"
"Mama Tetema (feat. Rayvanny)","Maluma","Mama Tetema (feat. Rayvanny)","Learn Spanish","Playlist","USSD12100767","0nuTnOboL7Zaaqm76CQHEk"
"PAKATA","Darell","PAKATA","Learn Spanish","Playlist","USSD12100551","59rRvUjxSrKnimSsg678f9"
"GALAPIN","El Alfa","GALAPIN","Learn Spanish","Playlist","QM4TX2227949","29EmyYlu6tRW51iY7AvGNT"
"Cayó La Noche (feat. Cruz Cafuné, Abhir Hathi, Bejo, EL IMA) [Remix]","La Pantera","Cayó La Noche (feat. Cruz Cafuné, Abhir Hathi, Bejo, EL IMA) [Remix]","Learn Spanish","Playlist","ES5152101308","0Bv7O6fmZk3GrNQFYJaXPn"
"Tití Me Preguntó","Bad Bunny","Un Verano Sin Ti","Learn Spanish","Playlist","QM6MZ2214878","1IHWl5LamUGEuP4ozKQSXZ"
"Agua Salada","Marc Seguí","Agua Salada","Learn Spanish","Playlist","ES5152200711","22QO6gby3fhNRkNVAFxp5v"
"Todo De Ti","Rauw Alejandro","VICE VERSA","Learn Spanish","Playlist","USSD12100202","3rdAz1fbUfZxYgaCviYhRo"
"Bellacon","El Alfa","Bellacon","Learn Spanish","Playlist","QMDA62200426","4Zj3K3UaUMC6ndSwl05Zyd"
"Jugaste y Sufrí","Eslabon Armado","Corta Venas","Learn Spanish","Playlist","USE7D2000268","3NqBxTOMCJ3zW9CIP51td4"
"Vacilón - Remix","BM Legacy","Vacilón (Remix)","Learn Spanish","Playlist","QZW9M2282663","0nrH2kX7vKIIIEGDZOhVFo"
"PA' ROMPERLA","Bad Bunny","LAS QUE NO IBAN A SALIR","Learn Spanish","Playlist","QM6N22010809","5XqCz18k96K8tx6DAYM97i"
"No Smoking","Shelow Shaq","No Smoking","Learn Spanish","Playlist","GBRKQ2220629","4iKOxLji5LlmjkdbXHmMhB"
"Águila del Monte","Martina Camargo","Paisaje en Tambora","Learn Spanish","Playlist","FRX201627319","1Z8TJqKFu3ACgAAEyieDua"
"Ilán Ilán","Martina Camargo","Paisaje en Tambora","Learn Spanish","Playlist","FRX201627317","6DXzLkastyH24052wilVVf"
"Cabaña","El Jordan 23","Cabaña","Learn Spanish","Playlist","QM7282354441","6UR1k5NGqgNGzgVmMtT768"
"LA COMBI VERSACE","ROSALÍA","MOTOMAMI","Learn Spanish","Playlist","USSM12109231","5gCNf9wMVrYuM2fvfgLTlF"
"Malory","Ryan Castro","Malory","Learn Spanish","Playlist","FRX762124045","4T18CIOag4LfuqqfzyBQmw"
"Asesina","Brytiago","Asesina","Learn Spanish","Playlist","QM4TX1806458","5lZaM4985p0t3YfizlQWUz"
"Mambo Gozon","Tito Puente","Hoy y Ayer","Learn Spanish","Playlist","USA560536384","4Iiy5doxetdLITBUyxTXsi"
"Me Porto Bonito","Bad Bunny","Un Verano Sin Ti","Learn Spanish","Playlist","QM6MZ2214877","6Sq7ltF9Qa7SNFBsV5Cogx"
"Mis Amigos","Los Rivera Destino","BESITOS Y BESITAS","Learn Spanish","Playlist","USSD12100546","5ASgCuoSaUeh24vvra1HZ0"
"Gafas Negras","Maluma","Gafas Negras","Learn Spanish","Playlist","USSD12300402","4s7hIsoRpnmaSvdETaIOSe"
"Jordan","Ryan Castro","Jordan","Learn Spanish","Playlist","FR96X2111994","6y8z28epOv5FlaxDv1Lo5B"
"Suplicar","¿Téo?","Sol","Learn Spanish","Playlist","CA5KR2083879","286XkmMVdnPWMvQu0F9XjK"
"La Gata Bajo la Lluvia","Rocío Dúrcal","Lo Mejor De Lo Mejor","Learn Spanish","Playlist","MXF018801070","0incizGIFilFp6soKuyHvZ"
"Cumbia Sobre El Mar","Quantic","Dog With a Rope (Quantic Presenta Flowering Inferno)","Learn Spanish","Playlist","GBEUE0901804","61muv9lHtgN18qbm9oK9pH"
"Eres Tú","Carla Morrison","Déjenme Llorar","Learn Spanish","Playlist","USDP21108415","75zvC8d4iozawMJvxt8T1f"
"Que Nadie","Manuel Carrasco","Confieso Que He Sentido","Learn Spanish","Playlist","ES5701300688","6Pux18OTSmaraH05EiexkA"
"Ojalá","Beret","Ojalá","Learn Spanish","Playlist","GBLPF0600499","0s3kHupM6ZlQGkHzveZSJq"
"Lo Malo","Aitana","Lo Malo","Learn Spanish","Playlist","ES5701800152","5bhDL4GgUvr5LBrpjqyrte"
"Sofia","Alvaro Soler","Eterno Agosto","Learn Spanish","Playlist","DEUM71601055","5vj59ONIVbyhcrI8ZSwoRo"
"Corazón Sin Cara","Prince Royce","Prince Royce","Learn Spanish","Playlist","US7YG0903381","0u4N6w5lBw5xMrzJitRWUo"
"El Mismo Sol","Alvaro Soler","Eterno Agosto","Learn Spanish","Playlist","DEUM71500508","58WOkUl3O9LvLZjdhiQvIX"
"Me Gustas Tu","Manu Chao","Próxima Estación: Esperanza","Learn Spanish","Playlist","FR84R0000004","6b37xrsNCWYIUphFBazqD6"
"La Tortura (feat. Alejandro Sanz)","Shakira","Fijación Oral, Vol. 1","Learn Spanish","Playlist","USSM10501700","5BSclXJTa9B0iURhUjZo50"
"Amor, Amor de Mis Amores (with Devendra Banhart)","Natalia Lafourcade","Mujer Divina - Homenaje a Agustín Lara","Learn Spanish","Playlist","MXF011200096","3dB42OEuVNiktvt3V5JRVI"
"Vivir Mi Vida","Marc Anthony","3.0","Learn Spanish","Playlist","USSD11300112","3QHMxEOAGD51PDlbFPHLyJ"
"La Bicicleta","Carlos Vives","El Dorado","Learn Spanish","Playlist","USSD11600112","0sXvAOmXgjR2QUqLK1MltU"
"Limón y Sal","Julieta Venegas","Limon Y Sal","Learn Spanish","Playlist","MXF010600234","7dITAq1YP5e0kTcaDq4YWI"
"Si tú no estas","Rosana","Lunas rotas","Learn Spanish","Playlist","ES6330300130","7CX6W4Mf98wMgX0izqRpAl"
"Antes de Ti","Rusherking","Antes de Ti","Learn Spanish","Playlist","QMDA62132759","2bmRctCS21f40hsy0cqYxt"
"Abrázame","Camila","Todo Cambio","Learn Spanish","Playlist","MXF010600026","6rCyXpDwlMf1GH2qlpjJWv"
"Fotografía","Juanes","Un Día Normal","Learn Spanish","Playlist","USUL10200273","0dEPlb8waIqRtKpLb3l6So"
"Tu Falta De Querer","Mon Laferte","Mon Laferte (Vol. 1)","Learn Spanish","Playlist","MXUM71502002","4skuEIloXWuxxgekKupkEH"
"Contigo en la Distancia","Christina Aguilera","Mi Reflejo","Learn Spanish","Playlist","USRC10000563","3iNPY9AOdaklvkNAgmRHRk"
"Si No Te Hubieras Ido","Marco Antonio Solís","La Historia Continúa...Parte IV","Learn Spanish","Playlist","USFI29902597","3l1ZanpJ3jFQZMqATizqfE"
"Solamente tú","Pablo Alborán","Pablo Alboran (Deluxe)","Learn Spanish","Playlist","ES7661000001","7sRXhReWmJF5pqyg3uUTES"
"Eres para Mí","Julieta Venegas","Limon Y Sal","Learn Spanish","Playlist","MXF010600240","4m3vLNZkFAjm30XxPXf7E3"
"Sin miedo a nada (feat. Amaia Montero)","Alex Ubago","¿Qué pides tú? (Argentina)","Learn Spanish","Playlist","ES5010100314","02bKaAG61tMw9c63fzKXal"
"Quizás, Quizás, Quizás","Andrea Bocelli","Passione (Remastered)","Learn Spanish","Playlist","ITZ041200141","4P12Yr65eg23GEYdKVlrXk"
"Un Año","Sebastian Yatra","Un Año","Learn Spanish","Playlist","USUM71821048","5BDP2tky8oMQJPS33frKVp"
"Perdóname (con Carminho)","Pablo Alborán","Pablo Alboran (Deluxe)","Learn Spanish","Playlist","ES7661100008","2eleVki3Dm0dj2faiXmPqv"
"Tuyo","Rodrigo Amarante","Narcos: Season 2 (A Netflix Original Series Soundtrack)","Learn Spanish","Playlist","USLS51689820","4F6bP95ULviRgg17IPaox6"
"A Puro Dolor","Son By Four","Disco de Oro","Learn Spanish","Playlist","USSD19905464","0OZX1hG9Q8J15nEtpzVGln"
"Aqui Estoy Yo","Luis Fonsi","Palabras Del Silencio (Edición Aniversario - Un Año Despues)","Learn Spanish","Playlist","USUM70812966","4go2M6us50x9TQ1NvsB4vt"
"Disfruto","Carla Morrison","Déjenme Llorar","Learn Spanish","Playlist","USDP21108419","6UR5tB1wVm7qvH4xfsHr8m"
"Déjenme Llorar","Carla Morrison","Déjenme Llorar","Learn Spanish","Playlist","USDP21108420","4oBSrpZNE2K79sMuS0jCyx"
"All Of Me - Spanish Version","Cristian Larrosa","Nostalgic Lounge (Live & Studio Covers)","Learn Spanish","Playlist","FR2X41878876","4v6ceaoxHYmxVF94XlgT2L"
"Hasta Que Te Conocí","Marc Anthony","Todo A Su Tiempo","Learn Spanish","Playlist","USUL10300695","65mwJoHtK7wvK29mz1edHi"
"Mismo Amor","Julieta Venegas","Mismo Amor","Learn Spanish","Playlist","MXD782200412","1p1Nw0D1JJYbaLLuCY7PEw"
"Voy a Perder la Cabeza por Tu Amor (Edited Version)","José Luis Rodríguez","La Historia del Puma","Learn Spanish","Playlist","USBL10400261","72Waik38CMN90HrbZdvKC6"
"Bailando - Spanish Version","Enrique Iglesias","SEX AND LOVE (Deluxe)","Learn Spanish","Playlist","GBUM71400955","32lm3769IRfcnrQV11LO4E"
"Chantaje (feat. Maluma)","Shakira","El Dorado","Learn Spanish","Playlist","USSD11600299","6mICuAdrwEjh6Y6lroV2Kg"
"Despacito","Luis Fonsi","VIDA","Learn Spanish","Playlist","USUM71607007","6habFhsOp2NvshLv26DqMb"
"La Bicicleta","Carlos Vives","VIVES","Learn Spanish","Playlist","USSD11600112","0Gx4VrHzS7pZOEAGrmXXBH"
"Propuesta Indecente","Romeo Santos","Fórmula, Vol. 2 (Deluxe Edition)","Learn Spanish","Playlist","USSD11300197","5PycBIeabfvX3n9ILG7Vrv"
"Flor Pálida","Marc Anthony","3.0","Learn Spanish","Playlist","USSD11300190","47TyfLrGhYHHyyQWk64d0M"
"Hey DJ","CNCO","CNCO","Learn Spanish","Playlist","USSD11700118","1XgpK29CGGjZnxPYkiRbh4"
"Quimbara","Johnny Pacheco","Celia & Johnny","Learn Spanish","Playlist","USDBB0600020","6ydEhrdfzhI29D2NBAqUY1"
"La Camisa Negra","Juanes","Mi Sangre","Learn Spanish","Playlist","USUL10400965","2EM9zpAc7PVeoAydmbfVIL"
"Paloma Negra","Chavela Vargas","Homenaje a una Grande","Learn Spanish","Playlist","MXF019700604","0anotjq0eIK4DsolmSaofp"
"El Sol No Regresa","La Quinta Estacion","Recuérdame Con Cartas Y Algo Más... Los Exitos (Deluxe Edition)","Learn Spanish","Playlist","MXF010400019","0c8f8b76ThPP2MInXEZyTY"
"A Dios Le Pido","Juanes","Un Día Normal","Learn Spanish","Playlist","USUL10200158","129lYDVKnWtlJc2PZJviuA"
"Tu Cárcel","Lila Downs","Pecados Y Milagros","Learn Spanish","Playlist","MXF011100406","7qh0rNl1J5JPONLpZbAofd"
"Perdón, Perdón - HA-ASH Primera Fila - Hecho Realidad [En Vivo]","Ha*Ash","HA-ASH Primera Fila - Hecho Realidad","Learn Spanish","Playlist","MXF011400272","15Hx1oi6C3AxYhhvolqrJG"
"Nosotros","Soledad Bravo","Boleros","Learn Spanish","Playlist","US2BR9702294","5lEKj9twX0n6s2vhCdiQEG"
"Pajarillo Verde","Soledad Bravo","Arvolicos d'Almendra","Learn Spanish","Playlist","QM4TW1670743","1ebslsQcXFPNRBLsa76qEK"
"De Plata","ROSALÍA","Los Ángeles","Learn Spanish","Playlist","ES5701601330","6ZpYO78uVWjZ6AoxSxnAri"
"Quizás, Quizás, Quizás","Gaby Moreno","Postales","Learn Spanish","Playlist","GB87Q1200062","1ISZbzhmRr78EzyHEVYeIb"
"La Sandunga","Lila Downs","La Sandunga","Learn Spanish","Playlist","USNPD0310121","5V3eIxVzFeD9W2JmZgBpNx"
"Dios Nunca Muere","Lila Downs","Pecados Y Milagros","Learn Spanish","Playlist","MXF011100415","28QHawocxdu8KeK3EpfNbN"
"Bamboléo","Gipsy Kings","Gipsy Kings","Learn Spanish","Playlist","GBARL0700397","3qzVJh6INW1CzSDVR9MRgS"
"Chan Chan","Buena Vista Social Club","Buena Vista Social Club","Learn Spanish","Playlist","GBBGU9700150","5sbw5zIz9ck2pOEDXUR0QU"
"Mandinga","Ruben Gonzalez","Introducing","Learn Spanish","Playlist","GBBGU9700549","4NLWlxYCPrw2PhfJvfxRWI"
"Mis Dos Pequeñas (feat. Angá Díaz, Amadito Valdés, Carlos González & Manuel Galbán)","Orlando ""Cachaíto"" López","Cachaito","Learn Spanish","Playlist","GBBGU0161003","7yMwkwxNCcsck1SOMgBFlm"
"Clandestino","Manu Chao","Clandestino","Learn Spanish","Playlist","FRZ189800011","51R2M1JgyFfRS3e6v5wCt3"
"Me Dieron la Clave","Vieja Trova Santiaguera","Hotel Asturias","Learn Spanish","Playlist","ESAAI0135645","1uKQjIcm4T1ZMVhM8cAoOM"
"Mecanica de Amor","Mi Son","Si, Soy El Son","Learn Spanish","Playlist","USA560534633","6BSS3mq4ZuNGzjLEBW3dCn"
"Suavemente","Elvis Crespo","Suavemente...Los Exitos","Learn Spanish","Playlist","USSD19700576","1YwPNemawMgGe6sF4U0FTE"
"Daniela","Rodolfo Aicardi","De Peligro","Learn Spanish","Playlist","COF019600848","4eMjJ98X5b5bu4wzdW4U6l"
"El Cuarto de Tula","Buena Vista Social Club","Buena Vista Social Club","Learn Spanish","Playlist","GBBGU9700350","7dRfobhDNnsEgB2ZArxA1f"
"Cumbia Espacial","Ondatrópica","Ondatrópica (Deluxe Version)","Learn Spanish","Playlist","GBUQH1200083","0TEgK2OCQibruKMkHRkB4q"
"La Luna y Carmela","Luis Miguel Hernandez","Última Сampana","Learn Spanish","Playlist","QT6E82526565","1Jfl8NMQKN9TbLTE8uJyPR"
"Nueva York Pasando Lista","Kinito Mendez","1","Learn Spanish","Playlist","US3Z41500225","54zcl1BTpMXbEM4qtPCnfO"
"Guajira guantanamera","Compay Segundo","Coleccion","Learn Spanish","Playlist","ES5010300363","2Vy9F0mp0gcj9NxzfVDcQm"
"Pío mentiroso","Afro-Cuban All Stars","A Toda Cuba Le Gusta","Learn Spanish","Playlist","GBBGU9700747","3fnFvshSGl4VS20OYdtk3o"
"El Pregón de Ramón","Luis Miguel Hernandez","Última Сampana","Learn Spanish","Playlist","QT6E82526566","3okjyHJvBLijem2ee0idam"
"Moliendo café","Vieja Trova Santiaguera","El Balcon Del Adios","Learn Spanish","Playlist","ES5030100200","4jM0v4ReOQh5RntXfiG3NN"
"Maria Cristina","Vieja Trova Santiaguera","La Manigua","Learn Spanish","Playlist","ES1039800022","6R9jgcolWRwvk6WLqzp27A"
"Tuyo (Narcos Theme) - A Netflix Original Series Soundtrack","Rodrigo Amarante","Tuyo (Narcos Theme) [A Netflix Original Series Soundtrack]","Learn Spanish","Playlist","USLS51551202","6Dc2tCivms1s2X9myWe4ni"
"Candela","Buena Vista Social Club","Buena Vista Social Club","Learn Spanish","Playlist","GBBGU9700950","1eHGsCdAWh1Ffowzacpfoi"
"Baila Me","Gipsy Kings","Este Mundo","Learn Spanish","Playlist","GBARL0700383","1b16nGcriHrro1asIxuHoh"
"Morenita","Cubismo","Junglesalsa","Learn Spanish","Playlist","HRA100300670","0lygXGSf5bI10nmOvQsTnC"
"Sarandonga","Compay Segundo","Coleccion","Learn Spanish","Playlist","ES5019680031","2xb7fT6p1348RlQdbs3IzC"
"Amor verdadero","Afro-Cuban All Stars","A Toda Cuba Le Gusta","Learn Spanish","Playlist","GBBGU9700147","6Ds9miFD06FwpFdAuqDo0h"
"Obsesion","Aventura","We Broke The Rules","Learn Spanish","Playlist","US83W0500074","65H6t1WQBim6q93yM8fEwn"
"La Bamba","Los Lobos","La Bamba / Charlena","Learn Spanish","Playlist","USRH10802794","0uMMLry3hzWGn3q3loqMkm"
"Le Canto al Palenque","Rey Cabrera","Controversia","Learn Spanish","Playlist","BEAP21300004","2eRV9v95bYRJYwxUhYPU6U"
"El rincón caliente","Manuel Guajiro Mirabal","Buena Vista Social Club Presents Manuel 'Guajiro' Mirabal","Learn Spanish","Playlist","GBBGU0469001","3t1XXF8kQQBNsDw3iYRQps"
"La negra Tomasa","Compay Segundo","Las Flores De La Vida","Learn Spanish","Playlist","ES5010080011","4zCsjPyHGJz8Vx0luwq4M1"
"A Buena Vista","Soneros De Verdad","A Buena Vista: Barrio De La Habana","Learn Spanish","Playlist","DEE790010410","6K4iVISawI285iTxyvBIEB"
"El Baile de Don Pancho","Luis Miguel Hernandez","Última Сampana","Learn Spanish","Playlist","QT6E82526567","3ednPCAn0dl1unpKifAKiX"
"¿Dónde estabas tú?","Omara Portuondo","Omara Portuondo (Buena Vista Social Club Presents)","Learn Spanish","Playlist","GBBGU0059003","3mNKgwNiyOkGPWCo3jV1Ap"
"Cumbiamba","Guillermo Portabales","El Carretero","Learn Spanish","Playlist","QMYW21900231","3fEiuqIz6JZB9y9MrydunX"
"Campiña","Afro Cuban Jazz Project","Descarga Uno","Learn Spanish","Playlist","FRX629871020","6ewVzCxCyJSNgjn7wlNVFq"
"Yo Soy el Punto Cubano","Fruko Y Sus Tesos","Fruko el Bueno ""ayunando""","Learn Spanish","Playlist","COF019600931","1T2Oad9XmT0EeBPNcI0IYI"
"Píntate Los Labios María (Son)","Eliades Ochoa","Sublime Ilusión","Learn Spanish","Playlist","ES5039900042","0A27Pm1SdsQbceOPH2m8SU"
"El Manisero - Mambo Son","Bebo Valdés","El Manisero","Learn Spanish","Playlist","USZZR0710026","00MvNfAAC4O5pSvAZPDnGc"
"Congo Mulence - 2000 Remaster","Machito","Kenya","Learn Spanish","Playlist","GBAYE9902074","1XRaBktVhYngLNsCzy1JsL"
"Estoy como nunca","Eliades Ochoa","Estoy Como Nunca","Learn Spanish","Playlist","ES5030200033","3aTSo5FtNDv6PQJFV9Jmxa"
"De Camino a La Vereda","Buena Vista Social Club","Buena Vista Social Club","Learn Spanish","Playlist","GBBGU9700250","3uHMnz8ocip1y36t4IFWfI"
"Tumba pala Cocuyé","Afro-Cuban All Stars","Distinto, diferente","Learn Spanish","Playlist","GBBGU9958002","6yOAu4HWDd9ggFYF1sDpCv"
"Dónde Va Chichi?","Sierra Maestra","Tibiri Tabara","Learn Spanish","Playlist","GBBGU9751002","7xpJQcmsnGG9ojztoCNe54"
"Compositor Confundido","Ibrahim Ferrer","Tierra Caliente","Learn Spanish","Playlist","ES71G2049818","3BePmVaRSCOPp2vqgyWTgf"
"Ray M'bele","Orchestra Baobab","Pirates Choice","Learn Spanish","Playlist","GBBGU0163005","7ggShewo0Cv1aDgzSsb9lg"
"Dos Gardenias","Buena Vista Social Club","Buena Vista Social Club","Learn Spanish","Playlist","GBBGU9700550","3eg6Yi9x0gN3k4nD4h6il3"
"Negro Y Azul: The Ballad of Heisenberg (From ""Breaking Bad"" TV Series)","Los Cuates de Sinaloa","Negro Y Azul: The Ballad of Heisenberg (From ""Breaking Bad"" TV Series)","Learn Spanish","Playlist","USSD10900373","0yzcqtdu85erFxmgeZp0zW"
"El Preso","Fruko Y Sus Tesos","Fruko el Grande","Learn Spanish","Playlist","COF019405135","1Fp4njyRHJYyMTKP899c0q"
"Tabaco y Ron","Rodolfo Aicardi","Muy Tropical y Bailable - 16 Exitos","Learn Spanish","Playlist","COF019600548","2jOuQXGCCVHrQeVzyNLwb9"
"Yiri Yiri Bon (son)","Eliades Ochoa","Un guajiro sin fronteras - Sus grandes éxitos","Learn Spanish","Playlist","ES5030000137","7q4JaxID79hbJu71Ro6Sfe"
"La Pantera Mambo","La-33","La-33","Learn Spanish","Playlist","COSM11300017","6258We1xSV3M2oLVMwhirP"
"Mambo No 5","Pérez Prado","Plays Mucho Mambo... and Other Fantastic Compositions","Learn Spanish","Playlist","DEZZ42149313","3fQLXoRwKQTnThncdMCqwG"
"Oye Cómo Va","Tito Puente","El Rey Bravo","Learn Spanish","Playlist","USDBB0601032","73uEbChpBB29ttwVnwuNVE"
"Marieta","Ibrahim Ferrer","Ibrahim Ferrer (Buena Vista Social Club Presents)","Learn Spanish","Playlist","GBBGU9905503","0EE7l0XShybSlm4R24FrB9"
"Guajira en F (feat. Jesús Ramos)","Buena Vista Social Club","Lost and Found","Learn Spanish","Playlist","GBBGU1490008","14AzRctwIdAs8xTZkfcpko"
"Djobi, Djoba","Gipsy Kings","Gipsy Kings","Learn Spanish","Playlist","GBARL0700404","2Mz7HwloqFNdA6iZeZk5PJ"
"Hasta Siempre (Comandante Che Guevara)","Siembra","Todo Cambia","Learn Spanish","Playlist","DEC830900905","3usc89FYWUyefmBPIlaSZ7"
"Patria Querida","Los Guaracheros De Oriente","Linda Guajira","Learn Spanish","Playlist","US2BR9702930","6hGfBBs2yvBcMbfTMsARGx"
"El Carretero","Guillermo Portabales","Son Cubano Para Cantar","Learn Spanish","Playlist","USR010615197","5UxSH2QqmPlfeoqspQVZEA"
"Desaparecido","Manu Chao","Clandestino","Learn Spanish","Playlist","FRZ189800012","5Hc7O2dX51NI4YcHPuoOpw"
"Ritmo Con Ache","Jose Mangual, Jr.","40 Años De Exitos","Learn Spanish","Playlist","US3GD3514603","4dtnj8yoaTt82SBRUF7TzF"
"Betece","Africando","Betece - All Stars","Learn Spanish","Playlist","GBNRN0609208","55BLyzEWvwLYsho1xuEcjM"
"Fiesta de negritos","Lucho Bermudez Y Su Orquesta","Lucho Bermúdez y Su Orquesta (Soundway Records)","Learn Spanish","Playlist","GBUQH1100027","69YSUk8oJhgmyDbhNpuQvE"
"Quieren Mi Caña","Caña Brava","Quieren Mi Caña","Learn Spanish","Playlist","USPR79601879","59PFzlykVjps4B3GtVvmaF"
"Micaela - Live","Pete Rodriguez","I Like It Like That","Learn Spanish","Playlist","USDBB0600187","2FQNKdVthiJDP3OhFQNaP8"
"El Malo","Willie Colón","Greatest Hits","Learn Spanish","Playlist","USDBB0600255","4Ywqiu4er1rKfKjkP38rg0"
"Hotel California (Spanish Mix)","Gipsy Kings","!Volare! The Very Best of the Gipsy Kings","Learn Spanish","Playlist","USNO10054104","4Rvhe8O90hFIExTJkdrRPM"
"Llego el Sabor","Francisco Alexander Naar Quiroz","Mojito: Cool Summer Salsa","Learn Spanish","Playlist","CASD10501008","6vhQEFZl18JhcSrsX4mbj5"
"Pincel Campesino","German Obregón","Fiesta Campesina","Learn Spanish","Playlist","ES28A0711374","0r47wqx5D2LtzMrb7EcmkU"
"Me Liberé","El Gran Combo De Puerto Rico","Nuevo Milenio - El Mismo Sabor","Learn Spanish","Playlist","USMRE0834003","1IcnHHfeAkdc88LybFWwb9"
"El Reloj De La Plaza","Luis Miguel Hernandez","Última Сampana","Learn Spanish","Playlist","QT6E82526564","3zzpBqhrhTzpS20UYL9SqY"
"Tiene Sabor (feat. Omara Portuondo)","Buena Vista Social Club","Lost and Found","Learn Spanish","Playlist","GBBGU1490003","659r0xM5pXvb5sUQG3Yl28"
"A Mover La Colita","La Sonora Dinamita","Las Divas De La Sonora Dinamita","Learn Spanish","Playlist","COF019501199","7hjqU6cN5VGzohHDuo9sAG"
"No Hay Cama Pa' Tanta Gente","El Gran Combo De Puerto Rico","Nuestra Musica","Learn Spanish","Playlist","USMRE0804502","6InAsgddPjAcuF7mSHDT8K"
"Watermelon Man","Poncho Sanchez","Conga Blue","Learn Spanish","Playlist","USC4R0300885","5ZCHcxVW3vMPzJMTW9wBpc"
"Mandali","Africando","Betece - All Stars","Learn Spanish","Playlist","GBNRN0609201","2ELOJuJHKltnVipAIBBqhI"
"Igualito Que Tu","Monte Adentro","Monte Adentro","Learn Spanish","Playlist","USLGD0910224","6VNamB2k7nIs8PCDKqR29Q"
"Descarga De Hoy","¡Cubanismo!","The Very Best Of ¡Cubanismo! ¡Mucho Gusto!","Learn Spanish","Playlist","USHN01461002","7yToPctYhsfiBhb6LDOMhp"
"El Chacal","Ola Fresca","Que Linda Es Mi Cuba - Son, Salsa, Musica Latina Exitos de Hoy y de Siempre","Learn Spanish","Playlist","USX7J0700011","4UhDYikpGSms5AhtemUcLy"
"Ritmo De Mi Son","Chocolate","Lo Mejor De Chocolate, Vol. 1","Learn Spanish","Playlist","USLGD0710016","7DLw3tH1nDiuFotcHoWYb2"
"Volare (Nel Blu di Pinto di Blu)","Gipsy Kings","Mosaïque","Learn Spanish","Playlist","GBAAW0202208","4OjJAGDDZTLlTNeOMBl7UM"
"¡Traigan Agua!","Luis Miguel Hernandez","Última Сampana","Learn Spanish","Playlist","QT6E82526568","0KHtBkeaX9wLxXhViuqusr"
"Con Mi Guaguancó","La Playa Sextet","The Sound of Puerto Rico","Learn Spanish","Playlist","US78T0506575","0q5cQhAc93ntXpijxPE6jQ"
"Brujeria","El Gran Combo De Puerto Rico","Aqui No Se Sienta Nadie!","Learn Spanish","Playlist","USMRE0801306","0k1hbeZodoEw34FAdbh8xM"
"Lágrimas Negras","Ignacio Carrillo ""Mazacote""","De Profesión... Sonero","Learn Spanish","Playlist","ES28A0710824","3GLSlNVBQFltlTE7rGKIPc"
"Oye el Consejo","Ibrahim Ferrer","Buenos Hermanos","Learn Spanish","Playlist","GBBGU0365013","6ncjHzO85eUkXKKdRniYlo"
"Tu Sonrisa","Elvis Crespo","Suavemente","Learn Spanish","Playlist","USSD19700581","36gbETWFHYOhKagApK6spF"
"Mueve la Cintura Mulata","Cuarteto Oriente","Casa de la Trova - Santiago de Cuba","Learn Spanish","Playlist","MX2160900245","2OQnzGYIOhcyWkfzckNPp5"
"Me Pediste un Beso - Una Lágrima","Peret","Éxitos Grandes","Learn Spanish","Playlist","ES5371600098","61HQfL4bYXMCpUVpYDIKO4"
"Palo Pa la Campana","Tromboranga","Salsa Pa Rato","Learn Spanish","Playlist","uscgj1490448","5B0gFiehvP8K3eOwk2nZ9s"
"Calle Luna Calle Sol","Willie Colón","Lo Mato","Learn Spanish","Playlist","USDBB0600641","1Ics9ai6jbcHHBRaTy1HiD"
"La Cologiala","Rodolfo y su Típica RA7","Cumbia Cumbia 1 & 2","Learn Spanish","Playlist","GBBGU0816001","1V85IdM4fgEM1YxPhv5ARm"
"No me llores más","Omara Portuondo","Omara Portuondo (Buena Vista Social Club Presents)","Learn Spanish","Playlist","GBBGU0059008","2gIeStpi0SclaktrnvncdO"
"Macusa (feat. Eliades Ochoa & Compay Segundo)","Buena Vista Social Club","Lost and Found","Learn Spanish","Playlist","GBBGU1490002","5FIUBANuXAz1xKMfYt0EO3"
"Buenos hermanos","Ibrahim Ferrer","Buenos Hermanos","Learn Spanish","Playlist","GBBGU0365002","5vIhSdVl0YHtJfdSA1Wxfj"
"Sofrito","Mongo Santamaria","Sofrito","Learn Spanish","Playlist","USDBB0600160","0FpBO0Pyoh4MZVmNO3zwnc"
"Por Las Buenas","Billo's Caracas Boys","Por Las Buenas","Learn Spanish","Playlist","US2BR9700781","3k2qOgZygd9YxrYGqkK6Dj"
"Guajira Sicodélica","Los Destellos","Sicodélicos","Learn Spanish","Playlist","FR96X1617486","0oucyVmfZtpU608vpYA1rs"
"Pa' Bravo Yo","Justo Betancourt","Pa' Bravo Yo","Learn Spanish","Playlist","USDBB0601038","5kzoRHOhLIGVQGsxi8fWpy"
"Un Verano en Nueva York","El Gran Combo De Puerto Rico","Aqui Esta el Reencuentro","Learn Spanish","Playlist","USMRE0804406","1hvyKYOS7m6msSUbXS7reP"
"Trucutu","Tommy Olivencia y Su Orquesta","Planté Bandera","Learn Spanish","Playlist","USDBB0609587","64g9DmjfX5oZ2MZ3Dnv5oY"
"A quién le importa","Alaska Y Dinarama","No Es Pecado -Remasters","Learn Spanish","Playlist","ES5088602056","7Eb5AYiiGWItBNddlmxvnh"
"Al Alba","Luis Eduardo Aute","Albanta","Learn Spanish","Playlist","ES5027800120","5zftYFI80oeA7UKfisvRUt"
"Bailando - Spanish Version","Enrique Iglesias","SEX AND LOVE","Learn Spanish","Playlist","GBUM71400955","0bEA0mMgXheXnahvIbIQfg"
"Bonito","Jarabe De Palo","Bonito","Learn Spanish","Playlist","ES5010300096","2mKS9ECgxNSRQgmQO7CY8x"
"Corazón (feat. Nego do Borel)","Maluma","F.A.M.E.","Learn Spanish","Playlist","USSD11700459","5cepAtqnEQ6yVG6088zMMu"
"Erase una Vez","Angel Parra","Angel Parra chante Paco Ibañez","Learn Spanish","Playlist","FRZ831208336","5DmbHxvhIuS2oJyY1JncNm"
"MALAMENTE - Cap.1: Augurio","ROSALÍA","El Mal Querer","Learn Spanish","Playlist","ES5021800275","1B0BQaSRHxhI0AUlItY3LK"
"Gracias a la Vida","Violeta Parra","Mi Chile Lindo","Learn Spanish","Playlist","ES71G1507855","5U7MyRNbuZrWkyAI4bm3Ja"
"Guajira guantanamera","Compay Segundo","Gracias Compay (The Definitive Collection)","Learn Spanish","Playlist","ES5010300363","2WAB0B0l3rvZlpOB2ffdr2"
"Hijo de la Luna","Mecano","Ana, Jose, Nacho (TF1 Co-Production)","Learn Spanish","Playlist","ES5028600049","1HnAG3hNXZzxvzVyw1U8Yy"
"Historia de un Amor","Guadalupe Pineda","Canciones De Amor De Guadalupe Pineda","Learn Spanish","Playlist","MXF010000421","7hjKgEe7XwWQn2zfp8EWWz"
"La Cintura","Alvaro Soler","Mar De Colores (Versión Extendida)","Learn Spanish","Playlist","DEUM71800524","6VUJQqyeQhAZHkQbSDqLtI"
"Si te contara","Diego El Cigala","Dos Lágrimas (Bonus Track Version)","Learn Spanish","Playlist","USA371237745","0M1GnqgTpZRJ2ALos5VyNd"
"Latinoamérica (feat. Totó la Momposina, Susana Baca & Maria Rita)","Calle 13","Entren Los Que Quieran","Learn Spanish","Playlist","USSD11000423","1xuYajTJZh8zZrPRmUaagf"
"Malo","Bebe","Pafuera Telarañas","Learn Spanish","Playlist","ES5030400005","3JFFnk9XQ9PKNd6ueBc2RK"
"Marta, Sebas, Guille y los demás","Amaral","Pájaros En La Cabeza","Learn Spanish","Playlist","ES5080500025","30ddpolNHwXlrS5XO8MiiO"
"Me Gustas TÚ","Manu Chao","Proxima Estacion: Esperanza","Learn Spanish","Playlist","FR84R0000004","4tFp1lNlkHiJjtUuL6h3K9"
"Mediterraneo","Joan Manuel Serrat","Mediterráneo","Learn Spanish","Playlist","ES5020000300","7Bewui7KtaMzROeteRitRz"
"Mi Tierra","Gloria Estefan","Mi Tierra","Learn Spanish","Playlist","USSM19911296","41LiGcvaTkXHyPjfsxKvWv"
"No habrá nadie en el mundo","Buika","Niña de fuego (Standard version)","Learn Spanish","Playlist","ES5150800465","0MTWY6gyLmeEHyYJGqM5hU"
"Noches de Boda","Joaquín Sabina","19 Dias Y 500 Noches","Learn Spanish","Playlist","ES5029900222","0FfxAxOlgIUaemwaesR0V4"
"Ojalá","Silvio Rodríguez","Al Final de Este Viaje...","Learn Spanish","Playlist","ESAAI0205370","5sQGo3fB2NoFalyy4uZjiu"
"Pedro Navajas","Rubén Blades","Playa Chica Tarifa Vol. 2 (Latin, Combo, Boogaloo)","Learn Spanish","Playlist","ES36B1730106","5lQigojYtsDaFcuK7c2Qid"
"Perdóname","Pablo Alborán","Pablo Alboran (Deluxe)","Learn Spanish","Playlist","ES7661000008","5vr2aeKPuH8koWDcjRvlEn"
"Resistiré","Resistiré 2020","Resistiré","Learn Spanish","Playlist","ES5152000280","5Z3eEWd02O1RekV96ohDPx"
"Quizás, Quizás, Quizás","Andrea Bocelli","Love In Portofino","Learn Spanish","Playlist","ITZ041200141","5hShhnAwyvAW4BigMd1r5h"
"Un año de amor","Luz Casal","A Contraluz","Learn Spanish","Playlist","ES5099700209","7EANhLnU0DW0SZf8e4dPDm"
"Un Ramito de Violetas","Cecilia","Un Ramito De Violetas","Learn Spanish","Playlist","ES5119200007","6bEep0TL9On222hdpcsCcH"
"Y Nos Dieron las Diez","Joaquín Sabina","Fisica Y Quimica","Learn Spanish","Playlist","ES5029200072","1eCie6lwjb4crxeAvkRaSi"
"Bonito","Jarabe De Palo","Bonito","Learn Spanish","Playlist","ES5010300096","5FiB1uNoGZE4PenzZd7Imu"
"El talismán","Rosana","Lunas Rotas: De casa a las ventas (Standard version)","Learn Spanish","Playlist","ES6330300126","6MAc5O4zy04wUPQJNqJz5Q"
"Mi gran noche","Raphael","Maravilloso Raphael","Learn Spanish","Playlist","ES5086900217","0csENJioyGcnIChZJymTDE"
"Se fué","Laura Pausini","Laura Pausini: 25 Aniversario (Spanish Version)","Learn Spanish","Playlist","ITR009401391","6LU8uRM2fPgaHKD18I0Azk"
"El universo sobre mí","Amaral","Pájaros En La Cabeza","Learn Spanish","Playlist","ES5080500001","1jJn6iK6o2Vg7iUKHztRTk"
"Flaca","Andrés Calamaro","Alta Suciedad","Learn Spanish","Playlist","ES5019753004","1p7m9H4H8s0Y7SgRm7j3ED"
"En El Muelle de San Blas","Maná","Sueños Líquidos","Learn Spanish","Playlist","MXF159700100","0mvocLIWUnT10znvIXwHGr"
"Corazón partío","Alejandro Sanz","Más","Learn Spanish","Playlist","ES5159706045","0wQCKR9OFjYu5Kzrk7WivJ"
"Buscando en la basura","La Fuga","Negociando gasolina","Learn Spanish","Playlist","ES5010500075","46Yp4JsZIh8ceg5WBqW1ZB"
"La infidelidad de la era informática","Jorge Drexler","12 segundos de oscuridad","Learn Spanish","Playlist","ES5010600912","6qXJn6TJ6bTajeRdGApJ47"
"MALAMENTE - Cap.1: Augurio","ROSALÍA","MALAMENTE (Cap.1: Augurio)","Learn Spanish","Playlist","ES5021800275","5zOAudPQIs5U8zP6LQGHmH"
"La Vuelta Al Mundo","Calle 13","Entren Los Que Quieran","Learn Spanish","Playlist","USSD11000420","1jlKdNbOA90rjnt88GJnwO"
"Nada Es Como Tú - Acústico","Ricardo Arjona","Apague la Luz y Escuche","Learn Spanish","Playlist","QMA2T1600287","0FJoj1lLkUDPH4dazfrBOz"
"Olvídame y Pega la Vuelta","Pimpinela","Pimpinela","Learn Spanish","Playlist","ARF109700617","4FdwRmlzP5KGM7OewGBYiu"
"Se acabaron las lágrimas - dueto con Hanna","Huecco","Assalto","Learn Spanish","Playlist","ES5150800348","3yILHS6HgqcUt2uFyf6URD"
"No importa que llueva","Efecto Pasillo","El misterioso caso de Efecto Pasillo","Learn Spanish","Playlist","ES24C1207102","1suTz9wOBk6pF2OAAgKFve"
"Fiera Inquieta - Quién Es Ese Hombre","Pasión De Gavilanes 2003","Pasión de Gavilanes Vol. 1","Learn Spanish","Playlist","QZPLR2102224","0XyxA7EIIAadlvSehj5VyT"
"Cheque al portamor","Melendi","Lágrimas desordenadas","Learn Spanish","Playlist","ES5151201510","2FhLn92NDtRW6hKJvj9yX5"
"Qué Hiciste","Jennifer Lopez","Como Ama Una Mujer","Learn Spanish","Playlist","USSM10604740","6jGH911Nz9lPCSK9pd4tVQ"
"La Playa","La Oreja de Van Gogh","El Viaje de Copperpot","Learn Spanish","Playlist","ES5110002864","2DNyZP4Py6f4zMASLBnIu6"
"Rosas","La Oreja de Van Gogh","Lo Que Te Conte Mientras Te Hacias La Dormida","Learn Spanish","Playlist","ES5110304435","4waqcUQWdj0yH26STWl2Rq"
"Feo Fuerte y Formal","Loquillo Y Los Trogloditas","Feo, Fuerte y Formal","Learn Spanish","Playlist","ES5050100292","24w139jhWNnuQjnlhlzLvi"
"Como Camarón","Estopa","Estopa","Learn Spanish","Playlist","ES5029900147","1VB4sadHjFcFklHcZuoROi"
"Pajaros de Barro","Manolo Garcia","Arena En Los Bolsillos","Learn Spanish","Playlist","ES5029800161","4B6ko7lt1sUtyFzBDF4yfK"
"Tu Calorro","Estopa","Estopa","Learn Spanish","Playlist","ES5029900139","0DXI6c9tNWsI4tvUftkQN8"
"El talismán","Rosana","Lunas rotas","Learn Spanish","Playlist","ES6330300126","5NXYUnjruvZd3mXiJNJVeA"
"Esos ojos negros","Duncan Dhu","Canciones","Learn Spanish","Playlist","ES5018660011","13MV4IsrVMUmGzuqz0T6oK"
"Cien gaviotas","Duncan Dhu","Canciones","Learn Spanish","Playlist","ES5018660000","020Gj87SqDRvzGHELzcCEc"
"Escuela de Calor","Radio Futura","La Ley Del Desierto","Learn Spanish","Playlist","ES5028400051","7J0niAY0FLzGiCVJUREl88"
"Cuando Brille el Sol","La Guardia","Cuando Brille el Sol","Learn Spanish","Playlist","ES5109000041","3BNy8c9gYaL63nL5DKHFMU"
"Veneno en la Piel","Radio Futura","Caja de Canciones","Learn Spanish","Playlist","ES5029000015","3RDMd9JiKdVik8zjGhZ0wJ"
"Mediterraneo","Los Rebeldes","Mediterránaeo","Learn Spanish","Playlist","ES5118801608","6QBLmxP1tU6lw1dhKQulau"
"El Secreto de las Tortugas","Maldita Nerea","Es un Secreto...No Se Lo Digas a Nadie","Learn Spanish","Playlist","ES8580700093","1sMgCr1RH0HfAazVZt9xmZ"
"Por la Raja de Tu Falda","Estopa","Estopa","Learn Spanish","Playlist","ES5029900140","5OaqffbeQyVVqtnA71Ci7K"
"Caminando por la vida","Melendi","Que El Cielo Espere Sentao..","Learn Spanish","Playlist","ES5080600400","3v1dCP3hk2djfWryqfp7sx"
"Venezia","Hombres G","Hombres G (Edición 30 Aniversario)","Learn Spanish","Playlist","ES5018572000","1wncA7mz0ntqvZ8UzFokGk"
"Voy a pasármelo bien","Hombres G","Voy A Pasarmelo Bien","Learn Spanish","Playlist","ES5018972000","78FJd3BMjDQCA1Hh2QfKqS"
"Devuélveme a mi chica","Hombres G","¿Por qué no ser amigos?","Learn Spanish","Playlist","ES5152400300","6TaAy81al94riusUed92jz"
"Hijo de la Luna","Mecano","Entre el Cielo y el Suelo (Bonus Tracks Edition)","Learn Spanish","Playlist","ES5028600049","7g3g2sqevicvurLTZ75JTA"
"No Puedo Vivir Sin Ti","Los Ronaldos","4 Canciones","Learn Spanish","Playlist","FR6V80702531","2LUP49H9wb6nw2Y5oQzUpZ"
"Escuela de Calor","Radio Futura","Caja de Canciones","Learn Spanish","Playlist","ES5028400051","1N1QL28bnJWt7u0dbJHyR0"
"Rock And Roll en la Plaza del Pueblo","Tequila","Matricula De Honor/New Booklet","Learn Spanish","Playlist","ES5109900082","5fCYRuYxc1ox7yWKcKD6tf"
"El Run Run (with Rosario)","Estopa","X Anniversarivm","Learn Spanish","Playlist","ES5020900758","7FXZbH91wnIsipIl6LDwkU"
"Zapatillas","El Canto Del Loco","Zapatillas","Learn Spanish","Playlist","ES5020500100","42VgiRyg0YjtRVLiPFNxPJ"
"La Madre de Jose","El Canto Del Loco","Estados de Animo","Learn Spanish","Playlist","ES5020300138","3l8Ennt1PqShViwh0tkWuc"
"Atrévete-Te-Te","Calle 13","Calle 13 (Explicit Version)","Learn Spanish","Playlist","US3H30500209","1q8NdCAQ9QUjpYiqzdd3mv"
"Me Voy","Julieta Venegas","Limon Y Sal","Learn Spanish","Playlist","MXF010600165","100Tm6z29RfHTdUQ6NIs0s"
"Cadillac solitario","Loquillo","Heroes De Los 80","Learn Spanish","Playlist","ES5018404003","60HibhiSF8eBC2w4DWgorI"
"Suéltate el pelo","Hombres G","Agitar Antes De Usar","Learn Spanish","Playlist","ES5018872005","6ASzF6lnAamXQvWLPa3WDi"
"Aquí No Hay Playa","The Refrescos","The Refrescos","Learn Spanish","Playlist","ES5709900391","4PRJD9T23GQKQYKhJQcGGY"
"Este Amor Ya No Se Toca","Yuri","Singles","Learn Spanish","Playlist","MXF069200112","2ARBUxyPYa5A0mwBxJgFgw"
"El calor del amor en un bar","Gabinete Caligari","Al calor del amor en un bar","Learn Spanish","Playlist","ES5018602000","0AFJOoRQFlo10Vm1p6BRjg"
"La Lola","Café Quijano","La Extraordinaria Paradoja Del Sonido Quijano","Learn Spanish","Playlist","ES5159931001","5hyq5k3Do9gW3HGvDg5ZEJ"
"La taberna del Buda","Café Quijano","La taberna del Buda","Learn Spanish","Playlist","ES5150131006","40A11dg6RXzfDrwMrw5sED"
"No tienes corazón (con Joaquín Sabina)","Café Quijano","Que grande es esto del amor (Ed. Especial)","Learn Spanish","Playlist","ES5150331012","6wLuMJ0xZhmPHVjmvvvQ1L"
"Entre dos tierras","Heroes Del Silencio","Senderos De Traición","Learn Spanish","Playlist","ES5089000064","4rJdaSwOCHLBhxdMsymeMw"
"Vivir Así Es Morir de Amor","Camilo Sesto","Sentimientos","Learn Spanish","Playlist","ES5027800014","3yzHIAzk3zVE1WgspS8W21"
"Déjame","Los Secretos","2x1 Los Secretos","Learn Spanish","Playlist","ES5709900368","0FOhcfiz3XjZ0XQ6Sy4lCl"
"Hijo de la Luna","Mecano","Entre El Cielo Y El Suelo","Learn Spanish","Playlist","ES5028600049","3yxeZZnFJDmw72ID4whKXR"
"En algún lugar","Duncan Dhu","El grito del tiempo + 4 temas extra","Learn Spanish","Playlist","ES5018760000","24LgbtycOOsO4a8QSjeWZw"
"Libre","Nino Bravo","2x1 Nino Bravo","Learn Spanish","Playlist","ES6009500067","6K3Xeik9j5KVqL9fABocQ0"
"Groenlandia","Zombies","2 En 1","Learn Spanish","Playlist","ES5028000064","4rvwJk0vMzBVVHsfyLvvzZ"
"La senda del tiempo","Celtas Cortos","Gente Impresentable","Learn Spanish","Playlist","ES5019007002","6dMKB6nyxcg8hllDzPCvRc"
"19 Dias y 500 Noches","Joaquín Sabina","19 Dias Y 500 Noches","Learn Spanish","Playlist","ES5029900169","4Kii4OhkRIezu0KjOiFq0G"
"Eres Tú - Remasterizado","Mocedades","Eres Tu","Learn Spanish","Playlist","ES5100000004","4CegDqadrdo0nPVheG9X2D"
"Porque te vas","Jeanette","Porque te vas","Learn Spanish","Playlist","ES5099800415","11rsK9GDZ9UdWsxtDqnMmN"
"Sin documentos","Los Rodriguez","Sin Documentos","Learn Spanish","Playlist","ES5019364003","6eOT73H5zfEwTCe1Y0FDCc"
"Sabor de amor - Versión 1988","Danza Invisible","A Tu Alcance","Learn Spanish","Playlist","ES5018865008","6zdXA5yUvKnoTJwyZCnYOM"
"Resistiré","Duo Dinamico","Resistiré","Learn Spanish","Playlist","ES5110002956","0ZMO1m7msNmMU87WiQcBwh"
"Bailaré Sobre Tu Tumba","Siniestro Total","Bailare Sobre Tu Tumba","Learn Spanish","Playlist","ES5018601006","7vd5Lq3E3lh38v9yY6hfO7"
"La flaca","Jarabe De Palo","La Flaca - Edición 10º Aniversario","Learn Spanish","Playlist","ES5039600004","1MrZ8hGkUWMmT816wPaMgE"
"¡Ay, Paquita! - Performed by ROSALÍA","Paquita Salas","¡Ay, Paquita! (Performed by ROSALÍA)","Learn Spanish","Playlist","ES5021800567","5EmLnaMopRAzdvMVTyPovM"
"No me llames iluso","La Cabra Mecanica","Ni jaulas ni peceras","Learn Spanish","Playlist","ES5010300019","1xobZzJ5b478hISL3oKskp"
"Macarena","Los Del Rio","A Mi Me Gusta","Learn Spanish","Playlist","ES5109300001","4Y6cDd4EPHcEbiUKdyvNwM"
"Bailaré sobre tu tumba","Siniestro Total","Bailaré sobre tu tumba","Learn Spanish","Playlist","ES5018601006","36PL1fiYUnX7pJQRY1qwVw"
"Hipócrita","Anuel AA","Real Hasta la Muerte","Learn Spanish","Playlist","QM6MZ1820541","4CbANooTL2aTHzJZqQ0Uvk"
"DI MI NOMBRE - Cap.8: Éxtasis","ROSALÍA","El Mal Querer","Learn Spanish","Playlist","ES5021800573","2Sfl7odHUmG7qc8SbqUyzE"
"La bikina - En vivo","Luis Miguel","Vivo","Learn Spanish","Playlist","USWI10000001","1jxO9AwMqYynDsuMWKrPvi"
"La Puerta Violeta","Rozalén","Cuando el Río Suena...","Learn Spanish","Playlist","ES5021701933","42ZASSKlh3UtYCgwZb8lBS"
"Besame Mucho","Cesária Evora","Best Of","Learn Spanish","Playlist","USATZ9700298","1fcgM5wcrTpuHSFRQ0CDOT"
"Celoso","Lele Pons","Celoso","Learn Spanish","Playlist","USUM71812248","33zcmmElV1YbRZe57biUjg"
"Corazon Espinado (feat. Mana)","Santana","Supernatural (Remastered)","Learn Spanish","Playlist","USAR19900037","2WoqgtWEBbbBKMDN6Becs7"
"Cruz de Navajas","Mecano","Entre El Cielo Y El Suelo","Learn Spanish","Playlist","ES5028600056","73JlqLGG7TKKqKa8F80vPd"
"Cuando Los Ángeles Lloran","Maná","Cuando Los Ángeles Lloran","Learn Spanish","Playlist","MXF159500096","7k8X8mGCP18JEz2UKO06yY"
"No Dudaria","Antonio Flores","Lo Mejor de Antonio","Learn Spanish","Playlist","ES5118001337","7gD2QkknRa4ZvlRVyU6ZO0"
"duerme negrito","Mercedes Sosa","20 Éxitos de ""La voz de América""","Learn Spanish","Playlist","FRP621465440","6pX6o7XTLLe2JHQ26oafje"
"El pueblo unido jamás será vencido","Quilapayún","El pueblo unido jamás será vencido (1973-1983) [Collection ""L'art de...""]","Learn Spanish","Playlist","FR43D1552745","7fSZa5OqnRnhJBdeRZlbjh"
"Eres Tú","Mocedades","Grandes Exitos","Learn Spanish","Playlist","ES5107300008","08HeIb9BidFjKROf9ptln0"
"La Mordidita (feat. Yotuel)","Ricky Martin","A Quien Quiera Escuchar (Deluxe Edition)","Learn Spanish","Playlist","USSD11400352","00i0O74dXdaKKdCrqHnfXm"
"Libertad Sin Ira","Jarcha","Libertad Sin Ira","Learn Spanish","Playlist","ES5107600029","63ZPDjygXPMtqmpcoJUVk5"
"La Llorona (feat. Los Macorinos)","Natalia Lafourcade","Musas (Un Homenaje al Folclore Latinoamericano en Manos de Los Macorinos), Vol. 2","Learn Spanish","Playlist","MXF011700904","0j8CdmtHzOc5Qhaffh3DcB"
"Maligno","Aterciopelados","Caribe Atomico","Learn Spanish","Playlist","USBL10100430","12xZFzT1kYByFjXFYLIRkm"
"Ojala Que Llueva Café","Juan Luis Guerra 4.40","Panete Salsa: Le Meilleur de la Musique Latine","Learn Spanish","Playlist","USQFK1200788","7z1v8mPWHK8w806oHozzlV"
"Otro día más","Alex Ubago","Fantasía o realidad","Learn Spanish","Playlist","ES5010300502","6LFlfQGEPifny7Abai6iRN"
"Soledad y el Mar (feat. Los Macorinos)","Natalia Lafourcade","Musas (Un Homenaje al Folclore Latinoamericano en Manos de Los Macorinos, Vol. 1)","Learn Spanish","Playlist","MXF011600417","1Xtz05nIgJiEYdncfd1w8h"
"Tormenta","Sonograma","Tormenta","Learn Spanish","Playlist","ESA011511056","5qxiukFCMOlUbynNOiCf7s"
"Tu Enemigo","Pablo López","El Mundo Y Los Amantes Inocentes","Learn Spanish","Playlist","ES5701500970","5tsDJt6Riyi26vowpb6FLs"
"Ánimo, Valiente","León Benavente","León Benavente","Learn Spanish","Playlist","US6R21333514","6sFiaoPVQe2ASTqoyZkUVs"
"Aunque tú no lo sepas","Quique González","Ajuste de cuentas","Learn Spanish","Playlist","ES5010600271","2XXec5RwkNrjpBNfCjNhAv"
"Cabibi","Los Chichos","Cabibi","Learn Spanish","Playlist","ES5700200195","13bWOyJfqBZWqhJPpwf5hJ"
"Cuando Nos Volvamos a Encontrar (feat. Marc Anthony)","Carlos Vives","Más + Corazón Profundo","Learn Spanish","Playlist","USSD11400075","59hfezbTqi7I68O4OyLfcR"
"Oye","Los João","El Mesón Del Gitano","Learn Spanish","Playlist","MXF368527977","2XgZZwM6F1PpKTcNs0Pnh4"
"Cuando Nadie Ve","Morat","Cuando Nadie Ve","Learn Spanish","Playlist","ES5701800456","1Cxd4ZJJ9VOQQpNcpdcZEQ"
"Soy un Truhán, Soy un Señor","Julio Iglesias","Mi Vida: Grandes Exitos","Learn Spanish","Playlist","NLB637800101","4ull7kbYfozaIUNSQ9aI7s"
"Asi Fue","Isabel Pantoja","Desde Andalucia","Learn Spanish","Playlist","ES5020100386","419FFiitGchOUaIMEY7Dqi"
"Como una Ola","Rocío Jurado","15 Exitos Originales Con Rocio Jurado","Learn Spanish","Playlist","ES5028100144","4x1SuI9nPq9tWeEbaRDUsM"
"Libre","Nino Bravo","Super 20","Learn Spanish","Playlist","ES6009500067","1uAjXdRxH2PBCKGSWPagGJ"
"Mi Carro","Manolo Escobar","20 Exitos","Learn Spanish","Playlist","USZZR1010362","73TYWXwde5BYhQHCVsfIV4"
"Volando Voy","Camaron De La Isla","Flamenco es... Camaron","Learn Spanish","Playlist","ES5009700190","6YksxWWmhFOZjMfh3eRyYk"
"Soy Minero","Antonio Molina","La Voz de Su Juventud, Vol. 1","Learn Spanish","Playlist","ES5301251592","47KC4E0UetvyWNFZn0Hjp6"
"Resistiré","Duo Dinamico","En Forma","Learn Spanish","Playlist","ES5110002956","2oI6d7XcMz1AMTQhDopV5J"
"Como Yo Te Amo - Remasterizado","Rocío Jurado","Canciones Entrañables (Remasterizado)","Learn Spanish","Playlist","ES5021900843","3pBmaSZCoLF0drPRuf85O5"
"Esta Cobardía","Chiquetete","Grandes Exitos","Learn Spanish","Playlist","ES5108400006","7xT0YNKaOkvntYehrbRWen"
"El Porompompero","Manolo Escobar","20 Exitos","Learn Spanish","Playlist","USZZR1010361","2avH6FAXgwbX04h3WHsn1q"
"Cocinero, cocinero - Tanguillo","Antonio Molina","Antonio Molina Y El Cine","Learn Spanish","Playlist","ES5080600041","69b4y7N5M9HZlQNMSPVvF8"
"Corazón Contento - Remasterizado","Marisol","Marisol (1976) [Remasterizado 2022]","Learn Spanish","Playlist","ES5021900074","6J3Cz3Ok2oI7sXebhGNKt3"
"Marinero de Luces","Isabel Pantoja","Marinero De Luces","Learn Spanish","Playlist","ES5020100381","24UBqV1xJwNUns7nJVIbDu"
"Hey - Spanish","Julio Iglesias","Begin the Beguine","Learn Spanish","Playlist","NLB638090007","3X8buu765D59qlQ6z78I8A"
"Amante Bandido","Miguel Bosé","Bandido","Learn Spanish","Playlist","NLB638490150","1hj6nYHeGclSY0VNTHMi27"
"Amigos para Siempre","Los Manolos","Dulce Veneno","Learn Spanish","Playlist","ES5029200095","6PfQB3xEbIlky1dXOb3Yyh"
"Y Viva España","Manolo Escobar","20 Exitos","Learn Spanish","Playlist","USZZR1010367","7rHt4q7rsx4boISKgwAIyo"
"Como las Alas al Viento","Rocío Jurado","Como las Alas al Viento","Learn Spanish","Playlist","ES5119301619","2uE73kgerQdA6h3jN5Pvrb"
"Por Ella","José Manuel Soto","Por Ella","Learn Spanish","Playlist","ES5118800025","3OLADK5y0rOTjyuQ6cPn7t"
"Hoy Quiero Confesarme - Remasterizado","Isabel Pantoja","Querida Isabel - Tus Mejores Canciones (Remasterizado 2022)","Learn Spanish","Playlist","ES5022202586","3WKKcK2roswqPclbZeC8bE"
"Chica de ayer","Nacha Pop","Grandes Éxitos: Nacha Pop","Learn Spanish","Playlist","ES5088003778","1aZc9YBrZpKCE1YqSMV5Vg"
"Me Olvide De Vivir","Julio Iglesias","Begin the Beguine","Learn Spanish","Playlist","NLB637990017","0kVOor973ijVqOBhYqvaE8"
"No me lo creo","Manzanita","Por Tu Ausencia","Learn Spanish","Playlist","ES5159836004","3n4K7eJIfqIg93cZNAHiHy"
"Soy Español","José Manuel Soto","Soy Español","Learn Spanish","Playlist","ES04D1800791","1rgZs6QR3J469o7x08BBiF"
"Me Va, Me Va","Julio Iglesias","1100 Bel Air Place","Learn Spanish","Playlist","NLB630000268","4EVFCcP3BtujqYgw9jV3yF"
"Era Mi Vida El - Remasterizado","Isabel Pantoja","Querida Isabel - Tus Mejores Canciones (Remasterizado 2022)","Learn Spanish","Playlist","ES5022202583","5yYecTdBTm1SbbmZqcnCTj"
"Devuélveme a mi chica","Hombres G","Hombres G (Edición 30 Aniversario)","Learn Spanish","Playlist","ES5018572005","1Wrzhfa5bNlqvsnCztz190"
"Yo soy aquél","Raphael","Canta...Raphael","Learn Spanish","Playlist","ES5099700018","4H71d1kJ8DB8J4atO8fbBl"
"Sevilla Tiene un Color Especial","Los Del Rio","Alegria Y Cosabuena","Learn Spanish","Playlist","ES5100100219","1x8tjll0oP07qkZWVtm8ap"
"19 Dias y 500 Noches","Joaquín Sabina","19 Dias Y 500 Noches","Learn Spanish","Playlist","ES5029900169","6V78ktWCGcJIIB5DPJBoPn"
"Se Me Enamora el Alma - Remasterizado","Isabel Pantoja","Querida Isabel - Tus Mejores Canciones (Remasterizado 2022)","Learn Spanish","Playlist","ES5022202589","5Fe0OTJpN0hzJedhBQOTmX"
"La pared","José Manuel Soto","Rumba al corazón","Learn Spanish","Playlist","ES5330101263","1vf3helU8ixX8CIgOeOKaH"
"Como El Agua - Tangos","Camaron De La Isla","Como El Agua (Remastered)","Learn Spanish","Playlist","ES5700400569","5UOzQpO62ljPFDqquxGDqT"
"Adiós a España","Antonio Molina","Antonio Molina Y El Cine","Learn Spanish","Playlist","ES5085305768","0KTnFgWGTpQ9DZZhyMyhtG"
"Se Que Volveras","Nana Mouskouri","Nana Latina","Learn Spanish","Playlist","CH0529680010","6cy5hG9A8uYZiDeEIILLkB"
"Señora","Rocío Jurado","15 Exitos Originales Con Rocio Jurado","Learn Spanish","Playlist","ES5027900067","6XSYNsvSOtDzmH3lFUJnQl"
"¿Y Cómo Es Él?","José Luis Perales","Entre El Agua Y El Fuego","Learn Spanish","Playlist","ES5098200431","7aSxNjoVoAwNL7HDAKwGtC"
"Cruz de navajas","Mecano","Entre el Cielo y el Suelo (Bonus Tracks Edition)","Learn Spanish","Playlist","ES5028600056","6VWWU8EFSS7Xx1TZ830Paz"
"A la Puerta de Toledo","Chiquetete","Grandes Exitos","Learn Spanish","Playlist","ES5028800140","0xtUy3WFuGZrDzxyvELcvm"
"Entre dos tierras","Heroes Del Silencio","Senderos De Traición - Edición Especial","Learn Spanish","Playlist","ES5089000064","7BYqVvoXpQFhs4jJ0qqNZt"
"Tómbola","Marisol","Canta con Marisol","Learn Spanish","Playlist","DEZZ52172329","35lfDNjMbqNU54SVwsesn6"
"No Estamos Lokos - Kalikeño","Ketama","De Aki A Ketama","Learn Spanish","Playlist","ES5009500064","6qD5Tep3hEoRDQUpyrrDLK"
"La flaca","Jarabe De Palo","La Flaca","Learn Spanish","Playlist","ES5039600004","2LsbizbOeNa4x6qsi2jAMb"
"Sarandonga","Lolita","Lola Lolita Lola","Learn Spanish","Playlist","ES5150154002","2zNDRGoRkNEkMhO5fcGTMv"
"Noches de bohemia","Navajita Platea","Noches de Bohemia","Learn Spanish","Playlist","ES5089800770","78GUxsLIyH3ZohwhNCTKES"
"Se Te Nota En La Mirada","Los Del Rio","Alegria Y Cosabuena","Learn Spanish","Playlist","ES5100100225","4vyQc3hkjmlfPEwNowMJ8N"
"Verde","Manzanita","Verde","Learn Spanish","Playlist","ES5119800999","1EI0qRmW7tOWPbfBAlho6e"
"Soy Gitano - Tangos","Camaron De La Isla","Soy Gitano (Remastered)","Learn Spanish","Playlist","ES5700400640","7AdFxpPaZckmsSrQSjnmDq"
"Como yo te amo","Raphael","Y... sigo mi camino","Learn Spanish","Playlist","ES5088002064","2N1u2w7dbHt058hi7pIFjW"
"Escándalo","Raphael","Ave Fénix","Learn Spanish","Playlist","NLB639210006","3xbymP6jIcdN0O2PB420bz"
"Sevilla","Miguel Bosé","Bandido","Learn Spanish","Playlist","ES5110304596","5E48mFtui4eFEsEMzXXXqy"
"Estando Contigo","Marisol","Canta con Marisol","Learn Spanish","Playlist","DEZZ52172327","176g8fHhvPf47DrEoCjNMx"
"Chica Ye Ye","Concha Velasco","Cuentame","Learn Spanish","Playlist","ES5029000123","5hv3nMY3NKyDL7cSsrSYog"
"Cuéntame","Formula V","Ayer Y Hoy","Learn Spanish","Playlist","ES5709904337","6buqYaAyimysMjE8yuiaXy"
"A Tu Vera","Lola Flores","La Inimitable","Learn Spanish","Playlist","ES7580501052","4awJGQ6TIS542X4XS7PWu7"
"La Luna y el Toro","Manolo Escobar","Mi Carro","Learn Spanish","Playlist","ES7580500628","33k8zbWznPWMJyKW6uvFF6"
"No Puedo Vivir Sin Ti","Los Ronaldos","4 Canciones","Learn Spanish","Playlist","FR6V80702531","1EC0JRoSi9YL5zExd3Euc3"
"Un Beso Y Una Flor","Nino Bravo","Super 20","Learn Spanish","Playlist","ES6009500061","5IU4JO2cpa0wPK8oQWFfCr"
"Hay que venir al sur","Raffaela Carrá","Las 101 mejores canciones Italianas","Learn Spanish","Playlist","ITM000102377","1kXTqAV4IshAbOQpWl9PkE"
"Vete","Los Amaya","Vete","Learn Spanish","Playlist","ES5027700145","0i1GezGryGjdsyPovCkctk"
"Hoy tengo ganas de ti","Miguel Gallardo","2 (Remasterizado 2017)","Learn Spanish","Playlist","ES5087503743","17oji5hYaIqOFWFnPPWCeJ"
"Ni Más Ni Menos - Remastered 2014","Los Chichos","40 + 1 Aniversario 1973-2014","Learn Spanish","Playlist","ES5701400487","3gqvoaaF2xQmQ6uCD48PWY"
"Hijo de la luna","Mecano","Entre el Cielo y el Suelo (Bonus Tracks Edition)","Learn Spanish","Playlist","ES5028600049","2LmlZvAmT1L0O3iPVSQWOX"
"Un Ramito de Violetas","Manzanita","Un Ramito De Violetas","Learn Spanish","Playlist","ES5119801000","02PROe7elhI6Cyu6KJONhX"
"Se acabó","María Jiménez","Se acabo","Learn Spanish","Playlist","ES5079100127","7pIfwKV8EOPmJlConSHk2E"
"Eva Maria","Formula V","Ayer Y Hoy","Learn Spanish","Playlist","ES5709904335","5fc3XWSpJo6jTlbjnhGOJQ"
"¡Hola, Mi Amor!","Junco","¡Hola, Mi Amor!...","Learn Spanish","Playlist","ES5700500476","0EpCf7vGHOaUM8SNqt6vE2"
"No Dudaría - Remasterizado","Antonio Flores","Antonio (Remasterizado 2022)","Learn Spanish","Playlist","ES5022102361","4I644fN7UCChrmEgJIL4KL"
"A Mi Manera","Siempre Asi","10 Años Juntos","Learn Spanish","Playlist","ES6020100007","5yY2UPVQ9EBKBXh2dGtU6U"
"Háblame de Ti","Pecos","Háblame de Ti","Learn Spanish","Playlist","ES5117900040","4DpvGOXDfjPqRkPbH8xdg6"
"Cántame","Maria Del Monte","A Bailar","Learn Spanish","Playlist","ES5700401235","2FoXpK8G3FoUd6AtRmWtpo"
"Adiós amigo","Raffaella Carrà","iCollection","Learn Spanish","Playlist","ES5088100163","3QUy7Y3Ck6bxLxzksEIgYw"
"Se Te Nota en la Mirada","Rafa Serna","Se Te Nota en la Mirada","Learn Spanish","Playlist","ESAAI0194419","2u6kCsnJO9McmlnGrtroaM"
"All My Loving","Los Manolos","Pasión Condal","Learn Spanish","Playlist","ES5029100060","2x3MxkdvKiWvLor7yNeLWB"
"Se Acabo","María Jiménez","Mitos de la Musica Española : Maria Jimenez","Learn Spanish","Playlist","ES5299600004","40QuO7ydUjz4WiMCTIjiEN"
"Cuando zarpa el amor","Camela","Diez De Corazon","Learn Spanish","Playlist","ES5080400083","0GzQB5WXavUEU8tfTCAd8m"
"Noelia","Nino Bravo","Super 20","Learn Spanish","Playlist","ES6009500063","2H6pXO5yKat03sbr1ERzZv"
"Déjame","Los Secretos","Los Secretos","Learn Spanish","Playlist","ES5700401147","74anwTmdyvA3f8RUtCQqKD"
"La lista de la compra (feat. María Jiménez)","La Cabra Mecanica","Vestidos De Domingo","Learn Spanish","Playlist","ES5010100200","6htAV9HKCmoDdyyvDNX9DQ"
"Quiero tener tu presencia","Seguridad Social","Furia Latina","Learn Spanish","Playlist","ES5019350011","3f2k0XTc2ZXG17jEMDu8pp"
"Don Diablo","Miguel Bosé","Miguel Bosé. ""Morir De Amor""","Learn Spanish","Playlist","ES5118000007","2yNkRWz9x7x3halzGPnYqn"
"Pa' Madrid","El Barrio","La Voz de Mi Silencio","Learn Spanish","Playlist","ES5160700786","3G0C3Z9H9CLejvrkWbGBb7"
"Bailar Pegados","Sergio Dalma","Sintiendonos La Piel","Learn Spanish","Playlist","ES5709904216","4QkQmdvFjEVvjc1ONi6t6N"
"Felicidad","Al Bano And Romina Power","Quién Quiere Casarse con Mi Hijo","Learn Spanish","Playlist","DEA818200223","3SLUE95oXSmqsxlcOcIdvO"
"El adiós","Amigos De Gines","Antologia - Amigos De Gines","Learn Spanish","Playlist","ES5097500714","0rI1ZEB497sUv8xWp6KlYG"
"Fiesta - Spanish version","Raffaella Carrà","Fiesta (Italian Edition)","Learn Spanish","Playlist","ITM009900671","1OdPui1hZTCSTVMdvjMP4o"
"Solo Se Vive una Vez","Azucar Moreno","Esclava De Tu Piel","Learn Spanish","Playlist","ES5110404988","0ATzislS5SvAp69hjHczej"
"Bamboléo","Gipsy Kings","Gipsy Kings","Learn Spanish","Playlist","GBARL0700397","3iB8eciGU9vZkaDYkz7Ir9"
"Con la Primavera","Marismeños","Fuente de Amores","Learn Spanish","Playlist","USCHR1327060","1Wyl29huFJnJApMmxN7xPS"
"Me Quedo Contigo","Los Chunguitos","Cara A Cara","Learn Spanish","Playlist","ES5088004963","3ROd8cCRdRJpeh6P2zTAJk"
"Estar enamorado","Raphael","En carne viva","Learn Spanish","Playlist","ES5089803472","2vh3jeYAeR50YuigR7mGwo"
"Perdóname","Camilo Sesto","Amaneciendo","Learn Spanish","Playlist","ES5028000276","3ZFYnK3yePXgrGxBTXsPww"
"La Quiero A Morir","Manzanita","La Quiero A Morir","Learn Spanish","Playlist","ES5118500063","0loxOLrtuQBxkqdoTKTIj2"
"Amiga mía","Alejandro Sanz","Más","Learn Spanish","Playlist","ES5159706050","6kQYMqjobmB8MkWwa9OUyA"
"En algún lugar","Duncan Dhu","El Grito Del Tiempo","Learn Spanish","Playlist","ES5018760000","3UIENhLRdFIOuRan92cAQu"
"Sabor de amor","Danza Invisible","1984-1989","Learn Spanish","Playlist","ES5018965005","2UC0OxMpQeSYft4pRswyEX"
"Me Cuesta Tanto Olvidarte","Mecano","Entre el Cielo y el Suelo (Bonus Tracks Edition)","Learn Spanish","Playlist","ES5028600052","5xsY1Bm1FItKFFoJ3b964t"
"Búscate un hombre que te quiera","El Arrebato","Que Salga El Sol Por Donde Quiera","Learn Spanish","Playlist","ES5080400552","4ppxWzgjvst4Mv1Kpwooeh"
"Doce Cascabeles","Joselito","Las Estrellas Del Fonografo RCA Victor","Learn Spanish","Playlist","ES5029800726","4DUXRKFOY2ocAo5L2Ylcuc"
"Yo no te pido la luna","Sergio Dalma","Via Dalma II","Learn Spanish","Playlist","ES5151102399","1hI1st8dvPmr1S55XDkavG"
"Pena penita pena","Lola Flores","Pena, Penita, Pena","Learn Spanish","Playlist","ES5378900031","021KukNOhoemTxzEVWaaId"
"Campanera","Joselito","Las Estrellas Del Fonografo RCA Victor","Learn Spanish","Playlist","ES5027200156","39b7wKFIPHVdbTgUvEeKxu"
"A bailar, a bailar","Cantores De Hispalis","Antologia - Cantores De Hispalis","Learn Spanish","Playlist","ES5088706364","5SbszeOFbn3KXYxwOUSce5"
"La flaca","Jarabe De Palo","Las 101 canciones - Cinco décadas de Pop Español","Learn Spanish","Playlist","ES5039600004","071xNEqWENO63VMDPY3MOW"
"Ya No Quiero Tu Querer","José El Francés","Alma","Learn Spanish","Playlist","ES5029900274","3f43MHFXpOqMkdu9gxEaoq"
"¡Chas! Y aparezco a tu lado","Alex Y Christina","Alex Y Christina","Learn Spanish","Playlist","ES5158834001","1eRgClFGphd2MgpyIBsbfS"
"Carmen","Los Chunguitos","Grandes Éxitos: Los Chunguitos","Learn Spanish","Playlist","ES5088505020","6uD0NY2BUew3rHworkMSIe"
"El Mundo Tras el Cristal","La Guardia","Vamonos","Learn Spanish","Playlist","ES5108800023","21gEdIRnNJ6fdrAPbMglTx"
"Me Ha Dicho la Luna","Rocío Jurado","Rumbas y Flamenco","Learn Spanish","Playlist","ES5119700597","3BgBTbwbKw7ydiTvhsioFA"
"El Toro Guapo","El Fary","Como un Gigante","Learn Spanish","Playlist","ES5028400040","6D3YqQ9dUA9LBOLw4CEUj1"
"Como un burro amarrado en la puerta del baile","El Último De La Fila","Las 101 canciones - Cinco décadas de Pop Español","Learn Spanish","Playlist","ES5080800663","0IUFjvwlh18TWiTi6kO5pP"
"Cuán lejos voy","Sara Paula Gómez Arias","Moana: un mar de aventuras (Sonora Original en Español)","Learn Spanish","Playlist","USWD11678030","2mkl0RWJn36fe0cX0oLahS"
"Loca","Alvaro Soler","Mar De Colores (Versión Extendida)","Learn Spanish","Playlist","DEUM71807724","6hkr3LNGKUn1492Cr6YSAi"
"Buena Suerte","Pedro Capó","MUNAY","Learn Spanish","Playlist","USSD11900365","4fAlzlBojsx7aA9llmidAN"
"Fresa","TINI","Fresa","Learn Spanish","Playlist","USHR11939303","4BCPItsB94KDLuERZT3aNM"
"Tutu","Camilo","Tutu","Learn Spanish","Playlist","USSD11900263","1nocRtwyNPVtGcIJqfgdzZ"
"11 PM","Maluma","11:11","Learn Spanish","Playlist","USSD11900166","7KbF6AdprOXEEHlsq11Z6d"
"Hawái","Maluma","Hawái","Learn Spanish","Playlist","USSD12000190","4uoR6qeWeuL4Qeu2qJzkuG"
"HP","Maluma","11:11","Learn Spanish","Playlist","USSD11900034","1LIqNVhaIgxXUt2eVoIQJ3"
"Calma","Pedro Capó","Calma","Learn Spanish","Playlist","USSD11800288","6aLJnupvPpT9HLv3xaUhe1"
"Bailando - Spanish Version","Enrique Iglesias","SEX AND LOVE","Learn Spanish","Playlist","GBUM71400955","3LbzMtkyPGcHc6IzyKclFO"
"Baila Conmigo (feat. Kelly Ruiz)","Dayvi","Baila Conmigo (feat. Kelly Ruiz)","Learn Spanish","Playlist","MXF011900173","4Clmg1g8n2yBYG13Z1oSdG"
"X","Nicky Jam","Intimo","Learn Spanish","Playlist","USSD11800024","5YUyW9opqNsMSEzzecZih1"
"Medicina","Anitta","Medicina","Learn Spanish","Playlist","BRWMB1800552","4R5xvs5X0phd0EYWyGigju"
"Con Calma","Daddy Yankee","Con Calma","Learn Spanish","Playlist","US2BU1900125","5w9c2J52mkdntKOmRLeM2m"
"Baila Baila Baila","Ozuna","Baila Baila Baila","Learn Spanish","Playlist","QM7281886206","7uH27oIt4a6cIFCA8ZPcyG"
"Ginza","J Balvin","Energía","Learn Spanish","Playlist","MXUM71501907","27OnRI6jSkxN9EAqZEVHjv"
"Buena Suerte","Pedro Capó","Buena Suerte","Learn Spanish","Playlist","USSD11900365","6kGbjs4RdmSHHnibhap8dS"
"Buena Suerte","VADHIR","Buena Suerte","Learn Spanish","Playlist","MXF152000567","45lw7issmJHMkPrrm2voTA"
"Fuera del mercado","Danny Ocean","@dannocean","Learn Spanish","Playlist","USWL12200098","1UdzJEpgJxtuXAlCOvD4S0"
"Para Sentirme Libre (feat. Rayko B.)","Diego Torres","Atlántico a Pie","Learn Spanish","Playlist","USSD12100240","3TkUK0EOLajGoxUsoc19gr"
"Antes de Ti","Rusherking","Antes de Ti","Learn Spanish","Playlist","QMDA62132759","23R68uWGdp07SwQdK8mWzI"
"Mal Acostumbrao - con Maria Becerra","Mau y Ricky","Mal Acostumbrao (con Maria Becerra)","Learn Spanish","Playlist","USSD12100634","1wcE84DVQUF16xudVFzezL"
"Tacones Rojos","Sebastian Yatra","Tacones Rojos","Learn Spanish","Playlist","USUM72119612","0Be7sopyKMv8Y8npsUkax2"
"Caramelo","Ozuna","Caramelo","Learn Spanish","Playlist","USXDR2000567","3gD4J3RUHy4OUuZ3qAiaiG"
"Caramelo - Remix","Ozuna","Caramelo (Remix)","Learn Spanish","Playlist","USXDR2000585","2uu2aGqA2UblCg581Q7l1g"
"Prende La Fiesta 3","Christian Crisóstomo","Prende La Fiesta 3","Learn Spanish","Playlist","QZFZ42275334","0y9IdysBt9IaIYMVkZ3hjB"
"Aurora - Remix","Jhosy","Aurora (Remix)","Learn Spanish","Playlist","USSD12200851","7nHtmtk2wtQoRTBA8tEMWy"
"Palmas","Crissin","Palmas","Learn Spanish","Playlist","CA5KR2187177","3aEev62BGtfMvqUf2zbHCd"
"La Curiosidad","Jay Wheeler","Platonicos","Learn Spanish","Playlist","USUYG1313832","4HYDUMY0xSpeBr0AMY9cUz"
"Desconocidos","Mau y Ricky","Desconocidos","Learn Spanish","Playlist","USSD11800344","0s5DNDV6LAKn2u2Ufa3VjQ"
"PUNTO G","Quevedo","DONDE QUIERO ESTAR","Learn Spanish","Playlist","BK4DA2202913","4WiQA1AGWHFvaxBU6bHghs"
"Rara Vez","Milo j","Rara Vez","Learn Spanish","Playlist","ARUM72300004","7MVIfkyzuUmQ716j8U7yGR"
"Columbia","Quevedo","Columbia","Learn Spanish","Playlist","BK4DA2310533","6XbtvPmIpyCbjuT0e8cQtp"
"LALA","Myke Towers","LA VIDA ES UNA","Learn Spanish","Playlist","USWL12300002","7ABLbnD53cQK00mhcaOUVG"
"WHERE SHE GOES","Bad Bunny","WHERE SHE GOES","Learn Spanish","Playlist","QM6P42334528","7ro0hRteUMfnOioTFI5TG1"
"cómo dormiste?","Rels B","cómo dormiste?","Learn Spanish","Playlist","UYB282276000","3fjN3y5x4hN53rykAN2LHQ"
"La Bachata","Manuel Turizo","2000","Learn Spanish","Playlist","QZDYA1800087","3tt9i3Hhzq84dPS8H7iSiJ"
"WANDA","Quevedo","DONDE QUIERO ESTAR","Learn Spanish","Playlist","BK4DA2215298","0Iozrbed8spxoBnmtBMshO"
"Sobredosis","Íñigo Quintero","Sobredosis","Learn Spanish","Playlist","TCAGU2367052","6TTkgmwbCnz8Y4oiUdzmtD"
"De Música Ligera - Remasterizado 2007","Soda Stereo","Canción Animal (Remastered)","Learn Spanish","Playlist","ARFSB0700930","2lpIh6Gr6HYjg1CFBaucS5"
"La Guitarra","Los Auténticos Decadentes","Mi Vida Loca","Learn Spanish","Playlist","ARF039501192","6aPoVnA9UDncMyKgTAicsO"
"La parte de adelante","Andrés Calamaro","Honestidad Brutal","Learn Spanish","Playlist","ES5019953003","0fHTVPRRKmWaRuIwrsNTMp"
"Cuando no estás","Andrés Calamaro","Bohemio","Learn Spanish","Playlist","ES5151301067","5kl4FkCUzVa5wicxafa9yc"
"El lado oscuro","Jarabe De Palo","La Flaca","Learn Spanish","Playlist","ES5039600007","3AR1c3Dssq51WlGGkuYJNj"
"Loco (Tu Forma De Ser)","Los Auténticos Decadentes","El Milagro Argentino","Learn Spanish","Playlist","ARF039600722","3ydweVPwq9PCEVJ8WwqT6u"
"Mil Horas - 1994 Remastered Version","Los Abuelos De La Nada","Los Abuelos De La Nada 1 (1994 Remastered Version)","Learn Spanish","Playlist","ARF099400315","4pHdHimCLvD4nx8lh6uQyx"
"Lobo-hombre en París","La Unión","Mil Siluetas","Learn Spanish","Playlist","ES5158401006","2hConpLOB6gmyM8vDkVOof"
"Beso","Jósean Log","Háblate de Mí","Learn Spanish","Playlist","QZ5AB1610257","4PpuZIMmeng6qPicveSI22"
"Tren Al Sur","Los Prisioneros","Corazones","Learn Spanish","Playlist","CLBB29000001","6W1BLmVBxkqZwFQcORQLnv"
"Alguien Como Tú","Jósean Log","El Futuro No Existe","Learn Spanish","Playlist","QZDA41996163","2qXwXciJwW4Qdg7KDesOCQ"
"Mucho mejor (feat. Coque Malla)","Los Rodriguez","Palabras más, palabras menos","Learn Spanish","Playlist","ES5019564007","06xLo8Oa53wmBMdWcIsqPL"
"Para No Verte Más","La Mosca","Visperas De Carnaval","Learn Spanish","Playlist","ARF049900032","19CmuECYssqkPWANF4nLWM"
"Lamento Boliviano","Los Enanitos Verdes","Big Bang","Learn Spanish","Playlist","ARF049400245","6Pur3hWy6Nzc27ilmsp5HA"
"Para no olvidar","Los Rodriguez","Palabras más, palabras menos","Learn Spanish","Playlist","ES5019564004","1ZGs4W7LBJy68hRPTsvMFc"
"Por Qué No Se Van","Los Prisioneros","Pateando Piedras","Learn Spanish","Playlist","CLBB28600012","0FRpkVdaghjib91eaXOA97"
"Loco","Andrés Calamaro","Alta Suciedad","Learn Spanish","Playlist","ES5019753003","0jePqZlutXGa8xz6NNyKAy"
"Doma","Jósean Log","Háblate de Mí","Learn Spanish","Playlist","QZ5AB1610258","58cLm4PaHNt8DDr9ayZnNz"
"Cuando te conocí","Andrés Calamaro","Honestidad Brutal","Learn Spanish","Playlist","ES5019953007","09IVTOlVskAGDQaoQITb41"
"Matador - Remasterizado 2008","Los Fabulosos Cadillacs","Obras Cumbres","Learn Spanish","Playlist","ARFSB0800334","4bMZ60QNM6OEehI6b8RtS4"
"Un Osito de Peluche de Taiwán","Los Auténticos Decadentes","Sigue Tu Camino","Learn Spanish","Playlist","USA560696240","6iCnJkKswtMYoSmT58HmEn"
"Diez años después","Los Rodriguez","Palabras más, palabras menos","Learn Spanish","Playlist","ES5019564011","75ri6NVvxCULgNRrbGkfzj"
"Siguiendo la Luna - Remasterizado 2008","Los Fabulosos Cadillacs","El León","Learn Spanish","Playlist","ARFSB0800321","1orgfjGJoycODSItcGVatE"
"A Dios Le Pido","Juanes","Un Día Normal","Learn Spanish","Playlist","USUL10200158","2TFgo98tlwViHIkTalkFvy"
"El Muchacho de los Ojos Tristes","Jeanette","Originales - 20 Exitos","Learn Spanish","Playlist","ES5028100044","41JBXtssxYuLMyiBwwlnY6"
"Como Alí","Los Piojos","Máquina de Sangre","Learn Spanish","Playlist","AR3691900047","3yJKzKUDLo65qDDBDZm9im"
"Visita","Enjambre","Daltónico Deluxe","Learn Spanish","Playlist","MX2641000004","2vmpF6T3WWqk1hGD0KCEeB"
"Tan Solo","Los Piojos","Chac Tu Chac","Learn Spanish","Playlist","ARG601100044","6Soxxi73U6SO4rOGJwYYxI"
"Accidente","Las Ligas Menores","Las Ligas Menores","Learn Spanish","Playlist","ARC571501051","55xFPGknQ0zQluwBmf2nVm"
"Nos Siguen Pegando Abajo","Charly García","Clics Modernos","Learn Spanish","Playlist","ARF098300015","4VikOud5ZmdmHH6h7uQeDB"
"Hablando a Tu Corazón","Charly García","García 87/93","Learn Spanish","Playlist","ARF109400191","3k9dGCm2R2Y70e87aMHYC3"
"Rezo por Vos","Charly García","Parte De La Religion","Learn Spanish","Playlist","ARF100300947","6dOzqs6o4DNzXs4jF2v1Yq"
"Seguir Viviendo Sin Tu Amor","Luis Alberto Spinetta","Peluson Of Milk","Learn Spanish","Playlist","ARF049600386","2qBirMakpTdz9ymxrZEyzg"
"El Farolito","Los Piojos","3er Arco","Learn Spanish","Playlist","ARG601100116","5QpdTr2fHXLF0Oj8TcGHmV"
"11 Y 6","Fito Paez","Giros","Learn Spanish","Playlist","ARF049602466","2PkTjm1QAJCZbJ9MqC4RqA"
"Oye Mi Amor","Maná","¿Dónde Jugarán Los Niños?","Learn Spanish","Playlist","MXF159200061","5EJ2THuhAapEIeQOtXUQ0x"
"Oye Mi Amor","Maná","Você É Minha Religião: O Melhor Do Maná","Learn Spanish","Playlist","MXF159200061","3YBP5nAfjmB7gGSwK2nSv0"
"Cumbia Sobre El Mar","Quantic","The Power of the Latin Music","Learn Spanish","Playlist","FR10S1833030","7KooLjzPsWw4TT12acawEB"
"Chau","No Te Va Gustar","Otras Canciones","Learn Spanish","Playlist","UYH121900001","3uP1USIwwDpOA8uw0LjY2P"
"Clavado en Un Bar","Maná","Sueños Líquidos","Learn Spanish","Playlist","MXF159700094","78DVpEWwmJFC25KGz8fJuE"
"Califórnica","La Gusana Ciega","Monarca","Learn Spanish","Playlist","TCABY1487869","50gjhPjZCyQpya1Bcq2BNe"
"En la Ciudad de la Furia","Soda Stereo","Obras Cumbres","Learn Spanish","Playlist","ARF109902696","5wjiZSbxaLyLpGimpwqh1H"
"Sin Gamulán","Los Abuelos De La Nada","Los Abuelos De La Nada","Learn Spanish","Playlist","ARF098200028","3I7BjZp14rKFzavKxE6sBP"
"Crimen","Gustavo Cerati","Ahí Vamos","Learn Spanish","Playlist","ARF030600057","3oqWr0jDWNXxWufNogGREp"
"Adiós","Gustavo Cerati","Ahí Vamos","Learn Spanish","Playlist","ARF030600049","1rh4kDY9T4fHVDum8Foi5k"
"Me Gustas Mucho","Viejas Locas","Especial","Learn Spanish","Playlist","ARF149900160","2kB1rqoTaZ3j6ChtIWGurm"
"No se puede vivir del amor","Andrés Calamaro","Grabaciones Encontradas, Volumen Uno","Learn Spanish","Playlist","ES5019453002","4aQfAiKEZ4zAWwhRDIhi0z"
"Cuando Pase El Temblor - Remasterizado 2007","Soda Stereo","Nada Personal (Remastered)","Learn Spanish","Playlist","ARFSB0700891","3uMYq07Kj5m564OQwdSCrD"
"Crímenes perfectos","Andrés Calamaro","Alta Suciedad","Learn Spanish","Playlist","ES5019753011","6guoJhM9n5Fm7npXJ1rfsM"
"Torero","Chayanne","Grandes Exitos","Learn Spanish","Playlist","NLB630200016","709CndJJB3GTUhQD0LLFse"
"Chan Chan","Buena Vista Social Club","Buena Vista Social Club","Learn Spanish","Playlist","GBBGU9700150","3bxZhauuIU4ubctdRZwPYW"
"El Cuarto de Tula","Buena Vista Social Club","Buena Vista Social Club","Learn Spanish","Playlist","GBBGU9700350","5UjaOsrdoI4shw9gM2eNPC"
"Candela","Buena Vista Social Club","Buena Vista Social Club","Learn Spanish","Playlist","GBBGU9700950","1caT2YklnqZq35IcQ0oRLj"
"De Camino a la Vereda","Buena Vista Social Club","Buena Vista Social Club","Learn Spanish","Playlist","GBBGU9700250","11TMcTS3iao1dvMogUSQVk"
"Tiene Sabor (feat. Omara Portuondo)","Buena Vista Social Club","Lost and Found","Learn Spanish","Playlist","GBBGU1490003","4DFbRXlTdH9JdqCBeX6NOG"
"Dos Gardenias","Buena Vista Social Club","Buena Vista Social Club","Learn Spanish","Playlist","GBBGU9700550","3okCsBWWv7okRgaTnMQ2Fp"
"Corazon Espinado (feat. Mana)","Santana","Supernatural (Legacy Edition)","Learn Spanish","Playlist","USAR19900037","59uqWPaagd0khPaauWM2lU"
"Palabras más, palabras menos","Los Rodriguez","Palabras más, palabras menos","Learn Spanish","Playlist","ES5019564001","6jGpzgCts67MiNCtrmBEvY"
"Promesas Sobre El Bidet","Charly García","Piano Bar","Learn Spanish","Playlist","ARF140300027","2MXqrO1RBfek6RoijghYYp"
"Bum Bum Tam Tam","MC Fioti","Bum Bum Tam Tam","Learn Spanish","Playlist","GBUM71706300","6k2900NjJeVqZM55G3Danu"
"Danza Kuduro","Don Omar","Meet The Orphans","Learn Spanish","Playlist","USUM71020778","2a1o6ZejUi8U3wzzOtCOYw"
"Pepas","Farruko","Pepas","Learn Spanish","Playlist","USSD12100307","5fwSHlTEWpluwOM0Sxnh5k"
"Gasolina","Daddy Yankee","Barrio Fino (Bonus Track Version)","Learn Spanish","Playlist","QM6N21759342","228BxWXUYQPJrJYHDLOHkj"
"Despacito - Remix","Luis Fonsi","Despacito Feat. Justin Bieber (Remix)","Learn Spanish","Playlist","USUM71703825","6rPO02ozF3bM7NnOV4h6s2"
"Vivir Mi Vida - Versión Pop","Marc Anthony","3.0","Learn Spanish","Playlist","USSD11300181","3JZM6t7gVvH5KNPNjj2Z94"
"Calma - Remix","Pedro Capó","Calma (Remix)","Learn Spanish","Playlist","USSD11800343","5iwz1NiezX7WWjnCgY5TH4"
"Taki Taki (with Selena Gomez, Ozuna & Cardi B)","DJ Snake","Taki Taki (with Selena Gomez, Ozuna & Cardi B)","Learn Spanish","Playlist","USUG11801723","4w8niZpiMy6qz1mntFA5uM"
"MIA (feat. Drake)","Bad Bunny","MIA (feat. Drake)","Learn Spanish","Playlist","USWB11802236","116H0KvKr2Zl4RPuVBruDO"
"X (feat. Maluma & Ozuna) - Remix","Nicky Jam","X (feat. Maluma & Ozuna) [Remix]","Learn Spanish","Playlist","USSD11800257","6JjPBQfI2Y8nIjnm65X6Pw"
"Te Boté","Alok","Te Boté","Learn Spanish","Playlist","DEUM72002546","3WK855oWM0YXIWKqkIwK6U"
"Loco Contigo (feat. J. Balvin & Tyga)","DJ Snake","Carte Blanche","Learn Spanish","Playlist","USUG11901580","6osaMSJh9NguagEDQcZaKx"
"Quevedo: Bzrp Music Sessions, Vol. 52/66","Bizarrap","Quevedo: Bzrp Music Sessions, Vol. 52/66","Learn Spanish","Playlist","UYB282201028","2tTmW7RDtMQtBk7m2rYeSw"
"Culo","Pitbull","M.I.A.M.I.","Learn Spanish","Playlist","USTV10400126","4tAru66VGVLWYjg90UV4vJ"
"MALA","6ix9ine","DUMMY BOY","Learn Spanish","Playlist","QMEU31821953","4epHhc2lvhFYzMlKA23O3G"
"Mi Gente","J Balvin","Mi Gente","Learn Spanish","Playlist","FR22F1701790","4ipnJyDU3Lq15qBAYNqlqK"
"Celular","Nicky Jam","Celular","Learn Spanish","Playlist","USSD12300286","0LUG9jzDNXcIdIWeSx9g2C"
"Gata Only","FloyyMenor","Gata Only","Learn Spanish","Playlist","QZL382406049","6XjDF6nds4DE2BBbagZol6"
"BRONCEADOR","Maluma","BRONCEADOR","Learn Spanish","Playlist","QT5L22500001","6LYg8Ks95O7GNNLfB6kh4j"
"no tiene sentido","Beéle","no tiene sentido","Learn Spanish","Playlist","QZ7B82500302","6dbh2fgGhV5s8rxSOOsEMv"
"DtMF","Bad Bunny","DeBÍ TiRAR MáS FOToS","Learn Spanish","Playlist","QMFMF2447070","3sK8wGT43QFpWrvNQsrQya"
"OHNANA","Kapo","OHNANA","Learn Spanish","Playlist","QZDYA1800338","1fTjqf10accJCDYstPwwZ6"
"Liberal","Ozuna","Stendhal","Learn Spanish","Playlist","QZYTZ3900034","0GRhV9D6HblT6fZbsso3r5"
"ALOH ALOH","Kapo","ALOH ALOH","Learn Spanish","Playlist","QZDYA1800459","6Gs0ljTHKNdr0uJrSLIkGd"
"mi refe","Beéle","BORONDO","Learn Spanish","Playlist","QZ7B82400138","4zhk2RS2EZODmBW6il55Qj"
"CANAIMA","Big Soto","CANAIMA","Learn Spanish","Playlist","QM6MZ2611426","5QsTUq4tWI0QiVAMNoKDFs"
"La Bachata","Manuel Turizo","La Bachata","Learn Spanish","Playlist","QZDYA1800087","5ww2BF9slyYgNOk37BlC4u"
"UWAIE","Kapo","UWAIE","Learn Spanish","Playlist","QZDYA1800389","5QjmUqgpPQgXgg4606DqZF"
"Besos Chiquitos","Fabio Duque","Besos Chiquitos","Learn Spanish","Playlist","DEE862600554","4HJjTChqM6i1WdP4Wa6NXw"
"LA VILLA","Ryan Castro","LA VILLA","Learn Spanish","Playlist","QMFMF2513037","6YkGw5op7PeyP2gmMMMrfJ"
"Hecha Pa' Mi","Boza","Más Negro Que Rojo","Learn Spanish","Playlist","USSD12000196","3VvA1wSxukMLsvXoXtlwWx"
"QUE HACES","Becky G","QUE HACES","Learn Spanish","Playlist","USRC12500583","4ad3yFpPEMFLnvCtvbman5"
"CALOR","Nicky Jam","CALOR","Learn Spanish","Playlist","USSD12300382","3fbPAnQhNaUlIMaYtyNvk9"
"Mírame Ahora","Manuel Turizo","Mírame Ahora","Learn Spanish","Playlist","QZDYA1800589","7bfa2O4fYWZphBFSQQ3FuT"
"Más Que Tú","Ozuna","Más Que Tú","Learn Spanish","Playlist","QZYTZ2500001","6TzgG83Mj85lfnkWTuyO8O"
"Qué Pasaría...","Rauw Alejandro","Qué Pasaría...","Learn Spanish","Playlist","USQX92404984","0OxKf18dUo2G5dFOQYCvBN"
"BAILE INoLVIDABLE","Bad Bunny","DeBÍ TiRAR MáS FOToS","Learn Spanish","Playlist","QMFMF2447057","2lTm559tuIvatlT1u0JYG2"
"CARITA ANGELIKAL","Rels B","POR SI ALGUIEN NOS ESCUCHA","Learn Spanish","Playlist","UYB282573107","3pSWJ0GVYVRH1dTWSs9gma"
"GuabanSexxx","Rauw Alejandro","GuabanSexxx","Learn Spanish","Playlist","USSD12500580","7pEwEHqjqx3kmXjXCOihff"
"PIENSO","Dani M","PIENSO","Learn Spanish","Playlist","SE56I2600159","34himCq1kCORJXBQF2Su4W"
"DÁKITI","Bad Bunny","EL ÚLTIMO TOUR DEL MUNDO","Learn Spanish","Playlist","QMFME2004132","4MzXwWMhyBbmu6hOcLVD49"
"Dardos","Romeo Santos","Better Late Than Never","Learn Spanish","Playlist","USSD12500703","5SudOD9R1Of6CsJVWZy6CQ"
"morena","Beéle","morena","Learn Spanish","Playlist","QZ7B82300079","4RPeZbmVON5ZKT5HC9wALt"
"Chantaje (feat. Maluma)","Shakira","Chantaje (feat. Maluma)","Learn Spanish","Playlist","USSD11600299","1WniHvhq9zTkny0WvGXX8o"
"El Perdón (with Enrique Iglesias)","Nicky Jam","El Perdón (with Enrique Iglesias)","Learn Spanish","Playlist","USSD11500005","4Ld3RS6KBXGsvtfmnjxlVl"
"Inglés En Miami","Rawayana","Inglés En Miami","Learn Spanish","Playlist","US6R22554163","2mnqIjaciToIErlxJDFNle"
"Santa","Rvssian","Santa","Learn Spanish","Playlist","USSD12400112","5bi0gh89wRuH2OgjdAKFsb"
"DESPECHÁ","ROSALÍA","DESPECHÁ","Learn Spanish","Playlist","USSM12207207","5ildQOEKmJuWGl2vRkFdYc"
"Portate Bonito","Anuel AA","Portate Bonito","Learn Spanish","Playlist","QMDA72583467","4XGFya44QyFTbB1pBT1TLi"
"Por un Pendejo no se llora","Manuel Turizo","Por un Pendejo no se llora","Learn Spanish","Playlist","QZDYA1800609","4VPl3WGYKxQG8EVis7uLDt"
"Low Key (feat. Humby)","Beéle","Low Key (feat. Humby)","Learn Spanish","Playlist","USSD12400337","4PfR2vNZ3ig9OCyZmWsQL2"
"Bésame","Alejandro Sanz","¿Y ahora qué +?","Learn Spanish","Playlist","ES5022500525","0ojNlvEojFnsrgG58TQzQS"
"Pikito","Ozuna","Stendhal","Learn Spanish","Playlist","QZYTZ5200047","61AeiFmmwjlCC4P5To6cCi"
"si te pillara","Beéle","BORONDO","Learn Spanish","Playlist","QZ7B82500397","1C7NXX8UJ6pgNx8EkmyZDd"
"X TI","Kapo","X TI","Learn Spanish","Playlist","QZDYA1800535","6jNMtUR4tNxTqP63yfdJTv"
"MEDICINA","Kapo","MEDICINA","Learn Spanish","Playlist","QZDYA1800571","5ZSBwAAb2H1VH92EPRqpnx"
"El Merengue","Marshmello","El Merengue","Learn Spanish","Playlist","USSD12300040","51FvjPEGKq2zByeeEQ43V9"
"Soltera","Shakira","Soltera","Learn Spanish","Playlist","USQX92405080","3OJDtCdYs8QJnui708tEU3"
"orióN","Boza","orióN","Learn Spanish","Playlist","USSD12400220","5pVJ3IlnpIorU44oXizzG5"
"Una Locura","Ozuna","ENOC","Learn Spanish","Playlist","USXDR2000574","5y7DaS3jAc9eZzcSOoUIwU"
"MAMIII","Becky G","MAMIII","Learn Spanish","Playlist","USRC12200425","1ri9ZUkBJVFUdgwzCnfcYs"
"La Perla","ROSALÍA","LUX","Learn Spanish","Playlist","USSM12504035","4oVO4fGNRRvEn0CRuFO4qv"
"Ella Quiere Beber - Remix","Anuel AA","Ella Quiere Beber (Remix)","Learn Spanish","Playlist","QM6P41842818","3f5lA8nnc4YYF1qf78WpHw"
"QLOO*","Young Cister","QLOO*","Learn Spanish","Playlist","CLPP22500021","2mdrVnxEnPR6iFijakkxQS"
"Despeinada","Ozuna","ENOC","Learn Spanish","Playlist","USXDR2000590","0JAZWvvqttGFm4UMDsPQXC"
"Hey Mor","Ozuna","Hey Mor","Learn Spanish","Playlist","QMDA62203322","6Rpbzk2LC8xWZI93RyodAq"
"Ai Se Eu Te Pego (Nossa Nossa)","Michel Teló","Ai Se Eu Te Pego (Live)","Learn Spanish","Playlist","BRIMT1100076","4X9E6zzosd7R42fbsQC4Oz"
"Muévelo","Nicky Jam","Muévelo","Learn Spanish","Playlist","USSD11900363","4VgYtXCVJ7IbWAZ5ryfvEQ"
"Mayores","Becky G","Mayores","Learn Spanish","Playlist","USRC11701270","7JNh1cfm0eXjqFVOzKLyau"
"blackout 🧊","Emilia","blackout 🧊","Learn Spanish","Playlist","USSD12500117","2efbgTtEGNpsUZaOfgRTR6"
"Lollipop","Darell","EVERYBODY GO TO THE DISCOTEK","Learn Spanish","Playlist","USSD12300307","3cDyocF0Ibdfs1SFQk5cLZ"
"PERRO NEGRO","Bad Bunny","nadie sabe lo que va a pasar mañana","Learn Spanish","Playlist","QMFME2364199","7iQXYTyuG13aoeHxGG28Nh"
"Lamine","Morad","Reinsertado 2.0","Learn Spanish","Playlist","QM7282573530","0kHyQJgRXOfB5EhBFTSpRJ"
"Whine Up","Nicky Jam","Intimo","Learn Spanish","Playlist","USSD11900378","2pWOMNQJW3g2zmGjP0Vkb0"
"Nostálgico","Rvssian","Nostálgico","Learn Spanish","Playlist","USSD12100318","2BEcap3xJtmiPaHKyfQi4e"
"Ibiza","Ozuna","Aura","Learn Spanish","Playlist","USXDR1800670","1h9P5WJwyvK8OB7O2YiXgp"
"Aloha","Maluma","Aloha (feat. Darell, Mambo Kingz & Dj Luian)","Learn Spanish","Playlist","QZ7B82100019","5RAIMjdrCEjpjaR5tBATXU"
"La Gozadera (feat. Marc Anthony)","Gente De Zona","Visualízate","Learn Spanish","Playlist","USSD11500071","0OMRAvrtLWE2TvcXorRiB9"
"Sin Contrato (feat. Fifth Harmony)","Maluma","Sin Contrato (feat. Fifth Harmony)","Learn Spanish","Playlist","USSD11500459","09S64DUkxIX9EwIaULu6yN"
"Cariño Mío","Çantamarta","nomeolvides","Learn Spanish","Playlist","QMDA62556322","7kqP3V6lM0jdSldFBQ2fPK"
"BESO","ROSALÍA","RR","Learn Spanish","Playlist","USSM12301258","609E1JCInJncactoMmkDon"
"Mi Reggaetón","Gadiel","Alto Rango","Learn Spanish","Playlist","USSD11600198","6N6KE2lDdf00sVvhD0BYH5"
"Vaina Loca","Ozuna","Aura","Learn Spanish","Playlist","USXDR1800901","48zFZh27QU5qsrBjn4C2FA"
"Sin Pijama","Becky G","Sin Pijama","Learn Spanish","Playlist","USSD11800157","2ijef6ni2amuunRoKTlgww"
"Gato de Noche","Ñengo Flow","Gato de Noche","Learn Spanish","Playlist","QMFMF2216359","54ELExv56KCAB4UP9cOCzC"
"OA","Anuel AA","OA","Learn Spanish","Playlist","QZ7B82300076","6gMj2DzKR2PjrrbNSwcGFR"
"POLARIS - Remix","SAIKO","SAKURA","Learn Spanish","Playlist","QM6P42393140","4HsjtyUDFGAxRF3AaA6q07"
"Todo De Ti","Rauw Alejandro","Todo De Ti","Learn Spanish","Playlist","USSD12100202","4fSIb4hdOQ151TILNsSEaF"
"Miami","Nicky Jam","Infinity","Learn Spanish","Playlist","USSD12100490","6SP5W33MHmIU6DODHd5zgM"
"Tengo Un Plan - Remix","Key-Key","Tengo Un Plan (Remix)","Learn Spanish","Playlist","SGB502398568","2y0MgUzIfgupSDKW5iP1cT"
"CONTRABANDO","Rauw Alejandro","CONTRABANDO","Learn Spanish","Playlist","USSD12500586","62FtHEBSGUQ5U1rYZEIbmt"
"La Pared","Gadiel","Alto Rango","Learn Spanish","Playlist","USSD11600193","0T55N3Rq7lwSvZWW23xKHL"
"La Santa","Bad Bunny","YHLQMDLG","Learn Spanish","Playlist","QM4TX2030933","69vlMrzHwATKzupwNcUPyK"
"LA NOCHE DE ANOCHE","Bad Bunny","EL ÚLTIMO TOUR DEL MUNDO","Learn Spanish","Playlist","QMFME2066840","2XIc1pqjXV3Cr2BQUGNBck"
"Quiero Decirte","Abraham Mateo","Quiero Decirte","Learn Spanish","Playlist","ES5022201191","7dT6ccDqmMHvz5C0d8iUND"
"LA INOCENTE","Mora","MICRODOSIS","Learn Spanish","Playlist","QM4TX2252954","5jt25aFjW2kNoBqaEVaz5W"
"Vente Pa' Ca (feat. Maluma)","Ricky Martin","Vente Pa' Ca (feat. Maluma)","Learn Spanish","Playlist","USSD11600252","7DM4BPaS7uofFul3ywMe46"
"Hips Don't Lie (feat. Wyclef Jean)","Shakira","Oral Fixation, Vol. 2 (Expanded Edition)","Learn Spanish","Playlist","USSM10600677","3ZFTkvIE7kyPt6Nu3PEa7V"
"Princesas","Pereza","Animales","Learn Spanish","Playlist","ES5020500059","3hlWUNjAlbZ6nOjAbrivBv"
"Insoportable","El Canto Del Loco","Estados de Animo","Learn Spanish","Playlist","ES5020300151","6FstWkgRdHagqJ6qjDbiK0"
"Pan y mantequilla","Efecto Pasillo","El misterioso caso de Efecto Pasillo","Learn Spanish","Playlist","ES24C1207101","2kZJ5wrpq1gCdHmVEjahoH"
"La Suerte de Mi Vida","El Canto Del Loco","Personas","Learn Spanish","Playlist","ES5020800151","3t7xKj2YWeiFm92ApJ2FAt"
"Física o química","Despistaos","Lo que hemos vivido","Learn Spanish","Playlist","ES5150800931","79eUc9cUUoUOO1b5znphiU"
"Que Alegria Mas Tonta","Pereza","Animales","Learn Spanish","Playlist","ES5020500061","09pHfOLKeTx3txsUtxPpvR"
"Feo, Fuerte y Formal","El Canto Del Loco","Por Mi y por Todos Mis Compañeros","Learn Spanish","Playlist","ES5020900804","6iEY7tHhZ6gZNgaflCX9A4"
"Besos","El Canto Del Loco","Zapatillas","Learn Spanish","Playlist","ES5020500105","7MKO7rUZzjw8p87zdZDgqa"
"Volver a Disfrutar","El Canto Del Loco","Estados de Animo","Learn Spanish","Playlist","ES5020300154","3PuXuPcU0W4iHnd3C78FIr"
"A Contracorriente","El Canto Del Loco","A Contracorriente","Learn Spanish","Playlist","ES5020200048","4fYAcwdEtW2VCZe5Xoe7iC"
"BARCELONA GIRA","Arte Final","BARCELONA GIRA","Learn Spanish","Playlist","ES86D2600732","2aZ6xJMo1M6tJqQdorv3Db"
"La Madre de Jose / Sin Documentos","El Canto Del Loco","Radio la Colifata Presenta: El Canto del Loco","Learn Spanish","Playlist","ES5020900779","0UcHOQaPbq3afibG6PkYWS"
"Eres Tonto (feat. Vicentico)","El Canto Del Loco","Radio la Colifata Presenta: El Canto del Loco","Learn Spanish","Playlist","ES5020900794","7J0whZGFLGZSLYEPEJsvSx"
"Bajo Control","Noran","Bajo Control","Learn Spanish","Playlist","ES64E2603761","4bIW4ePv7fKgprx3pGIWiq"
"Vivir Asi es Morir de Amor","El Canto Del Loco","El Canto del Loco","Learn Spanish","Playlist","ES5020000109","16QwlP0UMoyWH4cNXL8SCq"
"Una Foto en Blanco y Negro","El Canto Del Loco","Estados de Animo","Learn Spanish","Playlist","ES5020300152","1LuW4h5s9ZumBbMh7qhDDj"
"Ay ay ay","Iam Campillo","Ay ay ay","Learn Spanish","Playlist","QMANG2626343","08QBbbvQaZ0Rdrg5koRbwJ"
"Sé lo que hicisteis - 2006 Remastered Version","Melendi","Sin Noticias De Holanda","Learn Spanish","Playlist","ES5080600386","15BdyloOmohWRWcnO4QILo"
"Vuelve","El Canto Del Loco","Zapatillas","Learn Spanish","Playlist","ES5020500106","1QHY3mxg84dGUQeFn2AEF8"
"Satélite","Polo Nandez","Satélite","Learn Spanish","Playlist","QM4TW2676754","24kiYNaGNp4zAs5Bj1JhMM"
"Aquellos Años Locos (Bonus Track)","El Canto Del Loco","A Contracorriente","Learn Spanish","Playlist","ES5020200003","2zQPi1daDcELSMkpDGwHsn"
"Peter Pan","El Canto Del Loco","Radio la Colifata Presenta: El Canto del Loco","Learn Spanish","Playlist","ES5020900842","2aheUm6wiUDOuqAnOkLkGw"
"Viva Suiza","Quinto Diario","Viva Suiza","Learn Spanish","Playlist","USANG2637113","3GBuBxOdBFC0RFfG3hJvyh"
"Ya Nada Volvera a Ser Como Antes","El Canto Del Loco","Estados de Animo","Learn Spanish","Playlist","ES5020300157","55BClNby0SuB7MHxp1Tdn8"
"No Puedo Vivir Sin Ti","El Canto Del Loco","Por Mi y por Todos Mis Compañeros","Learn Spanish","Playlist","ES5020900798","3K8BeABgLXZ3JHhdM3rZBx"
"Tal Como Eres","El Canto Del Loco","Zapatillas","Learn Spanish","Playlist","ES5020500111","0HQ6KHOBtpGdV7c40wwNSA"
"Antes Muerta Que Sencilla","María Isabel","¡No Me Toques Las Palmas Que Me Conozco!","Learn Spanish","Playlist","ES6010400483","3QncI2MDoSto39bT8SJtKK"
"Vente Pa' Aquí","Polo Nandez","Vente Pa' Aquí","Learn Spanish","Playlist","ES71G2421645","22iIQYmsGCvJkSz1mJ6GsE"
"Estrella Polar (with Juan Aguirre)","Pereza","Aproximaciones","Learn Spanish","Playlist","ES5020700309","5NV19rJlAYrAAFXQTZVC55"
"Lady Madrid","Pereza","Aviones","Learn Spanish","Playlist","ES5020900283","5NQw5WJwKRPaaSDHXD04Fs"
"Piratas del bar Caribe","Melendi","Curiosa La Cara De Tu Padre","Learn Spanish","Playlist","ESD010800118","4RKKPr34uSKaihFjHEh3mf"
"Tu Recuerdo","Ani Queen","Tu Recuerdo","Learn Spanish","Playlist","QMFME2556976","31SQpSjZbU0yyXgfavU8Sl"
"Mi rumbita pa tus pies - 2003 Remastered Version","Melendi","Sin Noticias De Holanda","Learn Spanish","Playlist","ES5080600384","6ZJ67QlrGFuN0LYY88II8I"
"Curiosa la cara de tu padre","Melendi","Curiosa La Cara De Tu Padre","Learn Spanish","Playlist","ESD010800126","6YLer7R2Aa8zJOnpL6kPQ8"
"Volvera","El Canto Del Loco","Zapatillas","Learn Spanish","Playlist","ES5020500103","4QBrx05HrLnohYaS1cPGHO"
"Heridas De Infancia","Polo Nandez","Ni Ruido","Learn Spanish","Playlist","QM4TW2676770","2TMq120IzMBkfmZedFtRp0"
"Nunca debí enamorarme","Camela","Por siempre tú y yo","Learn Spanish","Playlist","ES5080208263","70f6HTczJo4mjv4YzVGkl8"
"Lagrimas De Amor","Camela","Lagrimas De Amor","Learn Spanish","Playlist","ES5630700021","7wjQF9XTCrjvQZLeZBGMWs"
"Con la luna llena","Melendi","Sin Noticias De Holanda","Learn Spanish","Playlist","ES5080600389","5VwYcCKNAgDqDJ9ah9tDGl"
"Con sólo una sonrisa","Melendi","Que El Cielo Espere Sentao..","Learn Spanish","Playlist","ES5080600439","0hZe1cdSm3wc5Gay229mJd"
"El Roce De Tu Piel","Polo Nandez","El roce de tu piel","Learn Spanish","Playlist","QMFMF2507249","4mAN3lcleDDn6CezrW05qe"
"Un violinista en tu tejado","Melendi","Curiosa La Cara De Tu Padre","Learn Spanish","Playlist","ESD010800122","62sv8pbKqGwVeN4F20DSXM"
"Tu jardín con enanitos","Melendi","Lágrimas desordenadas","Learn Spanish","Playlist","ES5151201508","6yCjU5j6YHbux2VQCBTTE1"
"La promesa","Melendi","Un alumno más","Learn Spanish","Playlist","ES5151401230","2GJyBJWPmnM7pK961cB6iV"
"Quién Me Diría","Polo Nandez","Quién Me Diría","Learn Spanish","Playlist","ESUM72302008","6350jXu89L6Ul7OyuGkOnY"
"Lágrimas desordenadas","Melendi","Lágrimas desordenadas","Learn Spanish","Playlist","ES5151201509","1dp62fHaXUP0Zh45voegpI"
"Soldadito marinero","Fito y Fitipaldis","Lo mas lejos a tu lado","Learn Spanish","Playlist","ES5010300350","0eVborSuxUeSg0meWYd9dZ"
"Tragicomedia","Estopa","¿La Calle Es Tuya?","Learn Spanish","Playlist","ES5020400009","0P6f1wsiwEvl89jUosdJMt"
"Cada dos minutos (con Rulo y la Contrabanda y Kutxi Romero)","Despistaos","Vivir al reves","Learn Spanish","Playlist","ES5150700175","4RQjgQaT9mJpMNoxqoGdAh"
"Hablando en plata - 2003 Remastered Version","Melendi","Sin Noticias De Holanda","Learn Spanish","Playlist","ES5080600390","7gHXpZ9RfD5ym9GZWlo35F"
"Barbie de extrarradio","Melendi","Volvamos a empezar (Deluxe edition)","Learn Spanish","Playlist","ES5151001358","7bp62Lo0nOBcfB70iUoibE"
"Canción de amor caducada","Melendi","Volvamos a empezar (Deluxe edition)","Learn Spanish","Playlist","ES5151001365","3eK4BTtVYCtGDiwSto6uNY"
"Asturias - 2006 Remastered Version","Melendi","Sin Noticias De Holanda","Learn Spanish","Playlist","ES5080600395","49NjyMF2NnxNktEmi2Xge3"
"Kisiera yo saber","Melendi","Mientras No Cueste Trabajo","Learn Spanish","Playlist","ES5080600741","6eq7Ona0USHJVwIIzjxzta"
"Todo","Pereza","Animales","Learn Spanish","Playlist","ES5020500056","09QG9D1BI4TRvGq64NghRg"
"Esta soy yo","El Sueño de Morfeo","El sueño de Morfeo (reedicion)","Learn Spanish","Playlist","ES7210511606","2kaHorrtVLo9brE37NQvGa"
"Toda la noche en la calle","Amaral","Estrella De Mar","Learn Spanish","Playlist","ES5030200003","3UmPmOnwIlGM6MtlY7s4dz"
"Ni Ruido","Polo Nandez","Ni Ruido","Learn Spanish","Playlist","US6R22579958","4QU2TJFPjRodYt5dPkZeys"
"Soñaré","La Oreja de Van Gogh","Dile al Sol","Learn Spanish","Playlist","ES5119800759","4gH3ZZgTokyO3ytwa9tr1I"
"Inmortal","La Oreja de Van Gogh","A las Cinco en el Astoria","Learn Spanish","Playlist","ES5020800437","1YyTA0ysYP9F3ry6lqOJB4"
"Puedes Contar Conmigo","La Oreja de Van Gogh","Lo Que Te Conte Mientras Te Hacias La Dormida","Learn Spanish","Playlist","ES5110304433","1hbWtHgRDG25DkmxE4I28V"
"Barry se ha olvidao","Quinto Diario","Barry se ha olvidao","Learn Spanish","Playlist","QM3DF2514024","45bw8A2FPFM47Dc4ncWtDu"
"Cuenta Pendiente","Paty Cantú","#333 (Edición Deluxe)","Learn Spanish","Playlist","MXUM71701670","6qu53IWTHi9odNr4hBDHk6"
"Conmigo y contra mí","O'Cristo","Conmigo y contra mí","Learn Spanish","Playlist","QMBZ92544101","3uJiPlZ2WBWceRQPqAisgs"
"Pienso en Aquella Tarde","Pereza","Algo para Cantar","Learn Spanish","Playlist","ES5020200442","5dncXckT4fSDlyEL9QgzuY"
"Cuando Brille el Sol (with Manuel Espana)","Melocos","45 R.P.M.","Learn Spanish","Playlist","ES5021000163","2T0hFOkypPat3w4K5mc7fc"
"Partiendo la Pana","Estopa","Destrangis","Learn Spanish","Playlist","ES5020100794","4BtggpHp17Ak3RP0LITrue"
"GANAS DE HUIR","Andrew Benavides","GANAS DE HUIR","Learn Spanish","Playlist","QMANG2506976","2OWa7nVBlxIPBNm32ZTOYy"
"Lo Que Tengo Yo Adentro","Pereza","Animales","Learn Spanish","Playlist","ES5020500055","1a6oQj34EPwGYkIJChMed4"
"Acabo de llegar","Fito y Fitipaldis","Por la boca vive el pez","Learn Spanish","Playlist","ES5010600948","5LlXYUfSei584BdUJ05Lo3"
"Tenía Tanto Que Darte","Nena Daconte","Retales De Carnaval","Learn Spanish","Playlist","ES5700802725","3Th2of8xIYyImVLXUbzaTp"
"Como Lo Tienes Tu","Pereza","Animales","Learn Spanish","Playlist","ES5020500057","30y52XjphJO3jDMgKMhBvs"
"Marta, Sebas, Guille y los demás - Live at Palacio de los Deportes, Madrid","Amaral","La Barrera Del Sonido","Learn Spanish","Playlist","ES66A0900021","2KsBYMpRIQrQgYiax8jidt"
"Caminando por la vida - Remasterized","Melendi","Caminando Por La Vida [USA Release]","Learn Spanish","Playlist","ES5080700531","3LCDtqtOahsFBL0Z5iwRuD"
"Latidos","Polo Nandez","Latidos","Learn Spanish","Playlist","ES5702200492","0M1WVPWkzCXrC9oNc83dke"
"Indestructibles","La Habitación Roja","Fue Eléctrico (Edición Deluxe)","Learn Spanish","Playlist","ES7001214604","1mRbGtScYckQQFBV787DxE"
"Pienso en Aquella Tarde - Nueva Versión","Pereza","Algo para Cantar","Learn Spanish","Playlist","ES5020300501","2VTaauLbYR0VxWaT9rlQFi"
"Sirenas","Taburete","Dr. Charas","Learn Spanish","Playlist","SEYOK1647309","4unOsvr9C2NqI9aJXrxpCy"
"Subir las apuestas","O'Cristo","Subir las apuestas","Learn Spanish","Playlist","QMFMF2533475","5u5QQMRsGtty834Oox8ihg"
"Amos del Piano Bar","Taburete","Tres Tequilas","Learn Spanish","Playlist","SEYOK1526899","1iaEMe2DMl2IrSYtPa1Dht"
"Breaking Bad","Leiva","Monstruos","Learn Spanish","Playlist","ES5021600393","0aePOPP6t864hWQGL8izY5"
"Belerofón","Taburete","Madame Ayahuasca","Learn Spanish","Playlist","ES60D1800002","2g25vi83iObKS4sAhflNH3"
"Cómo Te Atreves","Morat","Sobre El Amor Y Sus Efectos Secundarios","Learn Spanish","Playlist","ES5701501180","7M6CFruBrM5x7u0lTMtm6r"
"Como Si Fueras a Morir Mañana","Leiva","Nuclear","Learn Spanish","Playlist","ES5021801187","4aAfLSx9IthpC3Pw5pNk3E"
"Madame Ayahuasca","Taburete","Madame Ayahuasca","Learn Spanish","Playlist","ES60D1800004","6lsPoLhlc3v7KgFXHeg0Fi"
"Historias Inventadas","María Parrado","Historias Inventadas","Learn Spanish","Playlist","ES71G2320060","4A5LMJfjDHvbzQ4iRsPhKf"
"En Que Estrella Estara","Nena Daconte","He Perdido Los Zapatos","Learn Spanish","Playlist","ES5700501320","1msphInQ8bBBQGFZkll7FX"
"Para toda la vida","El Sueño de Morfeo","Nos vemos en el camino","Learn Spanish","Playlist","ES7210703101","62dPw5rmYSugTu9BhCIfLH"
"La Revolución Sexual","La Casa Azul","La Revolución Sexual","Learn Spanish","Playlist","ES6640700035","5zHvsFZoCzLmhbRbYDkg42"
"Eres Tonto","El Canto Del Loco","Personas","Learn Spanish","Playlist","ES5020800105","4b0nenyFuMI1R48IoZBhTe"
"La LLuvia","María Villalón","Los Tejados Donde Fuimos Mas Que Amigos","Learn Spanish","Playlist","ES5020900448","1t2r6nMiN6i3bpem3qbwRk"
"De Perreo","Marlon","De Perreo","Learn Spanish","Playlist","ES5152101159","7Men0McTVqAHxfVrRCzb41"
"Son Sueños","El Canto Del Loco","A Contracorriente","Learn Spanish","Playlist","ES5020200001","0Gb0HHBCpDL3lYqaabpVu8"
"La casa por el tejado","Fito y Fitipaldis","Lo mas lejos a tu lado","Learn Spanish","Playlist","ES5010300346","428cFrawSqeLoyooQjAW9d"
"Una Foto en Blanco y Negro","El Canto Del Loco","Radio la Colifata Presenta: El Canto del Loco","Learn Spanish","Playlist","ES5020900783","0ybEAKy1d1vEwCXHHrmWeb"
"20 de abril","Celtas Cortos","Cuentame Un Cuento","Learn Spanish","Playlist","ES5019107006","7ifOnwJC0oH7cfbJQbUye1"
"Por la boca vive el pez","Fito y Fitipaldis","Por la boca vive el pez","Learn Spanish","Playlist","ES5010600944","24UStI5AYA7g5ufFDh3LH0"
"Mil Calles Llevan Hacia Ti","La Guardia","Vamonos","Learn Spanish","Playlist","ES5108800030","2c4lkvFscid22nr32FByC4"
"Chica de ayer","Nacha Pop","Nacha Pop","Learn Spanish","Playlist","ES5088003778","4chpfrjIqrOPshlDU4ZrKe"
"Nada Fue Un Error","Coti","Coti","Learn Spanish","Playlist","ES5700200030","5QhOF5HXgZ0OFUZSE5kEv1"
"Mi Estrella Blanca","Fondo Flamenco","Las Cartas Sobre la Mesa","Learn Spanish","Playlist","ES5160801260","15h9quQgltWsgYsdqSyPNb"
"Por el Miedo a Equivocarnos","Maldita Nerea","Es un Secreto...No Se Lo Digas a Nadie","Learn Spanish","Playlist","ES5020900235","4NiJpGk9DOMJJUOfyUo7ge"
"Tu Mirada Me Hace Grande","Maldita Nerea","Es un Secreto...No Se Lo Digas a Nadie","Learn Spanish","Playlist","ES5020900251","559iApdlv09JGqYMF89vGM"
"Todo lo que da","O'Cristo","nuevanostalgia","Learn Spanish","Playlist","ES71G2338697","4G0hQcQBOLXL3l8Ef68gY4"
"No Pide Tanto, Idiota","Maldita Nerea","Mira Dentro","Learn Spanish","Playlist","ES5021400515","01XfZZz4TAYbSDIIWdawzT"
"Bipolar","Pol 3.14","Bipolar","Learn Spanish","Playlist","ES7210916301","76UobMGukzzmaCFH8SWYvB"
"Me supo a poco","Marlon","Cosas que no se pagan con dinero","Learn Spanish","Playlist","ES5151702234","135xSFw3QlVAgPZk8qUiX7"
"Indios y Vaqueros","Sinsinati","Indios y Vaqueros","Learn Spanish","Playlist","USHM81832893","3u5GmyJP2MU3tEJgyiAG2T"
"Mi Macarena","Marlon","Cosas que no se pagan con dinero","Learn Spanish","Playlist","ES5151800949","0qkhT8lgkdup1LvckGsFyc"
"Tequila y Candela","Marlon","Marlon","Learn Spanish","Playlist","ES5151901180","2eAiqyeFHhjTozY5F2E7yH"
"Mi lugar","Sinsinati","Mi lugar","Learn Spanish","Playlist","ES5151901338","4sE9RVyVKXCN8axRureOq4"
"Física o química - Directo acústico","Despistaos","Los dias contados (Deluxe edition)","Learn Spanish","Playlist","ES5151200129","4Rim3sRKeG0cUGiZ4nzWvx"
"Cuando Éramos Dos","Sinsinati","Cuando Éramos Dos","Learn Spanish","Playlist","USHM21803498","1sPw28uimhBPPvxpwmfljV"
"La primavera trompetera","Los Delinqüentes","El Verde Rebelde Vuelve","Learn Spanish","Playlist","ES5080400611","0CpOanyNd3l3X1Nqkyd6TB"
"24/7","Marlon","Marlon","Learn Spanish","Playlist","ES5152000083","1cyZZhmd8WCyn3fyQFN5VC"
"Volveré","Marlon","Marlon","Learn Spanish","Playlist","ES5151900398","3RyQMueumDXJD6ybMHpAR7"
"Caminito a Motel","Taburete","Tres Tequilas","Learn Spanish","Playlist","SEYOK1526902","06eq1Klk5R5JHrC2cdbMkG"
"El Mundo Al Revés","María Isabel","Ángeles S.A.","Learn Spanish","Playlist","ES5700704255","0jFtseI6Klxow3beFhJLMh"
"Jóvenes Eternamente","Pol 3.14","Jóvenes Eternamente","Learn Spanish","Playlist","ES7211116302","7y7wBlwoftRZQIWcFGv0IY"
"Terriblemente Cruel","Leiva","Polvora","Learn Spanish","Playlist","ES5021300743","0XPayKZFFZA2PwSRNi1pVU"
"Gurús","O'Cristo","nuevanostalgia","Learn Spanish","Playlist","ES71G2333103","4EeiDHnRqxuTsXkhYCgbWW"
"El Fin del Mundo","La La Love You","La la Love You Bonus","Learn Spanish","Playlist","ES6061962001","70JnnNNAxPjvZGPwjJfX47"
"Cero","Dani Martín","Dani Martin","Learn Spanish","Playlist","ES5021300382","5vCgDt0CtheaWVKzMW5KkO"
"Guantanamera","Guitarricadelafuente","Guantanamera","Learn Spanish","Playlist","QM6P42042849","5QAya5bSSiKlh1h4qeeq38"
"16 Añitos","Dani Martín","Pequeño","Learn Spanish","Playlist","ES5021000468","0tgiIdA7BEKOM6nSdBX84T"
"Aunque Tu No Lo Sepas","El Canto Del Loco","Por Mi y por Todos Mis Compañeros","Learn Spanish","Playlist","ES5020900797","0iASz3FoYYtX1SL1iQra8r"
"Walter Palmeras","Taburete","Tres Tequilas","Learn Spanish","Playlist","SEYOK1526901","3RfgNHdynjLIfxDjunNQ1a"
"Un Planeta Llamado Nosotros","Maldita Nerea","Un Planeta Llamado Nosotros","Learn Spanish","Playlist","ES5021900937","29UkXUrWYGoPsxEesEH3qZ"
"Qué Bien","IZAL","Magia & Efectos Especiales","Learn Spanish","Playlist","ESA081200089","3iaj0MtII6VPVhwQa4eeX3"
"Besos En Guerra","Morat","Balas Perdidas","Learn Spanish","Playlist","ES5701700822","1mlGScrDQqHqmhdIqE8MmA"
"Tanto la Queria","Andy & Lucas","Andy Y Lucas","Learn Spanish","Playlist","ES5020300160","2VSGzQqy9nqJefcYGJNWst"
"Mi Macarena (feat. David Summers)","Marlon","Mi Macarena (feat. David Summers)","Learn Spanish","Playlist","ES5152100490","0rCrJh97xgXdB0m8xt8l7h"
"Todo","Pereza","Esencial Pereza","Learn Spanish","Playlist","ES5020500056","1TqIHG4IzTsb4rgyH3zgwz"
"Qué Bonito Es Querer","Manuel Carrasco","La Cruz Del Mapa","Learn Spanish","Playlist","ES5701801172","6uzGmmQ4CuG9HvZktEy0LF"
"No Te Preocupes por Mi","Leiva","Nuclear","Learn Spanish","Playlist","ES5021801023","7hv7synVPhVu30Ex2amJQc"
"Disparos","Dani Fernández","Incendios","Learn Spanish","Playlist","ES5151900112","2F75mXaavRl0hm3rtM15cq"
"Nuclear","Leiva","Nuclear","Learn Spanish","Playlist","ES5021801185","3AxnYFtzJXhCCyqauj74GL"
"Amasijo de huesos","Sidecars","Cuestión de gravedad","Learn Spanish","Playlist","ES5151701226","72S6UNewVaLv3XqdcZ5J4L"
"Entre Tus Piernas","Taburete","Madame Ayahuasca","Learn Spanish","Playlist","ES60D1800005","1orKDrFmHu3cFdZLcvjksK"
"Me Dijeron De Pequeño","Manuel Carrasco","La Cruz Del Mapa","Learn Spanish","Playlist","ES5701800928","5C5BBcHPPK95HC3Qvg9nmH"
"Abierto en Vena","Taburete","La Broma Infinita","Learn Spanish","Playlist","ES60D2000024","4gNz9WvtWTTalMYMyYVO4I"
"Déjame Ser","Manuel Carrasco","La Cruz Del Mapa","Learn Spanish","Playlist","ES5701801163","3cJGFgemiI7gROm7AzRAiR"
"Me Inventaré (with Dani Martin) - Versión 2018","Funambulista","Me Inventaré (with Dani Martin) [Versión 2018]","Learn Spanish","Playlist","ES5021800120","4uQQEtePHlxtRqzYsdUs4N"
"Fuego","Estopa","Fuego","Learn Spanish","Playlist","ES5021900664","5Aax4WuBCyiVp4NDB3lg5j"
"Cosas que no se pagan con dinero","Marlon","Cosas que no se pagan con dinero","Learn Spanish","Playlist","ES5151601981","2mFraxrfwwq2vqIyGXCK8b"
"Paseo","Estopa","Voces de Ultrarumba","Learn Spanish","Playlist","ES5020500315","6pWeJvzpQR1ihiUSJklOzD"
"Partido a Partido","Leiva","Partido a Partido","Learn Spanish","Playlist","ES5022000667","6yGQ5s5denSu8fX0VHGh69"
"Lady Madrid - Madrid Nuclear - En Directo","Leiva","Madrid Nuclear - En Directo","Learn Spanish","Playlist","ES5022000606","29ioGonb03ycTvJPDVJcfJ"
"Amo la Vida","El Vega Life","Amo la Vida","Learn Spanish","Playlist","QZHN42047983","4JoJmqZFGRoibGp6R8vwvd"
"Dieciocho","Dani Martín","Dieciocho","Learn Spanish","Playlist","ES5021800197","3nN5n70vM1tAMWBDZaRbxS"
"Como las Olas y el Mar","El Vega Life","Como las Olas y el Mar - Single","Learn Spanish","Playlist","USDHM1617783","2u4aGPJoJHi1OJKlnXKV5v"
"La Llamada","Leiva","La Llamada","Learn Spanish","Playlist","ES5021701656","5ZCamgcqvkckdf2FdfYuth"
"Quiero Ser","Amaia Montero","Amaia Montero","Learn Spanish","Playlist","ES5020800515","2SxtZcr9RPVvKnVPqUmiPe"
"Días de verano","Amaral","Pájaros En La Cabeza","Learn Spanish","Playlist","ES5080500019","3JhllUTyXy2ceSTzNSErBC"
"Tu mejor pesadilla","Sidecars","Cuestión de gravedad","Learn Spanish","Playlist","ES5151701221","5cvGhpjH7NPeKpgHNeBnHW"
"Porfa no te vayas","Beret","Porfa no te vayas","Learn Spanish","Playlist","ES5152100363","4J2HLNTxiVxxs6kWgTIN43"
"Te esperaré toda la vida","Dani Fernández","En llamas","Learn Spanish","Playlist","ES5151801359","6MCPhEshiLRXgdFKqvr478"
"Golpe de Suerte","Cheti","Golpe de Suerte","Learn Spanish","Playlist","QZES61977212","3RQ5s7sa6pTz4pY9KkGKmb"
"Carolina - En directo 2000","M-Clan","Sin Enchufe","Learn Spanish","Playlist","ES5010019001","4UtREbGYnd1nZLckEb5y8J"
"Uno más uno son 7","Fran Perea","La Chica de la habitacion de al lado","Learn Spanish","Playlist","ES7210311803","3Af6XfS90PAZaC4Q2AjPtg"
"No Dudaría - En Directo En El Liceu / 2008","Rosario","Parte De Mí","Learn Spanish","Playlist","ES5700800729","0a9aY5CZKqHE7x0K8Q9rvF"
"Sopa fría","M-Clan","Sopa fria","Learn Spanish","Playlist","ES5010400291","1zLJEnxuZBgPbwMrDMiZAf"
"Todo Me Da Igual","Pignoise","Año Zero","Learn Spanish","Playlist","ES5021000128","4BBC0JXqqZbQH5rQwjiUkp"
"Uno X Uno","Manuel Carrasco","Bailar El Viento","Learn Spanish","Playlist","ES5701501040","75K7Mczlt0zxANo8MEOaAu"
"Mira Niño","María Isabel","¡No Me Toques Las Palmas Que Me Conozco!","Learn Spanish","Playlist","ES6010400492","1D1KtsKnLAjXkok0UwR6qK"
"Volveré","Marlon","Volveré","Learn Spanish","Playlist","ES5151900398","7mUQIgokKUIVJtnk4w54xa"
"Nunca volverá","El Sueño de Morfeo","El sueño de Morfeo (reedicion)","Learn Spanish","Playlist","ES7210511607","3TZiiTNmVhLRMhPksHqk8M"
"Madrid","Pereza","Esencial Pereza","Learn Spanish","Playlist","ES5020500064","4MVkIT9SDK1Ewqabdy4RcN"
"Ni Una Sola Palabra","Paulina Rubio","Ananda","Learn Spanish","Playlist","MXUM70600579","5xXYuYk2CzHfk3kLKYmRRb"
"Puedes Contar Conmigo","La Oreja de Van Gogh","Esencial La Oreja de Van Gogh","Learn Spanish","Playlist","ES5110304433","2GxFJkHlf9ElVdpCvETgXn"
"A un Palmo de la Gloria","El Niño de la Hipoteca","Operación Guitarra Sessions","Learn Spanish","Playlist","QMDA71561825","3bxTMZlxWO02pNNm4j1Vt1"
"La Niña Que Llora en Tus Fiestas","La Oreja de Van Gogh","Cometas Por El Cielo","Learn Spanish","Playlist","ES5021100465","0lTKqVmGitaJGRf1DzhaFV"
"Golpe de Suerte","Cheti","Golpe de Suerte","Learn Spanish","Playlist","QZES61977212","66HWDbQCPH1aEsqW9HtDjE"
"El Misterio","Fondo Flamenco","Paren el Mundo, Que Me Bajo","Learn Spanish","Playlist","ES5161001459","5vziuAJHLxrEKbI1ORlK0Z"
"Alegría de Vivir","Tu Otra Bonita","Alegría de Vivir","Learn Spanish","Playlist","ES5152100556","4sJtmGdpGZKr8XMfiyJj3E"
"A Dónde Vamos","Morat","A Dónde Vamos","Learn Spanish","Playlist","ES5701901296","671sG3ETDxC3L6qcGIrHRM"
"Quiero Ser","Amaia Montero","Amaia Montero","Learn Spanish","Playlist","ES5020800515","2SxtZcr9RPVvKnVPqUmiPe"
"Me Emborracharè","Grupo Extra","Salsa Classics - The Best Latin Hits of All Times","Learn Spanish","Playlist","CH9181800019","6Dz1e7dioURyYCP26FGLF6"
"Labios Compartidos","Maná","Amar Es Combatir","Learn Spanish","Playlist","MXF150600448","4C2zOFgrXxfNGNpYQWIcaH"
"Héroes del Sábado","La Maravillosa Orquesta del Alcohol","Salvavida (de las Balas Perdidas)","Learn Spanish","Playlist","ES71G1740040","5Wcz0MyZQa7tgPu62WMqzl"
"Eras Tu","Merche","Necesito Libertad","Learn Spanish","Playlist","ES6010500521","1ayLQcNwISmhnjLHOtUYrM"
"Ciega, Sordomuda","Shakira","Donde Estan Los Ladrones","Learn Spanish","Playlist","COS019800787","7jxHeJLVpnP7S08JFF4GBi"
"La vereda de la puerta de atrás","Extremoduro","Yo, Minoría Absoluta","Learn Spanish","Playlist","ES5010200021","4kJP8Z888wREJ8bRMWNMuk"
"El Patio","Pepe y Vizio","El Patio","Learn Spanish","Playlist","QM6N22278124","0PtLrH95CQ2lKf6pym5LmA"
"20 de Enero","La Oreja de Van Gogh","Lo Que Te Conte Mientras Te Hacias La Dormida","Learn Spanish","Playlist","ES5110304434","4XdePl1vOF1cYjTBYeYU9j"
"Sin ti no soy nada","Amaral","Estrella De Mar","Learn Spanish","Playlist","ES5030100199","7cQ7axcCXsa963OluHTWlS"
"Moriría por vos","Amaral","Estrella De Mar","Learn Spanish","Playlist","ES5030200002","2Ec0VmnItt52GPU6A9Vya3"
"Te necesito","Amaral","Estrella De Mar","Learn Spanish","Playlist","ES5030200004","4vcFY3PrJmxAQAnqkm0EQR"
"El Nano","Melendi","El Nano","Learn Spanish","Playlist","ES7490800002","5X7zViJE5FvOZ8vhcVk1NV"
"Stand By","Extremoduro","Yo, Minoría Absoluta","Learn Spanish","Playlist","ES5010200022","6BxCmy6vGbuOckxg6YfQOW"
"90 Minutos","India Martinez","Trece Verdades","Learn Spanish","Playlist","ES5021100438","4hO4Y9WR9NL5L7XnqtbTyE"
"Vencer al Amor","India Martinez","Trece Verdades","Learn Spanish","Playlist","ES5021100401","7IHiDADeuHfX6slqmYUVSA"
"La Saeta","India Martinez","La Saeta","Learn Spanish","Playlist","ES5022000235","7EkPV7TcuMvpY86ozUMg7i"
"Un Año Mas","Mecano","Descanso Dominical (Bonus Tracks Edition)","Learn Spanish","Playlist","ES5028800035","2cRx7vvWzuf4FrYWZBubJk"
"P'aquí p'allá","La Fuga","A las 12","Learn Spanish","Playlist","ES5010200662","5yizPiC4hxXyO2H5eGHMoM"
"Un Buen Dia","Los Planetas","Unidad De Desplazamiento","Learn Spanish","Playlist","ES5020000465","53AdGgVPCP8P4CutTFKJ1V"
"La Mujer de Verde","IZAL","Magia & Efectos Especiales","Learn Spanish","Playlist","ESA081200090","72wNM7VYxTZ1PawCKzfTZx"
"Con Las Ganas","Zahara","La Fabulosa Historia De... (Edited Version)","Learn Spanish","Playlist","ES5700900597","65S18KXTH1fl5AYnKOJN6r"
"El Sol No Regresa","La Quinta Estacion","Flores De Alquiler","Learn Spanish","Playlist","MXF010400019","2awKQgW88iq9jFM54VaCAp"
"Emborracharme","Lori Meyers","Impronta","Learn Spanish","Playlist","ES5701201635","67DveIUUjToBiKJwMnFZiJ"
"Me Muero","La Quinta Estacion","El Mundo Se Equivoca","Learn Spanish","Playlist","MXF010600412","3ri9fLG89OdSpjxheYxU7S"
"Cualquier Otra Parte","Dorian","Cualquier Otra Parte","Learn Spanish","Playlist","ES71G1501799","6pXK1LCIXvPNmikG50rDC1"
"Copenhague","Vetusta Morla","Un Día en el Mundo","Learn Spanish","Playlist","ES55C1060004","4bZEZhCq2kqUxnMacXVl5x"
"Copacabana","IZAL","Copacabana","Learn Spanish","Playlist","ES71G1507958","4hTXeWayUVMwoz6v1CviSN"
"Pequeña Gran Revolución","IZAL","Copacabana","Learn Spanish","Playlist","ES71G1508719","3ztnp89aCU5OMQBlbIkEI8"
"Cometas por el Cielo","La Oreja de Van Gogh","Cometas Por El Cielo","Learn Spanish","Playlist","ES5021100491","1LQ7CX91iniEXCasBSiKrd"
"Loco","Melendi","Mientras No Cueste Más Trabajo","Learn Spanish","Playlist","ES5080600750","4Aco6tWxQkMyfRSDrpA82C"
"Respirar","Bebe","Cambio de piel","Learn Spanish","Playlist","ES5151501981","6Yf2PUq5aZxrCrkNMMIkHo"
"Arriba Extremoduro","Melendi","Mientras No Cueste Trabajo","Learn Spanish","Playlist","ES5080600752","5jwyM0a0Na89a0EfYMih4N"
"Calle la Pantomima","Melendi","Mientras No Cueste Trabajo","Learn Spanish","Playlist","ES5080600743","6XKvP9q9B4RGIVmvZ22MwT"
"Melody","Raul Moreno","Melody","Learn Spanish","Playlist","ES64E2206037","1PCJ79eVTQArW4Orcx7RX4"
"Todos Los Besos","Los Rebujitos","El Niño Pena","Learn Spanish","Playlist","ES6671000847","0BQXMBMiFDuRgEp73vLNet"
"Sarà perché ti amo","DJ Matrix","Musica da giostra, Vol. 5","Learn Spanish","Playlist","ITK191800012","7kLF4qbwgmeryXvrFmkHAb"
"Cuando Calienta El Sol","Luis Miguel","Soy Como Quiero Ser","Learn Spanish","Playlist","USWI19600297","3hVaK0zn3sVWWY8TvN1Te5"
"Te regalo","Carlos Baute","Baute","Learn Spanish","Playlist","ES5150512003","0fmgOwkb9AwgzXhYVSZRDs"
"Quién te quiere como yo","Carlos Baute","Amartebien (Deluxe edition)","Learn Spanish","Playlist","ES5151001844","7kT8GFH03WvZmqsGTa9pho"
"Antes Que Ver El Sol","Coti","Coti","Learn Spanish","Playlist","ES5700200029","7rtg1g0CAgmFOntaagbHgG"
"Looking for Paradise (feat. Alicia Keys)","Alejandro Sanz","Paraíso Express","Learn Spanish","Playlist","ES5150901163","02f5iKhfXVvCWK641es1sT"
"La roja baila - Himno oficial de la selección española","Sergio Ramos","La Roja Baila (Himno Oficial de la Selección Española)","Learn Spanish","Playlist","ES5151601364","5EbklL3iBxWedD57pMIFXM"
"Wavin' Flag - Coca-Cola® Spanish Celebration Mix","K'NAAN","Troubadour (Champion Edition - Español Repackage)","Learn Spanish","Playlist","USUM70921689","0l6t6VVX8b0rzetokYAl3L"
"Ave María","David Bisbal","Corazón Latino","Learn Spanish","Playlist","ES6010200293","5U4pDBaeq2Jl2dKuWWUSsh"
"Corazón Latino","David Bisbal","Corazón Latino","Learn Spanish","Playlist","ES6010200303","36inQzyICgt9y0jddpVQe1"
"4 ""","Amaia Montero","Amaia Montero","Learn Spanish","Playlist","ES5020800523","7zHlWEOxOTYTVQltaM8go1"
"Dulce Locura","La Oreja de Van Gogh","Guapa","Learn Spanish","Playlist","ES5020500453","1I3O8YESvj6G6TqHaJTvEU"
"Puede Ser (with Amaia Montero)","El Canto Del Loco","A Contracorriente","Learn Spanish","Playlist","ES5020200047","1TtwCkFbGv89XmuUNmoINt"
"Cuéntame al Oido","La Oreja de Van Gogh","Dile al Sol","Learn Spanish","Playlist","ES5119800756","75QcWSFMIh8wkbGHdVQoju"
"Cuando Te Beso (with ROSALÍA) - En Directo","Niña Pastori","Realmente Volando (En Directo)","Learn Spanish","Playlist","ES5021800839","1uAGwsFrgLgjBzp5F5bO3a"
"Tu lista de enemigos","Melendi","Lágrimas desordenadas","Learn Spanish","Playlist","ES5151201511","0upIaaxL0LvLKwDoNywZCL"
"Aprendiz de caballero","Melendi","Lágrimas desordenadas","Learn Spanish","Playlist","ES5151201512","2HgM71RWD7OtqaWpaWpSwT"
"Autofotos","Melendi","Lágrimas desordenadas","Learn Spanish","Playlist","ES5151201513","4XrhmxF5KdheYU4HNd1rYK"
"De repente desperté","Melendi","Lágrimas desordenadas","Learn Spanish","Playlist","ES5151201518","1cGOP158WesIqued270rGg"
"La tortura de Lyss","Melendi","Lágrimas desordenadas","Learn Spanish","Playlist","ES5151201515","4GzVzlMkT3hnORiXvN81kt"
"Saraluna","Melendi","Un alumno más","Learn Spanish","Playlist","ES5151401228","2mDEThbsrYVG4xb6lzVrq2"
"Cenizas en la eternidad","Melendi","Un alumno más","Learn Spanish","Playlist","ES5151401988","7dgFxeKMK5U5WVcNKEH66s"
"El amor es un arte","Melendi","Un alumno más","Learn Spanish","Playlist","ES5151401232","5FzzxbWx6fEYs9NeTvk20g"
"Tú de Elvis yo de Marilyn","Melendi","Un alumno más","Learn Spanish","Playlist","ES5151401233","4JoC9tR0igdr4HuUXo4uT3"
"Todo Contigo","Álvaro De Luna","Todo Contigo","Learn Spanish","Playlist","ES5152300175","4rQu72zFJz3qne1bnEkVSt"
"Cuando Me Enamoro","Enrique Iglesias","Euphoria","Learn Spanish","Playlist","GBUM71003036","4PHX6bpHDxiR9RGzAKWcyk"
"Celos","Andy & Lucas","Desde mi barrio","Learn Spanish","Playlist","ES5020400365","0NYWDlaBz5ejU8N8g8GRFV"
"Quién","Pablo Alborán","Tanto (Edición Premium)","Learn Spanish","Playlist","ES7661200010","5ZZuokF4h1FlfTlSQhLCmG"
"Algo Especial en Ti","Sarayma","Algo Especial en Ti","Learn Spanish","Playlist","ES6671803277","0j2hPd7ut9yLEhBGqggb3D"
"A Mí Na Ma","El Arrebato","Abrazos","Learn Spanish","Playlist","ES5701900825","49zAcIhZYTG7aB5J6tjyiN"
"Entre Tus Brazos","Sarayma","Déjame Soñar","Learn Spanish","Playlist","ES6671401883","02KzSuRKrfCNvz7rlN8Es4"
"La Correcta","Nabález","La Correcta","Learn Spanish","Playlist","ES5701800151","1ISamB2lPDAeKb4Js2hLgq"
"Pop","La Oreja de Van Gogh","El Viaje de Copperpot","Learn Spanish","Playlist","ES5110002869","4FXSEdmbbeGmPIQltH27C8"
"Entre Sobras Y Sobras Me Faltas","Antonio Orozco","Entre Sobras Y Sobras Me Faltas","Learn Spanish","Playlist","ES5702000542","2y4tVYe37VJaEkYbWTJvHE"
"Dejaría Todo","Chayanne","Atado a Tu Amor","Learn Spanish","Playlist","NLB639850004","79mdw3IznNCFsF7R9O2KGz"
"Insurrección (con Manolo García)","Miguel Ríos","Miguel Ríos y las estrellas del Rock latino","Learn Spanish","Playlist","ES5320100902","5JD2HODIglXaNJopWb248t"
"La Tortura (feat. Alejandro Sanz)","Shakira","Fijación Oral Volumen 1 (Expanded Edition)","Learn Spanish","Playlist","USSM10501700","53AafWSzYsiJKnAtJTUB5f"
"Baila Morena - New Spanish Version","Zucchero","Shake","Learn Spanish","Playlist","IT9000200072","0M2YkvoDWKgEvLaCmdH3Gv"
"Suerte (Whenever, Wherever)","Shakira","Laundry Service","Learn Spanish","Playlist","NLB630100326","3TY1PFZXmYeiLcXygB74My"
"Loba","Shakira","Loba","Learn Spanish","Playlist","USSM10903531","30XvfCUPHSK2rzxmPlJGFf"
"Duele El Amor","Aleks Syntek","Mundo Lite","Learn Spanish","Playlist","MXF060400910","0oXLSuno5adlHcPzlzs8l6"
"Es Por Ti","Juanes","Un Día Normal","Learn Spanish","Playlist","USUL10500058","3b1IQflSLrgzYQPGFzI9cl"
"Fiesta Pagana","Mägo de Oz","Finisterra","Learn Spanish","Playlist","ES6880400795","02dphTJYUQ9pmdNC52iyOz"
"La Costa Del Silencio","Mägo de Oz","Gaia","Learn Spanish","Playlist","ES6880300103","4mTsRdFE28MYlrZo8N4Es0"
"Llamando a la tierra - Serenade From the Stars","M-Clan","Usar Y Tirar","Learn Spanish","Playlist","ES5019919002","7M65iLprqQ9UJNqer4g6AM"
"Torero","Chayanne","Chayanne","Learn Spanish","Playlist","NLB630200016","2es7AohVgF03LwjmQyaVMl"
"Me equivocaría otra vez","Fito y Fitipaldis","Por la boca vive el pez","Learn Spanish","Playlist","ES5010600949","5SMdW9cbM4wTMMPI8Ck08a"
"La Revolución Sexual","La Casa Azul","La Revolución Sexual","Learn Spanish","Playlist","ES6640700035","467JNZWcg0rpOFoDrVeyfV"
"Desde Brasil","Café Quijano","La taberna del Buda","Learn Spanish","Playlist","ES5150131002","7H0PDJwUMTdwQEBb3gXMeI"
"Colgando en tus manos (con Marta Sánchez)","Carlos Baute","De mi puño y letra - Edicion Coleccionista","Learn Spanish","Playlist","ES5150801314","3UI9I3e1g1y5T3SMfdgfGO"
"Cómo hablar","Amaral","Una Pequeña Parte Del Mundo","Learn Spanish","Playlist","ES5030000043","3DYm7Lp7Fc3xf6WSCq5ntE"
"Antes de que cuente diez","Fito y Fitipaldis","Antes de que cuente diez","Learn Spanish","Playlist","ES5150901016","3xiNRrrVROKlHrflHGNTfG"
"Cuídate","La Oreja de Van Gogh","El Viaje de Copperpot","Learn Spanish","Playlist","ES5110002863","7gqIqyeCaV2xNtfZWxEphD"
"Como un lobo (Dueto 2007)","Miguel Bosé","Papito (Deluxe)","Learn Spanish","Playlist","ES5150603018","0rX7mbNXYmAolFCY2TYVPH"
"El aire de la calle","Los Delinqüentes","El Sentimiento Garrapatero Que Nos Traen Las Flores","Learn Spanish","Playlist","ES5030100103","2PaETSKl3w3IdtLIbDnQXJ"
"Azul","Cristian Castro","Grandes Hits","Learn Spanish","Playlist","USBL10100287","6pHCJmx9FXnMwEqB0LWUEH"
"Fuego en el Fuego","Eros Ramazzotti","Estilolibre (Spanish Version)","Learn Spanish","Playlist","NLA200000083","5zGJT3TTShcNHeJeDrjPvs"
"Vino Tinto","Estopa","Destrangis","Learn Spanish","Playlist","ES5020100806","15m2Op4d1ZtX0ScPaDNKcd"
"Color Esperanza","Diego Torres","Mis Favoritas","Learn Spanish","Playlist","ARF030101992","0KiZHfashmXDOeUFuxfviV"
"Nada Fue Un Error - Live In Spain / 2005","Coti","Esta Mañana Y Otros Cuentos","Learn Spanish","Playlist","ES5700500260","15RAXEkBCh62ZB6xddv0wO"
"Pa ti no estoy","Rosana","Rosana","Learn Spanish","Playlist","ES5150901504","74D5vPIqKXeha7ElxMLc8Z"
"Mi Estrella Blanca","Fondo Flamenco","Las Cartas Sobre la Mesa","Learn Spanish","Playlist","ES5160801260","7wUxc17WTlEFX8Bl9VQTYQ"
"Sin miedo a nada (feat. Amaia Montero)","Alex Ubago","¿Qué pides tú?","Learn Spanish","Playlist","ES5010100314","0EA40dd5ghMqemzoqWvo3E"
"Nunca el Tiempo Es Perdido","Manolo Garcia","Nunca El Tiempo Es Perdido","Learn Spanish","Playlist","ES5020100426","6jsV9z9GK2CPMByiLVMWXi"
"Nada Fue Un Error","Coti","Coti","Learn Spanish","Playlist","ES5700200030","1Ev18ptTlc3CBQMmKsIfjY"
"Rojitas","Extrechinato y Tu","Poesía Básica","Learn Spanish","Playlist","ES5010100122","5Srks36XWpQoF47EYF7ExI"
"No es lo mismo","Alejandro Sanz","No es lo mismo (Edicion Gira)","Learn Spanish","Playlist","ES5150306001","46jk84phtAjBnxFHZEy84d"
"Mañana","Mikel Erentxun","Ciudades de paso","Learn Spanish","Playlist","ES5010300022","2ajLNMlhZD1iHLSdxko6Q2"
"Te entiendo","Pignoise","Anunciado en Television","Learn Spanish","Playlist","ES7210621904","6uSIn5SVmUwile8TXoYMe6"
"El cielo no entiende","OBK","Antropop","Learn Spanish","Playlist","ES5080006902","648Myn15scOB98wpZ9jd3c"
"Ella","Bebe","Pafuera Telarañas","Learn Spanish","Playlist","ES5030400002","5XxcwLvZXDLGbwBK4G0ovH"
"Que Te Quería","La Quinta Estacion","Sin Frenos","Learn Spanish","Playlist","MXF010801020","4wDk9P2WSvHOsRW6SDYE7L"
"Años 80","Los Piratas","Ultrasónica","Learn Spanish","Playlist","ES5150011001","7EwISik6EOmK1CZhs68nsg"
"Por quererte","Efecto Mariposa","40:04","Learn Spanish","Playlist","ES5150900401","35rm7tY2YiGG2H4yDbqj87"
"Miedo","M-Clan","Sopa fria","Learn Spanish","Playlist","ES5010400298","47oZRFceogtlw8Kcu5UGaj"
"Donde Estan las Gatas","Alex Gargolas","Gargolas 3","Learn Spanish","Playlist","QM4TW2026983","0tIpUUbOYIWqvI50Ksf7D5"
"Felicidad","La Cabra Mecanica","Vestidos De Domingo (+ Remixes)","Learn Spanish","Playlist","ES5010100199","1pX5XE5hajZQ4lB6HuMVKa"
"Yo Quiero Bailar","Sonia Y Selena","Yo Quiero Bailar","Learn Spanish","Playlist","ES6010200113","4rFCPjKfgbEeNvs1Ku4nbd"
"En la Casa de Inés","Guaraná","El Efecto Guaraná","Learn Spanish","Playlist","ES5110003245","5nenV4D7Yw2efQxItXOasH"
"Turnedo","Ivan Ferreiro","Canciones para el tiempo y la distancia","Learn Spanish","Playlist","ES5150518002","541hgOF71B92Jpg4IU6kyx"
"Nada que perder","Pignoise","Anunciado en Television","Learn Spanish","Playlist","ES7210611901","0YSaKC66FGCWLxM9SoQA1f"
"La Canción Más Hermosa del Mundo","Joaquín Sabina","Dímelo En La Calle","Learn Spanish","Playlist","ES5020200513","3p9xDDH2S8lxwZMRWJtlul"
"Peter Pan","El Canto Del Loco","Personas","Learn Spanish","Playlist","ES5020800149","1gkBsKxTpVHIn1nLf05CUo"
"Son de Amores","Andy & Lucas","Andy Y Lucas","Learn Spanish","Playlist","ES5020300148","7BCer0V0I1CZDI6S6kYD44"
"Pastillas para Dormir","Estopa","Rumba a Lo Desconocido","Learn Spanish","Playlist","ES5021500629","0CQPWcVvEP0YqJudrQp3Pt"
"Sin Noticias De Holanda - 2006 Remastered Version","Melendi","Sin Noticias De Holanda","Learn Spanish","Playlist","ES5080600387","5tusuce6vJETlevXyuUQVn"
"Dos Hombres Y Un Destino","Bustamante","Bustamante","Learn Spanish","Playlist","ES6010200387","0PXR9yKbLubvf622wUEAE5"
"Un violinista en tu tejado","Melendi","Un Violinista En Tu Tejado","Learn Spanish","Playlist","ESD010800122","12MZRMXbJYQyorNxv8IRZ6"
"Cacho a Cacho","Estopa","Estopa","Learn Spanish","Playlist","ES5029900150","6VVBXRsXAuN5UvqKNw7j0l"
"Entre dos mares","Fito y Fitipaldis","Entre dos mares","Learn Spanish","Playlist","ES5151701837","6CVWQbpZwP2ioxJz6zUEoU"
"Estoy enfermo (con Melendi)","Pignoise","Cuestion de directo","Learn Spanish","Playlist","ES7210909101","3H4gp39BIC4t3guLhjJBZr"
"Agua","Jarabe De Palo","Depende","Learn Spanish","Playlist","ES5039800160","5omgFpiMt1CGHjQGfkwzvz"
"Antes Que Ver El Sol","Coti","Coti","Learn Spanish","Playlist","ES5700300031","0BJdpD3m8414QOj8iqFYMR"
"20 de abril","Celtas Cortos","Las 100 mejores canciones del Pop Español","Learn Spanish","Playlist","ES5019107006","7DPIYIsvSNXv6iG0KcR8YW"
"Limón y Sal","Julieta Venegas","Limón y Sal","Learn Spanish","Playlist","MXF010600234","4DKIsyQvxNwcCIWdryyC9I"
"Cadillac solitario","Loquillo","Rock & Roll Star - 30 años","Learn Spanish","Playlist","ES5018404003","3VNxbWlw9oVvxSnSbeiCBb"
"Labios Compartidos","Maná","Six Pack: Maná - EP","Learn Spanish","Playlist","MXF150600448","0vyEatwgB5xaBkmyXWqf3x"
"Guitarra Española","Rubén Pozo","Habrá Que Vivir","Learn Spanish","Playlist","ES5021701793","5Mh4cAyiUzsxHGTepEOWxY"
"Locura transitoria","Extremoduro","Para todos los públicos","Learn Spanish","Playlist","ES5151301880","6DWAOntbxkpsgKs9iJDEhW"
"Todos mis males (feat. Dani Martín) - Acústico","Sidecars","Contra las cuerdas","Learn Spanish","Playlist","ES5151600088","7riXYl8wPi1wkrYrGc56Yh"
"El Gigante de Big Fish","Leiva","Nuclear","Learn Spanish","Playlist","ES5021801191","78zQod0uqH9aeSEEAUNsRc"
"Resurrección","Amaral","Pájaros En La Cabeza","Learn Spanish","Playlist","ES5080500026","3Y5q9wzGttSBUJdsy7OoPL"
"Dulce introducción al caos","Extremoduro","La ley innata","Learn Spanish","Playlist","ES5150800589","1aDeaDooAd79p2sdImGG4a"
"Caminando por la vida","Melendi","Caminando por la vida","Learn Spanish","Playlist","ES5080600400","2nTlUSqBKN7FVsqD9y4MSf"
"Devuélveme a mi chica","Hombres G","Lo Mejor De Los Hombres G","Learn Spanish","Playlist","ES5018572005","6pYbhX5gYix4ESpbSUArnA"
"No Dudaria","Antonio Flores","ANTONIO / AL CAER EL SOL","Learn Spanish","Playlist","ES5118001337","6djqlcjQPGhxuZ6HERSgWw"
"Chica De Ayer","Nacha Pop","30 Años De La Movida","Learn Spanish","Playlist","ES5088003778","2eRLU7iAtraMJCLXaiAnUx"
"Cadillac solitario - Live","Loquillo Y Los Trogloditas","Cadillac Solitario [Live]","Learn Spanish","Playlist","ES5089801890","6q5ZYTfmBYejDU8RuIftqx"
"Déjame","Los Secretos","25Aniversario De Los Secretos (Doble)","Learn Spanish","Playlist","ES5709900368","74tDMKwGlhrYEFFEKhgRLA"
"El Mundo Tras el Cristal","La Guardia","2 En 1 - Vamonos - Cuando Brille El Sol","Learn Spanish","Playlist","ES5108800023","1VHM7HjNxtZkApy2EabI4e"
"No Te Jode (feat. Dani Flaco)","Rafa Pons","Persona, Animal o Cosa","Learn Spanish","Playlist","ES6101197512","0l9gLoRZA29H5CmggD7nIF"
"La Hierba Bajo el Asfalto","84","La Hierba Bajo el Asfalto","Learn Spanish","Playlist","ES7051100017","2CXwnnB8oDlE5bljx2hafC"
"Kisiera yo saber","Melendi","Mientras No Cueste Más Trabajo","Learn Spanish","Playlist","ES5080600741","51NjJwPDGMsYCdPOR3F3o8"
"Cien gaviotas","Duncan Dhu","20 años de canciones","Learn Spanish","Playlist","ES5018660000","5i07tC6hV5AtYTr0tsP0Uy"
"Voy a pasármelo bien","Hombres G","Lo Mejor De Los Hombres G","Learn Spanish","Playlist","ES5159321014","5Z8kZvVpjvgg8NuHKr9Ijs"
"Todo Me Da Igual","Pignoise","Todo Me Da Igual","Learn Spanish","Playlist","ES5021000128","2sG9YM9Vuw3wdkWxJV5f90"
"Donde Crecen Las Setas","Los Delinqüentes","Bienvenidos A La Época Iconoclasta","Learn Spanish","Playlist","ES79A0918009","6UfRJIAfm7FQWvgVCjAkCP"
"Cuando Brille el Sol","La Guardia","2 En 1 - Vamonos - Cuando Brille El Sol","Learn Spanish","Playlist","ES5109000041","0lFMpSl7fU4FU1ZfVWY7He"
"Flor de Primavera","84","El Burdel de las Sirenas","Learn Spanish","Playlist","ES75A0800015","2xEiwSjfMz3onyI2qIO3iB"
"Curiosa La Cara De Tu Padre","Melendi","Curiosa La Cara De Tu Padre","Learn Spanish","Playlist","ESD010800126","4fmgWb2cuRyOGvTTKZMlR1"
"Delgadito","La Rabia Del Milenio","Instintos Naturales","Learn Spanish","Playlist","ES5150135000","7vafezC0u0nftVpGF6jftk"
"Abri los Ojos","Maldita Nerea","Es un Secreto...No Se Lo Digas a Nadie","Learn Spanish","Playlist","ES8580700037","36URwWADAoGipjqq1YMWfz"
"Ya Nadie Te Quiere","Los Delinqüentes","El Verde Rebelde Vuelve","Learn Spanish","Playlist","ES5080400638","4B1eVZCzSNEfWckwBPTQMN"
"Venezia","Hombres G","Lo Mejor De Los Hombres G","Learn Spanish","Playlist","ES5018572000","7j9KvkECxdsQQesY1GktXj"
"Paloma - En directo 2005","Andrés Calamaro","El regreso","Learn Spanish","Playlist","ES5010500538","4lmtxXASjYGMBqMMfHIdKP"
"Caminito A Motel","Taburete","Tres Tequilas","Learn Spanish","Playlist","SEYOK1526902","3VptrSkImJN0c5KCEBHE65"
"El ataque de las chicas cocodrilo","Hombres G","Los Singles 1985-2005","Learn Spanish","Playlist","ES5018672006","36kgcT1pHnYuxzbmFILmnM"
"Escúchame Mujer","Fondo Flamenco","Contracorriente","Learn Spanish","Playlist","ES5160700867","7l7T7sVNiik8GrnLTT2Kan"
"El kilo","Orishas","El Kilo","Learn Spanish","Playlist","ES6530400004","3u443qbzetPXOCCClulrQB"
"El Lado Oscuro","Jarabe De Palo","Grandes Éxitos: Jarabe De Palo","Learn Spanish","Playlist","ES5039600007","4wEjpKSW99Fa1CbEiLpwh6"
"Mi Verdad (feat. Shakira)","Maná","Cama Incendiada","Learn Spanish","Playlist","MXF151400804","3YmA3gZqlXl0MkwhkVKxRy"
"Estoy enfermo (con Melendi)","Pignoise","Estoy enfermo (con Melendi)","Learn Spanish","Playlist","ES7210909101","4QRccyYx4HokpymNyd7zhp"
"En algún lugar","Duncan Dhu","20 años de canciones","Learn Spanish","Playlist","ES5018760000","37qu58EQ36drTnJVNxXbMP"
"Cosas Que Suenan A...","Maldita Nerea","Es un Secreto...No Se Lo Digas a Nadie","Learn Spanish","Playlist","ES5020900250","2yptV8t4OH935km6IZWt1l"
"La primavera trompetera","Los Delinqüentes","Recuerdos Garrapateros de la Flama y el Carril","Learn Spanish","Playlist","ES5080400611","6K6FCT6jo4DMN9MlHm24tw"
"Quiero Aprender de Ti","El Canto Del Loco","Radio la Colifata Presenta: El Canto del Loco","Learn Spanish","Playlist","ES5020900792","6dNSWqBXdY75pLWou8llut"
"Malabares","Estopa","Voces de Ultrarumba","Learn Spanish","Playlist","ES5020500305","0XTp7FvMMRslFWk4S7CFzX"
"Feo, fuerte y formal","Loquillo","Feo, Fuerte y Formal","Learn Spanish","Playlist","ES5050100292","0fh1Gg6g4of33SN2xfmpQ1"
"Muerte En Hawaii","Calle 13","Entren Los Que Quieran","Learn Spanish","Playlist","USSD11000427","3kNVYo6BJE9AENxzokM9YC"
"El Burdel de las Sirenas","84","El Burdel de las Sirenas","Learn Spanish","Playlist","ES75A0800012","2TTivciLbR35Xd1FkCsEOS"
"19 Dias y 500 Noches - En Directo","Joaquín Sabina","Nos Sobran Los Motivos","Learn Spanish","Playlist","ES5020000575","3LXFi1Xk9qJsYXYEjDcuVH"
"Entre Dos Aguas","Paco de Lucía","Entre Dos Aguas","Learn Spanish","Playlist","ES5709901831","7KKx4INB8LyGUeNXKiqQHK"
"Volverte A Ver","Juanes","Volverte A Ver","Learn Spanish","Playlist","USUL10400973","7sK1lJ4Vg5fQ31D7KKeSWp"
"Volvera (feat. Alejandro Sanz)","El Canto Del Loco","Radio la Colifata Presenta: El Canto del Loco","Learn Spanish","Playlist","ES5020900789","58JZ4RVYonCaKz7FVOqZPL"
"Mirando al cielo","Huecco","Assalto","Learn Spanish","Playlist","ES5150800350","0yjUKvDF7VwgHp9SUJTZdT"
"Esquinas de Madrid","84","El Burdel de las Sirenas","Learn Spanish","Playlist","ES75A0800022","45qw140Yo81dJkqv4pgvla"
"Marta tiene un marcapasos","Hombres G","Los Singles 1985-2005","Learn Spanish","Playlist","ES5018672005","12bFEh5jNHYzOSqMehtDEq"
"Lágrimas desordenadas","Melendi","Lágrimas desordenadas","Learn Spanish","Playlist","ES5151201509","7naK9x0smcGuHQDXaVgh42"
"Uno más uno son 7","Fran Perea","Las 100 mejores canciones del Pop Español","Learn Spanish","Playlist","ES7210311803","5GkEEeURqjrTfUR4K2Qqha"
"Nube de pegatina","Los Delinqüentes","El Sentimiento Garrapatero Que Nos Traen Las Flores","Learn Spanish","Playlist","ES5030100104","53IBRi1foJyOrFs70aCsXk"
"La Canción Más Hermosa del Mundo","Joaquín Sabina","Esencial Joaquin Sabina","Learn Spanish","Playlist","ES5020200513","3oEAkvivr8nAtvJEgVb82G"
"Y, ¿Si fuera ella?","Alejandro Sanz","Grandes exitos 1997-2004","Learn Spanish","Playlist","ES5159706043","2IRMK1HdN2a7CsvPwMcxSA"
"Terriblemente Cruel","Leiva","Terriblemente Cruel","Learn Spanish","Playlist","ES5021300743","3PnIenPvReLpHciPKeTdQ4"
"Hola, Buenos Días","El Canijo de Jerez","La Lengua Chivata","Learn Spanish","Playlist","ES79A1408202","2YfBVxNwzp6HyRs4xP8VLV"
"Champagne","Pereza","Aviones","Learn Spanish","Playlist","ES5020900285","4VjMEbXVIbepf217Lnqyng"
"Contando Primaveras - 2006 Remastered Version","Melendi","Sin Noticias De Holanda","Learn Spanish","Playlist","ES5080600394","2u3z6fCb4C7i1uOzYo7OBm"
"Si te vas...","Extremoduro","Material defectuoso","Learn Spanish","Playlist","ES5151100386","2x59pa3xDf8hHZ4N3f5fGQ"
"Yin yang","Jarabe De Palo","Bonito","Learn Spanish","Playlist","ES5010300098","7iFWN1OoPT89G6q51jPEg1"
"Te quiero igual","Andrés Calamaro","Honestidad Brutal","Learn Spanish","Playlist","ES5019953002","7qIw4D1PcDHigDohKkLB0W"
"Romeo y Julieta","Jarabe De Palo","Un metro cuadrado","Learn Spanish","Playlist","ES5010400357","7BQo49Dyko57AIFaHMcAi2"
"No te escaparás","Hombres G","Los Singles 1985-2005","Learn Spanish","Playlist","ES5010300267","3DHZT5vMba272RYWIkICao"
"Me Acorde de Ti","Fito y Fitipaldis","TQM (2011)","Learn Spanish","Playlist","ES5150901070","50dKzLY51OgPj7XXO2mQJv"
"Sin miedo a nada (feat. Amaia Montero)","Alex Ubago","Siempre en mi mente","Learn Spanish","Playlist","ES5010100314","3PH6yYtnyiOnHzWNLYJb1f"
"Todos los días sale el sol","Bongo Botrako","Todos Los Días Sale El Sol","Learn Spanish","Playlist","ES7311000083","5POVqopleYwfzo5SYovlKK"
"¿Quién Es Más Poderoso El Aire O El Fuego?","Los Delinqüentes","Bienvenidos A La Época Iconoclasta","Learn Spanish","Playlist","ES79A0918003","4nWaStTzRG6taMm4rJ3QLb"
"Pirata - Radio Edit","Pereza","Pirata (Radio Edit)","Learn Spanish","Playlist","ES5021000028","1kWbW8UeGA9zBAeQiiqPpA"
"Rock and Roll Star","Loquillo","Grandes Éxitos: Loquillo","Learn Spanish","Playlist","ES5089801836","2MPWdzsLs7owJCpNS1Eq8Y"
"Eme","Leiva","Diciembre","Learn Spanish","Playlist","ES5021100901","6f5euRVG7Oth2RZkIalIDB"
"La Quiero A Morir (con Alejandro Sanz)","Jarabe De Palo","¿Y Ahora Qué Hacemos?","Learn Spanish","Playlist","ES96A1000034","4fCjPBQi89UAvkk2bhhO95"
"En Ti","Rafa Pons","Disimula","Learn Spanish","Playlist","ESA031439305","0RUoc95pOHtfPDFgzsEB9w"
"Superjunkies","Pereza","Pereza 10 Años","Learn Spanish","Playlist","ES5020500063","6ldMYp402wnNYnU1ZyZdYj"
"Amos del Piano Bar","Taburete","Tres Tequilas","Learn Spanish","Playlist","SEYOK1526899","5wnIjet6vh2BaIX2gl4Mgz"
"No Dudaría","Rosario","Parte De Mí","Learn Spanish","Playlist","ES5700800729","0lAjzSXZVitUTqQeYBKF0N"
"Visite nuestro bar","Hombres G","Los Singles 1985-2005","Learn Spanish","Playlist","ES5018672000","0xsvATseavMaJjO13iHTkF"
"A la luz del Lorenzo","Los Delinqüentes","El Sentimiento Garrapatero Que Nos Traen Las Flores","Learn Spanish","Playlist","ES5030100107","6bMRELN9nclL87w9XEMMnw"
"Copenhague","Vetusta Morla","Un Dia En El Mundo","Learn Spanish","Playlist","MX2260900045","2UOzv4l3kmjTKzlDvmF0Gt"
"Por Mi Tripa - Version Alternativa","Pereza","Aproximaciones","Learn Spanish","Playlist","ES5020700322","7o4Gqrw0d5un6z37wUiq2f"
"Solo quiero bailar","Zenttric","Solo Quiero Bailar","Learn Spanish","Playlist","ES5080900049","0HTyWmZkeC8nlGsPhmYt3I"
"Una décima de segundo","Nacha Pop","Una Décima de Segundo","Learn Spanish","Playlist","ES5018599005","1gbWRuq2ElvOua7AahUTGp"
"Culpable","Pablomora","Estoy Mintiendo De Verdad","Learn Spanish","Playlist","ES24C1105104","3cHdWpl9jZThjGgKa9I2du"
"Siete Vidas","Antonio Flores","Cosas Mias","Learn Spanish","Playlist","ES5029400278","1gh0aMZmO6o30LS12lEJWQ"
"Orgullo Banderillero","SFDK","Sin Miedo a Vivir (Extended Version)","Learn Spanish","Playlist","ES6081441617","74apulAsrnAjAcx2opPDom"
"Otra Vez","Coti","Canciones Para Llevar","Learn Spanish","Playlist","ES5700400049","3JaK2Gx0QtQAnrPEGCwRq4"
"Estadio Azteca","Andrés Calamaro","El cantante","Learn Spanish","Playlist","ES5010400008","03Ntkzzjkz7nFJldcPbL90"
"Tocado y hundido","Melendi","Tocado y hundido","Learn Spanish","Playlist","ES5151401227","0X5TaynbzM9HGOfWqtCgwu"
"Más allá de nuestros recuerdos","Melendi","Más allá de nuestros recuerdos (Hit)","Learn Spanish","Playlist","ES5151402754","1Nc7mKRtrR6opLuEcSUrQp"
"Beatles","Pereza","Esencial Pereza","Learn Spanish","Playlist","ES5020700316","2BWwNL2E3DeWx6tWZJNJJm"
"Niña voladora","Juanito Makandé","Las canciones que escribí mientras volaba","Learn Spanish","Playlist","ESA011414043","6t9ot6JHFylOIfKRRvxIS8"
"Tormenta Sideral","84","La Hierba Bajo el Asfalto","Learn Spanish","Playlist","ES7051100010","7zeD0b8NuFhcXZ6kWLMKRm"
"Mil Calles Llevan Hacia Ti","La Guardia","2 En 1 - Vamonos - Cuando Brille El Sol","Learn Spanish","Playlist","ES5108800030","5ogo30yNezQWDEiQZTQmd8"
"No puedo vivir sin ti - Versión Ikea","Coque Malla","No puedo vivir sin ti (Cancion original del anuncio de Ikea)","Learn Spanish","Playlist","ES5151000195","4baboKkDQ0CBpXm2c0r9aY"
"Ojalá","Silvio Rodríguez","Al Final de Este Viaje...","Learn Spanish","Playlist","ESAAI0205370","6pWxsx2Gd4MIS3WQeiIp26"
"Un Zombie A La Intemperie","Alejandro Sanz","Sirope","Learn Spanish","Playlist","ES5701400798","64cQ79mesIAszcHRGS6px7"
"Entre la espada y la pared","Fito y Fitipaldis","Huyendo conmigo de mí","Learn Spanish","Playlist","ES5151401760","7djk6VYALvdcRqPJKq5xXx"
"Mexico DF","Taburete","Tres Tequilas","Learn Spanish","Playlist","SEYOK1526893","6B4tMuZpCxpZAdv9B7kTEf"
"Lobo-hombre en París","La Unión","Grandes Exitos","Learn Spanish","Playlist","ES5159401001","3M1H1CWjrSq7nxABHc8EXv"
"Lucha De Gigantes","Nacha Pop","El Momento (Remastered)","Learn Spanish","Playlist","ES5700400713","6Rkg38ysNHT7acO3tJhm0A"
"Por el Bulevar de los Sueños Rotos","Joaquín Sabina","Esta Boca Es Mia","Learn Spanish","Playlist","ES5029400325","7KcFlbQmzhVczGMor3Fhr9"
"Mi Swing Es Tropical","Quantic","The Best of Quantic","Learn Spanish","Playlist","GBEUE0500345","23TbJzovFSbRm3qqmA7KFY"
"¿Dónde estás? (feat. Bunbury, Andrés Calamaro y Loquillo)","Jaime Urrutia","Rock & Roll Star - 30 años","Learn Spanish","Playlist","ES5010200528","1T9KunTNHtBVO7IWPPNvoU"
"Vino Tinto","Estopa","Más Destrangis","Learn Spanish","Playlist","ES5020100806","3jDlJ9DCvDougd1eNk20Kt"
"Dulce condena","Los Rodriguez","Sin Documentos","Learn Spanish","Playlist","ES5019364002","61X9MrPozPv0V0WbX9ACUX"
"La Boca Del Volcán","Xoel López","Atlántico","Learn Spanish","Playlist","ES07I1202107","6tQPROwVGj1AXoWlmg6eBY"
"Solamente tú","Pablo Alborán","Pablo Alboran","Learn Spanish","Playlist","ES7661000001","6dqM88rU25tHm2AAOYdjDc"
"Alma de Cartón","El Niño de la Hipoteca","Operación Guitarra Sessions","Learn Spanish","Playlist","QMDA71561831","33ZpbOjDSXmN1DxnWKM0d3"
"Una calle de París","Duncan Dhu","Las 100 mejores canciones del Pop Español, Vol. 2","Learn Spanish","Playlist","ES5018760007","6A04mczwptk2QjQYLyS0bG"
"La Primavera","Estopa","2.0","Learn Spanish","Playlist","ES5021100586","6jQQTu3m2AwIM2xVeYTmMq"
"El Hombre Que Casi Conoció A Michi Panero","Nacho Vegas","Canciones inexplicables 2001/2005","Learn Spanish","Playlist","ES6610500119","6f2sakq0z0uraeoXisNsMZ"
"Vivir Sin Aire","Maná","Você É Minha Religião: O Melhor Do Maná","Learn Spanish","Playlist","MXF159200063","5rVuNjlPPCPGHWy8tOke8c"
"Un Recuerdo Que Olvidar - 2006 Remastered Version","Melendi","Sin Noticias De Holanda","Learn Spanish","Playlist","ES5080600388","3misMaUHvsydK0Bo9ZgNwl"
"El ritmo del garaje","Loquillo","Rock & Roll Star - 30 años","Learn Spanish","Playlist","ES5018404000","0voG2O2r0KE9atusX4OQbI"
"Cuando Me Siento Bien","Efecto Pasillo","Cuando Me Siento Bien","Learn Spanish","Playlist","ES24C1507201","4plaA2BKVLMf4EOn6Fmu2Y"
"Ella","Taburete","Tres Tequilas","Learn Spanish","Playlist","SEYOK1526895","3mq81YiCxCmAOg5JwEzYcU"
"Me gusta como eres","Jarabe De Palo","Adelantando","Learn Spanish","Playlist","ES5010700164","0mlnmHVwY0o096HMTRUsmJ"
"Clavado en Un Bar","Maná","The Studio Albums 1990-2011","Learn Spanish","Playlist","MXF159700094","2NpzJm2plETPyTVvGXX6zy"
"Cuando fuimos los mejores - Versión 2002","Loquillo Y Los Trogloditas","Grandes Éxitos: Loquillo","Learn Spanish","Playlist","ES5080208130","7AdSJG6spAA3dHtoK9khv5"
"¿Y cómo es él?","José Luis Perales","Celebridades- Jose Luis Perales","Learn Spanish","Playlist","ES5098200431","7rm6kcMbUZNMzkELONGaVY"
"Me gusta como eres (feat. Niccolo Fabi) - En italiano","Jarabe De Palo","Adelantando","Learn Spanish","Playlist","ES5010700182","7HRkRMPAhtTYMmnk1lBQ5A"
"Erosión (Demo)","Club del Río","Club del Río","Learn Spanish","Playlist","ES79A1375002","0FRrLj86eIl9HKdR4maGVb"
"Pero a tu lado","Los Secretos","Dos Caras Distintas","Learn Spanish","Playlist","ES5019509000","3JOXwHPhtdRU3kYKcf64Gj"
"Lo Que Tengo Yo Adentro","Pereza","Pereza 10 Años","Learn Spanish","Playlist","ES5020500055","38WLkG5aJePTmKX35SQIh0"
"Ya Ves Tú","Nauta","Nauta","Learn Spanish","Playlist","ES5999917005","4DbLVsyfBRSMj5JvjElqQj"
"Bala Perdida","Jarabe De Palo","Tour Americano 14/15","Learn Spanish","Playlist","ES96A1300043","7rsL6f5R8NJKTpmjUBdpPq"
"Loco","Melendi","Mientras No Cueste Trabajo","Learn Spanish","Playlist","ES5080600750","1GPaOD3LyQhDnjZq2wc3H4"
"Puede Ser","El Canto Del Loco","Radio la Colifata Presenta: El Canto del Loco","Learn Spanish","Playlist","ES5020900785","211npcuencf7BGJ4eDYDne"
"Vacaciones","Estopa","Voces de Ultrarumba","Learn Spanish","Playlist","ES5020500284","3Aj18tBmQKLTGU3KEpbZ40"
"Crecimiento Vertical","84","El Burdel de las Sirenas","Learn Spanish","Playlist","ES75A0800016","1MYinsfrJVj9DXs7utTDQh"
"Sale El Sol en el Bajo A","Aldeskuido","Oir, Ver y Cantar","Learn Spanish","Playlist","ES5931100532","7fw28QrvlfTaYBlokaqzjj"
"Con La Mano Levantá (feat. Estopa)","Macaco","Con La Mano Levantá (feat. Estopa)","Learn Spanish","Playlist","ESD011000144","6hqPKq6jT4SXWNFAk4kTX3"
"Amelie","Pereza","Aviones","Learn Spanish","Playlist","ES5020900281","2wEwMWX4i7kPM94CP4QjZZ"
"A Contracorriente","El Canto Del Loco","A Contracorriente","Learn Spanish","Playlist","ES5020200048","4fEfQtWAt0u9qUe4DOggSj"
"Caraluna","Bacilos","Grandes Exitos","Learn Spanish","Playlist","USWL10200073","4XTMj7kd8DHLl0r7ghmEAr"
"Como El Agua - Remastered 2014","Paco de Lucía","La Búsqueda (Remastered 2014)","Learn Spanish","Playlist","ES5701400712","2uKLe3ldnHiz1meWLiPRIO"
"El Informe Del Forense - 2006 Remastered Version","Melendi","Sin Noticias De Holanda","Learn Spanish","Playlist","ES5080600391","7DEARwjnKstwejsFcGuqO3"
"Mi Primera Cana","Estopa","Más Destrangis","Learn Spanish","Playlist","ES5020100807","6R0HV0tftx0ZRy2cziogGZ"
"Mundo Marrón","Estopa","Rumba a Lo Desconocido","Learn Spanish","Playlist","ES5021500682","14BgiTqui9Ae1uWVpGGFDI"
"Empanados","Estopa","2.0","Learn Spanish","Playlist","ES5021100640","0kVtTRFTahgogBPQUM1uIs"
"Fuente de Energia (with El Canto del Loco)","Estopa","X Anniversarivm","Learn Spanish","Playlist","ES5020900754","4PGjg8CSu6MM1UNeW2QVGI"
"La tormenta - Acústico","Sidecars","La tormenta (Acústico)","Learn Spanish","Playlist","ES5151600085","4B2bA15ZSECSOc3BmRdU2m"
"Todos los Besos","El Reino de la Playa (Comparsa de Tarifa)","Los Rebujitos (Edición Especial)","Learn Spanish","Playlist","USA371463264","75qKlkPFwDbsvcMcz5am6j"
"La religión de los idiotas","Melendi","Un alumno más","Learn Spanish","Playlist","ES5151401229","2f0N3mDwNoUO8Lnqhm8URm"
"Haz de luz","Rayden","Sinónimo","Learn Spanish","Playlist","ES5151802440","0xVOXUryXFWedCo4i8xe0P"
"Grita","Jarabe De Palo","La Flaca - Edición 10º Aniversario","Learn Spanish","Playlist","ES5039600005","0ZgdSrYPoLpRIauWI0UFhZ"
"Windsor","Pereza","Aviones","Learn Spanish","Playlist","ES5020900278","4Hdt8DW8gAst1B9IIbKqjk"
"Polvora","Leiva","Polvora","Learn Spanish","Playlist","ES5021300753","4sVBWe5oHOvJh4k1HhD0J8"
"Querido Tommy","Tommy Torres","12 Historias","Learn Spanish","Playlist","USWL11200046","2JCXcyMXlVywgDJT86wWZW"
"Contra las cuerdas (feat. Leiva) - Acústico","Sidecars","Contra las cuerdas","Learn Spanish","Playlist","ES5151600097","1zuyN9yfdHIJt1y0fMNDCB"
"Calle Melancolia","Joaquín Sabina","Esencial Joaquin Sabina","Learn Spanish","Playlist","ES5118500036","2Y4AtGY7hakhkyOZ53CaSZ"
"Desde mi ventana - 2006 Remastered Version","Melendi","Sin Noticias De Holanda","Learn Spanish","Playlist","ES5080600385","12YCTXfmP10Fq1ycFADcAn"
"Hora Punta En El Metro","Mamá","Mama ""Grandes Exitos""","Learn Spanish","Playlist","ES5700500886","3xvbPRxTtT8ZaWJQ6LmmSP"
"Egos","Belize","Belize","Learn Spanish","Playlist","ES5151500405","5gQqcreSxwmLgKOaoZEh5Z"
"Afuera en la Ciudad","Leiva","Polvora","Learn Spanish","Playlist","ES5021300700","2Ur5lBwL01Up9B8UagmbmE"
"Mi Enfermedad - Version 96","Los Rodriguez","Completo","Learn Spanish","Playlist","ARF099600148","4TGLC4nSVOHO45xbCrjHz6"
"La parte de adelante","Andrés Calamaro","Andres","Learn Spanish","Playlist","ES5019953003","3rOyQxrf6DbrrusQW36AzR"
"Es gratis - Acústico","Arnau Griso","Es gratis (Acústico)","Learn Spanish","Playlist","GBMJG1609609","0GKlIuZcQCiv8bvWgRNiAb"
"Me Voy","Julieta Venegas","Realmente Lo Mejor","Learn Spanish","Playlist","MXF010600165","5ZeHfdSULRdlFUw4qErPlJ"
"Enamorado de la moda juvenil","Radio Futura","Musica Moderna","Learn Spanish","Playlist","ES5088004172","6dC0U0ZJrmSw05sdnjDpGJ"
"Los Charcos","Dani Martín","Los Charcos","Learn Spanish","Playlist","ES5021600311","0UJRc921cDyWlOp4JBKXjS"
"Ser árbol","Nacho Vegas","Violética","Learn Spanish","Playlist","ES71G1837581","0ns2NdCjrWYG5ow5asPSV9"
"Sincericidio","Leiva","Monstruos","Learn Spanish","Playlist","ES5021600376","3Q8avvsQE7mtTXT2TrDx3I"
"Olvidate De Ti","Rafa Pons","Insisto","Learn Spanish","Playlist","ES5610836505","2SvfgfWpO5mRGbNHyRi8ax"
"Lo que sobra de mí","Fito y Fitipaldis","Huyendo conmigo de mí","Learn Spanish","Playlist","ES5151401761","39PX4B5GjiF4sfIukPOxBm"
"Para ti serìa","Nek","En el cuarto 26","Learn Spanish","Playlist","ITQ000500003","3aUu5Ctu4OB9V1SfOop59x"
"So payaso","Extremoduro","Las 100 mejores canciones del Rock español","Learn Spanish","Playlist","ES5019614003","6JxwjzxFlfkOB12ruL3sEI"
"Una de Romanos","Joaquín Sabina","El Hombre Del Traje Gris","Learn Spanish","Playlist","ES5028800105","2LVQ5YY6vgNvMxnZIfReN3"
"Los Cantantes","Leiva","Polvora","Learn Spanish","Playlist","ES5021300701","37pvm7VaJMiLxQbLp4hxP6"
"No me crees (feat. Javier Ojeda)","Efecto Mariposa","Los 101 mejores duetos","Learn Spanish","Playlist","ES7150500058","2IAFSXQ3AsQx7cNfTxl0Mt"
"La Camisa Negra","Juanes","Mi Sangre","Learn Spanish","Playlist","USUL10400965","2ZmCYW6bxYtvkthFexIFXL"
"Hijos del Soul","Taburete","Dr. Charas","Learn Spanish","Playlist","ES71G1633895","3uhWGraVrg4eekzwLkW18y"
"Entre Libros","Fran Busso","Agua y Harina","Learn Spanish","Playlist","ARLPL1400001","1lnjnRgyajyD2K54KuGAzz"
"Quiero Vivir en la Ciudad","Mecano","Mecano","Learn Spanish","Playlist","ES5028600301","4eXmOFgZg4nbPF2yi3rUZa"
"Humo","Jarabe De Palo","Humo","Learn Spanish","Playlist","ES96A1600073","6U7XONjTpMsiMPnIO8eiQq"
"Que te vaya bien","El Niño de la Hipoteca","Que Te Vaya Bien","Learn Spanish","Playlist","USA561030276","6wfviQ3Zm8y2QHldK4l3p4"
"Alquitrán y Carmín","El Niño de la Hipoteca","Operación Guitarra Sessions","Learn Spanish","Playlist","QMDA71561828","7bqnSrUqtjb2s6PTyu7F6v"
"Me Colé en una Fiesta","Mecano","Mecano","Learn Spanish","Playlist","ES5029700682","7zteNrLJJwjGa8e2IodVOp"
"Todo lo demás también","Andrés Calamaro","Alta Suciedad","Learn Spanish","Playlist","ES5019753001","3Yn8vN3FNWsVQJZs3xoC3v"
"Jardín de rosas","Duncan Dhu","Canciones","Learn Spanish","Playlist","ES5018660004","3MvbFAlNARGUpMPEkn88Ho"
"Un Año Mas","Mecano","Ana, Jose, Nacho (TF1 Co-Production)","Learn Spanish","Playlist","ES5028800035","0odnI5lSrAOX6rmQnIAKdj"
"Ni tú ni nadie","Alaska Y Dinarama","Deseo Carnal","Learn Spanish","Playlist","ES5088408148","7LpS82vPDLgZAHWRtWBBRj"
"El rompeolas - 2013 Remastered Version","Loquillo Y Los Trogloditas","Morir En Primavera","Learn Spanish","Playlist","ES5081200571","4620s2Uh7ipo6sOaIyZJdA"
"Siempre estoy soñando","Fito y Fitipaldis","Lo mas lejos a tu lado","Learn Spanish","Playlist","ES5010300357","2WDHxrr9IWp1QkAM0sSEr9"
"Fantasía","84","El Burdel de las Sirenas","Learn Spanish","Playlist","ES75A0800019","5bW9UfTcmbNUr4bcHLuild"
"Romeo y Julieta","El Niño de la Hipoteca","Operación Guitarra Sessions","Learn Spanish","Playlist","QMDA71561826","6CHupZkuplRuJrqGAUgXnS"
"Perdonarme (feat. Taburete)","Café Quijano","Perdonarme (feat. Taburete)","Learn Spanish","Playlist","ES5151701094","5UtF2wWiAwUbwRHQ4HCuft"
"Tú","Sergio Dalma","Via Dalma","Learn Spanish","Playlist","ES5701001094","1utf2afPnU9NRtsx5ZMF24"
"Vamo´ a la calle","Carlos Baute","Vamo´ a la calle","Learn Spanish","Playlist","ES5151701093","2yd4FH40jSVLOCgZ1sJM2z"
"Hace Tiempo","Rosario","Gloria A Ti","Learn Spanish","Playlist","ES5701600669","0wXTzaDvSXKApfZLy04HbT"
"Baila Morena - Spanish Version-Remastered 2007","Zucchero","All The Best (Spanish Version)","Learn Spanish","Playlist","ITUM70701101","1WOP5gue3b7vOZzypdekxt"
"Devolverte","Jero Romero","Cabeza de león","Learn Spanish","Playlist","USDHM1111921","2a7hWH5D0sZiuW7EAjLRYD"
"Donde manda marinero","Andrés Calamaro","Alta Suciedad","Learn Spanish","Playlist","ES5019753002","3T949qFxbbMfLyuBU6ik6K"
"Pacto Entre Caballeros","Joaquín Sabina","Hotel, Dulce Hotel","Learn Spanish","Playlist","ES5028700052","41JrRedwrJxbBPwI8Qku04"
"Calle la Pantomima","Melendi","Calle la Pantomima","Learn Spanish","Playlist","ES5080600743","5rv6SY8fTA7h1sSIcKv33C"
"Completo incompleto","Jarabe De Palo","De Vuelta Y Vuelta","Learn Spanish","Playlist","ES5030000280","7981yPvY8IwJCpl9HSdDXI"
"Amor de Anticuario","Sofia Ellar","Seis Peniques","Learn Spanish","Playlist","ES71G1704520","6Rpv6D9ENjfrVHGi7jKQMN"
"Por que no ser amigos (feat. Dani Martín)","Hombres G","Todo esto es muy extraño","Learn Spanish","Playlist","ES5010400368","49bjeL6wU0pqGUUXMJpDQP"
"A Dios Le Pido","Juanes","Un Día Normal","Learn Spanish","Playlist","USUL10200158","7HJKzIgaNgDgo3p3a2ToR6"
"Segundas Partes Entre Suicidas","Sofia Ellar","Seis Peniques","Learn Spanish","Playlist","ES71G1704519","43pvM8fGPj8chFYxqYDIkA"
"Nada Valgo Sin Tu Amor","Juanes","Mi Sangre","Learn Spanish","Playlist","USUL10400933","2pce1GEChaTmtaR5Zv0V1W"
"Nassau - Demo 86","Hombres G","Peligrosamente Juntos","Learn Spanish","Playlist","ES5010200030","2CI6Zv87MqjB68lTsUArqM"
"La boca del volcán","Xoel López","Atlántico","Learn Spanish","Playlist","ES07I1202107","02Ycn18JtStEPVqVku4IFJ"
"Un Ramito de Violetas","Manzanita","Canciones Encontradas y Grandes Exitos","Learn Spanish","Playlist","ES5119801000","24fDmzTVJ1zmclCBYbx4oa"
"Pasa el otoño","Antonio Vega","3000 Noches Con Marga","Learn Spanish","Playlist","ES5080500105","480nOwttc7t6UB3J9HMqfz"
"Guerra Mundial","Leiva","Monstruos","Learn Spanish","Playlist","ES5021600392","2ut1w3YL0Bd7FeKlnkc3bk"
"Frío Corazón","Modo Avión","Frío Corazón","Learn Spanish","Playlist","CH6541768130","1ZEZCq7YIgLlsz2P9sRPBP"
"Hoy No Me Puedo Levantar","Mecano","Mecano","Learn Spanish","Playlist","ES5029700676","4oHDiaCilM1xWIr55LjxO0"
"Himno Nacional","La Maravillosa Orquesta del Alcohol","Salvavida (de las Balas Perdidas)","Learn Spanish","Playlist","ES71G1740042","3Ol0ceEYsDjH2v3CUyL0nT"
"Ventanilla","Chukky","Stracciatella","Learn Spanish","Playlist","ESA011505040","2b9vKFeg5Wz7mM4HfUbqJS"
"No puedo vivir sin ti (feat. Anni B Sweet)","Coque Malla","Mujeres","Learn Spanish","Playlist","ES5151300280","0Xfv1QCPBEPdmSbxsuaX6a"
"Slowly","Natalia Lafourcade","Giralunas, Un Homenaje a L.E.Aute","Learn Spanish","Playlist","ES5021500338","32DRpZgrvQZddDkKF2DoTr"
"El imperio contraataca","LOS NIKIS","Marines A Pleno Sol","Learn Spanish","Playlist","ES5018534008","0EzVGEyUB9HAXT1cQHwhqf"
"Expertos","Leiva","Nuclear","Learn Spanish","Playlist","ES5021801181","2a2MWHc7gtuecUWU9WIasb"
"Verdades Afiladas","Andrés Calamaro","Cargar La Suerte","Learn Spanish","Playlist","AR8F41800001","3jwm3W0M9veKJCch09VO68"
"Venecia Sin Mí","La Guardia","Buena Gente","Learn Spanish","Playlist","ES5301149731","2mj6SgZBfXmckB46TAIXd3"
"Viviendo deprisa","Alejandro Sanz","Coleccion definitiva","Learn Spanish","Playlist","ES5159106018","2mu3MsR06segciaa8LTeOH"
"Mil Horas","Los Abuelos De La Nada","Abuelos 1982 / 1987","Learn Spanish","Playlist","ARF098300013","2cnzoggZA19R6DiWGhKU42"
"La Hoguera de los Continentes","La Raíz","Entre Poetas y Presos","Learn Spanish","Playlist","ES8021600042","0jY4vv875GHdEQOAfRgZO2"
"No parezco un artista","Astola","Canciones perdidas","Learn Spanish","Playlist","DEUD91892690","6WgXqAPVR9zxaQCUT1B6TB"
"La pena o la nada","Nacho Vegas","El Tiempo De Las Cerezas","Learn Spanish","Playlist","ES5080600509","4JwhmAkMTsv3aGpLXSA8CR"
"El Rey de la pista","Luis Ramiro","El mundo por delante","Learn Spanish","Playlist","ES8151100001","0oBsL3SjBz1iOghX8UiQkN"
"Los Reyes del Mundo","Rafa Pons","La Guerra del Sexo","Learn Spanish","Playlist","ES6101801384","72QG6FvN2JCjPICVZat53z"
"La Canción Más Hermosa del Mundo","Pablo Milanés","Querido Pueblo","Learn Spanish","Playlist","QM4TW1856215","4l0o5j0F8KCQBYvI9rVuyP"
"Pura Vida","Aranguren","Pura Vida","Learn Spanish","Playlist","TCADC1780344","6O2S4Z0uqRyoD606RihRmL"
"Cigarrito","Platero Y Tu","Correos","Learn Spanish","Playlist","ES5010011000","2Gt5oL4aEufZvJy9KjEkxi"
"Sirenas","Taburete","Dr. Charas","Learn Spanish","Playlist","SEYOK1647309","3IqlVU6AunWVMcGmfgiDLF"
"A los ojos - Pura sangre","Andrés Calamaro","Pura sangre","Learn Spanish","Playlist","ES5151402050","0VwcevO5f7X4eiM9RLEpFR"
"Pasando Página","El Niño de la Hipoteca","Operación Guitarra Sessions","Learn Spanish","Playlist","QMDA71561829","4bduNzRnJ8m5KgPja2APKB"
"Vuelo","Diván du don","Las Cositas Claras","Learn Spanish","Playlist","ES5301560684","5e0PwEGe79HnekZ2sonCpK"
"Macetas de colores (feat. Los Delinqüentes) - Cáceres 2016","El Desván Del Duende","Eres buena gente","Learn Spanish","Playlist","ES94W1200078","6dWQXXZR1IQZc20Hkjk2Dq"
"Pienso","Simon Grossmann","Pienso","Learn Spanish","Playlist","TCADQ1897221","4wCSgGkre7EvACG6A21Str"
"1932","La Maravillosa Orquesta del Alcohol","¿Quién Nos Va a Salvar?","Learn Spanish","Playlist","QMDA61323150","7qSYymHEX6i0hHof9EjqWW"
"Agüitaecoco (feat. Luz Pinos)","Simon Grossmann","Agüitaecoco (feat. Luz Pinos)","Learn Spanish","Playlist","TCADL1872008","02Zyq2BvzAHvo826kuzuet"
"Hasta la Raíz","Natalia Lafourcade","Hasta la Raíz (Edición Especial)","Learn Spanish","Playlist","MXF011400582","3lGMtkONrZdJ8kTCg6KIFf"
"Música para cerrar las discotecas - Versión vinilo 7 pulgadas","Doble Pletina","Música para cerrar las discotecas (Version vinilo 7)","Learn Spanish","Playlist","ESA011104421","0pxykF8n9AdVEjJo1TDews"
"Persona, Animal o Cosa","Rafa Pons","Persona, Animal o Cosa","Learn Spanish","Playlist","ES6101197501","3HpyqU6ceC77zmP1aqop74"
"Recordando a Bob","Javi Cantero","Sin Pedigrí","Learn Spanish","Playlist","ESAAI0237725","48vXpWIVowmByCTeMUckua"
"5 de la Tarde (Nueva Versión)","Cheti","C'est la Vie","Learn Spanish","Playlist","QZES81886065","5UstiT9upePmmv69dhfSwD"
"Locos de atar","Sidecars","Cuestión de gravedad","Learn Spanish","Playlist","ES5151701219","6SYTvKfpOPtX761go3K130"
"El Camino","La Maravillosa Orquesta del Alcohol","7:47 (Ni un Minuto Más)","Learn Spanish","Playlist","ES71G1852544","2K0C1rG1WMswh8MZTTIGQX"
"Se Estrechan en el Corazón (feat. Los Detectives)","Quique González","Se Estrechan en el Corazón (feat. Los Detectives) - Single","Learn Spanish","Playlist","ES94G1609402","5BBAHUQ92DMDzg0ip3WfpP"
"Mi Mejor Version","Leiva","Polvora","Learn Spanish","Playlist","ES5021300750","0xSmvzmQggi62nDZDftos8"
"SPNB","Ivan Ferreiro","Canciones para el tiempo y la distancia","Learn Spanish","Playlist","ES5150518004","3gy6bTJQfwO7rvMSDa4ZSX"
"Salitre","Quique González","Ajuste de cuentas","Learn Spanish","Playlist","ES5010600268","1MmGTsPVHDjhM5BJLvkFRL"
"Prefiero","Antílopez","Por Desamor al Arte","Learn Spanish","Playlist","USQY51470612","6wjKVU0zP8E0Bak3IGzRe0"
"Entre Poetas y Presos","La Raíz","Entre Poetas y Presos","Learn Spanish","Playlist","ES8021600032","7LQLbChhh7aURz53yOTLAr"
"Calle Melancolia","Joaquín Sabina","Mucho Sabina","Learn Spanish","Playlist","ES5118500036","5ZAqs1W68ldSzJ0mUO16l4"
"La Fuerza del Destino","Mecano","Descanso Dominical/Une Femme Avec Une Femme","Learn Spanish","Playlist","ES5028800129","5t69lieKF4oKOtYUfWxiZj"
"Colgando en tus manos (con Marta Sánchez)","Carlos Baute","Colgando en tus manos (con Marta Sánchez)","Learn Spanish","Playlist","ES5150801314","0T5MzYymxrAHLn5DngipCV"
"Perdido en Mi Habitación","Mecano","Mecano","Learn Spanish","Playlist","ES5029700678","1hqLBaL9wBlABxrq3FdwwA"
"Optimista","Alamedadosoulna","Finissimo 2","Learn Spanish","Playlist","ES8240950408","7cSQx7fnEzrDy0aBEn33C5"
"No puedo vivir sin ti","Los Ronaldos","La bola extra","Learn Spanish","Playlist","ES5150800090","52HtCV3e2j2TynaXbyOlPd"
"Vertigo","Leiva","Polvora","Learn Spanish","Playlist","ES5021300747","5gqcv6rSzlIScNbVdkfilR"
"Jesucristo García - Versión 2004","Extremoduro","Rock Transgresivo","Learn Spanish","Playlist","ES5010400195","4Qn4NJZZhMQVxVROSb0Je1"
"Rehenes","Andrés Calamaro","Bohemio","Learn Spanish","Playlist","ES5151301069","1RkmPPHM7GtZQrBpTEQTFI"
"Algún lugar encontraré","Andrés Calamaro","Corazónes salvajes: Las mejores baladas del Rock","Learn Spanish","Playlist","ES5150900121","7LwPGiuRfiw3XwwMoErhHb"
"Las Cosas Pequeñitas","Nolasco","Como te dé la Gana","Learn Spanish","Playlist","ES5301252045","4UjTH4dTYpWN7uIbb9R7Sv"
"Rey del Glam","Loquillo","Rey del Glam","Learn Spanish","Playlist","ES5151800519","70BtKck59GLfx3Wkog4zY7"
"No Me Compares","Alejandro Sanz","La Música No Se Toca (Deluxe)","Learn Spanish","Playlist","ES5701200684","6pZmdSXGVzlYG2FJvSOZod"
"Para no olvidar - En directo 2005","Andrés Calamaro","El regreso","Learn Spanish","Playlist","ES5010500524","3lp6PxDzfI5P4Ge3V1fKdi"
"Nunca Es Suficiente","Natalia Lafourcade","Hasta la Raíz","Learn Spanish","Playlist","MXF011400583","0vI2xzp1e8rtMTJ1MEt0ts"
"Pájaros disecados","Fito y Fitipaldis","Huyendo conmigo de mí","Learn Spanish","Playlist","ES5151401762","5i3sQpGGmy5hfiFUbgD4lj"
"No es lo mismo","Alejandro Sanz","Grandes exitos 1997-2004","Learn Spanish","Playlist","ES5150306001","6p7KLIvLhnACzXHuUi00zs"
"Tu sonrisa","Duncan Dhu","El Grito Del Tiempo","Learn Spanish","Playlist","ES5018760001","5IX53WG7nZuqOxhHw8sB5A"
"Belerofon","Taburete","Madame Ayahuasca","Learn Spanish","Playlist","ES60D1800002","0rKeHNWMbrcD2Wq6lUqARF"
"Blues de la Nacional II","La Guardia","Vamonos","Learn Spanish","Playlist","ES5108800025","0tYtoQ4Itl8di6Nn7Tuw5i"
"The Mosquito","The Doors","Full Circle","Learn Spanish","Playlist","USEE10609622","5rMfihaxthEm9rMDSnNk1r"
"Groenlandia","Zombies","Groenlandia","Learn Spanish","Playlist","ES5028000064","4fecwWpiLBXPEt4h5g0M0n"
"Rucu Rucu","Rubén Pozo","Lo Que Mas","Learn Spanish","Playlist","ES5021200088","602AAqoSK7VhqI1IyN8Y87"
"Ok perdón, fue sin querer - En directo 2005","Andrés Calamaro","El regreso","Learn Spanish","Playlist","ES5010500536","4DiUqANV5MgLXFgKHCYD6I"
"Tuyo siempre - En directo 2005","Andrés Calamaro","Andres","Learn Spanish","Playlist","ES5010500521","4Skv03rZKgx1NmLsPnx5is"
"Que Pasen Cosas","Rafa Pons","Persona, Animal o Cosa","Learn Spanish","Playlist","ES6101197503","6nE4yySvOseD9kbnFwVYfP"
"Mi tierra, mi casa, y una mujer","Duncan Dhu","El Grito Del Tiempo","Learn Spanish","Playlist","ES5018760008","5VSybqqp31RHTfmkAXLCQA"
"Duele El Amor!","Aleks Syntek","1989-2009","Learn Spanish","Playlist","MXF060800621","2SfWO6xWCJd7q5oiUcphyi"
"Todo se transforma","Jorge Drexler","Eco","Learn Spanish","Playlist","ES5010400060","4YEU9N2XAE0DfUwxWI5ijA"
"Margot (with Iván Ferreiro)","Pereza","Aproximaciones","Learn Spanish","Playlist","ES5020700317","2Gfpz5byCisCTRNEo5knHd"
"La Bamba","Los Lobos","Just Another Band From East L.A.: A Collection","Learn Spanish","Playlist","USWB10900778","6uU5OBhGUE1ngSKDj4wtoq"
"Un boomerang","Fangoria","Un boomerang","Learn Spanish","Playlist","ES5151900979","2n597etAGsvwqtouioU8cz"
"Salir","Extremoduro","Canciones Prohibidas","Learn Spanish","Playlist","ES5019814000","4z2EeFUp5Lhai9qhHtA6IF"
"Si Quieres Bailamos","Pereza","Algo para Cantar","Learn Spanish","Playlist","ES5020200443","1ZKVcLV54dPuYbKrXYCYZK"
"Hong Kong","C. Tangana","El Madrileño","Learn Spanish","Playlist","ES5022100010","4kD4ZzJ1rZIVfJ9qw85CVT"
"Te sigo soñando","Depedro","Depedro","Learn Spanish","Playlist","ES5151300930","1I38e2eyL95YxMpJM4lSPS"
"La vida pasa felizmente (remastered)","Luis Aguile","Luis Aguilé. Sus Grabaciones En Discos Showman Vol.2 (1968-1974)","Learn Spanish","Playlist","ES6340901371","1ckqbT2LtD2K1Mqvlmo21n"
"Te sigo soñando (feat. Luz Casal) - En Estudio Uno","Depedro","Todo va a salir bien","Learn Spanish","Playlist","ES5151802151","1wyUCUuGYv9MLLL171n8mU"
"Sobre Un Vidrio Mojado","Los Secretos","Grandes Exitos","Learn Spanish","Playlist","ES6009600121","2tsdjiIi3h7ywJh9SNsPlY"
"Una Historia De Tantas - 2006 Remastered Version","Melendi","Sin Noticias De Holanda","Learn Spanish","Playlist","ES5080600393","2iZnx5jRngSbQfI68PjWn9"
"P' aquí, p' allá - 2017 Remaster","La Fuga","Colección Definitiva 20 Años","Learn Spanish","Playlist","ES5151700919","4dF3KsznC2QkvlO54A7jr0"
"Corazón en venta","Andrés Calamaro","Andres","Learn Spanish","Playlist","ES5010601155","1gnS8B7hrYhz3EvmnzHwyT"
"El Fin del Mundo","La La Love You","El Fin del Mundo","Learn Spanish","Playlist","ES6061962001","5SeYlZyKVENMOxiSPQkKyw"
"Popera","Kisko Espinosa","Lancaster Gate","Learn Spanish","Playlist","QMDA61889010","79UFs2hnMTqlSza62BiaTA"
"Acurrucar","Ed Maverick","mix pa llorar en tu cuarto","Learn Spanish","Playlist","QZBRF1813589","1xYBeQ5u8uaJ3oBWktjGyJ"
"Corazón de Tiza","Radio Futura","Veneno En La Piel","Learn Spanish","Playlist","ES5029000021","3jepmVUMdx94GXirWw3cAZ"
"Fuentes de Ortiz","Ed Maverick","mix pa llorar en tu cuarto","Learn Spanish","Playlist","QZBRF1813584","0akyEssGRVHstqCSWXusJL"
"Eso Que Tú Me Das","Jarabe De Palo","Tragas o Escupes","Learn Spanish","Playlist","ES96A2000115","40tFJtuES1da2fg0OurUdI"
"Brindo","Taburete","Brindo","Learn Spanish","Playlist","ES60D2000025","6UsWWAH3pIEO9iwCBhWEsB"
"Para Que Tu No Llores","Antonio Carmona","Vengo Venenoso","Learn Spanish","Playlist","USUM70606971","1mZ8c1uYwHNqQ2aOo9C5At"
"Lodo","Xoel López","Sueños y Pan","Learn Spanish","Playlist","ES6081710408","4EeoKXsFvTM4tlzv4fjIUb"
"El pisito","Albertucho","Que se callen los profetas","Learn Spanish","Playlist","ES5010300605","1fGBbo5m4aRujguaDhhxcA"
"Un Veneno","C. Tangana","Un Veneno","Learn Spanish","Playlist","ES5021801071","42C5Bbb4dHwS5OFMvtGkG2"
"Si tú te vas","Platero Y Tu","Hay Mucho Rock & Roll, Vol. 1","Learn Spanish","Playlist","ES5010200589","11ksb6NGVrAm2Hg1eF5g1r"
"Por verte sonreír","La Fuga","Mira","Learn Spanish","Playlist","ES5010300538","6tGUkobti5ztrb9aQ0UDEx"
"Todos Menos Tú","Joaquín Sabina","Fisica Y Quimica","Learn Spanish","Playlist","ES5029200076","4iMhCqllBUdrMsIrTTlvlP"
"Que Hace una Chica Como Tu en un Sitio Como Este","Burning","Burning (Singles Collection)","Learn Spanish","Playlist","ES5378900011","4kYdaN5ECfrCPPuUUiCiTr"
"Las nubes de tu pelo","Fito y Fitipaldis","Lo mas lejos a tu lado","Learn Spanish","Playlist","ES5010300354","08nkTELhQ1vzexOyVX9mty"
"Esta Cobardia","Chiquetete","Lo Mejor de Chiquetete","Learn Spanish","Playlist","USZZR0910782","6hVn8phJpADIy5waHEj2wG"
"Hong Kong","C. Tangana","Hong Kong","Learn Spanish","Playlist","ES5022100010","5CSxAUVrFU76miNeuoDQAK"
"Nominao","C. Tangana","El Madrileño","Learn Spanish","Playlist","ES5022100009","5SkiVFWCP3NPEgNk3PaL2I"
"Me Maten - Live at NPR's Tiny Desk","C. Tangana","El Madrileño (Live at NPR's Tiny Desk)","Learn Spanish","Playlist","ES5022100396","5py3FJrHEuR67BjR7wm8uj"
"Los Tontos - Live at NPR's Tiny Desk","C. Tangana","El Madrileño (Live at NPR's Tiny Desk)","Learn Spanish","Playlist","ES5022100399","7s3ww2P0ShTAFLaVNVd7Rg"
"Remedios","Club del Río","Sustancia","Learn Spanish","Playlist","ES79A1812708","6abHsOmCZeW14rvGI5utCE"
"Un Dia Tu, Un Dia Yo","Julio Iglesias","Begin the Beguine","Learn Spanish","Playlist","NLB637990137","3q9F3KoHnZ0qj53e0yxWYo"
"Estoy aquí","Despistaos","Y a ti que te importa? Re edicion","Learn Spanish","Playlist","ES5150663031","2VQ36fHtQwEjId0Z4K8ovU"
"Estoy Aquí","Shakira","Pies Descalzos","Learn Spanish","Playlist","COS019500012","4M1lEbqPzlEw1JYWB6aE7K"
"Al menos ahora","Nek","Lo mejor de Nek: El ano cero","Learn Spanish","Playlist","ITQ000300090","28g4cSRoZhd1Zz1r7QN7oh"
"Vámonos a Marte","Kevin Kaarl","Hasta el Fin Del Mundo","Learn Spanish","Playlist","QZDA71980564","2TzkIzgzIHhewMxyh1u4hh"
"Demasiadas Mujeres","C. Tangana","El Madrileño","Learn Spanish","Playlist","ES5022000710","3GaGWoU1KfVqgl7vnRHP55"
"Mon Amour - Remix","zzoilo","Mon Amour (Remix)","Learn Spanish","Playlist","ES5702101693","5TMLavqGRKNxgzMBrVpC9R"
"Estrella del Rock","Dani Martín","Dani Martin","Learn Spanish","Playlist","ES5021300470","1DTPyBjayG6X7vtpOK4OWi"
"Tú Me Dejaste De Querer","C. Tangana","El Madrileño","Learn Spanish","Playlist","ES5022000718","5ddFjrPG8NgQQ6xlOQIVd2"
"Mundo imperfecto","Sidecars","Ruido de fondo","Learn Spanish","Playlist","ES5152000361","2u0cV9ctd6AcnMBbDFk88b"
"Maravillas - Live","Mirlo Maltés","Maravillas (Live)","Learn Spanish","Playlist","QZHZ31908661","59nlS4oJhoH5O5OgOlFoXf"
"Ateo","C. Tangana","Ateo","Learn Spanish","Playlist","ES5022101546","5xiAfKzE3mbxYbOkUZPR11"
"En el barro","Fito y Fitipaldis","Cada vez cadáver","Learn Spanish","Playlist","ES5152100535","2uXmW9ZXfBLrcFFgqblPJE"
"La Posada","Sebastián Cortés","La Posada","Learn Spanish","Playlist","ES71G2045062","29bl4Sr23RrFR0o8mSvPJ2"
"Flecha","Leiva","Flecha","Learn Spanish","Playlist","ES5022100888","6XtOM0xVBmhjX8mRkrWo9z"
"Párteme La Cara","C. Tangana","El Madrileño","Learn Spanish","Playlist","ES5022100002","5gEUDNQvoQjdjklrwPdGwD"
"Finisterre","Vetusta Morla","Cable a Tierra","Learn Spanish","Playlist","ES55C1060181","5FhTo7yj2umChnDdqch8oG"
"El Encuentro","Alizzz","Tiene que haber algo más","Learn Spanish","Playlist","ES5152001078","7etLErRSTb2DoEwg34GOSs"
"Dharma","Sebastian Yatra","Dharma","Learn Spanish","Playlist","USUM72122559","5tpAcJ47UgF4udM5YXcDd2"
"Segundo movimiento: lo de fuera","Extremoduro","La ley innata","Learn Spanish","Playlist","ES5150800945","5anSoPoSIy7NzsauFNY0pT"
"Hey","Julio Iglesias","HEY!","Learn Spanish","Playlist","NLB639999990","5BtNKZScq7gRDbcJ2FhIQb"
"Ya No Te Veo","DELLAFUENTE","Ya No Te Veo","Learn Spanish","Playlist","ES5021801140","7lOLQ52wY0FmqEKn7LKtQG"
"Flaca","Andrés Calamaro","Flaca","Learn Spanish","Playlist","AR8F42000006","2Vn7b8TBCuP8RLzRPppimY"
"Canción para Mi Muerte","Sui Generis","Vida","Learn Spanish","Playlist","ARF109700684","0t0Kl5jxxV3s8bdpILkgmd"
"Se Me Va","Siempre Asi","Four Hits: Siempre Asi","Learn Spanish","Playlist","ES5029400809","71JJCUeUcWcviRuueuMM9U"
"Interludio","Robe","Mayéutica","Learn Spanish","Playlist","ES71G2108925","4smdWRLMv9hhhZbLnJ63ds"
"Para Qué Sufrir","Natalia Lafourcade","Un Canto por México, Vol. 1","Learn Spanish","Playlist","MXF012000009","2t7rS8BHF5TmnBR5PmnnSU"
"La Última Canción","Malmö 040","La Última Canción","Learn Spanish","Playlist","FRX202212174","3Ts4fStHVtUojl6pEW4TJR"
"Casi","Melendi","10:20:40","Learn Spanish","Playlist","ES5021901628","24j3BlrsoNuNFvpnK3KVkx"
"A un minuto de ti","Mikel Erentxun","Naufragios","Learn Spanish","Playlist","ES5019269000","7HlULtRMJSTzorUMebka0f"
"Formentera","Aitana","Formentera","Learn Spanish","Playlist","ES5702102102","3nfICwo20uiFdEGzgNUSrG"
"Tiroteo - Remix","Marc Seguí","Tiroteo (Remix)","Learn Spanish","Playlist","USWL12100143","4OwhwvKESFtuu06dTgct7i"
"El Dia Que No Pueda Mas","Pereza","Aviones","Learn Spanish","Playlist","ES5020900290","4NII1XwrzELW5JU6yGo6hO"
"Saharabbey Road","Vetusta Morla","Un Día en el Mundo","Learn Spanish","Playlist","ES55C1060011","3kKC32g6Udc9wNHwZcMohb"
"Todo Lo Que Pido","Ciao Marina","Todo Lo Que Pido","Learn Spanish","Playlist","FRX762286129","48itut7DRwjT8meSGi9qBc"
"Del Tiempo Perdido","Robe","Destrozares, Canciones para el Final de los Tiempos","Learn Spanish","Playlist","ES71G1632407","6SJHY69ciIGbp8JspeEbki"
"Ingobernable","C. Tangana","El Madrileño","Learn Spanish","Playlist","ES5022100004","3SK45LddxlEkzI8OWO9Eyo"
"Ajedrez","David Bisbal","Ajedrez","Learn Spanish","Playlist","ESUM72200167","502C76In6ki3rUo47QP6pA"
"Barco a Venus","Mecano","Ana, José, Nacho","Learn Spanish","Playlist","ES5029700693","5I4DityDKyapmMNjpDGPVJ"
"Quiero Ser Feliz","Melendi","Mientras No Cueste Trabajo","Learn Spanish","Playlist","ES5080600745","5jE7hkJweGz0db3NuvW4o1"
"50 Horas","Coti","Hora de Ordenar","Learn Spanish","Playlist","ARUM71400365","1a6euQ4SwQDxfHOcFinpZm"
"Las de la Intuición","Shakira","Fijación Oral, Vol. 1","Learn Spanish","Playlist","USSM10501804","3uU6dqBjVKRTPis0RrTaT4"
"Aquí No Hay Playa","The Refrescos","Pongamos Que Hablo de Madrid","Learn Spanish","Playlist","ES5620650177","2Qjq1oKHQCSno0pScYnbeB"
"Baila Morena","Zucchero","La Sesión Cubana (Spanish Version)","Learn Spanish","Playlist","ITUM71200739","2bE53vaZHfQgk57fxa19Rh"
"Inevitable","Shakira","Donde Estan Los Ladrones","Learn Spanish","Playlist","COS019800783","78dbqYDvx6FOefROApu9w0"
"Ester Expósito","Dani Martín","Ester Expósito","Learn Spanish","Playlist","ES5022400375","4GKjSwmowWO082NGn11wNj"
"Sashimi","Leiva","Sashimi","Learn Spanish","Playlist","ES5022302870","4H5G0DJ9cVVupUlAWOfFKP"
"Rey del Glam","Alaska Y Dinarama","Diez-Remasters","Learn Spanish","Playlist","ES5088305082","7vcUOhIFkpzVCYvBkPdegl"
"Spanish Girl","Julio Iglesias","Emociones","Learn Spanish","Playlist","NLB630300310","15T2Fk5WwgAxszxyHD7gJV"
"Ningún Nombre, Ningún Lugar","Xoel López","Paramales","Learn Spanish","Playlist","ES07I1502411","0nEWCRtKKjHWKvBEl1kxyl"
"Bien Bonito","Marta Santos","Poquito a Poquito","Learn Spanish","Playlist","ESUM72302572","6TuxPLm34PqCLQFxMxiJaX"
"Imaginar","Guillem Roma","Postureo Real","Learn Spanish","Playlist","ES17D2301959","6tRxCogCnGfuMslTWGDJOM"
"Señora azul","Canovas, Rodrigo, Adolfo Y Guzman","Señora Azul (40 Aniversario)","Learn Spanish","Playlist","ES5099800347","1LXgrJqOEyLFTEsEjjfLMF"
"Esquinas de Madrid","84","El Burdel de las Sirenas","Learn Spanish","Playlist","ES75A0800022","0MVoEfP9W4cP85OFXDM2LJ"
"Obsesionario en La Mayor","Tan Bionica","Obsesionario","Learn Spanish","Playlist","ARA491000041","2YNMRnIJMCxDQWYfXRxJmB"
"No me importa nada","Luz Casal","Luz Casal","Learn Spanish","Playlist","ES5088903448","6RJ38oltKj9P0Ns44WJqxn"
"Cómo pudiste hacerme esto a mí","Alaska Y Dinarama","Deseo Carnal","Learn Spanish","Playlist","ES5088408149","6L3rEi9FdKAuwCz1DiWkIk"
"Rayando el Sol","Maná","Falta Amor","Learn Spanish","Playlist","MXF159100047","4Ofg5uuH7qqDIXpAJMpXZV"
"Hamburguesas","Carolina Durante","Hamburguesas","Learn Spanish","Playlist","ESUM72401110","6FUFVQrn1RvyydcLsL4xdJ"
"Cuarenta Mil","Leiva","Gigante","Learn Spanish","Playlist","ES5022401697","5m8gxrOo5vlwntpyn75eHF"
"El Polvo de los Días Raros","Leiva","Gigante","Learn Spanish","Playlist","ES5022401692","1QGPYgUxc7InXTvrTwvH45"
"Caída Libre (feat. Robe)","Leiva","Gigante","Learn Spanish","Playlist","ES5022401691","35eU9y0JOfSEt0i4jx9Bhd"
"Jaula de Oro","Leiva","Jaula de Oro","Learn Spanish","Playlist","ES5022300554","5N9gBB5NObA2S0kv7ABQYs"
"La Chica Del Bikini Azul","Luis Miguel","Palabra De Honor","Learn Spanish","Playlist","GBAYE8200330","6Ucocvd2YaEJRPmbT4SFgu"
"Quiero Que Me Llames","Conociendo Rusia","Cabildo y Juramento","Learn Spanish","Playlist","AR6B51900044","7jcXQXxo0lvpwg2twqJpqc"
"noche de san juan","Hey Kid","a nuevos lugares","Learn Spanish","Playlist","DGA0R2462737","0OXUqgdMVTNGgV0LJ8irvP"
"Como Yo Te Amo - Remastered 2020","Raphael","50 Años Después (Remastered)","Learn Spanish","Playlist","ES5702001574","2AUJjFhAvHJABd7nQxny6w"
"Normal","Carolina Durante","Elige Tu Propia Aventura","Learn Spanish","Playlist","ESUM72401103","3oag6xsH3APi2oHU8hVp8E"
"Vino y cemento","Taburete","Vino y cemento","Learn Spanish","Playlist","DGA052531076","704G43WtmRo2yfX697lp9f"
"Beber x Beber","zzoilo","Beber x Beber","Learn Spanish","Playlist","ES60D2300021","0cUIUxrjsw8PtfBk1SJ8jE"
"Tu fuiste mi sueño","Marina","Desde la frontera","Learn Spanish","Playlist","ES38A1600007","1Znbi4FWMHJyyEZpfKPXH9"
"Lodo","Xoel López","Sueños y Pan","Learn Spanish","Playlist","ES6081710408","05ascW5kZSLsGM7sdr9Eot"
"6 DE FEBRERO","Aitana","CUARTO AZUL","Learn Spanish","Playlist","ESUM72500425","6l18mUHOGVZRr5wTyITX0M"
"SUPERESTRELLA","Aitana","CUARTO AZUL","Learn Spanish","Playlist","ESUM72500492","6hpuesKPNa3WhV48O7Fa47"
"Amarillo","Shakira","El Dorado","Learn Spanish","Playlist","USSD11700138","5Qn56ssVeZJfNwDCme7Eo0"
"Me Duele La Cara De Ser Tan Guapo","Los Inhumanos","Cara-Dura","Learn Spanish","Playlist","ES5100100092","4ClSC5MEC4gFOFrxiSIHak"
"Cuando zarpa el amor (feat. Juan Magán)","Camela","Rebobinando (25 Años)","Learn Spanish","Playlist","ES5151802545","4TD052UwarqucOo1fsTq6P"
"Si no te tengo a ti","Hombres G","Agitar Antes De Usar","Learn Spanish","Playlist","ES5018872003","4QhZMvnoOxP6Ra73Ergy1f"
"Quiero","Pignoise","Año Zero","Learn Spanish","Playlist","ES5021000141","64qPik0uhgfKvJ9EdZQvt0"
"No Puedo Enamorarme de Ti","Antonio Flores","Pongamos Que Hablo De Madrid","Learn Spanish","Playlist","ES5118100029","4rcxCW6XjL4e2jwWVA3uhg"
"La misma canción","Sidecars","Everest","Learn Spanish","Playlist","ES5152500881","6mrpXiSbxL2BxfyKGYwpw3"
"Ahora Te Puedes Marchar","Luis Miguel","Soy Como Quiero Ser","Learn Spanish","Playlist","USWI19600295","1uKjQoh8JZj9ryuYRhpd7E"
"Lobo hombre en París - Versión EP","La Unión","Lobo hombre en París","Learn Spanish","Playlist","ES5152400371","2zusjwljepN2HlSFUcAxSY"
"Cadillac solitario (feat. Bunbury)","Loquillo","Cadillac solitario (feat. Bunbury)","Learn Spanish","Playlist","ES5152500720","6Bw1tgFEB8dVbtsa5F2kBt"
"Adiós papá","Los Ronaldos","Saca La Lengua","Learn Spanish","Playlist","ES5089604464","29OKK8URiORBpRsimvzsmm"
"Cuéntame un cuento (feat. Ara Malikian) - Remix 2025","Celtas Cortos","Cuéntame un cuento (feat. Ara Malikian) [Remix 2025]","Learn Spanish","Playlist","ES5152500910","5Gs4zIeZLswv5ffVoxzw9S"
"Como un burro amarrado en la puerta del baile","El Último De La Fila","Astronomía Razonable","Learn Spanish","Playlist","ES5080800663","5cjEWYDWMXlTZr8Rehu2bl"
"El sitio de mi recreo","Antonio Vega","Canciones 1980-2009","Learn Spanish","Playlist","ES6009400007","2tkMVjFwDzUCG3ulmz3fCb"
"Se fué","Laura Pausini","Laura Pausini - Spanish Version","Learn Spanish","Playlist","ITR009401391","5oQadhkuEdEhtdVn0QceyZ"
"El ataque de las chicas cocodrilo","Hombres G","La Cagaste... Burt Lancaster","Learn Spanish","Playlist","ES5018672006","3quyxN3SapEsojxk1Uw10K"
"Mar antiguo","El Último De La Fila","Astronomía Razonable","Learn Spanish","Playlist","ES5080800659","3tduKvstqxOddo4CCq4FK1"
"Fuego en mi oficina","091","Cementerio de automóviles","Learn Spanish","Playlist","ES5018342001","4g1lcxCXkPAEc4QMTUOWop"
"No puedo vivir sin ti - Versión Acustica","Coque Malla","La hora de los gigantes","Learn Spanish","Playlist","ES5151000030","0XUbxCMfZVWqCudk047CaQ"
"Entre mis recuerdos","Luz Casal","Como la flor prometida","Learn Spanish","Playlist","ES5089503455","6Z8Q8zSG6xpIKAyH0Z77wb"
"Rojitas las orejas","Fito y Fitipaldis","A Puerta Cerrada","Learn Spanish","Playlist","ES5019893000","42R5irny7qThOYUThAL7VW"
"La Chica de Ayer","Nacha Pop","Pongamos Que Hablo de Madrid","Learn Spanish","Playlist","ES5620650173","1OKvWMWYxdelrhncJyGC6s"
"Marta tiene un marcapasos","Hombres G","La Cagaste... Burt Lancaster","Learn Spanish","Playlist","ES5018672005","1XvfncS1t4BNkh37klHeqj"
"Chiquilla","Seguridad Social","Que No Se Extinga La Llama!","Learn Spanish","Playlist","ES5019150000","4eJikwHYHJ3yMg1tvS1Mom"
"Laura no està","Nek","Nek (spanish version)","Learn Spanish","Playlist","ITJ039700014","10tzk7ZRjwnLKd3gjKLtTA"
"Tiempos Nuevos, Tiempos Salvajes","Ilegales","Ilegales","Learn Spanish","Playlist","QM7281466231","22FaTP2EU2fVid3B3NQWmm"
"Depende","Jarabe De Palo","Depende","Learn Spanish","Playlist","ES5039800155","6aaPUBUFw9KEW1p1inVQv9"
"La Incondicional","Luis Miguel","Busca Una Mujer","Learn Spanish","Playlist","USWI18800036","6F9yAYUaNbUhdlQyt5uZ3b"
"Y, ¿Si fuera ella?","Alejandro Sanz","Más","Learn Spanish","Playlist","ES5159706043","1DmlUpnkg4N1VWquSoffF1"
"La casa del misterio - 2022 Remaster","Ilegales","Ilegales (Edición Deluxe)","Learn Spanish","Playlist","ES6172222296","11DC9lZzjXZvXZdIHBr0Bq"
"Bailando","Alaska Y Los Pegamoides","Grandes Éxitos - Edición Para Coleccionistas","Learn Spanish","Playlist","ES5080600626","0OteyYh6inrfcil1XGwC3r"
"Cuéntame un cuento","Celtas Cortos","Cuentame Un Cuento","Learn Spanish","Playlist","ES5019107008","7uou7DWqEQSNfxcfipxyIu"
"No me importa nada","Luz Casal","Luz V","Learn Spanish","Playlist","ES5088903448","77eDrs7w2utSdbBdpbefol"
"El rey del Glam","Alaska Y Dinarama","Canciones Profanas","Learn Spanish","Playlist","ES5088308713","5p6FNeBGfW9oPdBOH8e161"
"Camino Soria","Gabinete Caligari","The Platinum Collection: Gabinete Caligari","Learn Spanish","Playlist","ES5088703042","35SZlVjZdyHAePci2EeJ1Z"
"Robarle tiempo al tiempo","Café Quijano","Orígenes: El Bolero Volumen 2","Learn Spanish","Playlist","ES5151301871","0TCgYIbphnGDyOrdTHRvtJ"
"Aunque tú no lo sepas","Enrique Urquijo y Los problemas","Desde Que No Nos Vemos","Learn Spanish","Playlist","ES5019831003","2VybHZvsshGs8GpOaB0wS1"
"Te dejé marchar","Luz Casal","Luz V","Learn Spanish","Playlist","ES5089603436","107S7ETljEbvsoLV9Tb92a"
"Por el bulevar de los sueños rotos - 2017 Remaster","Los Secretos","Una vida a tu lado","Learn Spanish","Playlist","ES5151701994","633Z9EGuNeZ6fXvjD1gnN6"
"Embrujada","Tino Casal","Etiqueta Negra","Learn Spanish","Playlist","ES5088306539","5sMahG7wqFxJFXNaw1BPAf"
"La culpa fue del cha-cha-chá","Gabinete Caligari","Privado","Learn Spanish","Playlist","ES5088903047","4v2WZwihAzu0RZFUMl4y8l"
"La estatua del jardín botánico","Radio Futura","Radio Futura","Learn Spanish","Playlist","ES5088000128","0WfA99QTuvAJOCgAyqwYsf"
"Insurrección - 2008 Remaster","El Último De La Fila","Enemigos de lo ajeno (2008 Remaster)","Learn Spanish","Playlist","ES5080800645","7803rmspVDTFR78bj5KLPk"
"Septiembre","Los Enemigos","La Vida Mata","Learn Spanish","Playlist","ES5019052001","5zjdZ41WqxECGjrat4MDIK"
"Rock and Roll Star - 2017 Remaster","Loquillo","Rock and Roll Actitud (1978-2018)","Learn Spanish","Playlist","ES5151702346","6UJZUMcCgKHi4uGozQc8EE"
"Déjame","Los Secretos","30 años","Learn Spanish","Playlist","ES5019609013","3gXLvKCCb4EwiJBVhwjIu2"
"Sin documentos","Los Rodriguez","¡Hasta luego!","Learn Spanish","Playlist","ES5019364003","6mOZfn6CVXsX1Tt0l3thm3"
"Cuatro rosas","Gabinete Caligari","4 Rosas Y Que Dios Reparta Suerte","Learn Spanish","Playlist","ES5018402011","6oKFZQqYHYO1GSWzb1EDfP"
"Nocila ¡Qué merendilla!","Siniestro Total","Cuando se come aquí?","Learn Spanish","Playlist","ES5018201013","7tlfVNU7QUGBaNApBranyf"
"Y no amanece","Los Secretos","Adios Tristeza","Learn Spanish","Playlist","ES5019109000","0OBp3BCSJXHuSZH7Raq4J8"
"Suite nupcial","Gabinete Caligari","The Platinum Collection: Gabinete Caligari","Learn Spanish","Playlist","ES5088703036","5pNWv8WOj0vjJZNQJIRJnN"
"20 de abril (feat. Fito y Fitipaldis & IZAL)","Celtas Cortos","30 Aniversario (Sólo recuerdo lo bueno, de lo malo nada)","Learn Spanish","Playlist","ES5151900982","5MP6v6OCBI4mc5h3bKsuFc"
"Esta luz nunca se apagará - There Is a Light That Never Goes Out","Mikel Erentxun","Naufragios","Learn Spanish","Playlist","ES5019269002","5kDvGOJLmYttWjHMcwxlT5"
"Como hemos cambiado","Presuntos Implicados","Ser De Agua (REMASTERS)","Learn Spanish","Playlist","ES5159104013","1klC2q2EQnrDFabMd2iHsS"
"Piensa en mí","Luz Casal","A Contraluz","Learn Spanish","Playlist","ES5099700210","794LRMm5vapB2wM0pKzPuT"
"Todas las flores","Presuntos Implicados","Siete (REMASTERS)","Learn Spanish","Playlist","ES5159704034","3tiEqRIKJxAxCqGFQt8k4r"
"Una calle de París","Duncan Dhu","El Grito Del Tiempo","Learn Spanish","Playlist","ES5018760007","1nLOdVT581H7SA0ttCZRF9"
"Qué Hace una Chica Como Tú en un Sitio Como Este","Burning","El Fin de una Decada","Learn Spanish","Playlist","ES5378900011","4FxS4HWg7T9ek7drGGu2Ys"
"El ritmo del garaje","Loquillo","Heroes De Los 80","Learn Spanish","Playlist","ES5018404000","020aPMXlwYFpPB7cI8Kuc1"