Track name,Artist name,Album,Playlist name,Type,ISRC,Spotify - id
"Vielleicht","Rowli","Vielleicht","Deutsch","Playlist","QM7282543953","7FuwizV4bAUFBhyNB5dCxm"
"Verschwendete Zeit","01099","Kinder der Nacht","Deutsch","Playlist","DE1GM2400047","3E4EuIOS7e5c2swzhyRQSX"
"Ich bleib","Carlo5","Teil 2: Drunter/Drüber","Deutsch","Playlist","CH7812368400","5rA5nQkEswo9hBuQ6y4P1h"
"Sommersprossenzeit","Strob","Sommersprossenzeit","Deutsch","Playlist","QZTB62570117","3oMztnovVLeOS9NArSklLi"
"Liebe zu dritt","Provinz","Liebe zu dritt","Deutsch","Playlist","DEA622100847","1CeL9v59rZeFX63hYI4eAO"
"Hals über Kopf","frytz","Backup '25","Deutsch","Playlist","DEXO42425826","6na2BbMxVT9ZXFX5JHns6Q"
"Ich will","Miksu / Macloud","Ich will","Deutsch","Playlist","DEQ022372201","16HZAn6XX5XIzKMqcZYoIY"
"Kippen + Schlechter Wein","Ritter Lean","Stell dir vor","Deutsch","Playlist","DE1FB2400509","6WrxkzUIrCUfKXo6DxKibh"
"liebesbeweis","Rrotzer","liebesbeweis","Deutsch","Playlist","QZWFS2445915","79kMwRNa5TzMU02A65vDF6"
"hau rein","moi","hau rein","Deutsch","Playlist","QZWFF2480786","6Zy8Ybn3LQ8cPiIgDGWMKE"
"Anders","01099","Blaue Stunden","Deutsch","Playlist","DE1GM2200005","5RKvst7SDOCTWGlLcF6kSE"
"Wolken am Abend","Carlo5","Wolken am Abend","Deutsch","Playlist","CH7812358961","16M87fBeuDhq4yJOTLN1fd"
"Weinbrand","Amaru","Weinbrand","Deutsch","Playlist","DECE72400848","50Ap2wslYhEhIdoAp6jwQz"
"Theater★","Ski Aggu","denk mal drüber nach...","Deutsch","Playlist","DE1FB2300080","3mXLCPmEwNPOll1BZedEA9"
"Blicke kreuzen","frytz","Backup '25","Deutsch","Playlist","DEUE22503420","09nmDKT60f0LMaNZMuwnhX"
"Nachts wach","Miksu / Macloud","Nachts wach","Deutsch","Playlist","DEQ022291049","3kgt8Ys78I6GBZlQrWqZiA"
"OHMEINGOTT","Ritter Lean","Mixtape","Deutsch","Playlist","DE1FB2500207","7AKYrp5j7ZxOzbx7KV9iyR"
"BRING ME HOME","Rrotzer","BLACKED OUT DIARIES","Deutsch","Playlist","QZTAU2107072","5tTxzVAy7Z4tNcbO96GuBD"
"sorry jessica","moi","sorry jessica","Deutsch","Playlist","QZTAY2450778","3RMWYgfDgYScq2Q6MeL2AH"
"Tanzalarm","01099","Kinder der Nacht","Deutsch","Playlist","DE1FB2400294","1wtXpsjzyFyCh4mOtHbZTl"
"5min","AyVe","5min","Deutsch","Playlist","DEA622300229","4iYhkApfT5dTmYPQ6sT8K2"
"BERGSTEIGEN","$OHO BANI","TRÄUM $OHO","Deutsch","Playlist","DECE72203195","1mA6QQVlapkezo0UXSXKFL"
"Crash Dummy","BHZ","2013","Deutsch","Playlist","DEXK52300384","0kEO3qtCCZN8S42RdL1fp2"
"Kleiner Junge viel Herz","Rowli","Kleiner Junge viel Herz","Deutsch","Playlist","QM6MZ2580884","6eD8lAbNHFfhuuNapSWagn"
"vielleicht in einem jahr","Kasi","sommernacht <3","Deutsch","Playlist","DEE862300006","3ooxYFx0gfdj4eqSmCtoh1"
"allein mit dir","frytz","Backup '25","Deutsch","Playlist","DEXO52428791","7a7yBlS1lis9vtdV3Nq8xS"
"Break my heart","Rrotzer","Obsession","Deutsch","Playlist","QZK6N1989917","3z0XA6usBDO0hVNoRpIFPg"
"Tote Liebe","moi","LOVE IS A BITCH 2","Deutsch","Playlist","QZMEQ2421170","65WbUFidKO1zenYV5EPPHm"
"Cider","01099","Blaue Stunden","Deutsch","Playlist","DE1FB2200012","3Dwpw7G06KapVKxZAwPzNR"
"Scheiß auf dich","Rowli","Scheiß auf dich","Deutsch","Playlist","QMDA62490963","5j2zBTSOX4ujO3iEHCfrne"
"Goodbye","AyVe","Goodbye","Deutsch","Playlist","DEA622304116","60QGfl0L7EP7R538DGGTUw"
"Powerade","BHZ","In Liebe, Ion","Deutsch","Playlist","DEXK52200237","20l2YWgtEXAAAEzoWs3gkE"
"OLYMPIA","$OHO BANI","TRÄUM $OHO","Deutsch","Playlist","DECE72202532","249MSbYpwdCyxIZs5OuA0n"
"Boys Do Cry","Kasi","Boys Do Cry","Deutsch","Playlist","DEZC62286367","1iICY8qXRZKHThDyFYJql1"
"Changes","Rowli","Changes","Deutsch","Playlist","QZTAT2168766","3FaWMH0C3VxY5fDknvr5zB"
"immer allein","Rrotzer","immer allein","Deutsch","Playlist","QZWFP2408007","4b6wihjhzAjo2TJXLDSM5z"
"Optimist","moi","Optimist","Deutsch","Playlist","QZDA82486873","6TjlzZLQyYwUKAIgdqjIjJ"
"25grad (feat. Kasi)","01099","orange","Deutsch","Playlist","DE1FB2500152","06UcT73c5iTJ0XJzWAS83U"
"Ihre Sachen","Strob","Ihre Sachen","Deutsch","Playlist","QZNWT2566567","5ShgVsE6BKrejtIiqP5DOv"
"brich mein herz in nrw","AyVe","brich mein herz in nrw","Deutsch","Playlist","DEA622402639","3OBEAPI8JKVQDI19ccftfF"
"Bags","Rowli","Bags","Deutsch","Playlist","QZES92276290","6FfKS7iz7t2Vv3p2rqOoe9"
"Zungkuss","Ritter Lean","Muss mein eigener Atze sein","Deutsch","Playlist","DE1FB2400151","5E0TnhyZbOsygOe2xQUrCc"
"Sommerregen","RAUM27","Anfangen Anzufangen","Deutsch","Playlist","DEND12239205","6Vfp81iuChEl7GopcdVvEb"
"VIRAL","$OHO BANI","KIDS AUS DEM VERSTECK","Deutsch","Playlist","DECE72106295","0yegzQXUmJKoLnm4L5d3dg"
"EINFACH","Rrotzer","BLACKED OUT DIARIES","Deutsch","Playlist","QZTAU2107069","730aVUGfYZyBM21EeazMPV"
"FÜHL NICHTS","moi","FÜHL NICHTS","Deutsch","Playlist","QZHN72460451","4KNmhUzBPgrnSAl9rhuSXI"
"Küssen","01099","Kinder der Nacht","Deutsch","Playlist","DE1GM2400042","0XAED1f5jCJ14plqbry8yf"
"für mich sein","Strob","für mich sein","Deutsch","Playlist","QZDA62512506","4jc2delo6hu0GpaZSmElNb"
"Auf & Ab","Rowli","Auf & Ab","Deutsch","Playlist","QM6N22355523","0jXghnhNGDEtgcRlnErvxv"
"Leben ist zu kurz um Angst zu haben","makko","Pass dich nie an, Pass auf dich auf","Deutsch","Playlist","QZK6P2291118","6PI0ckgQc7yuVfALKtZkBq"
"mietfrei","Ski Aggu","denk mal drüber nach...","Deutsch","Playlist","DE1FB2300064","0fq2RzyyUoqELsONRF8ZzP"
"bleiben","Ski Aggu","2022 war film gewesen","Deutsch","Playlist","DE1FB2200021","4SdhCNvmvsDj0xvhi7xuNA"
"Liebe Grüsse","RAF Camora","XV RR Edition","Deutsch","Playlist","DEQ022374256","4mVnqNiw2Kf5AHj9j0KD6u"
"Hubba Bubba","Ski Aggu","2022 war film gewesen","Deutsch","Playlist","DECE72202374","1LhYl7a5VxCqpD1NgOhUJa"
"Wir haben Grund zum Feiern","Otto Waalkes","Werner - Das Rennen","Deutsch","Playlist","DEQ021802978","6JNoitg85V9P8D40BAQnZz"
"Einmal um die Welt","CRO","Raop","Deutsch","Playlist","DEW921100151","7qiUjLVo6zLj8WmxPMqoXD"
"Traum","CRO","Melodie","Deutsch","Playlist","DEW921300390","6Mw1NYkSkqrX1HtzDdTdAZ"
"Easy","CRO","Raop","Deutsch","Playlist","DEW921100135","063ltSmgXNffmgYxippeke"
"Bad Chick","CRO","Melodie","Deutsch","Playlist","DEW921300395","1hkne8FgcV3ChQq13G9mQ2"
"61 Grad (Deep House RMX)","Endzone","61 Grad (Deep House RMX)","Deutsch","Playlist","DEQ022150505","5HsrYtb503rCCWyZvGtf4v"
"LiEBE AUF DER RÜCKBANK","FiNCH","DORFDiSKO ZWEi","Deutsch","Playlist","DEUM72307174","2FiJGvN3fiXMwms9IftNV0"
"Party Sahne","Ski Aggu","2022 war film gewesen","Deutsch","Playlist","DE1FB2200086","2hFOXN8Eq2gXIGGMIdHdWJ"
"Astronaut","Sido","VI (Deluxe)","Deutsch","Playlist","DEUM71501571","0pQr5WsobmdZHnuObT0sc2"
"Blonde Chaya - Sped Up","Amaru","Blonde Chaya (Sped Up)","Deutsch","Playlist","QZTAS2338076","6WbDwAoc5xr0kFflHZW0A4"
"Die Nacht von Freitag auf Montag","SDP","Die bekannteste unbekannte Band der Welt","Deutsch","Playlist","DEBL60638248","27iLwU19SCH7tDeU64AieP"
"Vielleicht Vielleicht","MilleniumKid","Vielleicht Vielleicht","Deutsch","Playlist","DEA622301734","559mLg44MrcA7JzYGbpXfL"
"ECHT - Techno Mix","NOISETIME","ECHT (Techno Mix)","Deutsch","Playlist","DEUM72312633","2Pyfpd75r3dC3nDgVA4fnX"
"Zieh die Schuh aus","Roger Cicero","Männersachen","Deutsch","Playlist","DEA620600136","2mFaAyxMvTr9q2Na0A0TLC"
"Ich fühl' mich Disco","Christian Steiffen","Arbeiter der Liebe","Deutsch","Playlist","DEA621301036","2zUKhXh78KzEnC7NzigNjn"
"Easy Peasy","FiNCH","Fliesentisch Romantik 2","Deutsch","Playlist","DEA622001534","6bW4olKzz8M2BRYNU1ASUi"
"Abfahrt","FiNCH","Dorfdisko","Deutsch","Playlist","DEA621801461","7sIQ5eF9ZmZY6lGGwZKaP9"
"TABU.","Yung Yury","TABU.","Deutsch","Playlist","QZES82389788","42Ztw2ZtZR3mtWjXpg0R5I"
"Zelten auf Kies","Tream","Zelten auf Kies","Deutsch","Playlist","CH7812351093","3879mntZAUN5J9ejHjjvpr"
"Goldmarie","Tream","Goldmarie","Deutsch","Playlist","DECE72201423","0j0gyIMlVkrpA98rGxyud8"
"Unendlichkeit","MilleniumKid","Unendlichkeit","Deutsch","Playlist","SE5BU2318413","5oUaUa8t6ld88QUCyYFb2H"
"Friesenjung","Ski Aggu","denk mal drüber nach...","Deutsch","Playlist","DE1FB2300037","7b8Z1GU2plJy3aASZTiolF"
"gensehaut","Ski Aggu","gensehaut","Deutsch","Playlist","DE1FB2300100","1U3zO3oTeJuVn4U3LnPeFN"
"MAKRODOSIS","Ski Aggu","Party Sahne","Deutsch","Playlist","DECE72200907","1OoJQg9FeY3UqWPODcBKGj"
"Schloss aus Sand","1986zig","Schloss aus Sand","Deutsch","Playlist","DECE72400122","4sbl4SNfBkfijDEiaijhcC"
"Für immer Frühling","SOFFIE","Für immer Frühling","Deutsch","Playlist","FR10S2495220","3pn5z4CvMz95uEysWBUYCc"
"Alles nur geklaut","Die Prinzen","Alles nur geklaut","Deutsch","Playlist","DEC739300092","6X1mehC9bJ1ExEip4HB79W"
"Major Tom (Völlig losgelöst) - Single Version","Peter Schilling","Major Tom (Völlig losgelöst) [All Versions]","Deutsch","Playlist","DEA622100158","6u0F8YTqdUic3gMpgTcNDX"
"Komet","Udo Lindenberg","Komet","Deutsch","Playlist","DEA622202192","7oQepKHmXDaPC3rgeLRvQu"
"Stoff und Schnaps","Lil Kleine","Stoff und Schnaps","Deutsch","Playlist","NLG661600367","463oFGElXVcP8ueC72zvMj"
"VERLIEBT VERLOREN","Tream","VERLIEBT VERLOREN","Deutsch","Playlist","QZK6M2016892","4KXQwD5cX0646xgM1RzFqS"
"LEBENSLANG - HBz Remix","Tream","LEBENSLANG (HBz Remix)","Deutsch","Playlist","QZDA42245286","3VezyVVENyPQ5u2DIJsITb"
"Ghetto Tekkno","Ski Aggu","Ghetto Tekkno","Deutsch","Playlist","DEQ022292138","2q7srMvO0mexRQuP1DBMfM"
"Vertigo","Edwin Rosen","Vertigo","Deutsch","Playlist","DECE72200010","3Iq8XToI0I9KSnqovkv1AV"
"HEY PUPPE! - Remix","Tream","HEY PUPPE! (Remix)","Deutsch","Playlist","CH7812346643","064cML9vfFJ0vlH8b0EVhO"
"KAPPIES IM SLIP","Ski Aggu","denk mal drüber nach...","Deutsch","Playlist","DE1FB2300105","3wn67weLm1Dl0ZYJg217SE"
"SUPERSTARS","Tream","SUPERSTARS","Deutsch","Playlist","CH7812404069","6NIp5k4DPAB2hGI8Mg908B"
"Küssen","01099","Küssen","Deutsch","Playlist","DE1GM2400042","2FbTZrdW0KGqH7TOdZRHiP"
"Bei Dir","KUMMER","KIOX","Deutsch","Playlist","DECE71900341","3XpEKPj7KZt0yYWd7PQf5d"
"Danke Amor","Yung Yury","Danke Amor","Deutsch","Playlist","QZWFK2302135","3Nd7wf1LtYPpKpO3PGENqo"
"Sehnsucht","Miksu / Macloud","Sehnsucht","Deutsch","Playlist","DEQ022280395","7xaqxUl08zOg0YNUHokQpq"
"Nachts wach (Lila Wolken Bootleg)","Miksu / Macloud","Nachts wach","Deutsch","Playlist","DEQ022291278","5qEGAHerczFt3HmL9lhh4j"
"Treppenhaus","LEA","Treppenhaus","Deutsch","Playlist","DEQ322000013","0psIeufUtT83Ot2dkLjQ0v"
"Hin und her","Yung Yury","Lovescars","Deutsch","Playlist","CH7812404927","7MCS8omROXkciIVOzS9YcQ"
"Nie Mehr","CRO","Raop","Deutsch","Playlist","DEW921100148","77NjB7wkkhPUte2Nvz9awC"
"Durstlöscher","01099","Durstlöscher","Deutsch","Playlist","DEQ022113385","2QAsTQ1tydZ6mhYH2FyzfG"
"Der Rest meines Lebens","KUMMER","KIOX","Deutsch","Playlist","DECE71900343","6ezZTpRzpz97Ke3tCS6zpH"
"Pocahontas","AnnenMayKantereit","Alles nix konkretes","Deutsch","Playlist","DEUM71504281","4poYvYKOKtpAOoXSIYeU0A"
"Wie viel ist dein Outfit wert","KUMMER","KIOX","Deutsch","Playlist","DECE71900346","1VccO3KR3IuFBSc3Fee92X"
"Okay","KUMMER","KIOX","Deutsch","Playlist","DECE71900349","3MebXyoHnqzHZEfzvS8J1I"
"DER LETZTE SONG (ALLES WIRD GUT) (feat. Fred Rabe)","KUMMER","DER LETZTE SONG (ALLES WIRD GUT) (feat. Fred Rabe)","Deutsch","Playlist","DECE72104419","2FQRZLR31e3423Nmrgv0Pv"
"Der Rest meines Lebens - Live aus der Wuhlheide","KUMMER","Live aus der Wuhlheide","Deutsch","Playlist","DECE72301524","0A9AWAY2WlJZTmSDPRlmKK"
"Chemie Chemie Ya","Kraftklub","Keine Nacht für Niemand","Deutsch","Playlist","DEUM71702380","3eb1Qq8uqSDoRKib8z7vf3"
"leichter//kälter","Edwin Rosen","leichter//kälter","Deutsch","Playlist","QZFYX2099344","05FN4XjxvZLo4qwmQC7yxh"
"Ich will nur dass du weißt - IIVEN Remix","SDP","Ich will nur dass du weißt (IIVEN Remix)","Deutsch","Playlist","DETX42300001","7MCNurIGh8Hg9SYaCPP9vv"
"wie du manchmal fehlst","Zartmann","wie du manchmal fehlst","Deutsch","Playlist","DE1FB2400145","2gOVXniOMdunVdYk2NUQ4p"
"Dieser Sommer","Tream","Dieser Sommer","Deutsch","Playlist","CH7812410532","0Cnf2mlQavyPknr3OxzTAn"
"21 Nächte wach","Edwin Rosen","21 Nächte wach","Deutsch","Playlist","DECE72202342","77clSTvlbXYs0ZTvPzmJF3"
"Verschwende deine Zeit","Edwin Rosen","Verschwende deine Zeit","Deutsch","Playlist","DECE72102916","05PeuyOcr9GzSv8PmPwCSx"
"Champagner & Eis","viko63","Keller Tape","Deutsch","Playlist","QZFZ42198667","3KHK1euvGNas5W6H2mapcs"
"Mucho Gusto","viko63","Mucho Gusto","Deutsch","Playlist","NL4NL2174192","0zzJnnLm3NqyozbcP7qEUT"
"DEUTSCHLAND 🇩🇪 (MIT IKKIMEL)","Ski Aggu","DEUTSCHLAND 🇩🇪 (MIT IKKIMEL)","Deutsch","Playlist","DE1FB2400130","1No9gdv9NdknsaVA4Zdbku"
"Aperol im Glas","LEA","Bülowstrasse","Deutsch","Playlist","DE1FH2200027","7CBXOpFYUCfRjtQ1wMLMYR"
"Das geht ab - Wir feiern die ganze Nacht","Die Atzen","Atzen Musik Vol.1, 2 & 3","Deutsch","Playlist","DEN060801027","0TvcLuXOCVXQZwspgXPOZb"
"Halligalli","01099","Dachfenster","Deutsch","Playlist","DEQ022105415","167qodTKwnZUeRc1f6Nlke"
"KETA UND KRAWALL","Ikkimel","KETA UND KRAWALL","Deutsch","Playlist","DEQ322300475","6zP4Utvok4QRXlNYBZkpGa"
"MAXIMUM RIZZ","Ski Aggu","denk mal drüber nach...","Deutsch","Playlist","DE1FB2300108","73JHeIhYKRV1c6RI4ZXsjW"
"Verschwendete Zeit","01099","Verschwendete Zeit","Deutsch","Playlist","DE1GM2400047","4Ku2j0poFCLaSAEtncIeLi"
"Frisch","Gustav","Frisch","Deutsch","Playlist","QZNWV2080262","4jFjWItABR71T2mOpItbcy"
"VHS","01099","Dachfenster","Deutsch","Playlist","DEQ022105414","2PE71wHgZG5Z6CLOxPDPe7"
"Dies & Das","01099","Altbau","Deutsch","Playlist","DEQ022111977","4lZ7OpzFPYJIWVgfuWU0zv"
"2000er","01099","Altbau","Deutsch","Playlist","DEQ022270711","52KmC88JozxOuGraFXE43C"
"Pistazieneis","01099","Pistazieneis","Deutsch","Playlist","DE1FB2400219","0O1LqLDF2mQmWVlSrC4Mwn"
"Flasche kreist","01099","Flasche kreist","Deutsch","Playlist","DE1FB2400268","0N6OgNSefDTYZWqlzjVHrY"
"Wildberry Lillet","Nina Chuba","Wildberry Lillet","Deutsch","Playlist","DEE862201008","6yeZM8gyykjaf8w0GqRfK4"
"Endlos_demo","Mayberg","Endlos_demo","Deutsch","Playlist","QZK6M2233489","4tQA4uDHh6iPaQLWaxeQqH"
"Dior 2001","RIN","Planet Megatron","Deutsch","Playlist","DEQ021803485","6WusSsncC0Oo9sFHKwQii6"
"Alles neu","Peter Fox","Stadtaffe","Deutsch","Playlist","DEA620800706","5hqxBvQJ3XJDSbxT9vyyqA"
"HERZ MACHT BAMM","Tream","HERZ MACHT BAMM","Deutsch","Playlist","CH7812402287","5uiokPQwUgidgRBPEQPImc"
"Hubba Bubba","Ski Aggu","2022 war film gewesen","Deutsch","Playlist","DECE72202374","1KccrY8S2MUvU91PCQa9hZ"
"erste ma verliebt </3","AyVe","erste ma verliebt </3","Deutsch","Playlist","DEA622201822","1tpDvNYpe7sISg9HFZqJ97"
"Verliebt","t-low","Verliebt","Deutsch","Playlist","DEQ022274675","2KWHdSfXAm0BGDdycGmZkJ"
"Meine Gang (Bang Bang)","CRO","Melodie","Deutsch","Playlist","DEW921300393","4Q2Qr0N7zK8y6TaevsIrMU"
"Sie Liebt Techno","Romero","Sie Liebt Techno","Deutsch","Playlist","DEE862200457","3EngNejou3x0co3Ed68X7U"
"Bass","Dennis Dies Das","Bass","Deutsch","Playlist","DEXN32210006","5BiypsiapBLRQELkSFBby2"
"ATZENMODUS","BHZ","HALB:VIER DELUXE","Deutsch","Playlist","DEXK52100169","7BfRyF3eUgZxXBmt01PBZY"
"Ich hass dich","Nina Chuba","Glas","Deutsch","Playlist","DEE862201571","2toCf2FDbTIdWriPI6kcsY"
"Wildberry Lillet","Nina Chuba","Glas","Deutsch","Playlist","DEE862201008","6LBmaJYwbLHfQwIreMCLlw"
"Tempo","01099","Blaue Stunden","Deutsch","Playlist","DE1GM2200007","34yIHHjyyPX007lMSpj7J1"
"TikTok","Cenkgo","TikTok","Deutsch","Playlist","CH7812229295","4HneymubY1mJuBCekxM1KO"
"Secco Maracuja","SIRA","Secco Maracuja (feat. THEMBA)","Deutsch","Playlist","DEQ322200266","3iATVzRm0E8scMQ7aWoAmh"
"Traumhaft","KXXMA","Traumhaft","Deutsch","Playlist","DEUM72406741","5K42hxjahy96fXiTYNBU9Y"
"WILMERSDORFS KIND","Ski Aggu","Wilmersdorfs Kind","Deutsch","Playlist","DE1FB2400132","5lpFR3IPDGFwndRvhe6Eoz"
"Haare trocknen","01099","Haare trocknen","Deutsch","Playlist","DE1FB2400293","3pumsMT8WGMx4ddvzKmAPf"
"IMMER (MIT MAKKO)","Ski Aggu","Wilmersdorfs Kind","Deutsch","Playlist","DE1FB2400133","0UZOCEkRQ7kBNFH4NZgmHq"
"BELOHNEN","Ski Aggu","BELOHNEN","Deutsch","Playlist","DE1FB2400444","2wiRH3djx7l3zJirP539TR"
"Was du Liebe nennst","Bausa","Powerbausa","Deutsch","Playlist","DEA621702378","2hIY4sjfMeKwXXh2LvhrMo"
"Die Eine 2005","Die Firma","Krieg Und Frieden","Deutsch","Playlist","DEZ040500211","3jd4ya9vCwExxTVOjPcqsf"
"Atlantis","Paula Hartmann","kleine Feuer","Deutsch","Playlist","DEKF22400087","7HF2ixqp47pB4FcCSXkHP4"
"Europaträume","Brutalismus 3000","GOODBYE SALÒ","Deutsch","Playlist","DEE862400033","4qrBAShPdBpxCe0Yl2DXYT"
"Wien","Mayberg","MINI","Deutsch","Playlist","QZDA52330111","65caFJtNCC6xdSBUXZivw2"
"photosynthese","Dilla","photosynthese","Deutsch","Playlist","QZRP52190408","7aaeOKbjLe1zah55isgqdC"
"Bauchnabelpiercing","$ONO$ CLIQ","Bauchnabelpiercing","Deutsch","Playlist","DEKF22400449","6IMyz7eNbGhmDrgdelmqgB"
"IMMER (MIT MAKKO)","Ski Aggu","IMMER (MIT MAKKO)","Deutsch","Playlist","DE1FB2400133","4P2Sdu2zPhm2XN2W9Z8e1X"
"Party Sahne (aber schneller)","Ski Aggu","Party Sahne (aber schneller)","Deutsch","Playlist","DE1FB2200043","72FMrJkNyj6GF4nx73cego"
"Weißwein & Pappbecher","Ski Aggu","Weißwein & Pappbecher","Deutsch","Playlist","DEZC62027104","3sFqd1tsrvuHE9ToJeif8L"
"DIE LIEBE KOMMT NICHT AUS BERLIN","Brutalismus 3000","ULTRAKUNST","Deutsch","Playlist","DEZC62329859","2quJCirmxL0onIdjhmX5ml"
"Moment","Nicolas Binder","Moment","Deutsch","Playlist","QZGWX2190097","4rGKCr6pj3tKNWJvICbOaZ"
"Dachlatte - Paul Seul Remix","nand","Dachlatte (Paul Seul Remix)","Deutsch","Playlist","DEE862300708","77dFA7mUovYRHSIE0wLW2O"
"Mein Hass tritt dir die Haustür ein","Berq","berq","Deutsch","Playlist","DECE72401835","1c7usoqJL4tjHyh1XwoIsD"
"perfekt(er)","$OHO BANI","EIN SCHRITT UND ICH FALL","Deutsch","Playlist","DEKF22401114","6gs54Iqdr9vVCyNYXmxVvV"
"Mittelmeer","Pashanim","2000","Deutsch","Playlist","DECE72400931","6leQi7NakJQS1vHRtZsroe"
"Tour de Berlin","Ski Aggu","2022 war film gewesen","Deutsch","Playlist","DE1FB2200017","6bTtaSmqjMD6TggNfoR4N5"
"Ein Teil","CRO","Raop","Deutsch","Playlist","DEW921100153","0U6X8jiH7iHREOZKo8yajq"
"jonglieren","$OHO BANI","EIN SCHRITT UND ICH FALL","Deutsch","Playlist","DEKF22401112","1zCz22oB2fl0Z7CDp2qRg6"
"Nur ein Wort","Rowli","Nur ein Wort","Deutsch","Playlist","QZNWX2280778","6q11kvJWt4SYHiNembjnaU"
"LEUCHTTURM","FiNCH","LEUCHTTURM","Deutsch","Playlist","DEUM72412760","5BrWQaA9kuEvWoAlXfpl7g"
"Saufen aufm Spielplatz (Techno Remix)","Tiefundton","Saufen aufm Spielplatz (Techno Remix)","Deutsch","Playlist","DEKS32100121","3bY7PEICW5uuJTlzHgWLNf"
"Schüsse in die Luft","Kraftklub","In Schwarz","Deutsch","Playlist","DEUM71402719","0eLYvViVpIkau96EI76L6z"
"morgen","Mayberg","morgen","Deutsch","Playlist","QZZ7M2421119","1Ks5tlTGMwitXxDD05PSl3"
"Balancieren","Edwin Rosen","Balancieren","Deutsch","Playlist","DECE72402836","2awuTIPUCMhTEkfIh5XiS8"
"Whatever - +1","CRO","Raop +5","Deutsch","Playlist","DEW921300229","2OqOrMmLZQxe9l1t7IQ00s"
"Zickzack","makko","Zickzack","Deutsch","Playlist","DGA052407888","7mBDRYTfJC24sFknHOGJb0"
"Spiegelbild","Mayberg","Spiegelbild","Deutsch","Playlist","QZNWX2239363","0rt8k3nUqVpM4lc5KRdkOf"
"Whatever - +1","CRO","Raop +5","Deutsch","Playlist","DEW921300229","76vzW941WbfYjAp7SusKIj"
"Grüne Augen lügen nicht","JEREMIAS","Grüne Augen lügen nicht","Deutsch","Playlist","DEUM71906780","4lptrKbbydmqa74YS0a1rt"
"Ein Song reicht","Kraftklub","KARGO","Deutsch","Playlist","DECE72200895","4IBK0s9QPphO37DPcYhsAO"
"Großstadt","Provinz","Großstadt","Deutsch","Playlist","DEA622100138","1DMqi5u54embkRDMgqBW4o"
"HERZ ZURÜCK","Ikkimel","FOTZE","Deutsch","Playlist","DEQ322400581","7im2SNFE8LPh4KXvqxIYDF"
"Wackelkontakt","Oimara","Wackelkontakt","Deutsch","Playlist","DEW242400081","4x7j9ed3FRH6CHj27kiTQ3"
"tau mich auf","Zartmann","tau mich auf","Deutsch","Playlist","DE1FB2400558","6j8OrKDQHxXakjA7KKbWzj"
"Nur geträumt","Nena","Nena","Deutsch","Playlist","DEE868300002","0ukySDr4uEzZE36s7t7X8E"
"Blaues Licht","Kraftklub","KARGO","Deutsch","Playlist","DECE72200899","1LYb6PIZO8jcGztOWI6ymM"
"Rosaroter Tee","bac","Rosaroter Tee","Deutsch","Playlist","CHG542400001","4UKQ8zZQ92nTdxQpz6VrPv"
"Augenblick","01099","Augenblick","Deutsch","Playlist","DE1FB2500016","3m0ROY5WALPwqdsaraxN6i"
"Ski Aggu Typebeat","Ski Aggu","Ski Aggu Typebeat","Deutsch","Playlist","DEZC62174146","6RqAIV8SprEo2B4Q4sGsN8"
"rosa rugosa","Lucry & Suena","rosa rugosa","Deutsch","Playlist","DELV42300462","6reIioBTYw7UIskhcQ2Biw"
"Eins Zwei Polizei - Radio Edit","Mo-Do","Eins Zwei Polizei","Deutsch","Playlist","IT00G9430175","3saFx0IbtFusUZZXQeGxc1"
"Super Gut","Mo-Do","Was Ist Das?","Deutsch","Playlist","IT00G9503307","6xZ0Bm7VxSQclhzfREt2j8"
"STREIT","makko","STREIT","Deutsch","Playlist","FR2X42565594","2uj2UZwhooohVKQREM7Wx8"
"Denkmal","Wir sind Helden","Die Reklamation","Deutsch","Playlist","DEP240200023","58zHoX9U5VlSXLUUmWTfe2"
"Nur ein bisschen","Mayberg","Nur ein bisschen","Deutsch","Playlist","QZNWX2148529","2NTCi4wGypj56t843jb3Mt"
"Kunst und Musik","Joost","Unity","Deutsch","Playlist","NL4TG2500008","6pDVyh6jCAablXFc6yc2bJ"
"Im Fluss","Buntspecht","Konstrukt 5","Deutsch","Playlist","ATDY92400010","1iJtxphXfQfN0azjjcHLBu"
"Unter den Masken","Buntspecht","Draußen im Kopf","Deutsch","Playlist","ATDY91900003","4TO1feWbbSrPgsQcU7z4rF"
"Sticker","Ritter Lean","Auch ein Atze muss mal weinen","Deutsch","Playlist","DE1FB2300057","3912MRB8uIdCpcHdMZaciR"
"Traum","CRO","Melodie","Deutsch","Playlist","DEW921300390","7s3VxmIizcDgDTRCA4kDzd"
"Lieblingsmensch","Namika","Nador","Deutsch","Playlist","DEE861500389","6oHDvarQSp0mf5AD1SyNH0"
"Herz über Kopf","JORIS","Hoffnungslos Hoffnungsvoll","Deutsch","Playlist","DEQ321400478","2krwNGlAHQuClcMw0WMUiz"
"80 Millionen","Max Giesinger","Der Junge, der rennt (Deluxe Version)","Deutsch","Playlist","DELV41600001","4EB11zPPq3jDbhnwWpzFL9"
"Wir Sind Groß","Mark Forster","TAPE (Kogong Version)","Deutsch","Playlist","DEQ321600034","7AraSdlKIOoPCLRKkI3WjP"
"Willst du","Alligatoah","Triebwerke","Deutsch","Playlist","DEQ121319219","3g62kHCCbNwhEKYywx5Xwz"
"Nur noch kurz die Welt retten","Tim Bendzko","Wenn Worte meine Sprache wären","Deutsch","Playlist","DEE861100047","0Wq6whEjKeAAUi4nEim1DA"
"Oft gefragt","AnnenMayKantereit","Wird schon irgendwie gehen","Deutsch","Playlist","DEUM71503137","6J07Aeq7fOW5Xx9mFtwyoH"
"Auf uns","Andreas Bourani","Hey","Deutsch","Playlist","DEUM71400465","6dXt4t5jgySnVTeTpT4C0l"
"Nur ein Wort","Wir sind Helden","Von hier an blind","Deutsch","Playlist","DEG120500064","4hYinIaRxdaoEFSQni6K6I"
"Wenn sie tanzt","Max Giesinger","Der Junge, der rennt (Deluxe Version)","Deutsch","Playlist","DELV41600061","4mMYmlFkmrDStcSSpBKAE7"
"Roulette","Max Giesinger","Der Junge, der rennt (Deluxe Version)","Deutsch","Playlist","DELV41600063","76vm6e266UfMR57o5lx3wx"
"Nicht so schnell","Max Giesinger","Der Junge, der rennt (Deluxe Version)","Deutsch","Playlist","DELV41600059","7fHNd0Qvk7zwlU12dkVfOP"
"Bye Bye","CRO","MTV Unplugged","Deutsch","Playlist","DEW921400582","6Sr3iRWoMsyqVfNDJJQmzk"
"Stolzes Corazón","Salvatore Scire","Coco (Deutscher Original Film-Soundtrack)","Deutsch","Playlist","USWD11783997","0oBKh0DWXtHwY6epPAKBJD"
"Ich bin bereit","Debby van Dooren","Vaiana (Deutscher Original Film-Soundtrack)","Deutsch","Playlist","USWD11678069","5fXAMeRbUOQ0F5FYVL9Fus"
"Was Das Nächste Ufer Bringt","Alexandra Wilcke","Pocahontas Original Soundtrack (German Version)","Deutsch","Playlist","USWD10527308","4rdnB48PWfBM03jipqQu5V"
"Lass jetzt los - aus ""Die Eiskönigin - Völlig Unverfroren""/Deutscher Film-Soundtrack","Willemijn Verkaik","Die Eiskönigin Völlig Unverfroren (Deutscher Original Film Soundtrack)","Deutsch","Playlist","USWD11366456","4pUXz6qdWZmFKeXWsoZDfW"
"Sei Ein Mann","Stefan Erz","Mulan Original Soundtrack","Deutsch","Playlist","USWD10527278","77UE2vlw28gD8rqFlPEJF7"
"Das Farbenspiel Des Winds","Alexandra Wilcke","Pocahontas Original Soundtrack (German Version)","Deutsch","Playlist","USWD10527312","46ZqHajY0NwgIAkb8lDxrf"
"Dir gehört mein Herz","Phil Collins","Tarzan Original Soundtrack (German Version)","Deutsch","Playlist","USWD10423599","08GAxO4JesK4fKSPKMVco5"
"Ich Will Keinen Mann","Jocelyn B. Smith","Hercules Original Soundtrack","Deutsch","Playlist","USWD10423676","6ZUcvIVgvwfnZAjtG9JBAW"
"Auf Tour","Deine Freunde","Cars 3: Evolution (Original Film-Soundtrack)","Deutsch","Playlist","USWD11781016","7tCPjQIsgiuIg2lQImHxaV"
"Probier’s mal mit Gemütlichkeit","Edgar Ott","Das Dschungelbuch Original Soundtrack","Deutsch","Playlist","USWD10423629","4chv5Cks7PNXCMvxvy4C7h"
"Die Frau, Für Die Ein Kampf Sich Lohnt","Thomas Piper","Mulan Original Soundtrack","Deutsch","Playlist","USWD10527279","4Ed1k0ZEM4GtgVFoEqPtda"
"Un Poco Loco","Salvatore Scire","Coco (Deutscher Original Film-Soundtrack)","Deutsch","Playlist","USWD11783989","6LDuxZdcf0UOaL3GDw2SW7"
"Du hast'n Freund in Mir","Klaus Lage","Disney Film-Hits (Magische Musik Momente)","Deutsch","Playlist","USWD10525841","5LF5Eq6ouBonZgrZRMrAbJ"
"Mutter weiß mehr","Christine Leyser","Rapunzel Neu Verföhnt","Deutsch","Playlist","USWD11055396","1cxNdkIGRn6tEtWXmh47QZ"
"Wie zeigst du deine Liebe?","Kerstin Heiles","Verwünscht","Deutsch","Playlist","USWD10733178","5W6loLDYHhGI3vMWvp71Gz"
"Ganz nah dran","Cassandra Steen","Küss Den Frosch","Deutsch","Playlist","USWD10937292","59fRP12RQLkvwL9QqDvm6p"
"Weiter (Right Now)","Mark Forster","TAPE (Kogong Version)","Deutsch","Playlist","DEQ321600149","7uR3IvgNKKIye3pbFkCVPR"
"Nur ein Tanz","Pietro Lombardi","Nur ein Tanz","Deutsch","Playlist","DEUM71900488","6oaNpCVXUtmG0eKxsPO6Uf"
"Zusammen feat. Clueso (feat. Clueso)","Die Fantastischen Vier","Captain Fantastic Singles & Remixes","Deutsch","Playlist","DEE861702960","0eV2yonbivxFUtGm8RrGd8"
"Einmal","Mark Forster","LIEBE","Deutsch","Playlist","DEQ321800371","4MshU1BZjRZjXtoSpaOJlL"
"194 Länder","Mark Forster","LIEBE","Deutsch","Playlist","DEQ321800419","6rnJn3QbXeYUQpdFsr3kzm"
"Chip In (feat. Maro & Maurice Kirya)","Mark Forster","LIEBE","Deutsch","Playlist","DEQ321800377","5hlaYesvG4XKfc09s1kKaV"
"Lila Wolken","Marteria","Lila Wolken","Deutsch","Playlist","DEQ321200214","3CT1nhEnqol4rHIdwD7Rr7"
"Zuhause","Max Giesinger","Zuhause","Deutsch","Playlist","DELV41800654","692xWZOZbh3HDmfk6aIXX0"
"Du und Ich","Clueso","Du und Ich","Deutsch","Playlist","DEUM71802533","0InIjC22JigGNL2pCOtqHx"
"Nummer Eins","Stereoact","Lockermachen Durchfedern","Deutsch","Playlist","DEY201600127","7uhB31DFrsPEhyZ6W1dHvv"
"Haus am See","Peter Fox","Stadtaffe","Deutsch","Playlist","DEA620800624","7A4KdLy1DXOOC5fhIdDuHz"
"Irgendwas bleibt","Silbermond","Nichts Passiert","Deutsch","Playlist","DEA810900023","7dblY1Epg03mXh2bJ9F44Z"
"Hamma! - Single Edit","Culcha Candela","Das Beste (Deluxe Version)","Deutsch","Playlist","DEUM70706793","0W0ooKnuOJHSqp8zZRje7I"
"Schönste Zeit","Bosse","Kraniche","Deutsch","Playlist","DEUM71204647","5Qvkl0KUsDd4ChMDwbP14f"
"Still Be Friends (feat. Tory Lanez & Tyga)","G-Eazy","Still Be Friends (feat. Tory Lanez & Tyga)","Deutsch","Playlist","USRC12000525","0JjM9bKm4wrwohMslcm892"
"Kämpferherz","Pietro Lombardi","LOMBARDI (Deluxe Version)","Deutsch","Playlist","DEUM72000006","7IGFSGKALyAxmVI8L4vqs9"
"Zwei Welten","Phil Collins","Tarzan Original Soundtrack (German Version)","Deutsch","Playlist","USWD10423596","0jehce6zbp8U7GuT1zjYSK"
"So Ein Mann","Phil Collins","Tarzan Original Soundtrack (German Version)","Deutsch","Playlist","USWD10423597","4Ouaf9YVNCLhOnZBXa3N9F"
"Ich bin unterwegs","Phil Collins","Brother Bear Original Soundtrack","Deutsch","Playlist","USWD10524242","5eVHGNceOhFQbEfNgA1lzi"
"Kann Es Wirklich Liebe Sein","Alexandra Wilcke","Der König der Löwen Sonderausgabe","Deutsch","Playlist","USWD10524286","7GVqUxY38clcnKoudLsBMY"
"Unten im Meer","Ron Williams","Disney Film-Hits (Magische Musik Momente)","Deutsch","Playlist","USWD10525836","4DyDHvHs3tpcdUJMy2z6Yg"
"Sei Hier Gast","Joachim Kemmer","Beauty And The Beast Original Soundtrack Special Edition","Deutsch","Playlist","USWD10525835","6gRIh8Hsr3vGsvr59sI8QT"
"Wann fängt mein Leben an?","Pia Allgaier","Rapunzel Neu Verföhnt","Deutsch","Playlist","USWD11055395","2VsGqaaDmgfUR2IVeXkQ8D"
"Ein Traum wird wahr - aus ""Aladdin""","Sabine Hettlich","Ein Traum wird wahr (aus ""Aladdin"")","Deutsch","Playlist","USWD10525833","4dp0J5md8M8uYnEhMP5PRD"
"Fremde Wie Ich","Phil Collins","Tarzan Original Soundtrack (German Version)","Deutsch","Playlist","USWD10423612","2UW3Xr65vL7Kk4Wk3AWHrm"
"Nur'n kleiner Freundschaftsdienst","Peer Augustinski","Aladdin (Deutscher Original Film-Soundtrack)","Deutsch","Playlist","USWD10629538","4MAOHbCzrgy3yjIkMCmQg6"
"Ich Wäre Gern Wie DU","Klaus Havenstein","The Jungle Book Original Soundtrack (German Version)","Deutsch","Playlist","USWD10423630","1ee7q9SEsYYKnw0C2De4xY"
"Voll gerne","Andreas Bourani","Vaiana (Deutscher Original Film-Soundtrack)","Deutsch","Playlist","USWD11678072","2ZMr5Q3uBlfFvvJkD7IxLe"
"Ich Werd's Noch Beweisen!","Fredrik Lycke","Hercules Original Soundtrack","Deutsch","Playlist","USWD10423672","6fpNOGoEzKxf92UXzm3sRn"
"Der Ewige Kreis","Jocelyn B. Smith","Der König der Löwen Sonderausgabe","Deutsch","Playlist","USWD10524282","2c1ZvsUApTesnEOMZXybNf"
"Die Schöne und das Biest","Ingeborg Wellmann","Beauty And The Beast Original Soundtrack Special Edition","Deutsch","Playlist","USWD10526929","6ICgW9boNgFN1LrMRSYHzx"
"Endlich sehe ich das Licht","Manuel Straube","Rapunzel Neu Verföhnt","Deutsch","Playlist","USWD11055400","11X6ejZUMvgd7KBvOx2iEB"
"Wir Sind Eins","Cusch Jung","Best Of Der König Der Löwen","Deutsch","Playlist","USWD11158921","38S8iOYEG5RleQINSWZpC1"
"Kein Weg Zurück","Phil Collins","Brother Bear Original Soundtrack","Deutsch","Playlist","USWD10524243","19CrGPRTzxaupkZi7Oh4xB"
"Nur ein Kuss","Ron Williams","Disney Film-Hits (Magische Musik Momente)","Deutsch","Playlist","USWD10527394","7epa1naA7x8YuT1qpKFJl6"
"Jedes Wort Ist Wahr I","Chorus - Hercules","Hercules Original Soundtrack","Deutsch","Playlist","USWD10423669","1Um4MbpSCN46ldUxYzzZb3"
"Arabische Nächte","Bernd Klinsmann","Aladdin (Deutscher Original Film-Soundtrack)","Deutsch","Playlist","USWD10629535","54nr9Qf3OEHbHobTEvlJ4z"
"Hakuna Matata","Manuel Straube","Der König der Löwen Sonderausgabe","Deutsch","Playlist","USWD10524285","1eDcjQteHDjgZ9GpiQ4RDp"
"Willst du einen Schneemann bauen?","Valeska Gerhart","Die Eiskönigin Völlig Unverfroren (Deutscher Original Film Soundtrack)","Deutsch","Playlist","USWD11366453","5xkRXWqt8MAXh6wlhE3ODp"
"In Sekunden Auf Hundert","Jocelyn B. Smith","Hercules Original Soundtrack","Deutsch","Playlist","USWD10423675","4trgnYgsojJZFMuyy3U6wT"
"In deiner Welt","Naomi van Dooren","Disney Film-Hits (Magische Musik Momente)","Deutsch","Playlist","USWD10527390","0ilDuXcBY0PMtXkpnitudS"
"Wo du bist","Tommy Amper","Vaiana (Deutscher Original Film-Soundtrack)","Deutsch","Playlist","USWD11678068","4cDtkRdvpAX6iNailxvxNZ"
"Ich Will Jetzt Gleich Konig Sein","Manuel Straube","Der König der Löwen Sonderausgabe","Deutsch","Playlist","USWD10524283","6fkcf27MCcnDLBm2e6SL23"
"Wenn ich Mensch bin","Cassandra Steen","Küss Den Frosch","Deutsch","Playlist","USWD10937294","3vai4gHiOJDXXrL8ZOaVzi"
"Auf das, was da noch kommt","Max Giesinger","Die Reise (Deluxe Version)","Deutsch","Playlist","DEE861902836","7hrPCnodGyujkPusquA8fS"
"Die Reise","Max Giesinger","Die Reise","Deutsch","Playlist","DELV41800650","29vchuApvo5GeOAeGdAbfz"
"Feuerwerk","Wincent Weiss","Irgendwas gegen die Stille","Deutsch","Playlist","DEUM71604946","3GRoxbBauU8Ui1zUJwn9aD"
"2002","Sido","Ich & keine Maske","Deutsch","Playlist","DEUM71901812","2u8AXJyk8pICzj2wyPBL0b"
"Pyramiden","Sido","Ich & keine Maske","Deutsch","Playlist","DEUM71901822","7BQPDR1Zze52cysgBnUC3X"
"Tausend Tattoos","Sido","Kronjuwelen","Deutsch","Playlist","DEUM71806682","2PAYSgrVOBz8RJqp9B7QLu"
"Barfuß und allein","Max Giesinger","Der Junge, der rennt (Deluxe Version)","Deutsch","Playlist","DELV41600055","3ShWV4bcJjZONtvTBOOAy0"
"Ins Blaue","Max Giesinger","Der Junge, der rennt (Deluxe Version)","Deutsch","Playlist","DELV41600057","00DPeHmwBI4pGjUA5BXquu"
"Kreise","Johannes Oerding","Kreise","Deutsch","Playlist","DEE861700235","3CIeSEA8R2KxY40JSqxL41"
"Feuer - Achtabahn Mix","Laith Al-Deen","Feuer (Achtabahn Mix)","Deutsch","Playlist","DEA811600984","77LBDlYvnTBNFLlzpbQnUN"
"Leichtes Gepäck","Silbermond","Leichtes Gepäck","Deutsch","Playlist","DEE861500869","2kUUMGxMFcKItXfy36x7Th"
"todas","CRO","tru. (Deluxe Edition)","Deutsch","Playlist","DEW921401088","6oh6njZqTXlIkHDC2tjvWi"
"noch da","CRO","tru. (Deluxe Edition)","Deutsch","Playlist","DEW921401094","78caEl4OqEJtKkuF1q164K"
"Bring mich nach Hause","Wir sind Helden","Bring mich nach Hause","Deutsch","Playlist","DEQ321000126","7H5CCmUsLBWX5w9RzBxOwO"
"Troy","Die Fantastischen Vier","Viel - Jubiläums-Edition","Deutsch","Playlist","DEE860400443","6QRng4ZFJxeRnjcnquKlx2"
"Barfuß am Klavier","AnnenMayKantereit","Alles nix konkretes","Deutsch","Playlist","DEUM71504288","4kr64ggr6ALZGxnkGdhK7b"
"Ich will nur - Live","Philipp Poisel","Bis nach Toulouse + Eiserner Steg","Deutsch","Playlist","GBLAZ0500287","5r6IuFP35RG8fKryrWnHoX"
"Das Leichteste der Welt - Radio Edit","Silbermond","Das Leichteste der Welt","Deutsch","Playlist","DEE861600484","79Py78fYNWFdkXLwaNEpxw"
"Das Herz schlägt bis zum Hals","Revolverheld","Das Herz schlägt bis zum Hals","Deutsch","Playlist","DEE861702989","2kKTY7WuTl5XZ31mROTDYv"
"Wann dann?!? - Vip Mix","Culcha Candela","Wann dann?!? (Mixes)","Deutsch","Playlist","DELJ81608746","7gwRGOKu83UzZOrkkiY7sV"
"In meiner City (feat. Mr. Reedoo)","Culcha Candela","Feel Erfolg (Deluxe Edition)","Deutsch","Playlist","DEA811700432","44i66GAqQkQTqSd9Fr0LS8"
"Senorita","Kay One","Senorita","Deutsch","Playlist","DETO31790016","5OHOykHs3Ct2pgbqod8uMD"
"Au Revoir (feat. Sido)","Mark Forster","Bauch und Kopf (Live Edition)","Deutsch","Playlist","DEQ321400093","736ZXpp3gYi2KtcKi3s5Af"
"Trostpreis","Alligatoah","10 Jahre Alligatoah","Deutsch","Playlist","DEKE51100313","3OGlLa9RnR55xOoNOzTgDp"
"Cool mit mir selbst (feat. VitaliZe & Ela)","Culcha Candela","Cool mit mir selbst (feat. VitaliZe & Ela)","Deutsch","Playlist","DEA811700434","3TKnRbxYQYNr20NeDL11tW"
"Egal","LINA","Official","Deutsch","Playlist","DELV41600196","0RsQehJs0ljvlOMwOobhPZ"
"Ohne Dich","Anstandslos & Durchgeknallt","Ohne Dich (feat. Laurenz)","Deutsch","Playlist","DEE861700091","1DTw1NsSVV9G2F8BMdVX6U"
"Millionen Farben","Gestört aber GeiL","Millionen Farben (feat. Voyce)","Deutsch","Playlist","DEN061700291","4udvXCBLxXUwbW0zs4afUk"
"Wenn jetzt für immer wär - Radio Mix","Fabian Wegerer","Wenn jetzt für immer wär","Deutsch","Playlist","DEF911600033","6JV3ifBzQUfJnW9TIULFA4"
"Blau (feat. Sido)","AMANDA","Karussell","Deutsch","Playlist","DEQ321600413","5amWhhuMPipfRYq3eLJNyF"
"Chöre","Mark Forster","TAPE (Kogong Version)","Deutsch","Playlist","DEQ321600148","4ZPXuHp219ujq6QJ9oqteR"
"Soldaten 2.0","Kontra K","Soldaten 2.0","Deutsch","Playlist","DELV41702630","5RddxRDhCIcp8u8P5sV6n2"
"Mach Dein Ding","Culcha Candela","Feel Erfolg (Deluxe Edition)","Deutsch","Playlist","DEA811700433","7jZLQoychGTAbnND69z1Ci"
"Ich & Du","Gestört aber GeiL","Gestört aber GeiL","Deutsch","Playlist","DEN061501470","4MGA9FxQAmHOSqBvxnU7cD"
"Wünsch dir was","Cassandra Steen","Küss Den Frosch","Deutsch","Playlist","USWD10937290","4IgRpLYHrh6fkY6ZL25njE"
"Das Farbenspiel des Winds","Jennifer Rush","Pocahontas (Deutscher Original Film-Soundtrack)","Deutsch","Playlist","USWD10527315","2puJtILbsv0tpVlPSlQvpQ"
"Wie schön du bist","Sarah Connor","Muttersprache (Deluxe Version)","Deutsch","Playlist","DEUM71500657","2xtnnO9bHKXEmsfetO3ldK"
"Bedingungslos","Sarah Connor","Muttersprache (Deluxe Version)","Deutsch","Playlist","DEUM71500656","2GsApGGaZ8nyBE5kahG2VO"
"Kommst Du mit ihr","Sarah Connor","Muttersprache (Deluxe Version)","Deutsch","Playlist","DEUM71500862","5izoj27lxNzJCwY1BvAyhw"
"Pendel","Yvonne Catterfeld","Lieber so","Deutsch","Playlist","DEUM71303369","1wbZOI0ywHLQBFziBquHEH"
"Keine Religion","Joy Denalane","Keine Religion","Deutsch","Playlist","DEUM71500172","73dhOYc2f3b7qe0peythGD"
"Rollercoaster","Julian le Play","Melodrom","Deutsch","Playlist","DEL051340009","3Gf0XrAoKEF6btd6BUzV3j"
"Herz auf Beat","Nisse","August (Deluxe Version)","Deutsch","Playlist","DEQ321500105","0U3jwCHsrdi80KjCyR1RDz"
"Zuhause ist wir","MoTrip","Alien","Deutsch","Playlist","DEUM71501278","1At8ZhX8FBlYVaBzomdfWd"
"1,40m","Prinz Pi","Im Westen nix Neues","Deutsch","Playlist","DEQ121535325","1kt88GVueID2jSrXgsfEAT"
"Liebe Liebe","Nisse","August (Deluxe Version)","Deutsch","Playlist","DEQ321500178","1dUUVXxFbXikl5pi2tLX0T"
"Bis du wieder scheinst","Fabian Römer","Nur Für uns","Deutsch","Playlist","DEE861500597","4VRahix5igeYmdMcUic6aK"
"Nur noch schlafen","Fabian Römer","Nur Für uns","Deutsch","Playlist","DEE861500598","7IMyRZEYh11VndjkfAAZMU"
"Stille","Fabian Römer","Kalenderblätter","Deutsch","Playlist","DEE861500096","7Lbi6RvgNmfBwXLc2VrWdP"
"8701","Ahzumjot","Nix mehr egal","Deutsch","Playlist","DEUM71402339","7dzmGghAFujdiirqb4eERs"
"Wir sind nicht allein","The Love Bülow","Leuchtfeuer","Deutsch","Playlist","DEAL30801726","0k54Y717WHU2EBftEkoy0U"
"Sekundenkleber","Adesse","Fechnerstraße","Deutsch","Playlist","DEQ321500475","1MZCDrdL61E26WPQwzuVbA"
"Rosarot zu schwarz","Adesse","Fechnerstraße","Deutsch","Playlist","DEQ321500474","7gWx1rtaxtWtXkOrxNt4jV"
"Lieber so","Yvonne Catterfeld","Lieber so","Deutsch","Playlist","DEUM71303376","0ZTA5eAaeYdMzd1iQpSLDl"
"Fliegen","Matthias Schweighöfer","Fliegen","Deutsch","Playlist","DEUM71500731","7ny4B6zANhySGSfA5QPzet"
"Die Welt ist meine Familia","Salvatore Scire","Coco (Deutscher Original Film-Soundtrack)","Deutsch","Playlist","USWD11783991","2qmagy7uQpAQeXkPJy387n"
"Leiser","LEA","Zwischen meinen Zeilen (Deluxe)","Deutsch","Playlist","DEQ321700166","1fTzkQQ4oH5TIN8HnSbjCa"
"Stehaufmädchen","EULE","Musik an, Welt aus","Deutsch","Playlist","DEWS51800001","4vhHstIu2nKkciMFBeoMCQ"
"An Wunder","Wincent Weiss","Irgendwie anders","Deutsch","Playlist","DEUM71800892","1I2ziAYoM5rEh5uWBp76Tx"
"Ist da jemand","Adel Tawil","So schön anders (Deluxe Version)","Deutsch","Playlist","DEUM71702797","1QzmdyU1N47jAj0ao5IvlW"
"Gott steh mir bei","Adel Tawil","So schön anders (Deluxe Version)","Deutsch","Playlist","DEUM71702839","20axQNvGy7Ly5pRXgRJLdq"
"In deiner kleinen Welt - Marv Edit","Philipp Dittberner","In deiner kleinen Welt (Marv Edit)","Deutsch","Playlist","GBLAZ1600748","1Cl1a442RspSFDRiiJxbXd"
"Bis der Himmel sich dreht - Radio Mix","about barbara","Bis der Himmel sich dreht (Radio Mix)","Deutsch","Playlist","DEQR41600426","15DvXoYkIJ633EdNqcLfpO"
"Du bist mein Highlight - No puedo estar sin ti","Vanessa Mai","Du bist mein Highlight (No puedo estar sin ti)","Deutsch","Playlist","DEA812000347","5VnkwgQkO96t5OczSs687H"
"Tanzen / Baile","Edin","Tanzen / Baile","Deutsch","Playlist","DEQ322000235","17uCkFLH5j9xW7qKRuDHU7"
"Komm gib mir deine Hand - Remastered 2009","The Beatles","Past Masters (Vols. 1 & 2 / Remastered)","Deutsch","Playlist","GBAYE0801386","6oUjSwtifVaM8iIN01KVzC"
"Köpf die Flaschen","Miss Platnum","Ich war hier","Deutsch","Playlist","DEUM71502374","2CmaqoYgMRSOZdd0UbBwXr"
"110 (Prolog)","LEA","110 (Prolog)","Deutsch","Playlist","DEQ321900218","6D9KQOouQLGlgvrVB4P3vZ"
"Hamma! - Single Edit","Culcha Candela","Culcha Candela","Deutsch","Playlist","DEUM70706793","5BHn36lqBKrAehBUZWpzJT"
"Lila Wolken","Marteria","Lila Wolken - EP","Deutsch","Playlist","DEQ321200214","2i7LYnvqSFfmimscnZqVLn"
"Die guten Zeiten","Wincent Weiss","Vielleicht Irgendwann","Deutsch","Playlist","DEUM72007091","62d30BdDeSz8D9TFc3wx6m"
"Kein Lied","Wincent Weiss","Kein Lied","Deutsch","Playlist","DEUM71906737","70Rx1dbAgSI77aLgJg2NgM"
"Das kann uns keiner nehmen","Revolverheld","Immer in Bewegung","Deutsch","Playlist","DEE861300400","4xONI8LFfRPm7OSBKsFYqj"
"Einmal um die Welt","CRO","Raop","Deutsch","Playlist","DEW921100151","2L6hCTpUlR2p7Su3hiSB0s"
"Bilder im Kopf","Sido","#Beste","Deutsch","Playlist","DEUM71203903","3AzVdNe7tCYbjjRzQyVLbN"
"Ich lass für dich das Licht an","Revolverheld","Immer in Bewegung","Deutsch","Playlist","DEE861300464","55VQvOY6dT63vHmYlWJDpG"
"Halt dich an mir fest (feat. Marta Jandová) - Duett Version","Revolverheld","In Farbe - ReEdition","Deutsch","Playlist","DEA811000900","2jzMr4GqNXRNVgdHTyC9Gr"
"So wie du bist","MoTrip","Mama","Deutsch","Playlist","DEUM71501286","12SH8NE1e17yItgsb2gitp"
"Keine Maschine","Tim Bendzko","Immer noch Mensch","Deutsch","Playlist","DEE861600411","4dCGCvWz2YGBDBor9AKQU7"
"Wovon sollen wir träumen","Frida Gold","Juwel","Deutsch","Playlist","DEA621100093","1uKubXaFxoYl5KYiLAa0aw"
"Wenn jetzt Sommer wär","Pohlmann.","Zwischen Heimweh Und Fernsucht","Deutsch","Playlist","DEG120500271","5la3Ns6Kijy768nRHOvpCL"
"Lass uns gehen","Revolverheld","Immer in Bewegung","Deutsch","Playlist","DEE861300467","0fHsDAxHoljPezzp8A84Kz"
"Easy","CRO","Raop","Deutsch","Playlist","DEW921100135","0r1kH7SIkkPP9W7mUknObF"
"Du","CRO","Raop","Deutsch","Playlist","DEW921100142","4K9WfO5lYNlBpBugIak98k"
"Applaus, Applaus","Sportfreunde Stiller","New York, Rio, Rosenheim (Deluxe Version)","Deutsch","Playlist","DEUM71301288","4HD3CI3QWekmYfp9Y2V7tG"
"Au Revoir (feat. Sido)","Mark Forster","Bauch und Kopf","Deutsch","Playlist","DEQ321400093","1ZMODMeLK5x6W8r8jsmmgX"
"Diese Tage","Ich Liebe Diese Tage","Diese Tage","Deutsch","Playlist","DEY691200077","3kG2BXQN6FllKeYj7Typid"
"Tage wie diese","Rock Cafe","Tage wie diese","Deutsch","Playlist","DEY691200105","2kVPZtSSVQBN15i207LYaz"
"Flash Mich","Mark Forster","Bauch und Kopf","Deutsch","Playlist","DEQ321400105","2aGDxHavIuRArjI3NwfaVY"
"Tausend Tattoos","Sido","Tausend Tattoos","Deutsch","Playlist","DEUM71806682","1rGZd7EVl4aOClpzDLNPwy"
"Schönste Zeit","Bosse","Kraniche (plus Track by Track)","Deutsch","Playlist","DEUM71204647","3z4ePZgAz36X90QSBT7dm1"
"Lieder","Adel Tawil","Lieder (Deluxe Version)","Deutsch","Playlist","DEUM71303418","1KXDbhj8PUnHnBbPHDZdBV"
"Nur in meinem Kopf - Radio Edit","Andreas Bourani","Staub und Fantasie (Deluxe Version)","Deutsch","Playlist","DEUM71100995","6sJqyTUtxpzdISd2iYVAPT"
"Applaus, Applaus - Radio Edit","Sportfreunde Stiller","Applaus, Applaus","Deutsch","Playlist","DEUM71301693","7JxmTKWt4zsXh4pgiOpdgA"
"Flash Mich - Single Version","Mark Forster","Flash mich","Deutsch","Playlist","DEQ321400382","3ZBdWDhJHsWcmFXvabmHXh"
"36Grad","2raumwohnung","36Grad","Deutsch","Playlist","DEC610600203","5gDzYP14jAqWR4ckuFTVBu"
"Stimme","EFF","Stimme","Deutsch","Playlist","DEUM71503772","1dB19ppPm5cMuLaEm9jbDD"
"Wolke 4","Philipp Dittberner","Wolke 4","Deutsch","Playlist","GBLAZ1400522","0MsYSIag5JihnDLn2GkZh3"
"Liebe","Sido","30-11-80","Deutsch","Playlist","DEUM71303756","5cBx2v7XJSErfesDmgNtr2"
"Geiles Leben - Madizin Single Mix","Glasperlenspiel","Tag X (Geiles Leben Edition)","Deutsch","Playlist","DEUM71502356","4GyG53nBdaEvSEn9o8roA2"
"Hey Girl","CRO","Melodie","Deutsch","Playlist","DEW921300399","1iihbPAWlTbGW3UTbz22Th"
"Bad Chick","CRO","Melodie","Deutsch","Playlist","DEW921300395","5UFbfXuj4TjirzmcvTFBBy"
"Wohin willst du","Gestört aber GeiL","#ZWEI","Deutsch","Playlist","DEN061700293","51WUacrCkukxCgym463uNN"
"Ich will nur dass du weißt - Radio Edit","SDP","Ich will nur dass du weißt","Deutsch","Playlist","DETX41500514","1ejlaQBxPJ0P27FXJGMi3W"
"Musik sein","Wincent Weiss","Irgendwas gegen die Stille","Deutsch","Playlist","DEUM71601196","00ZoztotP7jEoezTPNMjvm"
"Leider geil (Leider geil)","Deichkind","Befehl von ganz unten","Deutsch","Playlist","DEUM71104228","3gmxpKRiDdCe6ub96LvKx5"
"Unter meiner Haut - Radio Mix","Gestört aber GeiL","Gestört aber GeiL","Deutsch","Playlist","DEN061500166","5NZlsLgfdg8HlP8RaXPIeP"
"Zuhause (feat. Matisyahu)","Adel Tawil","Lieder (Deluxe Version)","Deutsch","Playlist","DEUM71303546","6PIp0U7PSRUERuRAdfkLeg"
"Von allein","Culcha Candela","Flätrate","Deutsch","Playlist","DEUM71103566","4FmyszaYnvrcrMNZq43s1n"
"Du liebst mich nicht","Ado Kojo","Reise X","Deutsch","Playlist","DEBL61300810","2jMfh2QN632Cr36Dl73VX5"
"Stadtaffe","Peter Fox","Stadtaffe","Deutsch","Playlist","DEA620800625","1vb6REmvWiCWFkj7zHR8QE"
"Tage wie diese","Die Toten Hosen","""Ballast der Republik"" plus Jubiläums-Album ""Die Geister, die wir riefen""","Deutsch","Playlist","DEF241230001","2lYsCjTvXIHOqT8xSbK2jq"
"Bis ans Ende der Welt","JORIS","Hoffnungslos Hoffnungsvoll (Deluxe Version)","Deutsch","Playlist","DEQ321400483","5OBe13cKD7pBpPgzSUKtUz"
"Echt","Glasperlenspiel","Beweg dich mit mir","Deutsch","Playlist","DEUM71102042","5Ecz1CgpsJ8TQNjThRLlLi"
"Das ist dein Leben - Radio Edit","Philipp Dittberner","Das ist dein Leben (Radio Version)","Deutsch","Playlist","GBLAZ1500669","7zEiFyFtv5H0sfvFxPSXrU"
"Kids (2 Finger an den Kopf)","Marteria","Zum Glück in die Zukunft II","Deutsch","Playlist","DEQ321300396","6lxTIMeCLEkj48TlCRG3XX"
"Geboren um zu leben","Unheilig","Grosse Freiheit","Deutsch","Playlist","DEUM70906014","1VU8t2MpJRLG5iFEIxqq7z"
"80 Millionen","Max Giesinger","Der Junge, der rennt","Deutsch","Playlist","DELV41600001","14SZQ3k55sfzGLuv9WZ4Xe"
"Auf anderen Wegen","Andreas Bourani","Hey","Deutsch","Playlist","DEUM71401449","6GyBgO7IGH7nBdhbogEYnT"
"Schwesterherz","Vera Klima","Irgendwann ist jetzt","Deutsch","Playlist","DEUM71600059","76EEyTWHJA5Oj7Yww3GdcU"
"Ich will nur dass du weißt","SDP","Zurück in die Zukunst","Deutsch","Playlist","DETX41500114","17c0uUPyM9m2Jo0zJsVdcz"
"M&F - Single Version","Männer und Frauen","M&F (Männer & Frauen)","Deutsch","Playlist","DEY691200117","0XPcf4vTZUycRXGc4TIFfH"
"Der Himmel soll warten","Sido","Der Himmel soll warten","Deutsch","Playlist","DEUM71001436","08Fy07Z9yLoYaI6AUEnQiu"
"Perfekte Welle","Juli","Es ist Juli","Deutsch","Playlist","DEN120402022","2LV5joNDrsyuXEh4FBARVK"
"Pflaster","Ich + Ich","Gute Reise (Exklusive Version)","Deutsch","Playlist","DEUM70904767","2y9woPM180Da3Tgf1bBE2K"
"Elektrisches Gefühl","Juli","In Love","Deutsch","Playlist","DEUM71016019","3mtTc2I7SACbviaR8yvlvv"
"Bauch und Kopf","Mark Forster","Bauch und Kopf","Deutsch","Playlist","DEQ321400098","1n3pxPZ5LXUkCbuyR9S3wc"
"Augenbling","Seeed","SEEED","Deutsch","Playlist","DEA611200344","4eT8TcG3KKlprFcYePA9gw"
"Glücksmoment","Prince Damien","Glücksmomente","Deutsch","Playlist","DEUM71601386","1QleddKv5OZcFSDvszJr20"
"Millionen Lichter","Christina Stürmer","Ich hör auf mein Herz","Deutsch","Playlist","DEUM71300342","66og7eLYQaDJwjWbFB0IiJ"
"Ein Kompliment","Sportfreunde Stiller","Die gute Seite","Deutsch","Playlist","DEN120203570","5kNYGyPkorBykxgUE6EL1X"
"Irgendwie, irgendwo, irgendwann","Nena","Einmal ist keinmal","Deutsch","Playlist","DEE869901718","5i30V8zohIAzKiu617O3cL"
"Ne Leiche","SDP","Kontrastprogramm","Deutsch","Playlist","DEBL60840815","2QQQzfLXQWZBYAEr550dFA"
"Wir leben den Moment","Christina Stürmer","Nahaufnahme","Deutsch","Playlist","ATUM71001309","25xOC9dCzbfKMzoLSuPgbV"
"Berlin City Girl","Culcha Candela","Das Beste","Deutsch","Playlist","DEUM71017187","007iBVyzpG54jM8zQiHHAO"
"Monsta","Culcha Candela","Schöne Neue Welt","Deutsch","Playlist","DEUM70903295","3RM5RpRDDdST1njqOMG141"
"Ding","Seeed","Next!","Deutsch","Playlist","DEA610500339","5LH1z4ma2TN2aVeESXthj9"
"Oh Jonny","Jan Delay","Wir Kinder vom Bahnhof Soul (Re-Release)","Deutsch","Playlist","DEUM70903106","1IivtUqnUfW9jH3pM08D8U"
"Ich will nur - Live","Philipp Poisel","Bis nach Toulouse + Eiserner Steg","Deutsch","Playlist","GBLAZ0500287","5GejYj1O6ppdHNdhzuagNu"
"Erkläre mir die Liebe","Philipp Poisel","Mein Amerika","Deutsch","Playlist","GBLAZ1600769","5HOkt11Py1vzyQcCEIylGV"
"Das ist dein Leben","Philipp Dittberner","2:33","Deutsch","Playlist","GBLAZ1500655","2f0V01TGQbZbuPWzpKnOjC"
"Bis ans Ende der Welt","JORIS","Hoffnungslos Hoffnungsvoll","Deutsch","Playlist","DEQ321400483","4PGI9SfCxVBkEDS7iP3je4"
"Ich & Du","Gestört aber GeiL","Gestört aber GeiL","Deutsch","Playlist","DEN061501470","7c7B1yGUIVUQf4yvWcVU5M"
"Nein Mann (Ich will noch nicht gehen) - Radio Mix","Kaschämme Gaudi","Mega Kaschemme Party Hits 2014","Deutsch","Playlist","QMDA71362758","2flNwSzGl7cLd11MtpZrIh"
"Die immer lacht - Radio 2016 Mix","Stereoact","Die immer lacht","Deutsch","Playlist","DEY201500135","0lKyMPBRuIDCX56NORu5NZ"
"Irgendwie, irgendwo, irgendwann","Nena","Einmal ist keinmal","Deutsch","Playlist","DEE869901718","2KTxKoM4iUYCtuUGGIh9Qu"
"Westerland","Die Ärzte","Das Ist Nicht Die Ganze Wahrheit...","Deutsch","Playlist","DEE868800049","5aWpvFnByyWodgqYlC9kha"
"Major Tom (Völlig losgelöst)","MXM","Major Tom (Völlig losgelöst)","Deutsch","Playlist","QM6MZ2424578","0XPmdEHBu90jEJn2LdTGk7"
"Ohne Dich (schlaf' ich heut Nacht nicht ein)","Münchener Freiheit","Von Anfang An","Deutsch","Playlist","DEE868500072","7JM1dFLOa1kI5MqGnDufiY"
"Auf uns","KALUMA","Auf uns","Deutsch","Playlist","QM6P42628455","6EtaQZ17DcFWychSvbLyAc"
"Monsta","Culcha Candela","Schöne Neue Welt","Deutsch","Playlist","DEUM70903295","1orDTlpI02AkHtNN3RAtLV"
"Berlin City Girl","Culcha Candela","Das Beste (Deluxe Version)","Deutsch","Playlist","DEUM71017187","4nd5onkRpFPvqa8rGIiJgz"
"Pure Lust am Leben","Geier Sturzflug","Das Beste von Geier Sturzflug","Deutsch","Playlist","DEA818400020","37iEpva6cGnP0swmDZCBdT"
"Wannsee","Die Toten Hosen","Laune der Natur Spezialedition mit Learning English Lesson 2","Deutsch","Playlist","DEF241736006","5KSzv6Ho2Xw1k61SpM3l5n"
"Hamma! - Single Edit","Culcha Candela","Culcha Candela","Deutsch","Playlist","DEUM70706793","0hxdJjR8w2tiKTGqQN3AS0"
"Bruttosozialprodukt 2025","NOISETIME","Bruttosozialprodukt 2025","Deutsch","Playlist","QM4TX2500207","5UVm9WJ5KgqahUKjpjP5pU"
"1000 und 1 Nacht (Zoom!) - Remastered 2011","Klaus Lage","Schweißperlen","Deutsch","Playlist","DEA341100553","50brQMN8OxkmYUb1LyOsnQ"
"Die Da!?!","Die Fantastischen Vier","Vier gewinnt - Jubiläums-Edition","Deutsch","Playlist","DEE869200228","0LFq9xNDSgspBQlmaFfpat"
"Melodie","CRO","Melodie","Deutsch","Playlist","DEW921300404","26IboJpHTQp9LEfHCfxwfZ"
"ZEIT, DASS SICH WAS DREHT","$OHO BANI","EIN SCHRITT UND ICH FALL","Deutsch","Playlist","DEKF22400164","7fc7Z9hY2hzimmFvo2JO8p"
"Freiheit (Live) - 2000 Remaster","Westernhagen","Live (2000 Remaster)","Deutsch","Playlist","DEA620000958","5dZHgdCS1ILH7z86heIGBH"
"Ab in den Süden - Neuaufnahme","Buddy","Party Hits","Deutsch","Playlist","DEZ921500379","1PVHbQjnur34E2zZUUPQfc"
"Party Mix I","Pur","100% das Beste aus 40 Jahren (Deluxe Version)","Deutsch","Playlist","DEC649800430","0FroQLHyCPAO5SMFUnv615"
"Schüttel deinen Speck","Peter Fox","Stadtaffe","Deutsch","Playlist","DEA620800631","4zAV2pS81cE30xhBHwG9Pf"
"Ein Kompliment","KALUMA","Ein Kompliment","Deutsch","Playlist","QM6MZ2438464","37jDS6zfrt2bdMQfuXQ6rt"
"Der Kommissar","Falco","Einzelhaft","Deutsch","Playlist","ATB158200018","3TBRJsLCcwroEkA3tD4u2N"
"Schlechtes Vorbild","Sido","Ich","Deutsch","Playlist","DEZ470600466","0LmfeuPjr6wdmh7jeXgKaI"
"Computerliebe (Die Module spielen verrückt)","Paso Doble","Fantasie [Deluxe Edition]","Deutsch","Playlist","DEA620100681","3CtuGidVS3Tt6vDG25rRdz"
"Sonderzug nach Pankow","Udo Lindenberg & Das Panik-Orchester","Glanzlichter","Deutsch","Playlist","DEF068205470","0MVrs90dQpFmSIkPiNCV3N"
"Wie schön du bist","Sarah Connor","Wie schön du bist","Deutsch","Playlist","DEUM71500657","5b1EAza9GbDwnuzrnv22Dy"
"Tage wie diese","Rick Arena","Tage wie diese","Deutsch","Playlist","QMFMF2543049","6kYfJpShxJVvlECllFVgXI"
"Das Beste","Silbermond","Laut Gedacht (Re-Edition)","Deutsch","Playlist","DEA810600321","3FEhbAkm1Dy21UvhbYhFM3"
"Mit Pfefferminz bin ich dein Prinz","Westernhagen","Mit Pfefferminz bin ich dein Prinz","Deutsch","Playlist","DEA629560180","61uIub4nS6R2qjmoFX1BWk"
"Augen auf","Sido","Ich & meine Maske (Premium Version)","Deutsch","Playlist","DEZ470800821","3nAJAotlLWvmSWHQ05D2ma"
"Sie ist weg","Die Fantastischen Vier","Lauschgift - Jubiläums-Edition","Deutsch","Playlist","DEE869500515","3rTSoSOTvOebYMy2kzKvkJ"
"Dieser Weg - Radio-Edit","Xavier Naidoo","Telegramm für X","Deutsch","Playlist","DES810500107","33gKqAHyFTibf9jD5qmrNs"
"Tanz aus der Reihe!","SDP","Bunte Rapublik Deutschpunk (Premium Edition)","Deutsch","Playlist","DEBL60409839","3DB60PbfXFbnKbL8h9Ihrp"
"Emanuela","Fettes Brot","Am Wasser gebaut (Trockendock Edition)","Deutsch","Playlist","DEAH90500015","6MKo8Y901o7FYfWYIDYOZa"
"Pocahontas","Peter Wackel","Pocahontas","Deutsch","Playlist","QMDA62549785","5ircREr2MLhs8j5TXwAaeR"
"Junge","Die Ärzte","Jazz ist anders","Deutsch","Playlist","DEUM70708300","10waMsh44ojvTwXAIy213n"
"Durch den Monsun - Radio Mix","Tokio Hotel","Schrei (so laut du kannst) [New Version]","Deutsch","Playlist","DEUM70500187","41YOS7VuxHEEwYHLfa7VWM"
"Die Eine 2005","Die Firma","Krieg und Frieden","Deutsch","Playlist","DEZ040500211","1eS7Dfb5pe27NOHYxLy7iS"
"Mit freundlichen Grüßen","Die Fantastischen Vier","4:99 - Jubiläums-Edition","Deutsch","Playlist","DEE869900478","4BwQLePZSn9X2HoTwNpoLg"
"Moskau - 2007 Version","Dschinghis Khan","7 Leben","Deutsch","Playlist","DEUM70703331","0cwEvwz7syhgHKXX1z4puc"
"Ich will Spaß - 2025","Markus","Ich will Spaß (2025)","Deutsch","Playlist","QM6MZ2547371","3eGKSzDOx1X5uGP6glNf2n"
"Schrei nach Liebe","Die Toten Hosen","""Ballast der Republik"" plus Jubiläums-Album ""Die Geister, die wir riefen""","Deutsch","Playlist","DEF241230031","4vxpEZ3pbxG8x6DffGbDar"
"Ein Teil","CRO","Raop +5","Deutsch","Playlist","DEW921100153","2DPg80egZBPTf3q7tKrtwA"
"Vergiss mich","Bushido","Jenseits von Gut und Böse","Deutsch","Playlist","DEFZ71100001","77ssprf5UqnXmZLVWCzWGy"
"Männer","Herbert Grönemeyer","Was Muss Muss - Best Of","Deutsch","Playlist","DEC610800613","2PfEAFaaLabTXfmlV58LIj"
"Lass sie tanzen (Square Dance) [feat. Namika]","Ali As","Lass sie tanzen [Square Dance]","Deutsch","Playlist","DETO31500187","2nJo4HuSBcqVFH74Ipb4nY"
"Alles aus Liebe","Die Toten Hosen","Kauf mich! (Deluxe-Edition mit Bonus-Tracks)","Deutsch","Playlist","DEP610712531","2WFZXkRsALv5kC6HFIAsuG"
"Geile Zeit","Juli","Es ist Juli","Deutsch","Playlist","DEN120404257","3hT1h7FiFFxoLqiTMJM7Ew"
"Sexy","Westernhagen","Halleluja","Deutsch","Playlist","DEA629361950","2C8ymluZHrPz34w5tfk5QD"
"99 Luftballons","Nena","Nena","Deutsch","Playlist","DEE868300011","4ZhPLoMzZwewHLLjV1J15c"
"Du liebst mich nicht - 1822 Radio Edit unzensiert","Sabrina Setlur","Du liebst mich nicht","Deutsch","Playlist","DEP950400882","0Wkf0VGQE2WRRu7LDd8quB"
"Party Mix II","Pur","Party Hit Mix","Deutsch","Playlist","DEC649800439","7xC6pFPYHrjwkjmNzOR240"
"Cello (feat. Clueso) - MTV Unplugged Radio Atmo-Version","Udo Lindenberg","UDOPIUM - Das Beste (Special Edition)","Deutsch","Playlist","DEA621100330","67UtSTImmThuQAxv1iEgGF"
"Sternenhimmel","Hubert Kah","Ich komme","Deutsch","Playlist","DEF068205320","79hX0z70ufkP63Ocr4Jz4K"
"Schöne neue Welt - Single Version","Culcha Candela","Schöne Neue Welt","Deutsch","Playlist","DEUM70903085","7cnyVb2t7s1ZNQrwuPamkR"
"Diese Tage (feat. Dante Thomas)","Kris","Immer wenn ich das hier hör","Deutsch","Playlist","DEE861200187","10FLRAFBUypdI3i2mxiUwr"
"Übermorgen","Mark Forster","MUSKETIERE","Deutsch","Playlist","DEQ322000065","1Z3244VwvAV0TymMYYoHXt"
"Stadt","Cassandra Steen","Darum leben wir","Deutsch","Playlist","DEUM70900096","6nE5RgNaFN5E5bpXeH2z9M"
"Verdamp lang her","BAP","Für Usszeschnigge","Deutsch","Playlist","DEA349400695","12Gf7Ffl7pxj7mQF1ehRBy"
"Monet","Alligatoah","Monet","Deutsch","Playlist","DEQ022010262","2vS1HmVoOpvWeFKf7HnWdJ"
"Pflaster","Ich + Ich","Gute Reise (Neue Version)","Deutsch","Playlist","DEUM70904767","0gIQb6fbCPllnyeJcSUHqa"
"Fühlt sich wie fliegen an","Max Herre","Hallo Welt!","Deutsch","Playlist","DEUM71202265","0gsXBDy0CT4bti4LmqVsT3"
"Bonnie & Clyde","Die Toten Hosen","Opium für's Volk (Deluxe-Edition mit Bonus-Tracks)","Deutsch","Playlist","DEF240712435","2hZAJcLnFGk6V50TiD7yzm"
"Vom selben Stern - Radio Edit","Ich + Ich","Vom selben Stern (Exklusive Version)","Deutsch","Playlist","DEUM70701432","4kCYJigsNQJqs6kpMSlsmL"
"Schrei nach Liebe","Die Ärzte","Die Bestie in Menschengestalt","Deutsch","Playlist","DEZ650506930","4P4PHxZQ1FcwQKKnfEPsAZ"
"Ein Und Alles - 2008","2Bough","Ein Und Alles","Deutsch","Playlist","CH7812224236","0gV4CnSMCw195kmsC63Xw9"
"Ich liebe dich","SINAN","Ich liebe dich","Deutsch","Playlist","DECE72202330","2BgS0zMEQf650rjqrxoweb"
"Skandal im Sperrbezirk","Spider Murphy Gang","Dolce Vita","Deutsch","Playlist","DEA348101056","26kXONuhWX8sutaxnmcpPg"
"Terra Titanic","Peter Schilling","Von Anfang An...Bis Jetzt !","Deutsch","Playlist","DEA629253500","752q3k1ds8JckA7tIakICn"
"Ba-Ba Banküberfall","EAV (Erste Allgemeine Verunsicherung)","Geld Oder Leben","Deutsch","Playlist","ATE068500030","1LAdc8CC4UZibUnkIbVfX3"
"Ich kenne nichts (das so schön ist wie du) - Radio-Edit","Xavier Naidoo","Danke fürs Zuhören (Best Of)","Deutsch","Playlist","DES811200121","1E3HbBRkIbgmgPYNQANDQQ"
"Leuchtturm","Nena","Nena","Deutsch","Playlist","DEE868300027","4s5c5vqVno63R0QvWCiDMN"
"Rock Me Amadeus","Falco","Falco 3","Deutsch","Playlist","ATB158500018","0DfG1ltJnZyq4Tx3ZLL7ZU"
"Meine Zeit","CRO","Raop +5","Deutsch","Playlist","DEW921100147","19wRb5EH9l5LbqHLVIsGWi"
"Hier kommt Kurt","Frank Zander","Kurt - Quo Vadis - remastered and pimped up","Deutsch","Playlist","DEC489900054","6RE97TNubJ4EMkoULibMLw"
"Codo (...düse im Sauseschritt)","Döf","4 Hits - DÖF","Deutsch","Playlist","ATB158300073","5LeHzi6zItFT81Ik2EwCWo"
"99 Luftballons","Nena","Nena","Deutsch","Playlist","DEE868300011","2IJftBfq7pJ43tfnOR0RB3"
"Goldener Reiter","Joachim Witt","Silberblick","Deutsch","Playlist","DEA629262331","7sgbBeINoJ4TDUDIloK9li"
"Mambo","Herbert Grönemeyer","Was Muss Muss - Best Of","Deutsch","Playlist","DEC610800630","09xzup1C7H52KnSw0367rz"
"Der Knutschfleck","IXI","Deutsche Kulthits der 80er Jahre - 3","Deutsch","Playlist","DEF088300620","7JUiW90WhEZW8uQvTpaWgX"
"Ich war noch niemals in New York","Udo Jürgens","Silberstreifen","Deutsch","Playlist","DEA818200038","3IchfVcS6QwpKLFuRE1Qyd"
"Männer sind Schweine","Die Ärzte","13","Deutsch","Playlist","DED579708640","3oTqsRhrOvnUEavb1NQIWa"
"Alles kann besser werden","Xavier Naidoo","Alles kann besser werden","Deutsch","Playlist","DES810900248","5CdzkWPqvSbpz4kFD5jFWg"
"Da Da Da ich lieb dich nicht du liebst mich nicht Aha Aha Aha - Lange Version","Trio","Trio (Deluxe Edition)","Deutsch","Playlist","DEF078202720","1vfoYJQQ9w6T66OgpbQuxn"
"Das Model","Kraftwerk","3-D Der Katalog (German Version)","Deutsch","Playlist","GBAYE1701580","3VwLD5o1r0YBLkjUfgSEYg"
"König von Deutschland","Rio Reiser","Rio I.","Deutsch","Playlist","DEE868600085","4Hg99jQ6zjks47xaH8eK40"
"Taxi nach Paris","Felix De Luxe","Felix Deluxe","Deutsch","Playlist","DEF068404740","4IALADnQ5JO3LbRxFMRM9S"
"Rosemarie","Hubert Kah","Meine Höhepunkte","Deutsch","Playlist","DEF068200820","4LYvl2jiB2EkCpZzTA8vxS"
"Tausendmal Du","Münchener Freiheit","Tausend Mal Du","Deutsch","Playlist","DEE868600081","2kdcfQSHbS6V6qSPVgbT7Z"
"Jede Stunde","Karat","Die NDW Hits - Das beste aus 40 Jahren Hitparade","Deutsch","Playlist","DEC719400352","6hvQQGEA9qmkci6MTdVWRa"
"Hurra, hurra, die Schule brennt","Extrabreit","Ihre grössten Erfolge","Deutsch","Playlist","DEF088025220","4LI4YCdKH2fLjyhtbtHXrY"
"Dschinghis Khan - 2007 Version","Dschinghis Khan","7 Leben","Deutsch","Playlist","DEUM70703330","0ksebE6LrZocf2L5f4N1q7"
"Hier kommt Alex","Die Toten Hosen","All die ganzen Jahre: Ihre besten Lieder","Deutsch","Playlist","DEP611112456","1zs0BxFFLfbJQTSo84rkhy"
"Egoist","Falco","Out Of The Dark (Into The Light)","Deutsch","Playlist","DEA349701894","3HMnzW11ZTELitvvX13yLb"
"Sie sieht mich nicht","Xavier Naidoo","Nicht von dieser Welt","Deutsch","Playlist","DES810800180","3a3PdavN2xzZTe9TtmnNyE"
"Fred vom Jupiter","Andreas Dorau","Ernte","Deutsch","Playlist","DEK336400021","7HyAIKz7frBvOVtjIUZlzA"
"Flieger, grüß mir die Sonne","Extrabreit","Ihre grössten Erfolge","Deutsch","Playlist","DEF088025210","5nshHPZBuAn0kndDRsjeX5"
"Über sieben Brücken musst du gehn","Karat","Original Album Classics","Deutsch","Playlist","DEC719400666","6lhzUwb3Ggfi1tPR3YoIh6"
"Aber bitte mit Sahne","Udo Jürgens","Meine Lieder 2","Deutsch","Playlist","CH0019800001","2Onp2y3pd6wq3ZeA1GBJhl"
"Eisbär","Grauzone","Eisbär","Deutsch","Playlist","DETB31800774","6dO3t1e3pb7sxyDQbDyVNX"
"Dein ist mein ganzes Herz","Heinz Rudolf Kunze","Dein ist mein ganzes Herz","Deutsch","Playlist","DEA629252170","030dULvYNT5n8vYpIak51w"
"Mensch","Herbert Grönemeyer","Was Muss Muss - Best Of","Deutsch","Playlist","DEC610800588","2urspvjqMlyq8JVAudN3DK"
"Küssen verboten","Die Prinzen","Küssen verboten","Deutsch","Playlist","DEC730000245","1Y8s5Imw2ZegCHWi8xHJGW"
"Was soll das - Remastered 2016","Herbert Grönemeyer","Ö (Remastered 2016)","Deutsch","Playlist","GBLAZ1600875","1AN1GaGhfXfofnmonu7jYx"
"'54, '74, '90, 2010","Sportfreunde Stiller","You Have To Win Zweikampf (mit Verlängerung)","Deutsch","Playlist","DEUM70602470","6ee1motyT1KuUMiz8dMqxj"
"Ich liebe das Leben","Vicky Leandros","Ich liebe das Leben (Expanded Edition)","Deutsch","Playlist","DEF077504040","6fad6uDYzv25Yf7czFw1Oj"
"Schickeria","Spider Murphy Gang","Dolce Vita","Deutsch","Playlist","DEA348101052","1mOIOim4QHFVKavrJQ8G90"
"Über den Wolken","Reinhard Mey","Wie vor Jahr und Tag","Deutsch","Playlist","DEC649200147","3mEKYoWxm8ULDEVvgiGYQe"
"Griechischer Wein","Udo Jürgens","Meine Lieder","Deutsch","Playlist","DEA817400019","2f8Hc0w7BpDtzwoa6BHKec"
"Jet Set - Single Version","Carmen Geiss","Jet Set","Deutsch","Playlist","DEA341100544","6n7gZTdKDiY4CduwBpkgnX"
"Emanuela","Fettes Brot","Am Wasser gebaut","Deutsch","Playlist","DEAH90500015","15hHGF66ZlM6UAzMSpf5Q1"
"Für immer jung (feat. Karel Gott)","Bushido","Heavy Metal Payback","Deutsch","Playlist","DEFZ70800154","7e0D5XIvClwyPYy0tsQ6fs"
"Schöne neue Welt - Single Version","Culcha Candela","Das Beste (Deluxe Version)","Deutsch","Playlist","DEUM70903085","3XOa2OHS7DojbzwovkeKF1"
"Freunde bleiben","Revolverheld","Revolverheld","Deutsch","Playlist","DEA810501505","4bzmkrtJDog1RpvWAibK2n"
"Das rote Pferd","Markus Becker","Das Rote Pferd","Deutsch","Playlist","DEC610700986","1PGSrlMKPm4FsgZvHtOY2Q"
"Gewinner - Single Version / Remastered 2014","Clueso","So sehr dabei - Live (Remastered 2014)","Deutsch","Playlist","DEQV21400090","2SK9CvuHKL54i8k6QgUV39"
"Symphonie","Silbermond","Verschwende Deine Zeit","Deutsch","Playlist","DEA810400356","7mOD9NFyZhC8PtW4joWDWT"
"König von Deutschland (feat. Valezka)","Eko Fresh","Legende (Best Of)","Deutsch","Playlist","DEWC61800001","5uogCQ2hRZn0an66mgc2CJ"
"Helden 2008","Revolverheld","Helden 2008","Deutsch","Playlist","DEA810800202","4iyshfXSQnB0yhQr4Uoyqp"
"Mein Block","Sido","Maske X","Deutsch","Playlist","DEQ020500858","4T1tVhQahmAOvTF65lKq4o"
"Dieses Leben","Juli","Ein neuer Tag","Deutsch","Playlist","DEUM70603168","138of8Or62lWDzlT6C5i7I"
"Und wenn ein Lied - Radio Edit","Söhne Mannheims","Und wenn ein Lied","Deutsch","Playlist","DEP470400063","4lUelqeMNvuaxio1hdyyGS"
"Endgegner - Live","Bushido","7 Live","Deutsch","Playlist","DEFZ70800049","2JncPeCHHVtIQIZOUJWhYO"
"Frauen regier'n die Welt","Roger Cicero","Männersachen","Deutsch","Playlist","DEA620600799","3eETBVmtzUn8RyrqspRgXO"
"Gekommen um zu bleiben","Wir sind Helden","Von hier an blind","Deutsch","Playlist","DEG120500003","0UdNzmV16GbFEDohWcEaDC"
"Für Dich","Yvonne Catterfeld","Meine Welt","Deutsch","Playlist","DEC760300066","3QYi6nQ5sDi4eNh0DHZujh"
"Das Geht Ab - Rock Version","Die Atzen","Party Chaos (Deluxe Version)","Deutsch","Playlist","DEN061100141","2fgttvvrcwpXlunL7xdGMO"
"Mit dir chilln","Revolverheld","Revolverheld","Deutsch","Playlist","DEA810501512","7bjM0YAWS0goSo8pSokkvA"
"Anton aus Tirol","Anton","Das Album","Deutsch","Playlist","ATHE51082020","2YuKyP77pidQlkxm8PuyJj"
"Ein Teil von mir","Sido","#Beste","Deutsch","Playlist","DEZ470600470","6UHgwFwUKsbNO3N2Rlhb4l"
"Stark","Ich + Ich","Vom selben Stern (Online Version)","Deutsch","Playlist","DEUM70701433","2Hrf8BSoIjBoVKLDK9QHmx"
"Staatsfeind Nr. 1","Bushido","Staatsfeind Nr.1 - Rerelease","Deutsch","Playlist","DEUM70502349","1LyZK5iVxo78Urd8xpcqcm"
"Heul doch - Single Version","LaFee","Best Of - Die Nacht Edition","Deutsch","Playlist","DEC610700629","6vFPsXH2u2P2bIFdqmw0Vc"
"Hey Baby","DJ Ötzi","Simply The Best","Deutsch","Playlist","DEUM71200507","5g3rL93FXCoTZwP2zr9RE5"
"Nur zu Besuch","Die Toten Hosen","Auswärtsspiel (Deluxe-Edition mit Bonus-Tracks)","Deutsch","Playlist","DEF240712333","54wROe2gNU8EMxCme0lprb"
"Allein Allein","Polarkreis 18","The Colour Of Snow","Deutsch","Playlist","DEUM70804753","4HyJ1VGNu3IszMV0sTsqKP"
"Schwule Mädchen","Fettes Brot","Demotape","Deutsch","Playlist","DEAH90900005","3dKPA3BeuIF5yvv2xUVh0z"
"Wo willst du hin?","Xavier Naidoo","Danke fürs Zuhören - Liedersammlung 1998 - 2012","Deutsch","Playlist","DES811200118","4ybHjPRWdzSBSUyDvfzpNy"
"Tanz der Moleküle - Single Version","Mia.","Tanz Der Moleküle","Deutsch","Playlist","DEE860600352","1mp5PVgUpnHflPu9URvsCk"
"Monsta","Culcha Candela","Das Beste (Deluxe Version)","Deutsch","Playlist","DEUM70903295","6nHTgckNJCnOTwOkO3rr28"
"LEB! - Original "" LEEF ""","Die 3. Generation","LEB! (Der Big Brother Titelsong)","Deutsch","Playlist","DER541100217","6JHuwrzoGyB5dnXTpWV1Er"
"Ich kenne nichts (das so schön ist wie du)","Xavier Naidoo","Danke fürs Zuhören - Liedersammlung 1998 - 2012","Deutsch","Playlist","DES811200121","6u7AYdi0SFO22wWuEl1NoY"
"Gib mir Sonne","Rosenstolz","Die Suche geht weiter","Deutsch","Playlist","DEUM70804365","3sfKfoEJp8uR7syEMze89R"
"Wenn das Liebe ist - Director's Cut","GLASHAUS","Von Herzen - Das Beste","Deutsch","Playlist","DEP950400179","0jxWQNH6LCGVEIPHIZnfYk"
"Wenn nicht jetzt, wann dann? - Weltmeister Version","Höhner","Wenn Nicht Jetzt, Wann Dann - Die Größten Hits Und Schönsten Balladen","Deutsch","Playlist","DEC610700500","7gaWPR6yofnDxfgRMNyKCH"
"Sonne","Rammstein","Mutter","Deutsch","Playlist","DEN120003766","3gVhsZtseYtY1fMuyYq06F"
"Herz aus Glas - Radio Edit","Ben","Hörproben","Deutsch","Playlist","DER490200001","0SAPpmo10JNs5nxMQBskHo"
"Geh davon aus ... - Radio Edit","Söhne Mannheims","Zion","Deutsch","Playlist","DEP470000008","69IgqAEbixQlLN5rEQeV8I"
"Du erinnerst mich an Liebe","Ich + Ich","Ich + Ich","Deutsch","Playlist","DEN120500268","6ys9dU2u4dfLgw8exQ5Gxd"
"Bevor du gehst","Xavier Naidoo","Alles Gute vor uns","Deutsch","Playlist","DES810300086","0GzQhzOvWYxQwrYq4Yn6I7"
"Ich bin ich (Wir sind wir)","Rosenstolz","Das grosse Leben","Deutsch","Playlist","DEUM70503478","0ot1wz5O4oPuhuCmjA7Q0t"
"Bayern","Die Toten Hosen","Unsterblich (Deluxe-Edition mit Bonus-Tracks)","Deutsch","Playlist","DEF240712362","3ruhF8pnMaQHtCqSE8rilf"
"Ich denk an dich","Pur","Was Ist Passiert?","Deutsch","Playlist","DEA340300978","3eWYg11hGzG4DJ4Wk8rLRh"
"Das hat die Welt noch nicht gesehen - MTV Unplugged","Söhne Mannheims","Evoluzion","Deutsch","Playlist","DEP471400031","5MO3FHxZB0D1tQ2Uz7Ok33"
"Deutschland - Radio Mix","Die Prinzen","D","Deutsch","Playlist","DEC730100323","7z5ESxkuKYWx9C26YyF4Tk"
"Vom selben Stern - Radio Edit","Ich + Ich","Vom selben Stern (Online Version)","Deutsch","Playlist","DEUM70701432","2sl9DIeDYxlwau3lgiuOZ0"
"Vielleicht","Söhne Mannheims","Noiz","Deutsch","Playlist","DEP470400042","45tizobbs6ReYMQ3jGap40"
"Mama ist stolz","Sido","Maske X","Deutsch","Playlist","DEQ020500860","1cdJI7KavbADJ2NRDZ5d7t"
"Türlich Türlich","Blaskapelle","Blaskapelle - Move Your Brass!","Deutsch","Playlist","DEN061401372","4rjxbIKzOXwOsQKP8BwfrQ"
"Du liebst mich nicht - Director's Cut","Sabrina Setlur","Mein Herz","Deutsch","Playlist","DEP950401274","5s0gVX5apCv8nhHBQDM4Po"
"Ich lebe - Radio Version","Christina Stürmer","Schwarz Weiss","Deutsch","Playlist","ATA010500004","18IIdXyBZtPsD0RdbB0Klc"
"Hamma!","Culcha Candela","Bar Berlin","Deutsch","Playlist","GBBLG0800186","41OW9oTuzXid487p6XsBVm"
"Wie es geht","Die Ärzte","Bäst Of","Deutsch","Playlist","DECE70600015","6k9RbAfqIGzb37XiZ3WW9S"
"Gheddo Reloaded","Eko Fresh","Deutscher Traum","Deutsch","Playlist","DEQ121425410","2QMrfgN36isdsUza2tUSOE"
"Gheddo (feat. Bushido)","Eko Fresh","Ek is back - Famous 5","Deutsch","Playlist","DEA810600597","6cuRgeAOdWbCpqcq29UlLo"
"Manchmal haben Frauen...","Die Ärzte","Runter mit den Spendierhosen, Unsichtbarer!","Deutsch","Playlist","DEN120002203","27OJUnbZqw93098SawYP0Y"
"Rette mich - Video Version","Tokio Hotel","Schrei (so laut du kannst) [New Version]","Deutsch","Playlist","DEUM70600503","2PviZExl9BsbgC8xDkq3iS"
"Es ist geil ein Arschloch zu sein - Radio Version","Christian","Nominator","Deutsch","Playlist","DEC730000426","7FalyYEX2URpR9CEYS8Z2W"
"Aufstehn! (feat. CeeLo Green)","Seeed","Next!","Deutsch","Playlist","DEA610500226","2KpvM181ZwtIWwIElZx4vI"
"Zeig mir dein Gesicht - Radio Edit","BERGER","Zeig mir dein Gesicht","Deutsch","Playlist","DEC760000400","4tfjUw1WT5IeVHSULoX610"
"Dein Lied","Laith Al-Deen","Melomanie","Deutsch","Playlist","DEE860200174","5r4U8mFDwRXQtgZpOF8QJ3"
"Junimond","Echt","Hitplosion - Pop Classics","Deutsch","Playlist","DE1060001600","32PIQSdetc83GDm8UPw7Il"
"Halt dein Maul","Sido","Ich & meine Maske (Premium Version)","Deutsch","Playlist","DEZ470800814","4wnFjn6gDwqT99GpSg1onx"
"Dieser Weg","Xavier Naidoo","Telegramm für X","Deutsch","Playlist","DES810500107","1G49qWP8X2YQWRhsEwTy1T"
"Weck mich auf","Samy Deluxe","Samy Deluxe","Deutsch","Playlist","DEA340100197","47VRtROAdociHgtuVZNoBL"
"Hey Du!","Sido","Aggro Berlin","Deutsch","Playlist","DEUM70904584","2SOimocBwo8MH6KKPlwi7x"
"Übers Ende der Welt","Tokio Hotel","Zimmer 483","Deutsch","Playlist","DEUM70606667","3Hf2pW2CWJlCU8MvGXucb8"
"Augen auf!","OOMPH!","Wahrheit oder Pflicht","Deutsch","Playlist","DEC760400001","6gcFq5UOdNa8LzTRd4lldD"
"Maschen-Draht-Zaun - Extended X-Rated Version","Stefan Raab","Maschen-Draht-Zaun","Deutsch","Playlist","DEQ989900070","2BzP1wiXQmmj271GXhJCFE"
"Ein Stern (der deinen Namen trägt) - Party Mix","DJ Ötzi","Sternstunden","Deutsch","Playlist","DEUM70606361","1o5evgltJughVgrPinzAOV"
"Liebesbrief","Thomas D","Liebesbrief","Deutsch","Playlist","DEE869901361","5YXI1M3ZpgxgXwpMvfHAMN"
"Unrockbar","Die Ärzte","Geräusch","Deutsch","Playlist","DEZ650506929","6B4gK6BKdDDYtsVK6eNjx5"
"Zeit, dass sich was dreht - Deutsche Version","Herbert Grönemeyer","Was Muss Muss - Best Of","Deutsch","Playlist","DEC610800606","2ln6685JphEqCJYclkusqW"
"Irgendwie, irgendwo, irgendwann - Live","Jan Delay","Mercedes Dance (Live)","Deutsch","Playlist","DEUM70703520","0Iq9uA5F1zaae9Xz5F5tph"
"An Tagen wie diesen - Live","Fettes Brot","Fettes (Live)","Deutsch","Playlist","DEAH90900032","0Vaclw9E0SbDgAuDilfUqr"
"Das alles ändert nichts daran - Radio Version","Maya Saban","Das Alles Ändert Nichts Daran","Deutsch","Playlist","DEG120500067","46XEZZKrDtzEXomS11TEnz"
"Isch liebe disch","Tic Tac Toe","Isch liebe disch","Deutsch","Playlist","DEAF71252067","2b9gLF6yCN7Q4OBGvxm91u"
"Ich bin jung und brauche das Geld (feat. G-Style)","Eko Fresh","Ich bin jung und brauche das Geld","Deutsch","Playlist","DEA810300742","1ImJQbsJLoHj0YueZO21OT"
"Glaub an mich - Single Version","Yvonne Catterfeld","Geschenk Edition","Deutsch","Playlist","DEC730500019","5J1rEEWWQGIO1YqVk2CORT"
"Mein Stern - Remix 2010 by DJ Size & RocFam","Ayman","Tiefer","Deutsch","Playlist","DEA411006705","70X32MXO4yx7ynpzRM9Fuc"
"'54, '74, '90, 2006","Sportfreunde Stiller","You Have To Win Zweikampf","Deutsch","Playlist","DEUM70601432","08eEhePCIyQy4S1HO9pT66"
"Lieber Gott - Marlon & Freunde Album Version","Marlon + Freunde","Hallo, Liebes Leben","Deutsch","Playlist","DEE860201062","21prYicIUMYrdIRudZnPPZ"
"Weinst du","Echt","Freischwimmer","Deutsch","Playlist","DEL060001411","2RjnnOuAvosOSAZhZQ50kO"
"Lied 1 - Stück vom Himmel","Herbert Grönemeyer","12","Deutsch","Playlist","DEC610600435","5MDgIJMfN3VsxVBLjpDPIP"
"Ich will, dass du mich liebst","Die 3. Generation","Die Dritte","Deutsch","Playlist","DER541700301","6Mx6AykxBuvfGCol9u5EiF"
"Liebe ist","Nena","Willst Du mit mir gehn","Deutsch","Playlist","DEH590400162","4WHMHiJpBcNlpVfQkadK0o"
"Danke","Xavier Naidoo","Telegramm für X","Deutsch","Playlist","DES810600151","0ZMuHuTCvXCLsUzwQUESKm"
"Prison Break Anthem (Ich Glaub An Dich) - Single Version","AZAD","Blockschrift (Online Version)","Deutsch","Playlist","DEUM70705937","0SsQNbkgmhYjR6zS5dOGEF"
"Willst Du mit mir gehn","Nena","Willst Du mit mir gehn","Deutsch","Playlist","DEH590400169","6DeeuVdUbSSvLI9jyfGhX3"
"Junge","Die Ärzte","Jazz ist anders","Deutsch","Playlist","DEUM70708300","0tqDrdVcbqGtar6mtbqfu2"
"Amerika","Rammstein","Reise, Reise","Deutsch","Playlist","DEN120404987","1a8JpAL3vbAdXYrEABvOtb"
"Abschied nehmen","Xavier Naidoo","Danke fürs Zuhören - Liedersammlung 1998 - 2012","Deutsch","Playlist","DES811200120","7CO9TfvhJXNf4hSkBg1GNn"
"Großer Bruder - Single Mix","Zlatko","Ich bleibe wer ich bin","Deutsch","Playlist","DEC760000287","4Rx40k8wqRzxTiJTWKrbge"
"NDW 2005","Fler","Neue Deutsche Welle","Deutsch","Playlist","DEZ472000187","4fYvHF3HOWzEXX7cgIf6ui"
"Liebe ist alles","Rosenstolz","Herz","Deutsch","Playlist","DEN120307259","6EatiOQBv70o94sr2oTHLB"
"Im Osten - Rock Mix","Niemann","Im Osten","Deutsch","Playlist","DEE860001161","47XFKZWWjCDmVrunLERG1k"
"Der letzte Tag - Radio Version","Tokio Hotel","Der letzte Tag","Deutsch","Playlist","DEUM70602924","70fGpNUWexZFNNikLmpMQa"
"Kein Zurück","Wolfsheim","Casting Shadows","Deutsch","Playlist","DEE020200840","5NGsvd9Wf6fzu3Dux4DQAu"
"So soll es bleiben - Single Edit","Ich + Ich","Vom selben Stern","Deutsch","Playlist","DEUM70800278","3S7XvA0CBXErmB1RYlQizH"
"Gemma Bier trinken","Anton","Das Album","Deutsch","Playlist","ATHE51082030","48m2n2PT4Zqb52FQWiT6yU"
"Du hast den schönsten Arsch der Welt","Alex C.","Euphorie","Deutsch","Playlist","DEUM70708324","4ltpEffX5XJa8kqH8bqWna"
"Dienen - Single Version","Ich + Ich","Dienen (Version 2)","Deutsch","Playlist","DEUM70500306","3bGyNo0xlNUNRvxUXuiDch"
"Ab in den Süden - Neuaufnahme","Buddy","Dschungel Fieber 2014 - Dschungel Party Hits der Stars","Deutsch","Playlist","DEZ921300172","2XQ00wanrsQOL9djhTQEEY"
"Lebt denn dr alte Holzmichl noch?","De Randfichten","Dr Holzmichl","Deutsch","Playlist","DEA340400165","3jUdAELIWYWCIWU6rGlCXL"
"Keine Amnestie für MTV","Böhse Onkelz","Dopamin","Deutsch","Playlist","DEN490200001","61mjDq7ShrHXK65WfM1P1Q"
"Ein Lied","Mark Forster","Ein Lied","Deutsch","Playlist","DEQ322600028","2nrsfJSYFVmBXe9hc3q3lM"
"Renn!","AYLIVA","Renn!","Deutsch","Playlist","DEA612600005","3uKAPZDXq6yE8Zqfhjbpp6"
"Sommerregen","JORIS","Hoffnungslos Hoffnungsvoll","Deutsch","Playlist","DEQ321400477","3Eesfjqw0uwnOVr2HelCsX"
"Das Gute gewinnt","NESS","Das Gute gewinnt","Deutsch","Playlist","ATCF62610001","2eKCeXpYdqb8uNGPEzahxD"
"Interstellar (Zwischen den Sternen)","Sarah Connor","Freigeistin (Special Deluxe Edition)","Deutsch","Playlist","DEUM72601136","5PQUtofqhSPbfsC3Mi4YtS"
"VERSPRICH MIR","FAYAN","VERSPRICH MIR","Deutsch","Playlist","DEA612600416","6R9psIh9BwAhJmeVTK7Ipg"
"Wach","RIN","Wach","Deutsch","Playlist","DEKF22601015","1v560KmmtY34B8GmMHg1Hv"
"wofür es sich zu leben lohnt","Esther Graf","wofür es sich zu leben lohnt","Deutsch","Playlist","DEE862600388","0lhvWUPpRFqP6ySKAU0qd6"
"Wenn das Liebe ist","Nina Chuba","Wenn das Liebe ist","Deutsch","Playlist","DEE862500727","1E7xmNFzqkkh1DMwBomBg3"
"SOMMER","Gregor Hägele","SOMMER","Deutsch","Playlist","QT82V2674133","3sYlzPHOgTkxljflx9znBQ"
"Ring am Finger","DEVADO","Ring am Finger","Deutsch","Playlist","DEVY72600005","6TaFKeYCCcsIHO4I71kJjW"
"nirgendwen","Esther Graf","nirgendwen","Deutsch","Playlist","DEE862600003","3gqSqMYKDyRplVYUjYLVYr"
"vermissen","mille","vermissen","Deutsch","Playlist","DEZC62673107","49ATBwZyfZRndrKzRbTCII"
"So wie sie","Kauta","So wie sie","Deutsch","Playlist","DEE862600469","2aa4pe8kQ68SVOYijZ8xTr"
"NIE WIEDER","LORI","NIE WIEDER","Deutsch","Playlist","DEA812600196","7MLQqu5BcNGO78I4ozefEv"
"Unter Druck","Freude","Unter Druck und zwischen Welten","Deutsch","Playlist","DEZC62659533","4alfs94DVkskIC9z6OjLuS"
"Fremd auf der Party","Florian Künstler","Fremd auf der Party","Deutsch","Playlist","DEUM72600245","14nS9cqReJSA4ffb1Hhlek"
"Gar nichts","Nalya","Gar nichts","Deutsch","Playlist","DEZC62518018","1dOq2ejbHcyeAefkRUMP4B"
"wenn du kannst.","Lune","ÜBERLEBT.","Deutsch","Playlist","DEKF22600160","1iLit5r9eRqpdWoF2hGhKW"
"Lauf der Dinge","ela.","Lauf der Dinge","Deutsch","Playlist","QM4TX2640697","2S6ocUvYmzIEI7FKl9mkBq"
"Keiner hat gesagt","LYZA","Hassliebe","Deutsch","Playlist","DEA622600323","1qqrD7OQGMFQysnco7ilWj"
"Sag mir wie lang","Söhne Mannheims","Sag mir wie lang","Deutsch","Playlist","DEP472600005","1Il6erH59efU6qlKi538bP"
"Weißt Du?","Marie Wegener","Weißt Du?","Deutsch","Playlist","CH7812668973","1VaVX2Vpw3X2NaO0VJNBx4"
"Immer wenn du nicht da bist","Clueso","Immer wenn du nicht da bist","Deutsch","Playlist","DEE862502159","4F81sXilDRuPmNOoOOFIiO"
"Pfeil und Bogen","Mathea","Pfeil und Bogen","Deutsch","Playlist","DEKF22600932","3hxKz56t0LmiRhrWSO3sVg"
"Warschau","Chapo102","Warschau","Deutsch","Playlist","DE1N12600014","3fX9heYJkpJwVqAI2oXUWn"
"Mein Berlin","Phil Schaller","Mein Berlin","Deutsch","Playlist","DEZ922600332","134ttQaxtSxEIehk3H7cr4"
"Indigo","Madeline Juno","Indigo","Deutsch","Playlist","DETO32501246","4KbNgQzGyrodC4MSPZVjsZ"
"Schwer zu erklären (Words)","Joey Heindle","Schwer zu erklären (Words)","Deutsch","Playlist","DEOS72600007","64bm7QJyPHliTDby7qzBin"
"Kurz für immer","Wincent Weiss","Hast du kurz Zeit","Deutsch","Playlist","DECE72503022","3sO0vONRaSGKrIA4p9IVXY"
"TANZSCHEIN","COSMÓ","TANZSCHEIN","Deutsch","Playlist","ATEJ82622801","6P4wvzxJJZR7cVs1kFXL3q"
"Weil ich dir begegnet bin","Florian Künstler","Weil ich dir begegnet bin","Deutsch","Playlist","DEUM72600246","1TSVwkU1NlaVRIC5N8lSfW"
"Oh Madame","Freude","Oh Madame","Deutsch","Playlist","DEZC62658948","7MGTnEXzcwvE3vKxlY21DA"
"Sterne klauen oder so","PLUS","Sterne klauen oder so","Deutsch","Playlist","ATCI02600017","19qTkODQIbCobwf2S08g92"
"Märchen aus Hollywood","Johannes Oerding","Märchen aus Hollywood","Deutsch","Playlist","DEE862502031","2V7MwHRxzmImYP3HeGOY1a"
"Heißluftballon","FYNN FAIBLE","Heißluftballon","Deutsch","Playlist","QZWFX2608497","4eKSiafze8E9MaSDiAW1sA"
"Weißt du überhaupt noch wer ich bin?","Zartmann","Weißt du überhaupt noch wer ich bin?","Deutsch","Playlist","DEKF22600357","2WaGqcbTEIiM8QPHPmqclR"
"Mit Dir","Sean Ok","Mit Dir","Deutsch","Playlist","GXD7V2649269","6TyQQqKQpaBCXPkhM7QmGq"
"Ti amo, Italiano!","Sportfreunde Stiller","Ti amo, Italiano!","Deutsch","Playlist","DE1PE2600003","5NWiaNjrJl0l3R89nOo4Vd"
"Niemand ist wie du","Montez","Niemand ist wie du","Deutsch","Playlist","DECE72504507","5pUHH09wavdCzEEQaFxx5Y"
"Boomboompow","Mathea","Boomboompow","Deutsch","Playlist","DEKF22600013","4hsteXGiwcwhsTkTlxiPzD"
"Party nur für mich","VICKY","Party nur für mich","Deutsch","Playlist","DECE72504294","4cUr4zVICnnqfh6TzfM81k"
"Hier Gehör Ich Hin","Johannes Oerding","Hier Gehör Ich Hin","Deutsch","Playlist","DEE862501507","2Kokzpn3S585hQvt3nsPLr"
"Wir zusammen","Amyy","Wir zusammen","Deutsch","Playlist","DEZC62669092","5wjy3kRpUBdKLCtE0uvvVT"
"Stück für Stück","Eli Preiss","Stück für Stück / Grau","Deutsch","Playlist","FR10S2671083","37adQclvGrLqK21mZD8kym"
"Wehe du gibst auf","Florian Künstler","Wehe du gibst auf","Deutsch","Playlist","DEUM72511872","5PSZB2T72UZLm2kX8N7VIO"
"Der Rest deines Lebens","Fabrice Richter-Reichhelm","Der Rest deines Lebens","Deutsch","Playlist","DEHM22607136","2V8mPPzy5bXUQOJMk071AU"
"Alles wird gut","MYLLER","Alles wird gut","Deutsch","Playlist","DEZC62664632","1ApCAnRE4fQZ3jEEhuE3Nc"
"Je t'aime","Milano","Je t'aime","Deutsch","Playlist","DECE72504374","6YOCx2VG0PFBsZEhaS1jjY"
"nightjet 457","YOSU","nightjet 457","Deutsch","Playlist","DEZC62676199","1arPzzEbKCZhOdG1yxmhXd"
"telefonzellen","SIDRIT VOKSHI","telefonzellen","Deutsch","Playlist","QZZ7L2653941","2rj1SvnvoCfAsltazHu0DJ"
"Wie lang soll das gehen","Elias Biechele","Wie lang soll das gehen","Deutsch","Playlist","DEK192643194","3qG4aZO8SHtjU1gzxYO2bR"
"Song 11 ft Provinz","$OHO BANI","listen carefully","Deutsch","Playlist","DEKF22600043","2D7sq6xJiipSwwZT6Lp90l"
"lieben / hassen","YOSU","lieben / hassen","Deutsch","Playlist","DEZC62668222","556UVKdec46dWvJAEFI4Yp"
"Mir nichts, dir nichts","Lika Doss","Ein bisschen Heartbreak killt mich nicht","Deutsch","Playlist","ATFX72600019","0PSWSaU424YkEgJonVdcLn"
"ich vermisse dich.","Lune","ich vermisse dich.","Deutsch","Playlist","DEKF22501412","7ltGb3eEdSDc5xVzBnXHiM"
"Palmentapeten","Lucas Fendrich","Palmentapeten","Deutsch","Playlist","CH7812667678","4Sw39diYGaLw1Mow77ZuYo"
"Homeoffice","RIAN","Homeoffice","Deutsch","Playlist","ATCF62510004","3NpyAqRGkJDVZheN2TjrZC"
"Krieger","DELA","Krieger","Deutsch","Playlist","DEA622504398","1SpJ2v6bGSbfybJ8GkBGy9"
"Glück auf den Strassen","Max Giesinger","Glück auf den Strassen","Deutsch","Playlist","DE1NJ2500056","1JhgkOq7lPevlLV2wtxJCT"
"Wir feiern","Stereoact","Wir feiern","Deutsch","Playlist","FR96X2613183","1eIHxFmJIabkL0OOGokJBV"
"Viel zu normal","Phil Schaller","Viel zu normal","Deutsch","Playlist","DEYX82291716","4y7OAN7gvZtRwRiROtNM4o"
"Aktiendepot","TONI","Phasen","Deutsch","Playlist","DEZC62545110","3GTjs78lQatSRZd0bxaN6q"
"aurelian","Wilhelmine","aurelian","Deutsch","Playlist","DEUE12659030","0Tma31IJTrFwQfSlz79taX"
"Kurz vorm Ziel - TECHNO REMIX","Safiya","Kurz vorm Ziel (TECHNO REMIX)","Deutsch","Playlist","DECE72601674","3jZRgwPcrrtosVroLJ3Bxf"
"Morgen","Apache 207","Morgen","Deutsch","Playlist","DEKF22500710","4YHB7lnoeFEHWtL0KtSklh"
"Nichts geht verloren","TOCHTER","Nichts geht verloren","Deutsch","Playlist","DEZC62664388","1Z7QjSZ9xriEQiHWPPSLB3"
"Hast du kurz Zeit","Wincent Weiss","Hast du kurz Zeit","Deutsch","Playlist","DECE72502686","46BjFXnWrumhdl0uvk7IwE"
"Angekommen","Tim Bendzko","Angekommen","Deutsch","Playlist","QMFME2546583","33Z8lvC0M3g0EyAqlrAGcz"
"Wenn alle anderen schlafen","Mari Colucci","Wenn alle anderen schlafen","Deutsch","Playlist","DEK192643172","5L4C3Abuu19oFy8ECZP8Ck"
"Elefantastisch","Basti Stein","Elefantastisch","Deutsch","Playlist","DEA812500281","0VwQrqWfGbuUjSjTaWB7Ac"
"Minimum","Clueso","Minimum","Deutsch","Playlist","DEE862501195","3yBj8i8CwSThNNtWVqwje9"
"chatgpt","LEER","chatgpt","Deutsch","Playlist","QZNWY2616973","7jHoC3BUihHVBepwJLI47G"
"Bring mich nach Haus","Kontra K","Bring mich nach Haus","Deutsch","Playlist","DE1D22500224","1c3T9VfcoJUblx0tnHf8Ha"
"Kapitel 1","Charlien","Kapitel 1","Deutsch","Playlist","ATML12600168","76xA8qKDbcPtUuxdHgg06y"
"VERLIEBT IN MICH","FAYAN","VERLIEBT IN MICH","Deutsch","Playlist","FRX872522518","1XZK1B904mtFv1Ze3Rgeg2"
"Tanz dich frei","Alina","Tanz dich frei","Deutsch","Playlist","DEZC62669799","1XXmey1l96oWT5dPWBcY5X"
"Zuhause","Einfach Lisa","Zuhause","Deutsch","Playlist","ATCI02600015","1mijdXoQaMaVt2kvF94RVK"
"Knutschen","Freude","Mosaik","Deutsch","Playlist","DEZC62431899","0kMnSZvNLKmEcMyMJDXJTG"
"Krieg mit mir Selbst","Marie Wegener","Krieg mit mir Selbst","Deutsch","Playlist","CH7812659947","7wbqXh7N4ymV8p2PS8Y6yy"
"Zusammen","SDP","Zusammen","Deutsch","Playlist","DETX42500004","0ksYR0NiRkbtIUOKPqsVVC"
"Ich liebe die Sucht","NIMM","Ich liebe die Sucht","Deutsch","Playlist","DEEP82600029","79BVvXFOA91JsVNn3CqWmI"
"So lang nicht mehr getanzt","Florian Künstler","So lang nicht mehr getanzt","Deutsch","Playlist","DEUM72506625","1b1vwkrTisHj3aXEYUiMLQ"
"Wimpernschlag","Max Giesinger","Wimpernschlag","Deutsch","Playlist","DE1NJ2500052","14jR5ldKBRZCQWQed3TIFI"
"Zaubertrank","Lika Doss","Zaubertrank","Deutsch","Playlist","DEZC62655258","5l2j0IWS4j95WpKQfHpJU3"
"Koh Tao","SUN X TURTLES","Koh Tao","Deutsch","Playlist","DEYW82603658","6Ygc99mTDLBxk06yhAveNl"
"frieden","Mika Noé","frieden","Deutsch","Playlist","DEE862501130","4xOTz6yh8r0mXZwzhvWuna"
"Dein Leben","Mike Leon Grosch","Dein Leben","Deutsch","Playlist","DE1QE2500006","2RXru3guTEqScWmmnCheg2"
"Rücken an Rücken","Das Lumpenpack","Rücken an Rücken","Deutsch","Playlist","DEC162500927","0DyysCKspBPkZhl3T9dwSr"
"Fucked Up feat. makko","Nina Chuba","Fucked Up feat. makko","Deutsch","Playlist","DEE862501077","4oASO8jyg0Qh7cUeve1bEA"
"Hausparty","RIAN","Hausparty","Deutsch","Playlist","ATCF62410018","0L1e4NytVRR42Ip0KPVgdv"
"Safe Space","MKSM","Safe Space","Deutsch","Playlist","DE1QW2618910","2TAjB0RRN2U0muwgbwx13U"
"Kogong","Mark Forster","TAPE (Kogong Version)","Deutsch","Playlist","DEQ321700225","2rv1aetlu3MEQ5sJWJuMG1"
"Echte raue Liebe","LÖVEN","Echte raue Liebe","Deutsch","Playlist","ATGG72602003","3diiZ2FHaYQXAVAlNxQsRb"
"FÜR DICH","Daniel Fink","FÜR DICH","Deutsch","Playlist","ATAY92601102","6R8FKrVuCuVssgziPpS4eB"
"Scherben","Mijo","Scherben","Deutsch","Playlist","DECE72503907","4c3jYX6opljCLGWWhJzza5"
"Starke Mädchen","Louella","Starke Mädchen","Deutsch","Playlist","QMEU32600298","08JVCSGwEZidURYOiHlYrP"
"(M)EiNE GESCHiCHTE","Whorensohn","(M)EiNE GESCHiCHTE","Deutsch","Playlist","QZWFK2512709","3dzDSMHU0AKBB84VhNtyG3"
"4 akkorde","Ella Stern","darf ich bitten?","Deutsch","Playlist","ATAT72508006","6TzlxYCPjUAs0f2dbgWAiy"
"Wo sind die Tage","Oliver Obermöller","Wo sind die Tage","Deutsch","Playlist","DEZ922600302","4Imct8KoPsKCOrT5jR4qSK"
"Alles ist g.u.t.","SOPHIA","Alles ist g.u.t.","Deutsch","Playlist","DEUM72506660","1HwCS6egpFJikFvKk5EMCh"
"Träume","luk","Träume","Deutsch","Playlist","QT65Y2671277","5N53Xlg64UGDNgta8lsTJi"
"aLiEn","DIEBE","aLiEn","Deutsch","Playlist","QZMEN2614786","5Vntt7GPBaI8GHla0x8Wpf"
"Riksha","NanaFalkner","Selbstgespräche","Deutsch","Playlist","ATGE02500010","3tF5JbpAazrkOFq3ikv8WT"
"Kirschblüten","Florian Künstler","Kirschblüten","Deutsch","Playlist","DEUM72510538","2lfiUGX43eKM28rkbxUI9E"
"Dankbar","DEVADO","Dankbar","Deutsch","Playlist","DEVY72600003","58ztoCKTIMhPbJ0fKHuRKO"
"Flieg","Herbert Grönemeyer","Flieg","Deutsch","Playlist","DEUM72506789","0eMZLYOjO2exv90CuER4B7"
"Seid Menschen","TOCHTER","Seid Menschen","Deutsch","Playlist","DERA12500001","4opqoxxcDiW1gVGLM9AwFb"
"Ich x dich","MYLLER","Nur mit mir","Deutsch","Playlist","DEZC62513783","5Q99lbI4DKWG6WkIpnqoAX"
"Du zeigst mir die Sterne","Freude","Du zeigst mir die Sterne","Deutsch","Playlist","DEZC62658733","38IMQUrWDu7ezQ2HENbM7m"
"Wir bleiben wach","Koala Kodex","Wir bleiben wach","Deutsch","Playlist","CH7812662880","3RuwWB6Fy7eNYteCc80LOi"
"Walzer","Provinz","Pazifik","Deutsch","Playlist","DEA622403218","605G7F1FEjm60IdXmLhlNN"
"verlieren","SIDRIT VOKSHI","verlieren","Deutsch","Playlist","QZTAX2603349","4GuupVjE9Ip1Yx3fEkHy8K"
"RICH DADDY","Rap La Rue","RICH DADDY","Deutsch","Playlist","DEKF22600532","1ko7QI8hcj0z8iGAVjvCiW"
"Diskrepanz","Das Lumpenpack","Diskrepanz","Deutsch","Playlist","DEC162500920","0bN0e2T2cN1pldgMkMOkjS"
"jung, dumm, wild & free","Fäaschtbänkler","jung, dumm, wild & free","Deutsch","Playlist","DEEP82600001","44npoq1bM55KQhRkwSeB8V"
"Weck mich nicht auf","Phil Schaller","Weck mich nicht auf","Deutsch","Playlist","DEYX82273591","7Muhe82FILPDhrEgYGKUHg"
"Verlieren","Sebastian Kramm","Verlieren","Deutsch","Playlist","QZHN42609391","7ebcs54a1VqJqIBlTOr0Md"
"RAGE GIRL","Nina Chuba","RAGE GIRL","Deutsch","Playlist","DEE862500040","2ghPrJZ7sn1MlyCAUja1C6"
"Der Moment","Philipp Reichenbach","Der Moment","Deutsch","Playlist","QT6652566084","7k0aOXM41BJjhwyO2qvIZa"
"Ich weiß nicht wie","Florian Künstler","Ich weiß nicht wie","Deutsch","Playlist","DEUM72507449","7zH7Be3hNoy09k9xLqv1of"
"Number One Fan","Flamyngus","Number One Fan","Deutsch","Playlist","DEPI82535012","0rE7v6LrjaL3dpHtEB7KmF"
"heimkommen","Lea Marie","heimkommen","Deutsch","Playlist","GXD7G2648613","23hkINwIA9UA9GVwfRneIo"
"Halb So Schön Wie Du","KAFFKIEZ","Halb So Schön Wie Du","Deutsch","Playlist","DEW242500093","0aFDcdFXQDju2mUpcZGFhQ"
"Ich bin, weil du bist","Lukas Linder","Ich bin, weil du bist","Deutsch","Playlist","QMFMF2511429","6ACTlXR1kQ5byxcob1BIEf"
"Alltagsliebe","deine schwester","Alltagsliebe","Deutsch","Playlist","ATIT52600001","13uEewiFSjz28pIlnEAa1A"
"Narben aus Gold","Mijo","Narben aus Gold","Deutsch","Playlist","CH7812544137","1upuERj6jiCviTnsMBoj3c"
"Sonne & Mond","Daniel Fink","Sonne & Mond","Deutsch","Playlist","ATAY92511101","02tED026EJkybRdWj9JlU1"
"30 mal am Tag","Aymen","30 mal am Tag","Deutsch","Playlist","DEKF22500539","7qDxU1TuxrCBTWs0FrRQj8"
"Wolken","Apache 207","Wolken","Deutsch","Playlist","DEKF22500735","13AzsOOlv5lwEeKsI1pAUt"
"Montag","Lucas Fendrich","Montag","Deutsch","Playlist","CH7812658197","6LKdFJTGUh0TD2AjxE4QCs"
"Nie getraut zu sagen","Freude","Nie getraut zu sagen","Deutsch","Playlist","DEZC62515695","3WX4C0MczADtNDAijj4yeQ"
"zigarette am mars","Megan","vertigo","Deutsch","Playlist","ATIT62500003","2bgr0wt4ap0pFKvIqjfRBz"
"Augenblick","Pouma","Augenblick","Deutsch","Playlist","QT6FD2545057","73IArrFHGpMR7fAgtWdyCF"
"Wie?","AYLIVA","Wie?","Deutsch","Playlist","DEA612500084","36w8f4Cl7JqTbFDamAdq8Q"
"Sonntag Morgen","Flamyngus","Sonntag Morgen","Deutsch","Playlist","DEZC62655259","0ftUa5nLrrJe7yFq3quBuO"
"Nur so ein Gefühl","DIEBE","Nur so ein Gefühl","Deutsch","Playlist","QT6F62534340","4IrMUM2NOGpXGG0tnXxaWC"
"Vitamin Du","Marie Reim","Vitamin Du","Deutsch","Playlist","DEA812600009","06jA0MeduggjxApQPsjHZk"
"Regen","Finder","Regen","Deutsch","Playlist","DEZC62658985","2P7vU537P7J1TvLhvf3gIr"
"Gut so","Mörk","Gut so","Deutsch","Playlist","DEZC62536271","47CUY20Qxo3rUQZfzD1Jh2"
"was ich fühl","Esther Graf","was ich fühl","Deutsch","Playlist","DEE862501183","450Msk6LSW4yhRdtcedx03"
"1000 zu 1","Lemo","1000 zu 1","Deutsch","Playlist","ATI872501701","2Y2U03aYcbnNZsY1C4kWT7"
"Knutschen","Julia Kautz","Knutschen","Deutsch","Playlist","DE1QW2509837","2QbriVXUGdqC6LYMhB4k5s"
"Alle sagen lieb dich selbst","MKSM","Alle sagen lieb dich selbst","Deutsch","Playlist","DE1QW2502515","1M7IS3DAh2dA0cjpCsD8NW"
"Juli","Sebastian Wurth","Juli","Deutsch","Playlist","DEZC62501591","5PaK2mMifhqdLdkKvxNmEe"
"Girls Like","Amyy","Girls Like","Deutsch","Playlist","DEZC62507966","3XAhP82N3aZXrauGjiF9bh"
"Salz in der Luft","Florian Künstler","Du bist nicht allein","Deutsch","Playlist","DEUM72500162","15Tomd4tzOjVC59grLLvv1"
"Hey Papa","MYLLER","Hey Papa","Deutsch","Playlist","DEZC62547911","3nkqJfmh88Hyloc2ocaTEP"
"Tornado","Julia Steen","Tornado","Deutsch","Playlist","CH7812548937","6jNPkInI3wO3LTRTmVZgFh"
"Graubereich","Jo Nara","Graubereich","Deutsch","Playlist","ATW562600002","0qjGdsyX2SpdpT3fMsesLV"
"So viel vor dir","Phil Schaller","So viel vor dir","Deutsch","Playlist","DEYX82270824","6FZer1s2oZE6IMKdDPkxTI"
"1975","Kaprice","1975","Deutsch","Playlist","QT6652526770","6A6maoc5Cia5IfDK0Ji5AH"
"Ich geh nicht unter","Björn Patrik Pfeiffer","Ich geh nicht unter","Deutsch","Playlist","DE1RX2600003","5gUsdTlPG8bVmZLHypJ9Mr"
"Es tut mir leid","SUN X TURTLES","Es tut mir leid","Deutsch","Playlist","DEYW82517461","3z1o4Tj0pagm5BzpTTAjZ4"
"Stille","Tenski","Stille","Deutsch","Playlist","DEZC62537363","6sh5zmTGVDcU19VcmTHLxA"
"Königin","ameliy","Königin","Deutsch","Playlist","ATIN02300020","7qIniJTb1WQILzbbSrypTZ"
"Hast Du Noch Zeit","KAFFKIEZ","Hast Du Noch Zeit","Deutsch","Playlist","DEW242500092","1SzoBnBS89avSRd5ufvFK3"
"Aurelie","DIEBE","Aurelie","Deutsch","Playlist","QT3FC2560107","1p420mlEgXlJnR4tz0JEXB"
"Wie die Sonne","MKSM","Wie die Sonne","Deutsch","Playlist","DE1QW2509934","4adDdNOesXDLmeWGykAdqA"
"Heimweg","Söhne Mannheims","Heimweg","Deutsch","Playlist","DEP472500004","3UqMhgzlp4HqBuKuL8qIq1"
"Butterfly Effect","Max Giesinger","Butterfly Effect","Deutsch","Playlist","DE1NJ2500028","7iOA51rpaylurUUCugIB3C"
"Bitte sei vorsichtig","Jassin","Bitte sei vorsichtig","Deutsch","Playlist","DEE862501184","20B2I2t11yceg5v6CSdF2C"
"Was wäre wenn","Phil Schaller","Was wäre wenn","Deutsch","Playlist","DEYX82263225","74cTSXYO7DUfHIypsGsMIE"
"Rave","TOBER","Rave","Deutsch","Playlist","QT6E52593979","7BPvmKdvKVNSZsZF3wi4DI"
"Träum weiter","SOPHIA","Träum weiter","Deutsch","Playlist","DEUM72507319","0BZym7oJYCUx2782HG6VDF"
"Mit besten Wünschen","YOSU","Mit besten Wünschen","Deutsch","Playlist","DEZC62519894","6q4MDW9XtKc0ZgPsDnmhim"
"Ich verlier mich in dir","Daniel Ceylan","Ich verlier mich in dir","Deutsch","Playlist","DE1QE2500005","7ADKjSfakhNxMp2OPSZNIc"
"Traurig x Glücklich","Frida Gold","Traurig x Glücklich","Deutsch","Playlist","DE1JO2500006","2HOngVWUWUToYXpiIfPfsi"
"Ich frag nicht mehr wann","MKSM","Ich frag nicht mehr wann","Deutsch","Playlist","DE1QW2603852","15dXvQ3Tu4jYsDepDaVnwZ"
"Bei Dir","Dana","Bei Dir","Deutsch","Playlist","ATCI02600009","1Vg9EotruMd9MWwgOBEkt6"
"Fundament","Kreis und Quer","Fundament","Deutsch","Playlist","ATGQ32500001","6Zzm5ECnTDNk9c0FxTUwaE"
"Feuer über Wien","Lucas Fendrich","Rezeptfrei","Deutsch","Playlist","ATB152400215","2i4XrjD3CtLZCCAIcxoeoZ"
"Funken sprüh'n","Isa Jansen","Funken sprüh'n","Deutsch","Playlist","DE1RX2500001","30m551FrXc2LeP3f65vbSq"
"Land Of The Free","Freude","Zwischenwelten","Deutsch","Playlist","DEZC62599450","7abm8hCubhIQ2u4I1YJXUU"
"nie mehr zurück","TONI","nie mehr zurück","Deutsch","Playlist","DEZC62537212","6TZfLJ6Y840E9yPJicFlfb"
"Riskieren","PAULA","Riskieren","Deutsch","Playlist","QT3F52564794","5N65mdmBTJLiwv9Z88rWlA"
"150 km/h","PLUS","RÜCKLICHT","Deutsch","Playlist","ATKD92581405","3SYm1JyTb9k7WXl06IX0QT"
"Graue Wolken","Marcel Staudinger","Graue Wolken","Deutsch","Playlist","DEZC62538633","5wdbi8hkbCQMGRXrRlhjvh"
"MAMA HATTE IMMER RECHT","Gregor Hägele","MAMA HATTE IMMER RECHT","Deutsch","Playlist","GXBAV2045357","7exvsVwIJVK3KV70Shmoyc"
"Schief in jedem Chor","Kraftklub","Schief in jedem Chor","Deutsch","Playlist","DECE72501667","4FSWg1YKFu0XN3oli8RisN"
"Eiskalt","Daniel Fink","Eiskalt","Deutsch","Playlist","ATAY92507101","0iTlX1pdFwD3QtYB5F1T8D"
"Wir tanzen den Regen weg","Montez","Sommerregen EP","Deutsch","Playlist","DECE72501613","7tnm7BOAvYriNjqfZ199bm"
"Adrenalina","Kaprice","Adrenalina","Deutsch","Playlist","TCAJM2508347","7jaQMFnuynx67izrm9jAbE"
"Naiv","Lika Doss","Naiv","Deutsch","Playlist","DEZC62513339","1ZVma1QVbh5qhlbBTDXWc9"
"Deja Vu","Clueso","Deja Vu","Deutsch","Playlist","DEE862501053","0SqHkArDOl5lU4XmASnjBV"
"Kraftakt","Casino Blackout","Kraftakt","Deutsch","Playlist","DEZO42500368","1fAlJglAsgIrmLmTbJUTYN"
"Du bist my only one","Jakob Busch","Du bist my only one","Deutsch","Playlist","ATCI02500070","1gN6koRhttpomGNtZswbpY"
"Realitätsfluchtfahrzeug","Toria","Realitätsfluchtfahrzeug","Deutsch","Playlist","ATJM42501010","4rXyUmctEe7Xw97DZqYGWz"
"Warum ich?","Kauta","Warum ich?","Deutsch","Playlist","DEE862500653","57vsdwAovYIYg6EqrPF4kH"
"Laut Gedacht (Bam Ba Bam)","Tom Twers","Laut Gedacht (Bam Ba Bam)","Deutsch","Playlist","CH7812538390","6P2WzypYEIgghtxIhyjHVl"
"SPIEGLEIN SPIEGLEIN","Lune","SPIEGLEIN SPIEGLEIN","Deutsch","Playlist","DEKF22500603","1qHhr8GD9YOMpuMz37nal8"
"Mein System gehackt","Kathi Kallauch","Mein System gehackt","Deutsch","Playlist","ATGU52500001","3zCBN9gtUjwzmKAK88sH4L"
"Halbwach","Milena Keimig","Halbwach","Deutsch","Playlist","DEYX82261563","7zOAp0JrzRjPMsFVw1Szjs"
"wenn's am schönsten ist","Esther Graf","wenn's am schönsten ist","Deutsch","Playlist","DEE862500768","4fZYJSpK32o3CeWPByulUj"
"4000 Grad","KAFFKIEZ","4000 Grad","Deutsch","Playlist","DEW242500089","072I9eZXzqc4FTcihvofjR"
"Ozean","Mira & Adam","Ozean","Deutsch","Playlist","ATIQ52500001","4WHliryD8TiTe6bYQrj8Ff"
"Laura Julia Anna Maria","Paul Sies","Laura Julia Anna Maria","Deutsch","Playlist","DEW242500118","1inpozk7cTzAZQNLG4wpSp"
"zeit zurück","Jacob Elias","zeit zurück","Deutsch","Playlist","DEA812500295","4KfBNhYT9ZHsuLWA7dpltm"
"Fuckitlist","Casino Blackout","Fuckitlist","Deutsch","Playlist","DEZO42500364","2Z9xn0ynzqYl3czftBhanz"
"arsch der welt","anaïs","arsch der welt","Deutsch","Playlist","DECE72502167","5Biw0sdkjcyNxBRdA2gkvy"
"Ich kann dich fast schon sehen","Finder","Ich kann dich fast schon sehen","Deutsch","Playlist","DEZC62502049","3cJbJOKmU1VJifsPo1QAlq"
"hot for no reason","Sandra Hesch","hot for no reason","Deutsch","Playlist","GXBAV2150865","4P7vZlyRAXOUaW3Y1IRA8k"
"2 Gesichter","Mörk","2 Gesichter","Deutsch","Playlist","DEZC62536269","18f9Qsl5f244289juVIh6K"
"Kalte Tage","Simon Higgins","Kalte Tage","Deutsch","Playlist","DEYX82275817","7wWe5ElvmgOxp8JW33kdJJ"
"Tanzen","Tenski","Tanzen","Deutsch","Playlist","DEZC62534754","19cD1kycDai94CGPS721HG"
"keine liebe im club","Sampagne","keine liebe im club","Deutsch","Playlist","DE1FB2500162","7lbI8DMRzjjqtY2CYhtesD"
"Dynamit - Radio Edit","Perlregen","Dynamit (Radio Edit)","Deutsch","Playlist","DEVM31600198","0hnV3Mebhw8ORwuczhOOve"
"mitternacht","Jacob Elias","mitternacht","Deutsch","Playlist","DEA812500192","1RGZZVKB5sZcH8PQfVD2pP"
"Vergangenheit","Bosse","Vergangenheit","Deutsch","Playlist","DECE72500845","2jxLOgxLd8QRbD9VdKWAnL"
"Unique","Cédric L'amour","Unique","Deutsch","Playlist","DEYW82513189","2zd23Bjm2argY5aevqnmJB"
"Luft","YAGUT","Luft","Deutsch","Playlist","DEZC62503852","5Jyx6ElL3mlvU9gBjAm5od"
"Ich will nicht alleine sein","YOSU","Ich will nicht alleine sein","Deutsch","Playlist","DEZC62502494","3SsaQGKj1zvvqsQFXVTEEi"
"Väter","KAHRO","Spätsommer","Deutsch","Playlist","DEYX82275665","6S399oGNqGCXr70ufbU0gK"
"Blauen Planeten","ela.","Blauen Planeten","Deutsch","Playlist","QM6N22579802","7tQFQPmug9ZMVEam7ZJU8y"
"Manchmal frag ich mich","Laurin Sigmund","Manchmal frag ich mich","Deutsch","Playlist","DEZC62537890","0VEa388SkK7m4BjREuzrpB"
"Leben überleben","NESS","Leben überleben","Deutsch","Playlist","ATCF62410019","7dtoveLm1biPNEdTndXBwh"
"Leer","Sebastian Kramm","Leer","Deutsch","Playlist","QZWFM2522500","2kClBAegDl0USKTQRptvSA"
"Unsicher","Nina Chuba","Unsicher","Deutsch","Playlist","DEE862500425","2GN2pbQi4Yz7Qp99Wbp2vZ"
"Deine Stimme spricht","Natalie Nock","Deine Stimme spricht","Deutsch","Playlist","QT3F52533852","68bDh78GBNgJVYftwKxAGQ"
"Normal","Sebastian Wurth","Normal","Deutsch","Playlist","DELV42500307","7szb80XHlr9qNYBzuQx6UC"
"Nur mit dir","MYLLER","Nur mit dir","Deutsch","Playlist","DEZC62506705","7yEZ1t4obKEEm2i01EYFQ2"
"Weinen","Montez","Weinen","Deutsch","Playlist","DECE72501612","6i2nHXEGKWTx6uZJIK1ccp"
"Gib mir Sonne","Lena Marie Engel","Gib mir Sonne","Deutsch","Playlist","FR59R2593807","7xSXXxp5aIAihWevzME0it"
"Capri Sonne","KAFFKIEZ","Capri Sonne","Deutsch","Playlist","DEW242500088","5biCRSNDhZvHSuLosdlJm5"
"Langeweile im Sommer","Phil Schaller","Langeweile im Sommer","Deutsch","Playlist","DEYX82257884","3Jc9oVDgoUFXvWXadS40kB"
"Vertigo","Sebastian Wurth","Vertigo","Deutsch","Playlist","DEZC62594434","3u3c6OxRycBAwWmNMitQu7"
"Wenn Ich Mal Groß Bin","Uli Sailor","Wenn Ich Mal Groß Bin","Deutsch","Playlist","DEVF42202912","0FP6eojEeWFoWTjQmn20aB"
"Verwandtschaftstreffen","RIAN","Verwandtschaftstreffen","Deutsch","Playlist","ATCF62410005","69yw1KhYUuGwUbOImS0jju"
"Keiner so wie du","Karina Rose","Keiner so wie du","Deutsch","Playlist","QZTAZ2584693","6l81jpPmIc1s0nvpywLlwm"
"Rucksack","Fabrice Richter-Reichhelm","Rucksack","Deutsch","Playlist","DEHM22507026","4iTW6QJGStqqnst0ekxRSG"
"ja zu dir (der hochzeitssong)","Revelle","ja zu dir (der hochzeitssong)","Deutsch","Playlist","DEA812400578","0P8df2JYaAHt1lbQ5Ad7NO"
"Fühl mich Disco","Bianca Hauert","Fühl mich Disco","Deutsch","Playlist","QT3EX2501608","4ZlDLd23Elt1KsUcVlQ8M3"
"Sommer","Mellow Mark","Sommer","Deutsch","Playlist","DEOO32501201","2B1gUq0TS76zV4OVSU8dVv"
"Anders","KALEA","Anders","Deutsch","Playlist","DEYW82514865","4k2qI38MUBnLDnjIn8nDfy"
"Safe Space","MYLLER","Safe Space","Deutsch","Playlist","DEZC62597836","3aA9IDMgKCFQOBXMqE3Jit"
"DeLorean","Kaprice","DeLorean","Deutsch","Playlist","TCAJW2517223","0miwJ3KHCzhlPELj41bbUT"
"Fräulein Frieda","Jakob Busch","Fräulein Frieda","Deutsch","Playlist","ATCI02500047","3I9TfUvvxhY7NLutBd6xhO"
"Atlantis","Kuult","Atlantis","Deutsch","Playlist","DELH31900686","3PGs4lEtU87p4YaK18R1sF"
"Donau","TOBER","Donau","Deutsch","Playlist","QT3EZ2558530","7mzkpJPp4yHlqmNdvOzalM"
"mitgenommen","KARGO","mitgenommen","Deutsch","Playlist","DELH31900680","3yt4CUNkD4E1K80uOwWJgF"
"Allerletzte Tag","Kuult","Fallschirmvertrauen","Deutsch","Playlist","DELH31900701","3af1AMub2l0EUCVgZZT8RQ"
"Abserviert - Ah Aha","ALLEGRA","Abserviert (Ah Aha)","Deutsch","Playlist","TCAJR2573655","4Iw2o5XqiMLMJsx4iuQ97d"
"küss mich","Florentina","küss mich","Deutsch","Playlist","DECE72500811","6uh5BkUBKTc8XtFPRLa0dz"
"Rendezvous im Tanzcafé","DIEBE","Rendezvous im Tanzcafé","Deutsch","Playlist","QZTB92517135","0yijvvd5Rb2O5gbVRez5l9"
"Bild wie Monet","Ella Stern","Bild wie Monet","Deutsch","Playlist","ATAT72508003","7prLp5JQkWBMQggITSvk1G"
"Dann war er weg","Sandra Hesch","Dann war er weg","Deutsch","Playlist","CH7812535585","6TD7LLVWnxq4ZQKOqESclB"
"Nur ein Wort","Noah Kraus","Nur ein Wort","Deutsch","Playlist","DEUM72501717","0dIb1x3ilFtfprAfbfOEKm"
"Wieder jung","Emanuel Reiter","Wieder jung","Deutsch","Playlist","DEZC62598967","3MdWLDNvoz7IbYSU6i0x1J"
"Besser Sad","Julia Kautz","Besser Sad","Deutsch","Playlist","DEPI82505309","4vYwtWofXDjjwuaX2fThMQ"
"Rosarot","SABRINA","Rosarot","Deutsch","Playlist","QZZ7T2542742","04tCyYDFee6U6WUjJ99oTk"
"Fata Morgana","Nina Chuba","Fata Morgana","Deutsch","Playlist","DEE862401663","1v1cijv1qjMJ5o9OvMWACS"
"Krass dass du noch da bist","TOCHTER","Krass dass du noch da bist","Deutsch","Playlist","DEZC62586318","7JtI3TJQ4ofGj6uOuzgpYG"
"Vorhang Auf","KAFFKIEZ","Vorhang Auf","Deutsch","Playlist","DEW242500043","1lL0UyhGyv4cLglooF3rNc"
"Zerrissen","WEITMEER","Zerrissen","Deutsch","Playlist","DEZC62505336","17tCvEKGnPTV9tX5eZcuos"
"WOW (Ist das denn noch normal)","Charlien","WOW (Ist das denn noch normal)","Deutsch","Playlist","ATML12500155","6xl80UILOTKA4tOAuyclXI"
"kann schon sein","frytz","kann schon sein","Deutsch","Playlist","DEVU52518517","73aTGd9Gd1JHKa74eGiKGG"
"Träne","SOPHIA","Träne","Deutsch","Playlist","DEUM72503306","1hQ7CxbsRNRByWQVVUUmWB"
"Bolero","Maria Linda","Bolero","Deutsch","Playlist","DEK192542973","7lvjDLbGlpkoemIc0BIlv8"
"Lieb mich nicht","Lika Doss","Lieb mich nicht","Deutsch","Playlist","DEZC62597742","4UZZW4DAaktvo3aZ39Ezb4"
"Fliederfarbensommer","Kira","Fliederfarbensommer","Deutsch","Playlist","ATW562500006","2FsGIFf4RZYT5h2Kvzk3dR"
"25grad (feat. Kasi)","01099","25grad","Deutsch","Playlist","DE1FB2500152","5UCcH62PMCio1kiV14zcEU"
"Halt mich fest","Kreis und Quer","Halt mich fest","Deutsch","Playlist","ATJE62500302","2C4KO4A5YGprmhYWJL8mIj"
"bleiben wie's ist","TONI","bleiben wie's ist","Deutsch","Playlist","DEZC62595045","3z2RsPPgGrZGkwEv3nfstk"
"Ao Nang","Tenski","Ao Nang","Deutsch","Playlist","DEZC62501991","2Z6SUgrZmS6L6ibY7zHJFF"
"Das Leben ruft","SANTOS","Das Leben ruft","Deutsch","Playlist","DECE72403102","4tOCLn5F0GHaPl4p9RPQAb"
"Rescue Män","Mellow Mark","Rescue Män","Deutsch","Playlist","DEOO32501101","34AIjPYvXCugO6s2zRq0Sl"
"Wie ein Kind","Zweimann","Wie ein Kind","Deutsch","Playlist","ATJB32500001","1X0ZeCjiFqwATk9NMswran"
"Papierboot Im Ozean","Bernd Korz","Papierboot Im Ozean","Deutsch","Playlist","DEZC62506968","3zvvCChfYqNaLvLTdrqlIO"
"Hab ich dir je gesagt...","Madeline Juno","Hab ich dir je gesagt...","Deutsch","Playlist","DETO32500053","5jRbDmyF5aSHleN96fKZD3"
"Viel zu selten","Tenski","Viel zu selten","Deutsch","Playlist","DEZC62598923","2idu36GPpZKQixhz9Au7Z6"
"Wovon sollen wir träumen","Daniel Ceylan","Wovon sollen wir träumen","Deutsch","Playlist","DEAR42545490","1fZ16wgKYQxCwie5ICENZw"
"leider not","Ella Stern","leider not","Deutsch","Playlist","ATAT72508001","3QMhTLKTPWqzxaLSwd8sol"
"Für alles bereit","Patrick Heidenreich","Für alles bereit","Deutsch","Playlist","DEZ922501256","4jENngNobuQ932uYLmGGzi"
"FOMO","Julia Kautz","FOMO","Deutsch","Playlist","DEPI82505046","3AjjDsJczvWhnlXnA5AXKj"
"Leber krank","Christina Kosik","Leber krank","Deutsch","Playlist","DEA622501361","722t4Deypoa2w7ejZCNmeH"
"Wunder","AYLIVA","Wunder","Deutsch","Playlist","DEA622401272","16f4ZN6XOfrIO8fJkm28HM"
"Welt krepiern","SUN X TURTLES","Welt krepiern","Deutsch","Playlist","DEYW82511949","1LfrEGTfrcWBj6jYSVptbS"
"Schwerelos","Finder","Schwerelos","Deutsch","Playlist","DEZC62593758","18umr4kL9riEOMzsvXUwaP"
"Diadem","MERO","Diadem","Deutsch","Playlist","DECE72500856","5my01OPtKE7EbyBiyjfRvy"
"Das wird groß","TOCHTER","Das wird groß","Deutsch","Playlist","DEZC62590565","3N21UiqM7W2MDbzF9ZQeou"
"Käptn Peng","LUNA","Käptn Peng","Deutsch","Playlist","FR2X42563980","3430m0qVnNQ9WbJZZbgWBR"
"Lebensretter","Behnke","Lebensretter","Deutsch","Playlist","CH7812536290","1Fylgd3KnKQ1bjddFVSGaC"
"Neuer Tag","Kevin Cool","Neuer Tag","Deutsch","Playlist","QM6P42512997","6Ll7MkiKPV3pSzzjyIXkZX"
"Dann fall ich","Peter Plate","Dann fall ich","Deutsch","Playlist","DESU22500011","26ZMMgT2EmZS5SwAKQTNfm"
"HÖHENANGST","Enterprise","HÖHENANGST","Deutsch","Playlist","DEZC62591322","3Z8lugZPB58Mjb8yPSWUs4"
"Herzinfarkt","Alexander Eder","Herzinfarkt","Deutsch","Playlist","DEUM72503382","1c1due5Cdi7ZHUFvavE4HX"
"Erdbeereis","PLUS","Erdbeereis","Deutsch","Playlist","ATKD92581301","0EnEEQjsqp30JYmSgmTjVu"
"Dann geh'n wir tanzen","CALBORA","Dann geh'n wir tanzen","Deutsch","Playlist","DEEP82500282","060gcuPPpMZ0Sjkk7pA6uk"
"Schnee von morgen","jaschu","Schnee von morgen","Deutsch","Playlist","DEA622404628","1s6cXY4Fx1GcAMEDHuU0cJ"
"schönhauser (feat. Gustav)","Zartmann","schönhauser EP","Deutsch","Playlist","DE1FB2400562","0jsnXwAKMBZ455LiT5ovGj"
"Es ist okay","Katha Rosa","Es ist okay","Deutsch","Playlist","QM6N22513133","1JGqQhO91NNDbySUnaDVMi"
"Frei - Radio Edit","Safiya","Frei (Radio Edit)","Deutsch","Playlist","FRX282545955","0oav1CND7eTlfxHThZzZYm"
"ein mensch","JEREMIAS","ein mensch","Deutsch","Playlist","DEUM72411955","3pDWORLJ2hgjFVjCIAm2HZ"
"All diese Momente","FaMo","All diese Momente","Deutsch","Playlist","DE1LD2400008","7jroFmtJZcIkeo29UL3hsO"
"Wie Weit","Die Fantastischen Vier","Wie Weit","Deutsch","Playlist","DEZR22300139","4ZU0CFZ51KmYf8gcwrh9av"
"sommerregen in wien","Megan","sommerregen in wien","Deutsch","Playlist","ATIT62500002","4MvI2pJg5zAcBA6TDtk6iO"
"Kalt","Sebastian Kramm","Kalt","Deutsch","Playlist","QZMEQ2517013","1dAbJNJrA7R9rHQDljEbWn"
"T-Shirt","PLUS","T-Shirt","Deutsch","Playlist","ATKD92581201","5RDbThLWNGEOHyvhF6D1W3"
"Ja Nein Vielleicht","Phil Schaller","Ja Nein Vielleicht","Deutsch","Playlist","DEYX82252580","5yiBY0bnrZPwL4cuOs48GM"
"Vergesslich","NESS","Vergesslich","Deutsch","Playlist","ATCF62410016","04NLl6Sws65yuSxn1s1T0r"
"Zwischen den Zeilen","Gspiadi","Zwischen den Zeilen","Deutsch","Playlist","CBF8B2534183","5FOCFp8a3KILBe1BdrnGkL"
"Brich mich","Magda","Brich mich","Deutsch","Playlist","DEA622500296","2r67sBB5WQWUdrVKz8sFnU"
"heimweh_demo","Elias","dinge die ich nur mit worten nicht sagen kann_demos","Deutsch","Playlist","DEZC62465859","2K8mcs3oC7T23lArGehWwQ"
"Bau mich langsam zusammen","Wittgruber","Bau mich langsam zusammen","Deutsch","Playlist","ATW562500003","4zo4FuVq67vURM8WdmdSYS"
"Der Doktor hat gesagt","Alexander Eder","Der Doktor hat gesagt / Julia & Romeo","Deutsch","Playlist","DEUM72501737","2UEmB3uVbGWTwpwYLZqW8V"
"Nostalgie","luk","Nostalgie","Deutsch","Playlist","TCAJS2594286","4L9Ee2Odq6Iz1pip0Al9ca"
"Hör nie auf damit","Beatrice Egli","Hör nie auf damit","Deutsch","Playlist","DEA812500017","62Q3cXR1v6AyMEm547hzn1"
"Ruf mich nicht an","DELA","Ruf mich nicht an","Deutsch","Playlist","DEZC62574771","0cjkATIMUcgdyg7aXfbqqF"
"Heut’ ist alles gut","Sarah Connor","Heut’ ist alles gut","Deutsch","Playlist","DEUM72500197","0LgdXFDT9AfjMyaeoxBT2P"
"Offline","NanaFalkner","Offline","Deutsch","Playlist","ATGEO2500004","3n6SAHMIvNkuirVu0ThvyO"
"Herz taut auf","Lika Doss","Herz taut auf","Deutsch","Playlist","DEZC62584939","4iVCkPlZMMqB9xzxsmi5s8"
"Fußmatte","Luna Simao","Fußmatte","Deutsch","Playlist","CH7812531417","3gFLsFwuD2r7rjUldi108r"
"Kirsche auf der Sahnetorte","Kasimir Jackson","Kirsche auf der Sahnetorte","Deutsch","Playlist","QZNWZ2587834","0fk0VNKiuQ94paBVTUXVO8"
"Pinky Promise","Tom Twers","Pinky Promise","Deutsch","Playlist","CH7812529735","1lgs8jzOj1YAg0NxLFvhpG"
"Stars don't shine","Jen Kova","Stars don't shine","Deutsch","Playlist","DELH31900650","5DGFLdyEZj74xbrxKdPnWP"
"Ende","Nina Chuba","Ende","Deutsch","Playlist","DEE862500039","3kAXRmMpVq8uMLX5HCpTYO"
"Liebeslied","Alina","Liebeslied","Deutsch","Playlist","DELV42500393","0kRF00xDR6sLpNqBMpWoUm"
"Für immer vielleicht","deine schwester","Für immer vielleicht","Deutsch","Playlist","ATIT52500003","7uuhIyL5bxlfPmUslRgMLL"
"Bisschen am Arsch","Marlon Hammer","Bisschen am Arsch","Deutsch","Playlist","DELV42500203","4uWk55mDGvcaedQrFZlqxc"
"bindungstyp","ameliy","bindungstyp","Deutsch","Playlist","ATIN02300019","60RSovPNtf9mE9Yn8Z8pQg"
"Wie Ein Kind","JO HALBIG","Wie Ein Kind","Deutsch","Playlist","DEW242500001","44jP1ooQz4Kyfs8OSKmInf"
"Rücklicht","PLUS","Rücklicht","Deutsch","Playlist","ATKD92581101","5nlDqZlaZ1ZiAmuDLotg1F"
"Tanzen","RIAN","Tanzen","Deutsch","Playlist","ATCF62410015","6JhenmFRd68hlqpIkRVA1d"
"Ich Erinnere Mich","Musikcafe Prenner","Ich Erinnere Mich","Deutsch","Playlist","ATR981344319","6c1CqPI9oc0DkXRYlCzjlx"
"For You","MQstylez","For You","Deutsch","Playlist","TCAJM2529631","2mpxOprAg39JBoiUVr62l9"
"Hey Hübscher","Sandra Hesch","Hey Hübscher","Deutsch","Playlist","CH7812425890","5dulYsLWKRiYKUnfNuPckL"
"Doch du willst mich","Mike Leon Grosch","Doch du willst mich","Deutsch","Playlist","DEAR42562810","5WYBOLtPI6bbKlGjtxvru1"
"Reservetank","Madeline Juno","Reservetank","Deutsch","Playlist","DETO32400662","6iXE61bzfiLKYhm7dWQUn0"
"Beverly Hills","Karsten Walter","Beverly Hills","Deutsch","Playlist","DEWS52500007","4ed0JZqigSHz5Mxt0XYxj5"
"alle märchen sind gelogen","jolle","alle märchen sind gelogen","Deutsch","Playlist","FR2X42507849","7qkjnUILqzn2GjkZfRcH7Z"
"Geschlossene Augen","SANTOS","Geschlossene Augen","Deutsch","Playlist","DECE72402327","4qdGZUy2bzM8GB2qBaMWpR"
"Dieser eine Moment","Patrick Heidenreich","Dieser eine Moment","Deutsch","Playlist","DEZ922501000","1GBCEWqzrYqTHNmFe1J3dl"
"Andiamo","Nora Lisa","Andiamo","Deutsch","Playlist","ATCU61600191","1I7R9uvdGsE59YCzWtEafL"
"Lieben lernen","TONI","Lieben lernen","Deutsch","Playlist","DEZC62587346","2IoEwLgz5hzjTtm2vWFafM"
"Mehr für mich","David Pfeffer","Mehr für mich","Deutsch","Playlist","DELH31900660","0ovft6EgnsF0WDOH50Nm96"
"HALB VOLL","badchieff","HALB VOLL","Deutsch","Playlist","DEQ322500097","1VRl10yA4ZKQTbEUvAKDjU"
"wirbelwind","anaïs","wirbelwind","Deutsch","Playlist","DECE72500341","3Rixx4Zk1R4ZAQyIy9HpHp"
"Träum","Lemo","Träum","Deutsch","Playlist","ATI872401601","57IQeS1Qf824mlG9mIvign"
"Reset","Patrick Heidenreich","Reset","Deutsch","Playlist","DEZ922500873","6PaAZtfdr96us2vHVkCqs8"
"Mein Osten (feat. Herbert Grönemeyer)","Silbermond","Mein Osten (feat. Herbert Grönemeyer)","Deutsch","Playlist","DECE72500130","0HPoSce2eoDEyT8uY82Wk8"
"ALLES WIRD GUT","LEICHTES LEBEN","ALLES WIRD GUT","Deutsch","Playlist","GBWUL2583950","05RQGTz3TmCjFXWTZvzZjo"
"Jemand, der mich küsst","Judith Lisa","Jemand, der mich küsst","Deutsch","Playlist","ATIQ82500004","6lS8N52fyjIIj1GigAN5Qm"
"Zwischenphase","Jonny Mahoro","Zwischenphase","Deutsch","Playlist","DE1FB2500053","5svicODBSeMb67wuBeqW5T"
"SONNENSCHEIN","LEICHTES LEBEN","SONNENSCHEIN","Deutsch","Playlist","QZFYX2511540","1HhjN9kQCcNBQ7PZ78hMkL"
"Jesolo","Emil F.","Jesolo","Deutsch","Playlist","ATCU61600162","6tisTgZ8ditx7IBmszdWEc"
"Sorry Sorry","Vanessa Mai","Sorry Sorry","Deutsch","Playlist","DEA622501197","1qCeChsQW0zUlPLwwgXJ30"
"Märchenwald","CRO","Märchenwald","Deutsch","Playlist","DEKF22500322","5lsYXP02jd62YmG4iARPTK"
"Außer dich","Rami Hattab*","Außer dich","Deutsch","Playlist","DEZC62582912","2aK1R0cS7HJnhyTFjAmF7l"
"Loop","NOA","Generation Liebe","Deutsch","Playlist","ATIN22500002","65oDKmVbe8kIAYmRMZUxlL"
"Willkommen im Licht","NanaFalkner","Willkommen im Licht","Deutsch","Playlist","ATGEO2500003","1rKljQ8KLuPkalZGfk6Lwh"
"Frühling im Viertel 2.0 (feat. Kane)","Bausa","Frühling im Viertel 2.0 (feat. Kane)","Deutsch","Playlist","DEA622500002","5jtca751346RjMOjNh4M0P"
"Echte Tränen","Jan Böckmann","Echte Tränen","Deutsch","Playlist","DEL712500037","2sUk2PX8EREhdTVd8BtBbM"
"Rom","DIEBE","Rom","Deutsch","Playlist","QZK6N2575777","25Ey5LlSq9cBPWTXotp4vW"
"Miami","Apache 207","Miami","Deutsch","Playlist","DEKF22401026","5N1C1ii0IsKp1Ux3OXUM8C"
"Wollen wir?","deine schwester","Wollen wir?","Deutsch","Playlist","ATIT52500002","6245MyYFs28EjhLOpYN8j7"
"Ein bisschen Love","NAMYA","Ein bisschen Love","Deutsch","Playlist","DEZC62579577","1t1iSVH9tpXlETvLGXU6qD"
"Weiße Haare","Florian Künstler","Weiße Haare","Deutsch","Playlist","DEUM72411399","1MUMsiZAZ4qAEVKb51uKst"
"kerosin","DIEBE","kerosin","Deutsch","Playlist","QZK6H2514255","7CfgwE0RTOgtxRbrcF7FMI"
"Hurra!","Julia Kautz","Hurra!","Deutsch","Playlist","DEPI82457710","0zJEAnMIKMq5ibKInVoDgM"
"Farbenblind","Nina Chuba","Farbenblind EP","Deutsch","Playlist","DEE862401696","6LsWeh6tZFhcoBOkp0LGMz"
"Aufwind","STEPh","Aufwind","Deutsch","Playlist","DECU62500005","1vOOuKU09vkY9O2KqvgRjv"
"Wie ein Mädchen","SOPHIA","Wenn es sich gut anfühlt","Deutsch","Playlist","DEUM72313385","7c3pQeWhrsP0IF9O8AncNQ"
"Garten vorm Haus","CIVO","Garten vorm Haus","Deutsch","Playlist","DECE72402485","6NOtUjLWOJdXLqB08t62uI"
"beuteschema kompliziert","ameliy","beuteschema kompliziert","Deutsch","Playlist","ATIN02300018","6Cm83qwnC8TFFJpxm5aJ4Z"
"Indigo","Provinz","Pazifik","Deutsch","Playlist","DEA622403225","1o2Z15P1BrX668ELBKHgbv"
"Liebe","Shiano23","Liebe","Deutsch","Playlist","ATCI02500011","5znLbUbP3tV3N4Jj6u28up"
"Flugangst","Max Giesinger","Flugangst","Deutsch","Playlist","DE1NJ2400006","5zMjN3CoxtCfUi4qu1RZZw"
"HERZLAND","JO HALBIG","HERZLAND","Deutsch","Playlist","DEW242400150","1pEaFSGGakKx8QM4juCiHT"
"Tauchen","ELAY","Tauchen","Deutsch","Playlist","DEZC62590766","40ZOn7UlQt6tBf2ytm4Pbj"
"glaubst du","Provinz","glaubst du","Deutsch","Playlist","DEA622401304","1kFxAJ9jW1mbTTitWlVkH7"
"Hübsche Mädchen","Liser","Hübsche Mädchen","Deutsch","Playlist","DESQ62500218","3a9Mz7MuO7zB6lwpzfEAGm"
"Pfeil im Herz","ELEHA","Pfeil im Herz","Deutsch","Playlist","DEE862402247","0pBDHJFnlMzKBUvchbpaCT"
"Ich verlieb mich immer wieder neu in Dich","Alle Achtung","Ich verlieb mich immer wieder neu in Dich","Deutsch","Playlist","ATJE92500101","6akt2ydVQeoVrXrquOpjqq"
"Kamikaze","JO HALBIG","HERZLAND","Deutsch","Playlist","DEW242500002","4SDHJTYTrLWDox7FOsHY1P"
"Fühlst du gar nichts? (feat. Nina Chuba)","ENNIO","Fühlst du gar nichts? (feat. Nina Chuba)","Deutsch","Playlist","QM6P42426824","5lgzuKpCiOP9G94EYLVMfZ"
"Mensch zu sein","Florian Künstler","Mensch zu sein","Deutsch","Playlist","DEUM72500158","6fofY7cOAn1MOJtaLCfuMi"
"LIEBE (feat. Nina Chuba)","Ufo361","NUR FÜR DICH 2","Deutsch","Playlist","DEKF22401253","1moKZKZydvCRie5SQ8wlis"
"Allein Sein","Kaprice","Allein Sein","Deutsch","Playlist","TCAIL2435596","5lJXvg4UJ9DIHiJAzXXCZy"
"Zumindest fühlt sich's so an","ela.","Es ist immer jemand wach","Deutsch","Playlist","DEA812300124","0SkjPXqzqO5LxnLJ2L0Wl9"
"küss mich doch","Shirin David","küss mich doch","Deutsch","Playlist","DECE72402780","23H67W1NWkB4DOVVT8QOfV"
"Einmal zu oft","Anni Perka","Einmal zu oft","Deutsch","Playlist","DEVB62500560","3wcSK955RcXXYrB30Vs70D"
"Ich kenn mich nicht aus","LÖVEN","Ich kenn mich nicht aus","Deutsch","Playlist","ATGG72504001","53YCj9age7YKPvVX7aKavX"
"Flieg los","Nora Lisa","Flieg los","Deutsch","Playlist","ATCU61600175","03Ge1uHE5IthZqTJHCfWpG"
"Flieg los","Fabrice Richter-Reichhelm","Flieg los","Deutsch","Playlist","DEHM22407018","5iNTO6QXPdGvCg5cBjZVXT"
"schmerzlos glücklich","mille","schmerzlos glücklich","Deutsch","Playlist","QM4TW2531549","0Gt8LL63U4Dj5XE9WIdaOu"
"Style","Kasimir Jackson","Style","Deutsch","Playlist","QZHN52548993","4t53DqUip3blV4RmgMnL0v"
"Dasselbe Bett","Julia Kautz","Dasselbe Bett","Deutsch","Playlist","DEPI82504127","5OLfG0mcYNJBXh3nTvSKOw"
"loslassen","Aaron","loslassen","Deutsch","Playlist","DE1FB2400347","684DYzMh67ioLQQ9wJAfpm"
"Lügner","Sebastian Kramm","Lügner","Deutsch","Playlist","QZDA52500255","17c4iZiZ25SxmREmaQD4Rf"
"Der allerletzte Tanz","Alexander Eder","Der allerletzte Tanz","Deutsch","Playlist","DEUM72410184","2NXWhUHpKQv2N4ZXDd95dC"
"Denke mich kaputt","Sebastian Wurth","Denke mich kaputt","Deutsch","Playlist","DELV42500256","6jr9GeJlEoBzZHbcervhoA"
"Meine couch","Zweimann","Meine couch","Deutsch","Playlist","ATJB32400003","0MVZP3d9zT1GclN0eCNhFv"
"Mein Zuhause","Behnke","Mein Zuhause","Deutsch","Playlist","CH7812529742","6nK7t2fzK3ellgbQWFk6ms"
"Fliegen","Nina Chuba","Fliegen","Deutsch","Playlist","DEE862401698","4lnLVhGxv1YnJEJIComb9x"
"ZEIT, DASS SICH WAS DREHT","$OHO BANI","ZEIT, DASS SICH WAS DREHT","Deutsch","Playlist","DEKF22400164","1NifMX1JqCz9caJowG8dxq"
"Gänsehaut","Julia Meladin","Gänsehaut","Deutsch","Playlist","DEA812400250","1oZFgsKtzrqKxwHUjmdROu"
"Liebe ist","Amyy","Liebe ist","Deutsch","Playlist","DEZC62469066","6F63Ar7aqOeZFAuwJ6U3qe"
"LIEBE?","LEICHTES LEBEN","LIEBE?","Deutsch","Playlist","QZES62527459","4DwqH9UGpXAmPJFJKz3Ns6"
"Heimweh","Alies","Heimweh","Deutsch","Playlist","DEBN22300049","3EKWorBKvdRrwpnMEwMHVK"
"Für dich da","Phil Schaller","Für dich da","Deutsch","Playlist","DEYX82239217","10SsP4M0GaPT9Qy25q88VG"
"Mama hat gesagt","SDP","Mama hat gesagt","Deutsch","Playlist","DETX42400002","086edN2nz8TjB3zddIdlPn"
"Mit dir kann ich alleine sein","JEREMIAS","Von Wind und Anonymität","Deutsch","Playlist","DEUM72305495","6OYxGokMBWj8wCbDIbhFmB"
"Herzschlag","1986zig","Einer von Euch","Deutsch","Playlist","DECE72401703","2ghJKdYVe12wPq5gDAC7yB"
"Nein!","AYLIVA","Nein!","Deutsch","Playlist","DEA622402386","2wvUmObLQbxClXFsuhw8Ns"
"ein Versprechen","TONI","ein Versprechen","Deutsch","Playlist","DEZC62470001","6fmbxxrKpawESKVXsM846u"
"Ich öffne mein Herz für dich","Lukas Linder","Ich öffne mein Herz für dich","Deutsch","Playlist","QMDA72470311","4G0wJDGO7B9EZ6uTnBRxlj"
"Daheim","Blumengarten","Daheim","Deutsch","Playlist","DECE72401959","70jxUq8a5GgI6rdQjksbx8"
"Die Kontrolle","Zürent mit Komplizen","Die Kontrolle","Deutsch","Playlist","DEZC62576450","5vbhhCTq1meRLiZZeDAXUp"
"Ich glaub ich will heut nicht mehr gehen","Nina Chuba","Ich glaub ich will heut nicht mehr gehen","Deutsch","Playlist","DEE862201567","5iD3wryE1crHM4J2C2omW9"
"Retro Liebe","deine schwester","Retro Liebe","Deutsch","Playlist","ATIT52500001","5HQ508ZGmljfaExyNwuEoE"
"Nur So Gesagt","Tom Twers","Nur So Gesagt","Deutsch","Playlist","CH7812414557","0IVUn9eHyWrOCu12lFg6lS"
"Ça va bien","SUN X TURTLES","Ça va bien","Deutsch","Playlist","DEYW82418653","6DTWmd7hxdQai5WvDFjIsX"
"liebe das","TJARK","liebe das","Deutsch","Playlist","DE1FH2200219","2fiGJgDY0OamG8wX0WaMnO"
"LEBEN IST NE REISE","waveywave","LEBEN IST NE REISE","Deutsch","Playlist","QZZ7V2411660","3Gfk3zPTNwzT8vC5Myf0oS"
"Ja, nein, vielleicht","NOA","Ja, nein, vielleicht","Deutsch","Playlist","ATIN22500001","5Fgw3hVKFV20PWwimeDsYK"
"Stockwerk 7","JAMIE","Stockwerk 7","Deutsch","Playlist","DEZC62574570","2qUq5sXZCcgXnflJvhJ7zu"
"Universum","SUN X TURTLES","Universum","Deutsch","Playlist","DEYW82514317","5IEzzfvGkkrEHXnn5H7Zz8"
"Wir waren hier","CRO","Raop","Deutsch","Playlist","DEW921100152","6armzzRhu0dBBNa0Fz41Jg"
"Vielleicht Vielleicht","AnnenMayKantereit","Schlagschatten","Deutsch","Playlist","DEUM71806293","17lu3VOOdnuf6fvtj6TDL5"
"DER LETZTE SONG (ALLES WIRD GUT) (feat. Nina Chuba)","KUMMER","DER LETZTE SONG (ALLES WIRD GUT) (feat. Nina Chuba)","Deutsch","Playlist","DECE72108186","4RgrQ5jGalu6FWsy6WbfDM"
"paris syndrom - dach session","Blumengarten","paris syndrom (dach session)","Deutsch","Playlist","QMFME2255537","4cvfB6n4wfSXIvND88VRc1"
"Die Sonne in deinem Zimmer","Edwin Rosen","Die Sonne in deinem Zimmer","Deutsch","Playlist","QZFZ62048643","06eOnPoJ5EJcfeKzbN669r"
"Du bist anders","AnnenMayKantereit","Schlagschatten","Deutsch","Playlist","DEUM71806291","1FuB3SlcjgU3KAyDwUwB6r"
"Du bist immer für mich da","Mayberg","Du bist immer für mich da","Deutsch","Playlist","QZES92251724","3jLLoSPLIJrhtfY8QPVVld"
"Luftballon","Gustav","Luftballon","Deutsch","Playlist","DE1FB2200039","5w1KF2w0e8W1EEHsCJYYCf"
"3. Stock","AnnenMayKantereit","Alles nix konkretes","Deutsch","Playlist","DEUM71504283","2M5xIJ2GySzBSKjhKdkjUL"
"9 bis 9","SIRA","9 bis 9","Deutsch","Playlist","DEKF22300419","5YWu6dt50Nieq8qi572RF8"
"Glücklich","01099","Altbau","Deutsch","Playlist","DEQ022280686","3z3thFt7kVIkfY9PRdIOcJ"
"Ich wünschte, du wärst verloren","Schmyt","Universum regelt","Deutsch","Playlist","DEKF22100963","5HelvHUpgmjB6i91wp0syw"
"Küss mich","Ivo Martin","Küss mich","Deutsch","Playlist","DEE862301407","5cKOROElbZXQHLdKKlJ7eJ"
"kleiner prinz","Sandra Isabel","kleiner prinz","Deutsch","Playlist","GX3HH2299752","6Ag8t19iJOAq2H03HcfOus"
"hdl","JEREMIAS","golden hour","Deutsch","Playlist","DEUM72005812","0E3d9sHyPV6wACYP1U4UlF"
"Rote Flaggen","Berq","ROTE FLAGGEN","Deutsch","Playlist","DECE72301636","7bkUa9kDFGxgCC7d36dzFI"
"Freister Mensch der Welt","ENNIO","Nirvana","Deutsch","Playlist","QMDA62267676","5UWCzlZTWK1RP9EpsM5e66"
"Kippe","ENNIO","Nirvana","Deutsch","Playlist","DEVN52000102","7jQ8C4PKJDAUY5Ql9TjFb3"
"Die Erde dreht sich (ohne mich)","ENNIO","Schlaraffenland","Deutsch","Playlist","QM6P42426804","60OkZiT7pAbGd6pOXCaY20"
"Angst","ENNIO","Schlaraffenland","Deutsch","Playlist","QM6P42426828","2kpjewloUvShW8HjRdfoEQ"
"Major Tom (...völlig losgelöst)","Peter Schilling","Fehler Im System","Deutsch","Playlist","DEA629252500","2epRW3O5YLwiqcxOdaI4Mm"
"Dr. Oetker","Medimeisterschaften München","Dr. Oetker","Deutsch","Playlist","QZK6M2310128","4YxJI0X40Q9hzXtdJEWyBB"
"BLUB (Bitte Lass Uns...)","Medimeisterschaften München","BLUB (Bitte Lass Uns...)","Deutsch","Playlist","QZMEM2490037","0rqbPluxSXrFKQjorQG5do"
"Ich will immer wieder... dieses Fieber spür'n","Helene Fischer","So Wie Ich Bin","Deutsch","Playlist","DEC610900572","70fRUZsAxNKuxTy8gp4nKT"
"Millionär","CRO","MTV Unplugged","Deutsch","Playlist","DEW921400572","3p5ucndYbhXpLAZkvGiujs"
"Be Cool Speak Deutsch","Die Prinzen","Die neuen Männer","Deutsch","Playlist","DEA810800932","74OovnXz2s7QjG5yYMwL2P"
"Irgendwie, Irgendwo, Irgendwann - Special 12"" Dance Mix","Nena","Feuer und Flamme","Deutsch","Playlist","DEE868400013","61OMeme3atDikStS4QxGIE"
"Griechischer Wein","Udo Jürgens","Zeig mir den Platz an der Sonne","Deutsch","Playlist","DEA817400019","452WSSzuklpg0w4RKTlkvn"
"Friesenjung","Ski Aggu","Friesenjung","Deutsch","Playlist","DE1FB2300037","6tAKikIvnoWfUeZrfkopLL"
"Du bist nicht allein","Roy Black","Roy Black","Deutsch","Playlist","DEF066501400","2ukIzpSbG2dZorsz9rOu5p"
"Alles oder nichts","Liane Covi","Bottle of Wine","Deutsch","Playlist","DESY11400195","4aktrqrEMhTCzjKdgMeVRf"
"Ich geh heut nicht mehr tanzen","AnnenMayKantereit","Schlagschatten","Deutsch","Playlist","DEUM71806284","13Fo5bvBmmDDaMGtLlAqB5"
"Zu laut in der Disko","ok.danke.tschüss","Kaputt weil's nicht funktioniert","Deutsch","Playlist","QZK6K2079460","04NfYJFUf763jO6GFAE9kE"
"SABÍA QUE NO","reezy","SABÍA QUE NO","Deutsch","Playlist","DEKF22401926","61lNxSCj38lvmZjJZuhXSt"
"Wie sehr tut es weh?","Edwin Rosen","Wie sehr tut es weh?","Deutsch","Playlist","DECE72502750","0dV6EKEZ0CciVlmbuokbdk"
"Berliner Märchen","Ion Miles","Berliner Märchen","Deutsch","Playlist","DEKF22500720","3bYhenwN32LvYsvFHSia3T"
"Moskau","Rammstein","Reise, Reise","Deutsch","Playlist","DEN120405584","4L9UGREMQBfYLmGwlACgTV"
"Zick Zack","Rammstein","Zeit","Deutsch","Playlist","DEUM72118406","2w7Ca8DNYXBCgA6Bht7o0N"
"Was ich liebe","Rammstein","Rammstein","Deutsch","Playlist","DEUM71900530","4anzVbFPUuZTw0KQeZ0qnu"
"Angst","Rammstein","Zeit","Deutsch","Playlist","DEUM72118409","0UuNO0yYvsMPlyLF7RfQlg"
"Asche zu Asche","Rammstein","Herzeleid (Remastered 2020)","Deutsch","Playlist","DED579505230","407eqFGqQc40KPf43YrQ44"
"Ausländer","Rammstein","Rammstein","Deutsch","Playlist","DEUM71900527","7j43FohbLVulScL7S9sQZk"
"Engel","Rammstein","Sehnsucht (Remastered 2023)","Deutsch","Playlist","DED579702410","5Zuboc3Cj9Ldnc8HyUnNUK"
"Deutschland","Rammstein","Rammstein","Deutsch","Playlist","DEUM71900524","2bPGTMB5sFfFYQ2YvSmup0"
"Amnesie","Liaze","Amnesie","Deutsch","Playlist","QZK6H2172956","2Hcb4JVJtN6mbQfzEYJ4rq"
"G Wagon","Gzuz","Freitag der 13.","Deutsch","Playlist","DECE72400698","1bG8JOOvT1K9DjG6YPBfh9"
"sag was","Paula Hartmann","kleine Feuer","Deutsch","Playlist","DEKF22400004","6cyvFvADtpjU64L1gQWTK0"
"2003","Liaze","2003","Deutsch","Playlist","DELV42301189","4yNWhBYneGn8Gvr7Y3ciqf"
"atlantik","elimako","atlantik","Deutsch","Playlist","DECE72400625","4xEcgqxZ1H1LwkXHLJ362C"
"Es ist schon ok","fiora","Es ist schon ok","Deutsch","Playlist","QM7282541743","5EU1QWDyRlaJEUDl8TfgUp"
"Ölgemälde","herbst","Ölgemälde","Deutsch","Playlist","DGA0Q2442708","56yiPTwmaA4UzYVaIrsD2y"
"brauchst mich nicht","fiora","Ist es schon wieder Abend?","Deutsch","Playlist","QM6P42451809","6O1kPxUxudwlkjAoD52X4x"
"viertel nach vier","fiora","Ist es schon wieder Abend?","Deutsch","Playlist","QM4TW2497224","0UItpYWanyHnu6wDLQ3I0r"
"Du hast","Rammstein","Sehnsucht","Deutsch","Playlist","DED579704010","5awDvzxWfd53SSrsRZ8pXO"
"Wenn sie tanzt","Max Giesinger","Der Junge, der rennt","Deutsch","Playlist","DELV41600061","2yEPMTjt6Jp7yS9zh12ZHb"
"wie du manchmal fehlst","Zartmann","dafür bin ich frei EP","Deutsch","Playlist","DE1FB2400145","0Mvc2FRCYnVjMTd4jx4DMq"
"Nüchtern","Ritter Lean","Muss mein eigener Atze sein","Deutsch","Playlist","DE1FB2400079","2fjTpSDcUxAyx3dtC8TLVl"
"Für immer Frühling - Akustik Version","SOFFIE","Für immer Frühling (Akustik Version)","Deutsch","Playlist","FR2X42482895","5QlKI9edRWvgJc4vleYjzM"
"so als ob","fiora","Ist es schon wieder Abend?","Deutsch","Playlist","QMDA62445135","6Cy2aCQUeJy3aTAI7P9ZwJ"
"home/daheim (demo)","fiora","home/daheim (demo)","Deutsch","Playlist","QMDA62421375","7rSwCQ1L0YsnbVilZ8pkSq"
"alle märchen sind gelogen","jolle","alle märchen sind gelogen","Deutsch","Playlist","FR2X42507849","0oBiXSflc6tuteYQU7e4w1"
"Berlin lebt","Capital Bra","Berlin lebt","Deutsch","Playlist","DEWS21700041","5FGtzUgxycYideaPBFdkaV"
"Yallah Goodbye (feat. Gringo)","Summer Cem","Nur Noch Nice","Deutsch","Playlist","DEA621900509","0q8ztFwyDEKVaVvNQVY1Cq"
"Donuts","Gzuz","Gzuz","Deutsch","Playlist","DEUM71907074","5XVPNr0CAoUn1jD033Ucoo"
"Unique","Yu","Die Zweiten Schritte","Deutsch","Playlist","FRX452352744","5XjFrra3olQBIBa2gcZ4So"
"Fernweh","Provinz","Pazifik","Deutsch","Playlist","DEA622403219","1GxcjcnziJv8ewQrP1ojzU"
"Warum tun die 20er so weh","RAUM27","Keine Tränen","Deutsch","Playlist","DEND12462509","6a6h6BfnX0NeJ4P5dqNB4P"
"Pazifik","Provinz","Pazifik","Deutsch","Playlist","DEA622403192","4fN5EqbujPeFn07ZqurHwz"
"Klein","Emma Rose","Klein","Deutsch","Playlist","DEE862500053","6slYpvhkeypTi1ClyS5cvr"
"Filme","herbst","Filme","Deutsch","Playlist","FR10S2513802","2fwj4LVwBYfWpIuy3BeTZu"
"Alleine","Berq","berq","Deutsch","Playlist","DECE72401840","4pnS7YjhXuC3XL9FpwIisq"
"SCHLEIERKRAUT","Berq","berq","Deutsch","Playlist","DECE72401841","1yB1VJZ6gh8qsPMacpriWF"
"Tanz, Maus!","Carla Ahad","Tanz, Maus!","Deutsch","Playlist","DEZC62573253","0HvHOXNHUfUCkAJh83WPiA"
"Ich will","Rammstein","Mutter","Deutsch","Playlist","DEN120100004","3X0K6fII7VIwL1URPrp8Ko"
"Links 2 3 4","Rammstein","Mutter","Deutsch","Playlist","DEN120002818","52XYwQKlXp7scE7KrBBCID"
"STILL","Berq","berq","Deutsch","Playlist","DECE72401603","3VNQ3hvh3m59RKIjYD6B2U"
"Sex","Rammstein","Rammstein","Deutsch","Playlist","DEUM71900528","15f16lrsDzFeNpHYBTzHLI"
"Was uns high macht","Provinz","Reicht dir das","Deutsch","Playlist","DEA621900086","5UAGxcNL4V1ZjssyiHlJvI"
"Was passiert","ok.danke.tschüss","Was passiert","Deutsch","Playlist","DEZC62576727","4XOx9a5AiwJHnWSljK44O3"
"Oktober","skuth","Heimweh","Deutsch","Playlist","DEUM72408535","5pOY4YnqZ8ZrZUkDPuppoc"
"Feuer frei!","Rammstein","Mutter","Deutsch","Playlist","DEN120100007","5aNH8inF5BsbThDeOLs7zs"
"Bitte Hör Nicht Auf","Liaze","ACHTERBAHN","Deutsch","Playlist","DELV42301073","145zaTnfsMSi8MeFdXOrXD"
"Räuber und Gangster","Booz","Spass kein Spass","Deutsch","Playlist","FRX872399528","5vyOejaopJSR8cIARzCMnC"
"Wenn du weinst","Berq","Wenn du weinst / Einmal verliebt (Outro)","Deutsch","Playlist","DECE72303533","4P3DSLxQLg0il3pEBKsPTJ"
"Alle hassen Nazis","KAFVKA","Alle hassen Nazis","Deutsch","Playlist","DEXE91800002","5x5OTI0HilwE1NzGEpWe6n"
"Achilles","Berq","Achilles","Deutsch","Playlist","DECE72300679","1Yj9IP75nNp6JntNYOxrzH"
"meinen die uns","Zartmann","dafür bin ich frei EP","Deutsch","Playlist","DE1FB2400092","2Zrv4bCzz8Ix9mGWse1Exc"
"Dua Lipa","Ritter Lean","Muss mein eigener Atze sein (Besondere Edition)","Deutsch","Playlist","DE1FB2400227","5K4ihcq7sw3imhegdvz5gU"
"Himmel für Atheisten","ok.danke.tschüss","Himmel für Atheisten","Deutsch","Playlist","DEZC62577915","1a6dMtpjUiViD6aLAH7UaU"
"Joel","ok.danke.tschüss","Joel","Deutsch","Playlist","QZTB92397643","7A2MVRdwPy1PKiF5euhNK6"
"Pfeffer","ok.danke.tschüss","Pfeffer","Deutsch","Playlist","QZFYY2460669","2N5F5geKbmnrDp1FtiAM8t"
"Draußen ist Krieg (feat. $OHO BANI)","Provinz","Pazifik","Deutsch","Playlist","DEA622403217","29jJpr1fiVqw28bBMezX0o"
"Soldat","ok.danke.tschüss","Soldat","Deutsch","Playlist","QZTB92203447","5aUA7Y5yZj9yJb55Xra6Yj"
"Jana","SOFFIE","Jana","Deutsch","Playlist","FR10S2547664","0NJ8C0C3ZXldUELdBKloX5"
"Rückbank","fiora","Rückbank","Deutsch","Playlist","QMDA72557356","0eykQulskSplL3BJ3YWBfe"
"Übers Meer","Till Lindemann","Zunge","Deutsch","Playlist","DEUX62300049","54n47TfaEmhJfUBQI22cXz"
"Schachmatt","JAS","Schachmatt","Deutsch","Playlist","DECE72500197","5rCUIjknAqNIgAjXnH0oFw"
"fahrrad","fiora","Ist es schon wieder Abend?","Deutsch","Playlist","QM6MZ2469793","7ndLAU4VgQFe4SADpwoq0W"
"Seifenspender","SOFFIE","Seifenspender","Deutsch","Playlist","DGA0P2461948","3i4JuEQQ9EuSzWH8QIjZHy"
"HUSO","Ritter Lean","HUSO","Deutsch","Playlist","DE1FB2300189","37h4oEmchSH4UXFXq5NQbT"
"Tourrettes","Berq","Tourrettes","Deutsch","Playlist","DECE72302740","5jADtrXb3KgF9zqt4tuZqO"
"Licht geht aus","Berq","berq","Deutsch","Playlist","DECE72401836","5nNZ1qZcDLe1UuXgdVnZ5Q"
"Angst","Yu","Please Hold The Line","Deutsch","Playlist","DEZC62442549","2yOiQ4R0cEN1BjXSp1dWL1"
"Mann gegen Mann","Rammstein","Rosenrot","Deutsch","Playlist","DEUM70502177","0GxIAMtKFYTQZpR1avO6HB"
"Morgenstern","Rammstein","Reise, Reise","Deutsch","Playlist","DEN120405588","0gf9HMeZDXRexbuM5CihZg"
"Reicht dir das","Provinz","Reicht dir das","Deutsch","Playlist","DEA621900088","0OFpYVks7KSA4YIhQ5t8nx"
"Es Näscht","To Athena","The Movie","Deutsch","Playlist","CH4132300150","4uZZFyCJ9Yzj6zEJUP8sGs"
"Sommer macht melancholisch","Provinz","Pazifik","Deutsch","Playlist","DEA622403223","6MriboInMFOYpnRtRKWAJd"
"Fäschtmol","To Athena","The Movie","Deutsch","Playlist","CH4132200035","1yh25CqEz2JSHwjeheDGHm"
"Angscht","To Athena","Aquatic Ballet","Deutsch","Playlist","QZK6N2064569","0UkZDbVM7DQL2sIoIFZjXu"
"Wältuntergang","Esmeralda Galda","Wältuntergang","Deutsch","Playlist","CH4132300019","2ZJ5YITZrzImlMVXhYkbeY"
"Garten","To Athena","Garten","Deutsch","Playlist","CH4132200109","0pBj2Jy5qtGdedCgRyVCl5"
"Das Neue Normal","ok.danke.tschüss","Das Neue Normal","Deutsch","Playlist","QZDA62412257","4JZzUgcFrkWisEO1yirDj7"
"Goldigs Lächle","To Athena","Wältuntergang","Deutsch","Playlist","CH4132200170","1WNzWPEfQxBOjPiEzCVEOK"
"Verstand","Esmeralda Galda","Wältuntergang","Deutsch","Playlist","CH4132200201","7nk3XhYRjeEVJ8d3TicUtP"
"Glasklar","Esmeralda Galda","Glasklar","Deutsch","Playlist","QZNWZ2584787","0Js0wWy93WHATKpKTPLIR7"
"Weri Be","To Athena","The Movie","Deutsch","Playlist","CH4132300157","4xsW6aVx7jUj422KLgTa1v"
"Niemand","Panda Lux","Niemand","Deutsch","Playlist","CH4132500097","27ZZfeQ1j6yXH7YZpVK3xg"
"Heute Sterben","SOFFIE","Heute Sterben","Deutsch","Playlist","FR59R2431631","6Hw6pJk8XouQzOBivMTv29"
"Ein andermal","Nun flog Dr. Bert Rabe","Ein andermal","Deutsch","Playlist","DEZC62160785","0lSLqXObqRrp1noTnKOaD5"
"Trophäe","Paula Carolina","Trophäe","Deutsch","Playlist","DEW242200098","0ktvX44VXoA8TUcB74anK9"
"Erben","RAUM27","Keine Tränen","Deutsch","Playlist","DEND12462512","5bahSfvfOJ2chUdQXOrFGp"
"reich","JEREMIAS","trust","Deutsch","Playlist","DEUM72411953","0H8JA19H6FVUyCbP8ZNdlU"
"Liebesbriefe","fyne","vorgestern","Deutsch","Playlist","QM6N22426198","0E4RbZN7VkxPugbvtLhiub"
"Die Sonne Scheint","KAFFKIEZ","EKSTASE","Deutsch","Playlist","DEW242300096","37IlJq4E5cViaCUApA0Xp6"
"Die da oben","SOFFIE","Die da oben","Deutsch","Playlist","DGA062431288","1T1njoIbslXr06PHxAKr9f"
"Oktober","skuth","Arbeitsmusik 2025","Deutsch","Playlist","DEUM72408535","21x9VKTKLyJeSieWvdZyXb"
"Rosarote Brille","Yu","Please Hold The Line","Deutsch","Playlist","DEZC62452872","4omXR57c5cUyz1EjMZJH9P"
"Du kriegst mich nicht zurück","Faber","Addio","Deutsch","Playlist","DEUM72308790","0U2we0oGyCpQd4vYrRzSF9"
"Zum Ersten Mal Nice","KAFFKIEZ","EKSTASE","Deutsch","Playlist","DEW242300099","0UOyi6w0vNGASTmFeYqssV"
"Tanz für mich","Provinz","Wir bauten uns Amerika","Deutsch","Playlist","DEA621901047","21D3ZIjm5vecprbEcD8qzW"
"3 Uhr Nachts","Nina Chuba","3 Uhr Nachts","Deutsch","Playlist","DEE862501075","3UYxIENAasKz3LVwOnTeLX"
"Hymne gegen euch","Provinz","Hymne gegen euch","Deutsch","Playlist","DEA622100137","5eodOuMG2p2SfH87betM3X"
"HEIMWEG","Berq","berq","Deutsch","Playlist","DECE72401270","6nEigFDrOeqU0bDJbg51jJ"
"Katharina","AnnenMayKantereit","Es ist Abend und wir sitzen bei mir","Deutsch","Playlist","DE1CR2200010","6bimAQjh6FP1vZOXHrvs4j"
"Fahr uns nach Hause P1","Paula Hartmann","Nie verliebt","Deutsch","Playlist","DEKF22101112","27zqxWKmBlprysPTZrdg0y"
"Rägewürmli","Esmeralda Galda","Wältuntergang","Deutsch","Playlist","CH4132200205","47YW8kFPtcgnHLso4ZdF4q"
"Ayurveda","Faber","Addio","Deutsch","Playlist","DEUM72308792","3idSirVFloe6YB7jraVSae"
"Otto Normal","Paula Carolina","Extra","Deutsch","Playlist","DEW242400007","6k72iL4teXi5tXgsVwuj4U"
"Leih mir deine Tränen","Katha Pauer","Leih mir deine Tränen","Deutsch","Playlist","DECE72502527","0UwodZZOtdzMUVQugw3cYC"
"Liebe verloren","Schmyt","Universum regelt","Deutsch","Playlist","DEKF22200074","4IcmRV1tKUJNtkidXQexPl"
"Diffus","JEREMIAS","Diffus","Deutsch","Playlist","DECE71900523","7to9r01fMDjLQXvTHt9Pln"
"Armee der Tristen","Rammstein","Zeit","Deutsch","Playlist","DEUM72118402","514GW1c9Jn21KgZmO6mZIE"
"Angst Frisst Demokratie","Paula Carolina","Extra","Deutsch","Playlist","DEW242400004","1LK9GAyEbhXq1B6zFPSkkl"
"Heiß/Kalt","Paula Carolina","Heiß/Kalt","Deutsch","Playlist","DEW242300054","0BiieGdpvQqs1KhLCSbrT5"
"Sieben Tage Lang","Bots","Aufstehn","Deutsch","Playlist","DEC610600369","6FlyhzXMNKkwVTEsWKBEr8"
"Energie","SOFFIE","Energie","Deutsch","Playlist","FR2X42594841","5JCINGbIQ097r6OnrzrgyW"
"Mitte Zwanzig","Mayberg","Mitte Zwanzig","Deutsch","Playlist","QZHNB2137279","1sJ3mOLaRQDVlvF9fqxIz6"
"Du Sagst","KAFFKIEZ","Alles Auf Anfang","Deutsch","Playlist","DEW242200029","4VcAVgobpE8aY6oJvaAVx5"
"Frida","RAUM27","Anfangen Anzufangen","Deutsch","Playlist","DEND12239202","7Cd5F1OqENA8182EmHLuxk"
"Schlaflos","verifiziert","Schlaflos","Deutsch","Playlist","DEKF22100103","0ZHBPzpeKm5imaE0v81fnC"
"Frei","Alli Neumann","Madonna Whore Komplex","Deutsch","Playlist","DEQ322100244","2YtSRsWYbmXibPDiyfg47K"
"spiel mit mir","TJARK","spiel mit mir","Deutsch","Playlist","DE1FH2200328","2BmyTAWY1rFAON48e4DLFR"
"Nazis erschiessen","Yu","Please Hold The Line","Deutsch","Playlist","DEZC62438292","0lA9KMtcnmyBN9LDOC58uW"
"Alles was ich gerne hätte","Von Wegen Lisbeth","sweetlilly93@hotmail.com","Deutsch","Playlist","DEE861900960","44hXjrVjBoaPEl5FJxYsQR"
"ich mags","JEREMIAS","ich mags","Deutsch","Playlist","DEUM72006993","3S81BVFGfJZ0bpX3Fthr4P"
"Da für dich","JEREMIAS","Da für dich","Deutsch","Playlist","DEUM72305492","5YP1scuRzU6LOgj7u1rnvt"
"meer","JEREMIAS","trust","Deutsch","Playlist","DEUM72410192","5iKCHabbaxpyPt1IXceuE7"
"Vivaldi","Faber","I fucking love my life","Deutsch","Playlist","DEUM71903082","5Qt9nyg9UFZJ5iqFsKA4pM"
"Top","Faber","I fucking love my life","Deutsch","Playlist","DEUM71903074","2P9OKiFiDDwHcMkdGVuqcd"
"Anfangen Anzufangen","RAUM27","Anfangen Anzufangen","Deutsch","Playlist","DEND12239208","3RDUMFPvbK27yEHavWmn7w"
"Es hört nicht auf","JEREMIAS","Von Wind und Anonymität","Deutsch","Playlist","DEUM72305497","0Uc0m7ThckGvaT0TFG7snX"
"Ein letztes Liebeslied","Marlo Grosshardt","Ein letztes Liebeslied","Deutsch","Playlist","QM7282366761","1n687zRzAK3Nmoc7oykQZb"
"Zu viel / nicht genug","SOFFIE","Zu viel / nicht genug","Deutsch","Playlist","DGA092497577","6ASKJH0Uam97httStG9YA5"
"Schalt mich an","SOFFIE","Unterwegs","Deutsch","Playlist","FR2X42594842","6VMdADCEGC7LbpIWpCXB8g"
"Ausgehen","AnnenMayKantereit","Es ist Abend und wir sitzen bei mir","Deutsch","Playlist","DEUM71907118","1uEQkaqiykbvR91UAHYGpk"
"Mein Herz brennt","Rammstein","Mutter","Deutsch","Playlist","DEN120100002","5ArNGisLzrNOIVwWajRRdt"
"lieb dich eigentlich :(","Kayla Shyx","sad girl summer","Deutsch","Playlist","DEE862401587","715EJu6WsuLbDjRYSrXrmS"
"Es geht mir gut","AnnenMayKantereit","Alles nix konkretes","Deutsch","Playlist","DEUM71504282","2pyIlLXXcTLfx92JXOzOAN"
"99 Luftballons","Nena","99 Luftballons","Deutsch","Playlist","DEE868300011","12A2FvmVADgyqNdC2rdg8m"
"siriusstern","TOBIAS","siriusstern","Deutsch","Playlist","DEA622502818","2nFfjUbdHsmgt7bszzqXOE"
"valentino","anaïs","valentino","Deutsch","Playlist","DECE72500812","5YsbCR2KjUvxFqS4dpy6aT"
"Warte auf mich [Padaschdi]","AnnenMayKantereit","12","Deutsch","Playlist","DECE72003481","31yIOqJfQD7H3jidxB9jPM"
"Rasendes Herz","ok.danke.tschüss","Rasendes Herz","Deutsch","Playlist","DEZC62577911","29eXnzxpENGrWcMwc36eGN"
"Muschigeburt","ok.danke.tschüss","Muschigeburt","Deutsch","Playlist","QZDA62216040","6uZKq1HqN5bulsQy21F97B"
"Böses Mädchen","ok.danke.tschüss","Kaputt weil's nicht funktioniert","Deutsch","Playlist","QZHN92034102","3vSszwMK1J5CK0fnJFBdSM"
"Rosie","ok.danke.tschüss","Rosie","Deutsch","Playlist","QZES91977597","55rdolFwBAsYwPsbh58QHH"
"Was ist mit uns","ok.danke.tschüss","Was ist mit uns","Deutsch","Playlist","QZDA52385500","01SPZvBm6Yovsd8Je71KRK"
"Lottoscheine","AnnenMayKantereit","Es ist Abend und wir sitzen bei mir","Deutsch","Playlist","DE1CR2200009","4xdv44g82ubNtRvAfXrgGo"
"Ozean","AnnenMayKantereit","Ozean","Deutsch","Playlist","DEUM71905336","7ED8m8m3QJvDCnYFOi6VXB"
"Meine Kneipe","Von Wegen Lisbeth","Grande","Deutsch","Playlist","DEE861600223","5NBCRuSpMGY5ckTP6TfWDQ"
"Die blaue Katze","Florian Paul & Die Kapelle der letzten Hoffnung","Dazwischen","Deutsch","Playlist","DEOM41900413","13i4Ev5OcOIuquIy4q0kI9"
"Perplex","herbst","wieder verliebt","Deutsch","Playlist","FRX872574179","1l6RdGLpQgfxx83tvpabgD"
"Ich bin zu müde, um Schlafen zu geh'n","Hildegard Knef","Ich sehe die Welt durch deine Augen (Remastered)","Deutsch","Playlist","DEA610100381","6chJeDPBhdixooFqIYPftL"
"M&F","Die Ärzte","auch","Deutsch","Playlist","DEUM71200095","3OVcnhaZTKC6fE0oqiMEny"
"Morgen","Apache 207","21 Gramm","Deutsch","Playlist","DEKF22500710","2GlNRA4icPfqAIWPNsMfgz"
"Das Beste","Emma Rose","Das Beste","Deutsch","Playlist","DEE862401684","5dholWRj5q0lQUxHS5hRWh"
"Straßengraben","JAS","Straßengraben","Deutsch","Playlist","DECE72400308","6ikfrlq9YwHIafE7ZgS085"
"Radio","Rammstein","Rammstein","Deutsch","Playlist","DEUM71900525","5vZ4IeUenK2cHub2d7yfWk"
"Ich kann nicht mehr","Zartmann","Ich kann nicht mehr","Deutsch","Playlist","DEUM72117712","3eD0w4XpavBrxg1fIdm8xk"
"8 Uhr","Apache 207","21 Gramm","Deutsch","Playlist","DEKF22500728","6GGUtbnn2BIt9huVIuvAJk"
"Porsche 911","Apache 207","21 Gramm","Deutsch","Playlist","DEKF22500732","1vP18y049pwS2OWUrvDjIE"
"Mann muss","Apache 207","21 Gramm","Deutsch","Playlist","DEKF22500736","5lPVREGY9NlY4AGW82NIXb"
"Wie du bist","RAUM27","Keine Tränen","Deutsch","Playlist","DEND12462510","4chqBizAB7Ohms3Ghv1XYX"
"désolée","anaïs","désolée","Deutsch","Playlist","DECE72501620","5SOJjs1aeY92fcL7FJFVAJ"
"siriusstern","TOBIAS","zwischendrin EP","Deutsch","Playlist","DEA622502818","3niebRM7Mh8CAhkVVxepqT"
"FIN (prod. by Roosevelt)","JEREMIAS","FIN (prod. by Roosevelt)","Deutsch","Playlist","DEUM72119796","25P7sBSswuS5d3QcnpBTiH"
"Wir haben den Winter überlebt","JEREMIAS","Von Wind und Anonymität","Deutsch","Playlist","DEUM72305172","0pNWfgjldlMtuyp28kspFY"
"hausnummer_16_v7","Kasi","harddrive2024","Deutsch","Playlist","DEE862401399","4zh37HtLQZ3ieN2CBLIvPa"
"Leon","Faber","Addio","Deutsch","Playlist","DEUM72308795","6pVGzLVct8E5LqT9LDSYBx"
"Dass ich gerade traurig bin","SOFFIE","Dass ich gerade traurig bin","Deutsch","Playlist","DGA062504818","2UyMGtgY1gYF9LaaQjkb6K"
"Sushi","Von Wegen Lisbeth","Grande","Deutsch","Playlist","DEE861600230","7mnl4Lj12hllf83OAtyJpv"
"Schön genug","Haller","Schön genug","Deutsch","Playlist","DELJ81814619","6boYyQM68dtq8njlaT4Mau"
"Wenn du tanzt","Von Wegen Lisbeth","Grande","Deutsch","Playlist","DEE861600227","0G7vexduCvboPyIGjJXQIC"
"Die fetten Jahre","Tristan Brusch","Das Paradies","Deutsch","Playlist","DEA621800290","5VG2608erVBurlm8HQieM5"
"Das Leben sei nur eine Zahl","Faber","I fucking love my life","Deutsch","Playlist","DEUM71903075","6Lla7ZgAY8yvofXQDc4cu3"
"rosa rugosa","Lucry & Suena","rosa rugosa","Deutsch","Playlist","DELV42300462","6JbEv82gvOqbjEMJs24MiF"
"Oft gefragt","AnnenMayKantereit","Wird schon irgendwie gehen","Deutsch","Playlist","DEUM71503137","3TeuBnVsmXcoapr3SlBFIy"
"Verrate deine Freunde","Provinz","Verrate deine Freunde","Deutsch","Playlist","DEA622200327","3AgF2HDVpiqbfAOXhzt6iv"
"US-Studie","Von Wegen Lisbeth","Und plötzlich der Lachs","Deutsch","Playlist","DEAF71611567","0pPj8kGUV0Ie7WXcZW4BKn"
"Chérie","Von Wegen Lisbeth","Grande","Deutsch","Playlist","DEE861600224","13FlxJxlFrtgphJb94sFAM"
"Komm mal rüber bitte","Von Wegen Lisbeth","Grande","Deutsch","Playlist","DEE861600225","5zu9rnfThQpAMNRpOlA5R4"
"Heute Abend wird es regnen","AnnenMayKantereit","Es ist Abend und wir sitzen bei mir","Deutsch","Playlist","DE1CR2200013","1Eq1apVhfTcX1aVsjuoGHJ"
"nie ankommen","JEREMIAS","golden hour","Deutsch","Playlist","DEUM72006992","5Ps3GWKdJuoecpBkA0167N"
"Er oder Sie oder Du","Haller","Der junge Mann (Deluxe)","Deutsch","Playlist","FRX202390791","3q1E1XHEMbqn4Au84KK2hb"
"keiner fickt mich","Haller","keiner fickt mich","Deutsch","Playlist","FRX452505109","6cQVwThlvsdCHht39qnMiD"
"Zucker","Haller","Phase","Deutsch","Playlist","FRX762550963","3cDy2zJ2168HQoqN5zz50x"
"Fremde Lippen","ok.danke.tschüss","Knutschen & Boxen","Deutsch","Playlist","DEZC62577917","3EUNDTki73dfRsqfNGa6sP"
"Himmel für Atheisten","ok.danke.tschüss","Knutschen & Boxen","Deutsch","Playlist","DEZC62577915","5SHx1JvChnZDVFUdwZTuZh"
"Je t'aime","ok.danke.tschüss","Knutschen & Boxen","Deutsch","Playlist","DEZC62577916","5WnMYL7jm4qvNun1QvotBF"
"So weit so weird","ok.danke.tschüss","Knutschen & Boxen","Deutsch","Playlist","DEZC62577918","15dWGTbRgDDxP5fXLiImCo"
"Wdw","ok.danke.tschüss","Knutschen & Boxen","Deutsch","Playlist","DEZC62577919","5mw6PprbxiRqe7U6i6LRjV"
"Meine Couch","ok.danke.tschüss","Knutschen & Boxen","Deutsch","Playlist","DEZC62577921","0BGRsgEOSuh2USZhgIisK3"
"Berlin Berlin Berlin","Faber","7'' Bootleg Serie no.01","Deutsch","Playlist","DEUM72502837","6fmKtPbdVZUhumnzjQVdrx"
"Die Gleiche","Emma Rose","Roundhouse Kick","Deutsch","Playlist","DEE862401915","3GqlVpqG3rVPNXcKbbJuKf"
"Baby","Emma Rose","Baby","Deutsch","Playlist","DEE862501265","2K8LotZ71D5sK93rEYYMyF"
"Lass es kreisen","AnnenMayKantereit","Es ist Abend und wir sitzen bei mir","Deutsch","Playlist","DE1CR2200007","6Pn5YAIhhT85vxBD3YoIzG"
"3 Tage am Meer","AnnenMayKantereit","Es ist Abend und wir sitzen bei mir","Deutsch","Playlist","DE1CR2200006","5NvwHfP4oKSMDzJrpfTIdo"
"Du tust mir nie mehr weh","AnnenMayKantereit","Es ist Abend und wir sitzen bei mir","Deutsch","Playlist","DE1CR2200017","2XleePXiZOxwVUizlGdy9D"
"Orangenlied","AnnenMayKantereit","Es ist Abend und wir sitzen bei mir","Deutsch","Playlist","DE1CR2200018","2zbp7rYyZkpRkHaXuCHqrk"
"Wohin du gehst","AnnenMayKantereit","Alles nix konkretes","Deutsch","Playlist","DEUM71504284","40PO9gfu9bHdnsQqEKrcjg"
"Mir wär' lieber, du weinst","AnnenMayKantereit","Alles nix konkretes","Deutsch","Playlist","DEUM71504285","7ut4WJIDMSfA1jSFx8eb4i"
"Bitte bleib","AnnenMayKantereit","Alles nix konkretes","Deutsch","Playlist","DEUM71504286","2xoIWF0kBUAkxwqtNV284R"
"Augen schwer","frytz","unter meiner Haut, Pt. 1 & Pt. 2","Deutsch","Playlist","DEXO52326295","7Es5XYCmKaZSEqbhUwQM4O"
"Fliegengewicht","frytz","Backup '25","Deutsch","Playlist","DEXN82573509","0UR8A2AiE056bRTWOsel22"
"sommernacht","Kasi","sommernacht <3","Deutsch","Playlist","DEE862300886","3DVzkUswIOPp9NqGP3LmdC"
"Sand Im Schuh","JOPPE","blaues blut","Deutsch","Playlist","TCAGI2220123","4OmgmOCfw5kRmDrqj8vpd2"
"trust","JEREMIAS","trust","Deutsch","Playlist","DEUM72411950","4SndEIto30sJF6BHSKWSJS"
"pillen","JEREMIAS","trust","Deutsch","Playlist","DEUM72411952","1gs7j0d12MC7gAHKISlxuk"
"luna","JEREMIAS","trust","Deutsch","Playlist","DEUM72411956","6PtHI6v10q0fMSidQ3unqj"
"Schlaf gut","Betterov","OLYMPIA (Ehrenrunde Deluxe)","Deutsch","Playlist","DEUM72308722","7F1tsrQG6qkTU0J33oJULz"
"von dir geträumt","Liebestrunken","von dir geträumt","Deutsch","Playlist","QZES92508419","7xHcOAeui7OO0JF2gZH5zN"
"1000 Nächte","Provinz","Pazifik","Deutsch","Playlist","DEA622403222","3SnJOzoiRBooZdEno7BHYd"
"Julia","JEREMIAS","Von Wind und Anonymität","Deutsch","Playlist","DEUM72300386","7r9NCIrR6ZRHX1jfjAASVv"
"Regen und Meer","frytz","unter meiner Haut, Pt. 1 & Pt. 2","Deutsch","Playlist","DEXO22447957","587zIFqmy3a1aeUtUmzR6o"
"Tanzen ja ok","frytz","Backup '25","Deutsch","Playlist","DEXN82511029","6gbkCJXofZupYMiLf1xScW"
"Hals über Kopf","frytz","Hals über Kopf","Deutsch","Playlist","DEXO42425826","0bJET87Db6DDCGEbvaChdg"
"Astronaut","Marlo Grosshardt","Mut","Deutsch","Playlist","QMDA62457480","294X2ZEWvP7CPsexJ7x6Wn"
"Oma","Marlo Grosshardt","Mut","Deutsch","Playlist","QMBZ92421326","0yLJ87t5QJAaYXilo0vi04"
"Rotkäppchen","Zartmann","Rotkäppchen","Deutsch","Playlist","DEUM72307512","6JpaJctTqTob98rfmvHj3S"
"Kino Kosmos","SIND","Kino Kosmos","Deutsch","Playlist","DEZC62255964","7xT1oQAZFbqODLoTih3KRo"
"Spring","Provinz","Zorn & Liebe","Deutsch","Playlist","DEA622200390","3jUU4A528IZGwYIiCFpVPw"
"17 für immer","Provinz","Zorn & Liebe","Deutsch","Playlist","DEA622200391","2lOg1hXi5S8POyFgUC8HSY"
"Shoutout","frytz","Backup '25","Deutsch","Playlist","DEXN92572960","4uaj1cSrmvtBXjh0NUsIOo"
"Tanzen ja ok","frytz","Tanzen ja ok","Deutsch","Playlist","DEXN82511029","29vyXvpLHXOoPpCdjetImk"
"Lala","Carlo5","Lala","Deutsch","Playlist","DEXN82558364","1JKg6fNYI2MvettB4UoV4q"
"Fliegengewicht","frytz","Fliegengewicht","Deutsch","Playlist","DEXN82573509","03ADpV2GfahBPHyFvD5hfB"
"24h","frytz","24h","Deutsch","Playlist","DEXN82573507","3HM9AnMuan4N9nWUsgxMjP"
"immer wenn du sagst","frytz","unter meiner Haut, Pt. 1 & Pt. 2","Deutsch","Playlist","DEXN92470455","5KErJdW8kUoRA39n8wjIlz"
"Panzer","frytz","Panzer","Deutsch","Playlist","DEUD92517068","6DWeyOG13fZJwTDZbCcKws"
"Sommer","JEREMIAS","Sommer","Deutsch","Playlist","DECE71900310","7blHW241nxMy339lX6B2x7"
"wozu","rosmarin","wozu","Deutsch","Playlist","QZMEM2333129","0IotItWNpsM4iuKqxPcJBo"
"PIROUETTEN","Berq","berq","Deutsch","Playlist","DECE72401842","3Vw4SxsPsVwG4xwK3Il0mP"
"Unique","JEREMIAS","Von Wind und Anonymität","Deutsch","Playlist","DEUM72207940","76NbcSdF8lF5Ujd065C0wf"
"sag mir was ich nicht weiß","JEREMIAS","trust","Deutsch","Playlist","DEUM72411695","6OIlJfOLUQWctYOOFSZB11"
"Egoist","JEREMIAS","Von Wind und Anonymität","Deutsch","Playlist","DEUM72305491","1SBsBiDUROntxMXINn8Cak"
"Wenn die Party vorbei ist","Provinz","Wir bauten uns Amerika","Deutsch","Playlist","DEA621901053","0nhdvA2ioxGIikzEj81rR9"
"Sommer Mit Dir","KAFFKIEZ","EKSTASE","Deutsch","Playlist","DEW242300091","5AuuIJDxMAIqb8WEEUXhJc"
"keine liebe","JEREMIAS","keine liebe","Deutsch","Playlist","DEUM72001515","0NwjdmYzsjX4FsDB8T0LiR"
"Alles Nur Gelogen","KAFFKIEZ","EKSTASE","Deutsch","Playlist","DEW242300008","2YXmo8Tu5FRO7uRBBYq5vi"
"stadt","maïa","wo ein herz bricht","Deutsch","Playlist","DGA0L2475534","3HmaK41lTLcTRnrwSicFDz"
"Langsam","NIEMALS","Lichtblick","Deutsch","Playlist","DEZC62415410","5G8tWhCYkFm4hHhaIdhX34"
"Stille","JEREMIAS","Von Wind und Anonymität","Deutsch","Playlist","DEUM72305499","3sau7JOh37m3SNXeQyHY1U"
"Lieferandomann","Von Wegen Lisbeth","sweetlilly93@hotmail.com","Deutsch","Playlist","DEE861900939","5xmiBjGBbQyAtTvgH0fByG"
"Alexa gib mir mein Geld zurück!","Von Wegen Lisbeth","sweetlilly93@hotmail.com","Deutsch","Playlist","DEE861900954","56VwY79h8kyYfSEHyCecFd"
"Sweet Lilly","Von Wegen Lisbeth","sweetlilly93@hotmail.com","Deutsch","Playlist","DEE861900958","02LceEbP4iJLQNkDSyrW6a"
"Am wenigsten zu sagen","Von Wegen Lisbeth","sweetlilly93@hotmail.com","Deutsch","Playlist","DEE861900961","1ykrnK2a98ycL7qNbcdtcY"
"Irgendwas über Delfine","Von Wegen Lisbeth","sweetlilly93@hotmail.com","Deutsch","Playlist","DEE861900964","4EbnG4nFzcUf2kR7S42w4W"
"Bärwaldpark","Von Wegen Lisbeth","Grande","Deutsch","Playlist","DEE861600217","1p7RBGtYyGHKT4PHvHMO58"
"Sag mir wie du heisst - Pt.1","Faber","I fucking love my life","Deutsch","Playlist","DEUM71903076","2nIaxZvSPPoU0DUFgFRX98"
"Augen I","Von Wegen Lisbeth","EZ Aquarii","Deutsch","Playlist","DEE862200794","63L3bmFJ9tLLfLYyGg3R8q"
"arsch der welt","anaïs","dior sauvage","Deutsch","Playlist","DECE72502167","6EleyrN8CUQpxwZw2Rqp3m"
"einfach","JEREMIAS","golden hour","Deutsch","Playlist","DEUM72006996","1byTAZgpNLFDtdLNFMqp9u"
"97","JEREMIAS","Von Wind und Anonymität","Deutsch","Playlist","DEUM72305493","40IV5EvSeMJbyzNu0bHdQn"
"Alles","JEREMIAS","Alles","Deutsch","Playlist","DECE71900266","1zzMUsel2gHWansOAGKOJp"
"Alles","JEREMIAS","Du musst an den Frühling glauben","Deutsch","Playlist","DECE71900266","5tpRcFND4u2P498JaZIuLW"
"Diffus","JEREMIAS","Du musst an den Frühling glauben","Deutsch","Playlist","DECE71900523","2XIwSHToFOVUHAhpWZH04M"
"Sommer","JEREMIAS","Du musst an den Frühling glauben","Deutsch","Playlist","DECE71900310","24PyiQng93CZLi9I5541z9"
"sorry","JEREMIAS","golden hour","Deutsch","Playlist","DEUM72006991","0eGbpPRObQnMhTpPAImyml"
"leicht","JEREMIAS","leicht","Deutsch","Playlist","DECE72503790","11reqIzoHjabDRgj1oMXTB"
"ein vogel","JEREMIAS","trust","Deutsch","Playlist","DEUM72411954","00xPZtnl4R6jplZZ3HHnFm"
"vorbei","JEREMIAS","trust","Deutsch","Playlist","DEUM72411958","0p6xrqaQPpdroMgwiFyMRy"
"Gegenteil von Glück","Paula Hartmann","Gegenteil von Glück","Deutsch","Playlist","DECE72503806","6hHrfh59hQJyfxGjGtMQ0h"
"Weißhausstraße","AnnenMayKantereit","Es ist Abend und wir sitzen bei mir","Deutsch","Playlist","DE1CR2200014","5uFeCwnYemk7hu708Y4BZc"
"Verliebt sein","AnnenMayKantereit","Es ist Abend und wir sitzen bei mir","Deutsch","Playlist","DE1CR2200011","5eoxxdN8CFARzyE9HDQYnv"
"Kein Stern","AnnenMayKantereit","Es ist Abend und wir sitzen bei mir","Deutsch","Playlist","DE1CR2200015","5uThZYFjMh05yObrC1jgob"
"Marlboro Mann","Kraftklub","All die schönen Worte feat. Faber","Deutsch","Playlist","DECE72502762","5XoBieAVG2LtUKfFfqjQ8I"
"Unsterblich sein (†) feat. Domiziana","Kraftklub","All die schönen Worte feat. Faber","Deutsch","Playlist","DECE72502770","1wwk3fRSDZ61bCV3di5ME0"
"das beste","TJARK","das beste","Deutsch","Playlist","DE1FH2200359","7GfG8fMOxpeWuH3SyPFhUH"
"einsamkeit zu zweit","Rosenrausch","einsamkeit zu zweit","Deutsch","Playlist","TCAIR2439120","2tkyx2fqaagXTw6sVRwvBC"
"Verrückt","JEREMIAS","Von Wind und Anonymität","Deutsch","Playlist","DEUM72305490","6WURqnYbizJNvA1eFxDBy3"
"Einsame Insel","Ritter Lean","Einsame Insel","Deutsch","Playlist","DE1FB2200042","2I1VWBdyYPjkzldPoLUP76"
"All die schönen Worte feat. Faber","Kraftklub","Sterben in Karl-Marx-Stadt","Deutsch","Playlist","DECE72502763","3YqUyQWHCjQ4JSoiJsoBpe"
"Kippenautomat","Kraftklub","Sterben in Karl-Marx-Stadt","Deutsch","Playlist","DECE72502768","2BZ8hZDDjpvxa8d1ZESzil"
"Therapie","ok.danke.tschüss","Knutschen & Boxen","Deutsch","Playlist","DEZC62577914","22ZSPg5tzEkYRUEJiSWjHi"
"Clown zum Freak","JEREMIAS","Von Wind und Anonymität","Deutsch","Playlist","DEUM72305489","2Xam1sL5Mkib0UPCHX75KM"
"Verschwendung","Provinz","Zorn & Liebe","Deutsch","Playlist","DEA622200398","2zAMeiLt6YSKw38fFOOf3h"
"paris","JEREMIAS","golden hour","Deutsch","Playlist","DEUM72006994","5Lssg4sAhKIEpsLQRhl1Fs"
"Ölgemälde","herbst","wieder verliebt","Deutsch","Playlist","DGA0Q2442708","64GEIL7qlaWf2slgoP91XT"
"So lang gewartet","herbst","wieder verliebt","Deutsch","Playlist","FRX762582269","2KYjBisHqkeqRaHYJgYkYi"
"Angst","Kraftklub","KARGO","Deutsch","Playlist","DECE72200901","2jKO1Dv0b6iQpvhGk1HI4Q"
"Venus","Kraftklub","Keine Nacht für Niemand","Deutsch","Playlist","DEUM71702387","2r7KetCLsRUffYP101tMQq"
"G€LD","Yunus","G€LD","Deutsch","Playlist","DEEK22500222","6ZuBdYeF4hDOv81YbtH14J"
"Körper aus Lehm","herbst","wieder verliebt","Deutsch","Playlist","FRX872574178","668PCJY7yOnSOQ2bodxkkC"
"All die schönen Worte feat. Faber","Kraftklub","All die schönen Worte feat. Faber","Deutsch","Playlist","DECE72502763","6d7QE9925lkSV8IxaNC55s"
"Savoy","SIND","Kino Kosmos","Deutsch","Playlist","DEZC62255967","1mHPR0jqPr48xwfDXGGv6I"
"schon okay","JEREMIAS","schon okay","Deutsch","Playlist","DEUM72000052","6H9Ubeuvqe1unaFhBAfkz5"
"Wann trennt ihr euch","Jassin","Wann trennt ihr euch","Deutsch","Playlist","DEE862501950","4SIWTBspOcTt71kRYA87td"
"Milano","ok.danke.tschüss","Knutschen & Boxen","Deutsch","Playlist","DEZC62577913","4oflCTFHTdImVQ77v48hPr"
"E-Scooter","ok.danke.tschüss","Knutschen & Boxen","Deutsch","Playlist","DEZC62577912","2J9fyIxEIzl9WsuXUtfVzl"
"dior sauvage","anaïs","dior sauvage","Deutsch","Playlist","DECE72502521","3a2r3BiCyrIJrjQ48GYXvH"
"cabrio","frytz","unter meiner Haut, Pt. 1 & Pt. 2","Deutsch","Playlist","DEUD92360356","1LvPgJNlSot2QwgCL0kJfk"
"fallen","JEREMIAS","trust","Deutsch","Playlist","DEUM72408169","1XDjFQUt1PKjQWY36RLQ31"
"ein mensch","JEREMIAS","trust","Deutsch","Playlist","DEUM72411955","3zbXjwihqOba5VH0lIhbXS"
"Nur Nachts","Siggi","Wenn ich liebe","Deutsch","Playlist","GBLAZ2402191","3tuTkJ0GjSVrLwYIZJBGJT"
"Sara","Provinz","Zorn & Liebe","Deutsch","Playlist","DEA622200397","5bvYRm3ycI3Q1O8DKhLFzD"
"Interesse","frytz","unter meiner Haut, Pt. 1 & Pt. 2","Deutsch","Playlist","DEXO12495976","5W6r9nGelX5MjpHOyZEnyO"
"Geschichte schreiben","Marlo Grosshardt","Geschichte schreiben","Deutsch","Playlist","QM4TW2587496","7bOEI9RdEHplCo7K4hsruk"
"bei mir","TOBIAS","zwischendrin EP","Deutsch","Playlist","DEA622503229","0rozXqJUJVhHrcamW1ePEr"
"Länger bleiben","AnnenMayKantereit","Alles nix konkretes","Deutsch","Playlist","DEUM71504290","0TT9D8PKyhf1eQFFIWrFAN"
"Als ich ein Kind war","AnnenMayKantereit","Es ist Abend und wir sitzen bei mir","Deutsch","Playlist","DE1CR2200016","57w8ngBt0dIqRDiIHY5j46"
"Es ist Abend","AnnenMayKantereit","Es ist Abend und wir sitzen bei mir","Deutsch","Playlist","DE1CR2200008","4sVMKZnUvPSa5FRmOGEHMf"
"Männergrippe","Emma Rose","Männergrippe","Deutsch","Playlist","DEE862501515","6UZmCixV2nEzLIdFKfkWlt"
"Irgendwann glücklich","Haller","Schön genug","Deutsch","Playlist","DELJ81814620","5WTtG4rKIxX8KJEYtEdQTx"
"Zu wenig","Liebestrunken","Zu wenig","Deutsch","Playlist","DE1QW2501069","2qvEWNb4OVoBovE5hWIIWn"
"lass dich","JEREMIAS","alma","Deutsch","Playlist","DEUM72001516","4yLT9jWwxlbTyOUd3Ku75E"
"wie wir uns verlieren","fiora","Seit wir erwachsen sind","Deutsch","Playlist","QMDA62505914","40qZtoYfgIKV94TDLKnWsw"
"Kippe","Carla Ahad","Kippe","Deutsch","Playlist","QZTAW2273202","7EEkf0j8wet1TBSclluGGH"
"Diese Nacht","Provinz","Zorn & Liebe","Deutsch","Playlist","DEA622200389","6CWr033ZS8JwfKfhuMavWp"
"Ein letztes Mal","Kraftklub","Sterben in Karl-Marx-Stadt","Deutsch","Playlist","DECE72502769","2BRHqVzKQtINo65hs5C7VF"
"Ein letztes Liebeslied","Marlo Grosshardt","Ein letztes Liebeslied","Deutsch","Playlist","QM7282366761","5QqW9HYSyXPi66MCMTxGVC"
"wir haben's überlebt","Zartmann","wir haben's überlebt","Deutsch","Playlist","DE1FB2400447","4N2xigWIV1NWcMe6HRdalt"
"Tanktop in weiß","herbst","wieder verliebt","Deutsch","Playlist","FRX202524507","4ZyXF1bzatyfEJ9dSgIn8h"
"tau mich auf","Zartmann","schönhauser EP","Deutsch","Playlist","DE1FB2400558","1prNhzt3DdgRoxKoALTEYo"
"Hurra die Welt geht unter","K.I.Z","Hurra die Welt geht unter","Deutsch","Playlist","DEUM71500721","3NIDOSThELMihLSOMZcL4k"
"Veuve","Paula Hartmann","Nie verliebt","Deutsch","Playlist","DEKF22101114","6Rf0Rg1UgoBj0zoGyoAcSW"
"Side B*tch","Lara Hulo","Für Lara","Deutsch","Playlist","DEA622303538","1IlD9Pgw9s77UrUBfteqWM"
"Amicelli","Pavelo & Schnell","Volumen & Kraft","Deutsch","Playlist","QMFME2266816","3yuHT1CFZyIqSlkk6ZHOjf"
"Alles bisschen viel grade","JUDI&COCHO","Alles bisschen viel grade","Deutsch","Playlist","DE1QW2505036","5zA0pTPsMhgaFDzKeZv5VD"
"Da für dich","JEREMIAS","Von Wind und Anonymität","Deutsch","Playlist","DEUM72305492","3NkJtlg9t7NhkyUMDetOHg"
"Tote Tauben","Chapo102","Tote Tauben","Deutsch","Playlist","DE1N12500058","7BOJBPrU9jqnnSp0BWKZjd"
"Von hier an blind","Wir sind Helden","Von hier an blind","Deutsch","Playlist","DEG120500057","6XYydpbZMrgQbZdv5J31oU"
"ich mags","JEREMIAS","golden hour","Deutsch","Playlist","DEUM72006993","5v41kP2xGYclmWX6bMhKzj"
"juli","anaïs","juli","Deutsch","Playlist","DECE72504030","0rbvydYLBS92meYf6S0b7D"
"es ist spät","frytz","unter meiner Haut, Pt. 1 & Pt. 2","Deutsch","Playlist","DEXN92371555","2ujvPKZTIcIeBhmWkri9bP"
"mir gefällt","frytz","unter meiner Haut, Pt. 1 & Pt. 2","Deutsch","Playlist","DEXN92348087","1kk3jen27YGQqdhtNT9jAW"
"Reserviert","JUDI&COCHO","eigentlich ganz normal","Deutsch","Playlist","DEPT22300022","7CJcV1IXGjvCXZ07CoOV50"
"In der Stille liegt der Fluch","herbst","wieder verliebt","Deutsch","Playlist","FR59R2503019","72oulAn5Z8QpcsSs9cbl01"
"mit mir","JEREMIAS","mit mir","Deutsch","Playlist","DEUM72001255","1d9cvySdTvb9adMmpVesxz"
"Mambo - #40Bochum","JEREMIAS","Mambo (#40Bochum)","Deutsch","Playlist","GBLAZ2402131","6xpuniuA3p9cNic7fnMGTp"
"Berlin Boujee (Mama hat gesagt)","Ritter Lean","Berlin Boujee (Mama hat gesagt)","Deutsch","Playlist","DE1FB2300002","2L2JX7lRiI6SFOojY83xUx"
"Schicki Micki","Udo West","Schicki Micki","Deutsch","Playlist","DEZC62403166","6lQhAGybRODGIXqyb9SDNl"
"Wenn ich liebe","Siggi","Mac Miller","Deutsch","Playlist","GBLAZ2502384","3H5BfyY0AcgvMbI4O8pHRz"
"Tommi","AnnenMayKantereit","Es ist Abend und wir sitzen bei mir","Deutsch","Playlist","DE1CR2200019","4aFIMli7GhMfRXdR17UjlA"
"Segel","bac","Halbzeit","Deutsch","Playlist","CHG542500050","3g87HCtPJ4tQ7Vam4cxWvT"
"Evolution","Von Wegen Lisbeth","Strandbad Eldena","Deutsch","Playlist","DEKF22501261","3ghEZvcOWZbyzEIMrWJzri"
"In meinem Bett","AnnenMayKantereit","Schlagschatten","Deutsch","Playlist","DEUM71806283","3Bd3uTdAS4MBdRsNup3Mf9"
"Hast Du Noch Zeit","KAFFKIEZ","Hast Du Noch Zeit (feat. isizoe)","Deutsch","Playlist","DEW242500092","7D0zHLyAkDycBzKCkjsBig"
"Erdbeerkuchen","AnnenMayKantereit","Es ist Abend und wir sitzen bei mir","Deutsch","Playlist","DE1CR2200012","5DC2vDvSnoTlzc5SZT61P2"
"Marie","AnnenMayKantereit","Schlagschatten","Deutsch","Playlist","DEUM71806281","0YIPrzShvIvlcsZkEnZ4FL"
"Hinter klugen Sätzen","AnnenMayKantereit","Schlagschatten","Deutsch","Playlist","DEUM71806287","2lJgmiFuiJAUsuIExIzvmz"
"Sieben Jahre","AnnenMayKantereit","Schlagschatten","Deutsch","Playlist","DEUM71806288","7BMwxhGSz3KFikWxcg4Ak5"
"Jenny Jenny","AnnenMayKantereit","Schlagschatten","Deutsch","Playlist","DEUM71806289","0gXHJarUwEMQjpFeS4QMMO"
"Alle Fragen","AnnenMayKantereit","Schlagschatten","Deutsch","Playlist","DEUM71806290","1e3wKpsmH8fcdLaDNn7OGu"
"Schon krass","AnnenMayKantereit","Schlagschatten","Deutsch","Playlist","DEUM71806292","3Pr1eIz0zysvqWL4VFZwSu"
"Schlagschatten","AnnenMayKantereit","Schlagschatten","Deutsch","Playlist","DEUM71806411","1Fj80aQLSpbKhNkA2MDLPG"
"Wolken","Bukahara","Canaries in a Coal Mine","Deutsch","Playlist","QMEU32001074","2iYq7QAXjVKjui0UDHlZf2"
"Generation YouPorn","Faber","I fucking love my life","Deutsch","Playlist","DEUM71903081","0JWWONWErvsmlAQUgAhEjO"
"Blaue Augen","JEREMIAS","Blaue Augen","Deutsch","Playlist","DEUM72118986","045Qp5DqFXTqUuMMBR81iS"
"Hier","JEREMIAS","Von Wind und Anonymität","Deutsch","Playlist","DEUM72305494","0xWzJEY53d3HZDGsWVgbYC"
"Goldmund","JEREMIAS","Von Wind und Anonymität","Deutsch","Playlist","DEUM72305496","5cGHrM4cc540PHUrOCJ4If"
"dassduweisst","Ritter Lean","Mixtape","Deutsch","Playlist","DE1FB2500306","0NbwuLt6vzVHMXuKvDLYo9"
"Aufgeregt","AnnenMayKantereit","12","Deutsch","Playlist","DECE72003484","6dK8Giqc65HHkhG2vnI7Cb"
"Gegenwartsbewältigung","AnnenMayKantereit","12","Deutsch","Playlist","DECE72003477","3pFFs3khqvN9axmyFl8coO"
"Zukunft","AnnenMayKantereit","12","Deutsch","Playlist","DECE72003478","2yI3NNFLbKskIBpGuiANjV"
"Vergangenheit","AnnenMayKantereit","12","Deutsch","Playlist","DECE72003479","4IrQGARu10Lwdke1L39Ry4"
"Ganz egal","AnnenMayKantereit","12","Deutsch","Playlist","DECE72003483","1pvQ15QUgaa4oweGZGy1H6"
"So laut so leer","AnnenMayKantereit","12","Deutsch","Playlist","DECE72003486","1Yb98rvTzh3BW1eifN6bCl"
"Das Gefühl","AnnenMayKantereit","12","Deutsch","Playlist","DECE72003487","6UdNDWZtkdAvaAZ9TRzkUF"
"Kein Gott, kein Staat, nur Du (feat. Mia Morgan)","Kraftklub","KARGO","Deutsch","Playlist","DECE72200900","6qstfepUkIEoR9DZVKC3Ds"
"Wittenberg ist nicht Paris","Kraftklub","KARGO","Deutsch","Playlist","DECE72200897","15xRIH1QHoMyARGyOtXPFv"
"So wies war","AnnenMayKantereit","12","Deutsch","Playlist","DECE72003475","6xbWxJdawXShqu0bp7ZDvN"
"Irgendeine Nummer","Kraftklub","In Schwarz (Deluxe)","Deutsch","Playlist","DEUM71402728","6m1H18rTtKtmsun2x7VZu9"
"wünsch dir was","anaïs","wünsch dir was ep","Deutsch","Playlist","DECE72504461","0W4nEJalxEUvAfGIfIpduM"
"Regen und Meer","Juli","Es ist Juli","Deutsch","Playlist","DEN120405739","6fIGXxeU3C230sAm07WJxY"
"Warum","Juli","Es ist Juli","Deutsch","Playlist","DEN120405744","726MUob4MFWryuyBPm4tgY"
"Atmen","ALLESS.","Atmen","Deutsch","Playlist","DEUM72511495","4dvvUH98XgjXSMuJYqQnDU"
"Wer wir sind","ALLESS.","Atmen","Deutsch","Playlist","DEUM72508827","5re0eFs3IE5i18XhGYmV82"
"Déjà-vu","ALLESS.","Atmen","Deutsch","Playlist","DEUM72510844","0l5a1upxWMRodh22Ga4bUS"
"Torna da me","Udo West","Azzurro autunno 2008","Deutsch","Playlist","DEZC62586367","7yOASDnVV2z0yTbauXhtwJ"
"36Grad","2raumwohnung","36Grad","Deutsch","Playlist","DEC610600203","0FHOsVoIME9NILYoxtZMxN"
"Du erinnerst mich an Liebe","Ich + Ich","Ich + Ich","Deutsch","Playlist","DEN120500268","3UrSJBxVIHeLgqqTKCtram"
"König der Nachbarschaft","ENNIO","Nirvana","Deutsch","Playlist","DEVN52000104","5NN5yCExaaQdYLWXWQ9d65"
"fremdknutschen","anaïs","wünsch dir was ep","Deutsch","Playlist","DECE72504462","74jHaJ6g2IVxQtwchMLVxN"
"GWHF","Apache 207","21 Gramm","Deutsch","Playlist","DEKF22500729","4iHNppjYAYJ5cJzFSnM4za"
"7er","Apache 207","21 Gramm","Deutsch","Playlist","DEKF22500734","4z19vywjpPdfmcX6Ks5j3b"
"Wieder alleine","Apache 207","21 Gramm","Deutsch","Playlist","DEKF22500738","66yIvZgthC79Tkeedb0ZAQ"
"Willst du","Alligatoah","Triebwerke","Deutsch","Playlist","DEQ121319219","3FcqFCeCD6QRtRo6WGLCnC"
"Vermissen (feat. Henning May)","Juju","Vermissen (feat. Henning May)","Deutsch","Playlist","DEVX51900045","1SSzM044DUbVpYNNHWIhYJ"
"Lärm","Haus F","Lärm","Deutsch","Playlist","DEE862600006","1DT9aoFj8NaU030v0ulEqf"
"Räuber","SOFFIE","Räuber","Deutsch","Playlist","FRX872500305","7FlD4gnVO1DVl4QDwjwW71"
"Kreise","George JR","Kreise","Deutsch","Playlist","FRX762501272","6KfWdQ15gSsuNKNmTxhXRa"
"Allein unter Möbeln","Hotel Rimini","Allein unter Möbeln","Deutsch","Playlist","DELL32300016","0aOaT4c9JZZn6cee0yk39y"
"BYE X3 (MIT JEREMIAS)","Ski Aggu","Wilmersdorfs Kind","Deutsch","Playlist","DE1FB2400135","1tN4HzhwC7StM4H75KFp9E"
"Zwanzigsechzehn","Carla Ahad","Zwanzigsechzehn","Deutsch","Playlist","QZHN52638829","0EV8VS7YLmOZSScL5X3WtZ"
"SEX UND LIEBE","Paula Carolina","SEX UND LIEBE","Deutsch","Playlist","US6R22515203","5odLD1t5L2VF5UgYOypjFY"
"7 Tage","Tigermilch","Gelaber","Deutsch","Playlist","QMEU32200226","4V0YVrs4kYzJgjKyWYfwvC"
"weisser wein","CEDDO","weisser wein","Deutsch","Playlist","DEWH72400386","4Pqxzu65z03QeM0sVAsa4G"
"kommst du mich trösten","freddy","juli","Deutsch","Playlist","QT5M32512788","6XfkZ7ncvPUuk80kpPmaEH"
"Drei Uhr Nachts","Mark Forster","MUSKETIERE","Deutsch","Playlist","DEQ322100065","6NMA5MsBDOqwQuVT3IbwNj"
"Wenn alle Stricke reissen","Edwin Rosen","Wenn alle Stricke reissen","Deutsch","Playlist","DECE72600515","3m5ElnNugava0TChDfx34x"
"Tut mir nicht leid","herbst","Tut mir nicht leid","Deutsch","Playlist","SGW502657286","09xobCb1XP0zy52Gwifir9"
"Immerhin","Fritz Speck","Immerhin","Deutsch","Playlist","DETO32500245","1E7rIHofhZCbp8p2UyHcyf"
"ich geh heut nicht unter leute","Mika Noé","ich geh heut nicht unter leute","Deutsch","Playlist","DEE862600055","77AsCJLBa94GKDvCFOoZ00"
"Zeug","ok.danke.tschüss","Zeug","Deutsch","Playlist","DEZC62659654","3ECyrtEB5DJHQjOmn7G6XX"
"1996","RAR","1996","Deutsch","Playlist","DEXN82590036","1FQ20CihLeBuPUlpJiQXgQ"
"ein Stück meiner Angst","frytz","unter meiner Haut, Pt. 1 & Pt. 2","Deutsch","Playlist","DEXO32408170","36S9Ac981FdvaZpTMTJ0SA"
"Gute Laune","RAR","Maschinenmensch EP","Deutsch","Playlist","DEZC62363511","2U7pU29GBhIGMzifxGcOvV"
"Die schönste Misere","RAR","Die schönste Misere","Deutsch","Playlist","DEZC62291123","4C7Ws7OAAfZq5dYZZ2W9aa"
"Seit wir erwachsen sind - live at home","Ami Warning","Seit wir erwachsen sind (live at home)","Deutsch","Playlist","DE1QW2600174","3Yn6D5QeGBQncktPZ0BDGP"
"Fliegen - live at home","Ami Warning","Seit wir erwachsen sind (live at home)","Deutsch","Playlist","DE1QW2600173","1zzuAD41oi5pEdDKRPV37b"
"Mädchen","Haller","Kuss.","Deutsch","Playlist","NLS6R1842743","4DOgawUgUEjX8T4VYgAA8U"
"nichts & niemand","Carlo5","Ups & Downs (Teil 4.5)","Deutsch","Playlist","QT5M22632284","03URIZT4utpnEvSRxDDgJ5"
"Zuckerwatte","Tristan Brusch","Das Paradies","Deutsch","Playlist","DEA621800284","3xNy465FPVZIlvwHf0sMol"
"Was nicht mehr aus uns wird","Haller","Kuss.","Deutsch","Playlist","DEBL61800820","1rpCJ9Sc9aJNTJo4JBxz3c"
"Angst","Haller","Kuss.","Deutsch","Playlist","DEBL61800823","4wRXYIorv7j9wlnqXVkdyn"
"Tränen","Haller","Kuss.","Deutsch","Playlist","DEBL61800824","2jg2WOMkkdJOWK5NrWyKDe"
"Glasfaser Synapsen","RAR","Glasfaser Synapsen","Deutsch","Playlist","DEZC62331071","4x60Mywla4mNyFf2Gn7P6k"
"Seelenruhig","JAS","Seelenruhig","Deutsch","Playlist","DECE72600619","2wfJuxPSkgoBeghpPX7IsB"
"wie es war","OSWALD","wie es war","Deutsch","Playlist","DEA622502484","6GItLfbLMM8Weu099G46qx"
"kommst du mich trösten","freddy","kommst du mich trösten","Deutsch","Playlist","QT5M32512788","6Kc5IHSE54g8wIE1hXYTNe"
"nimmdichnichtsoernst","Aaron","nimmdichnichtsoernst - EP","Deutsch","Playlist","DE1FB2300012","3EDAmjgVJ9aaRYyuHuSSgQ"
"Die letzte Ballade","AnnenMayKantereit","12","Deutsch","Playlist","DECE72003488","6J6zVwNKFgrdf0SP4m56Wx"
"Nur wegen dir","AnnenMayKantereit","Schlagschatten","Deutsch","Playlist","DEUM71806282","19VrCmegsh8IqFfvpht5yw"
"HALTDEINMAUL","Haller","HALTDEINMAUL","Deutsch","Playlist","FR2X42649725","1H8rHfjnlDYiTNzGqV3oGp"
"Wenn Blätter fallen","JEREMIAS","Du musst an den Frühling glauben","Deutsch","Playlist","DECE71900525","01EarvP5TaP2tiNlbqOIoS"
"Wenn du mich fragst","Tigermilch","Gelaber","Deutsch","Playlist","DEZC62260345","6xTHLvh8a0UMj5qnfUugKS"
"Bisschen Beides","Luka Blau","Bisschen Beides","Deutsch","Playlist","SEYOK2406848","6rP8oqV7le2G8jXtYuBlOi"
"wieder weinen","jaschu","wieder weinen","Deutsch","Playlist","DEA622600269","5msCipPHEjnLJvJ7X2kEkW"
"gefühlskalt","jaschu","wieder weinen","Deutsch","Playlist","DEA622600270","12wfNMh4y6Z7MxhofYNIrl"
"Nichts als die Wahrheit","Audio88","Nichts als die Wahrheit","Deutsch","Playlist","DEZC62543468","1FcCD8wtkO32dwJD3dzRmE"
"istdasalles","lönneberger","istdasalles","Deutsch","Playlist","DECE72600835","4fsHnEIFRKi7TZ8ya2W4U6"
"wieviele Tage","fiora","wieviele Tage","Deutsch","Playlist","DECE72600954","3AfgaomsUEosFavo59d5Ki"
"loslassen","Aaron","loslassen","Deutsch","Playlist","DE1FB2400347","0aAijKkUjRaQmWhZ8DBS84"
"Auszeit","Ami Warning","Auszeit","Deutsch","Playlist","DEWR72400001","2OjemfBn7H3lYVkGV6S3XP"
"Maschinenmensch","RAR","Maschinenmensch EP","Deutsch","Playlist","DEZC62363510","68ApfTNCTJirZMApkctTTe"
"Vielleicht","jaschu","Vielleicht EP","Deutsch","Playlist","DEA622500916","6SdNtgmRMqLORL388GtIw4"
"Fallen in Liebe feat. Nina Chuba","Kraftklub","Sterben in Karl-Marx-Stadt","Deutsch","Playlist","DECE72502764","4bosIWGfQiW2ST5jWo6frS"
"müde","liska","ich komm schon klar","Deutsch","Playlist","DEQ322300296","3r5njtYA1YOdNhrueFAADN"
"Mandala","Liaze","ACHTERBAHN","Deutsch","Playlist","DELV42301468","5AWt5AhNDKYUUQh8JgqA1N"
"für immer kind bleiben","jaschu","für immer kind bleiben","Deutsch","Playlist","DEA622504201","7qAnJ6dSXymBTYEinAFvmt"
"4 Uhr","jaschu","4 Uhr","Deutsch","Playlist","DEA622403749","5AHSgn5YA32xPTM0Tlhxkv"
"Unbequem","jaschu","Vielleicht EP","Deutsch","Playlist","DEA622500917","4z5HVYYNapQZajh4jA0UyP"
"Nachtbus","jaschu","Nachtbus","Deutsch","Playlist","DEA622500499","7KGorm6PPaGm786knkyzrn"
"Es wäre okay","jaschu","Es wäre okay","Deutsch","Playlist","QZNWT2202488","2uVqkqQSqsOIqENtx1KhU2"
"Am Ende dieses Lieds","ENNIO","Am Ende dieses Lieds","Deutsch","Playlist","QM4TX2697856","0EhfipW0dxhg0bESywNyAp"
"Fast vergessen","Dominik Hartz","Fast vergessen","Deutsch","Playlist","DEUE22630007","0rnU64SEFpchNbDFlghgqu"
"Loser","Yu","Loser","Deutsch","Playlist","QM4TX2664335","32EldyIfS0pCgs78XQuDT7"
"Deine Mama hat dich wohl nie geliebt (TW)","Marisabelle","TRIGGER WARNING","Deutsch","Playlist","DGA0H2348987","0w99Hw1W8KvKCtjiGsDZmt"
"So weit weg wie es geht","Pablu","So weit weg wie es geht","Deutsch","Playlist","DEZC62336627","25IhvOQQe2P2oBNTIDOPyH"
"alles nicht so deep","Rosenrausch","Ich versteh die Welt nicht allein","Deutsch","Playlist","QT6622544473","0g1MDLwsgqC84BQ0YSd6QE"
"Nur Freunde","Provinz","Wir bauten uns Amerika","Deutsch","Playlist","DEA621901055","3FfoxHaMsxbGyq7NkSGQj9"
"Seifenblasen","2ersitz","Seifenblase","Deutsch","Playlist","DENL42000578","3P46QAWJnayXU9Z8U8ewCD"
"Wie Ein Echter Mann","OK KID","Wie Ein Echter Mann","Deutsch","Playlist","DEKF22600378","2BJjVCZBrXvmfiwBfUhrZV"
"Es regnet Hirn","OK KID","DREI","Deutsch","Playlist","DEQ022151884","5ug0aSRxgOoSxGxC7LB9bc"
"Rave On","OK KID","Rave On","Deutsch","Playlist","DEKF22600362","2U3q3hrMWOTRDqPTTqrfHw"
"Gute Menschen","OK KID","Zwei","Deutsch","Playlist","DEQ321500354","4zpZ0saTZ8f3GLiJPO7DG7"
"Hoffnung Stirbt 3","OK KID","Hoffnung Stirbt","Deutsch","Playlist","DEKF22600056","40en4jSJnH2dK5tb3PJhRh"
"Am Ende","OK KID","OK KID","Deutsch","Playlist","DEQ321200284","3Xxy7Mt3QsnjOESgVp2uDO"
"Kein Mensch","OK KID","DREI","Deutsch","Playlist","DEQ022151889","3XzeHQ4SgTD3YuDbSNeKR7"
"Der Zeit bist du egal","Kraftklub","KARGO","Deutsch","Playlist","DECE72200904","1z5LafD0rwz4fDFJgplW22"
"weniger - live","JEREMIAS","weniger (live)","Deutsch","Playlist","DEUM72201229","1IJGU3h4E9hZjXyl24PoBE"
"Du musst an den Frühling glauben","JEREMIAS","Du musst an den Frühling glauben","Deutsch","Playlist","DECE71900524","3HxPzPZJSTjPU2VYugEeCV"
"James Blake","Provinz","James Blake","Deutsch","Playlist","DEA622303475","6wjiWdFdfcyZNikqjqb9vu"
"hello sunshine","Katha Pauer","hello sunshine","Deutsch","Playlist","DE1AO2410266","0AbX5Xi6d6kGmdpZFovSrY"
"Führ mich ans Licht","Xavier Naidoo","Danke fürs Zuhören (Best Of)","Deutsch","Playlist","DES811200115","48sCBjdwaY4pv60nUfcMDU"
"20.000 Meilen","Xavier Naidoo","Nicht von dieser Welt","Deutsch","Playlist","DES810800166","3Tzl46Feq5EiTMU1MunbGo"
"Nichts mehr (mit ENNIO)","KITSCHKRIEG","Shotgun (mit Provinz)","Deutsch","Playlist","DEKF22600135","0ImPqxZWjyUg5xXs6lruMb"
"Warum - 2022","Rosa Beton","Demo 83","Deutsch","Playlist","QM6P42343782","62q7BwInfWHYgAcWy84ub7"
"Du liebst mich schon längst","Yu","Du liebst mich schon längst","Deutsch","Playlist","QM6N22623374","7HNOhwFIBEa9JKaMt4CpZ0"
"Realität","Marlo Grosshardt","Rasselbande / Realität","Deutsch","Playlist","QM6MZ2682129","3543N9SkkEF5irRKM0h87l"
"carcassonne","elimako","carcassonne","Deutsch","Playlist","DECE72400957","3BXOQ4VvoQ5T5CuqLYHLoh"
"Unter meinem Kissen","Katha Pauer","Unter meinem Kissen","Deutsch","Playlist","DE1AO2510522","0sgINGKcJpc31YEXh32430"
"Was du nicht siehst","Katha Pauer","Was du nicht siehst","Deutsch","Playlist","DEZC62666811","1xDt2hyZhp0ChDl4zynHku"
"Pretty Privilege","Jassin","Kinder können fies sein","Deutsch","Playlist","DEE862401658","18x6MwyAPopkBL25wjwTPs"
"Vienna","YUNG SAINT PAUL","Bundestrainer EP","Deutsch","Playlist","DEKF22401457","1Lf5ZA2ITqtoo0w6qAGfxj"
"art attack","YUNG SAINT PAUL","art attack","Deutsch","Playlist","DEKF22600835","5BlflGhvAxyr8dC8eoJ97Y"
"verdammte Vergangenheit","fiora","verdammte Vergangenheit","Deutsch","Playlist","DECE72601327","5CCtFOrfaFnYkqC4J0e3GW"
"wieviele Tage","fiora","verdammte Vergangenheit","Deutsch","Playlist","DECE72600954","0BwARZnNGHBdP8i1WaTWpf"
"Rennen","Apsilon","Rennen","Deutsch","Playlist","DECE72600274","6uMA4BZKZ4B6VSVZ7GsqiQ"
"Camilla","YUNG SAINT PAUL","Camilla","Deutsch","Playlist","DEKF22500612","4IgsV4j9x88UgXTiYSzMK5"
"Kinder können fies sein","Jassin","Kinder können fies sein","Deutsch","Playlist","DEE862401657","10UojyIuYmx1wX2SdD10I2"
"Duftkerzen","Jassin","Kinder können fies sein","Deutsch","Playlist","DEE862401424","3AMisMCfVYI1UAIXICs4eK"
"Serpentinen","FRISO","Serpentinen","Deutsch","Playlist","DEPI82305181","3vD832LKUskbgpZGr78EKK"
"Da wo ich bin","RAUM27","Keine Tränen","Deutsch","Playlist","DEND12462502","3eJZydhviHIz4eawXO9gNL"
"Neu verliebt","Pablu","Neu verliebt","Deutsch","Playlist","DEZC62505127","3yb9jwPk1G3lfXVZtgwcN5"
"Kontrolle Verloren","Lara Hulo","Für Lara","Deutsch","Playlist","DEA612400047","6DAzIb1BiE7HafGmmdeait"
"Zahl mir Deinen Schmerz heim","Paula Hartmann","Gegenteil von Glück","Deutsch","Playlist","DECE72504076","5n5qmGd0uFSTanCk3UWz5g"
"Heimweh","skuth","Heimweh","Deutsch","Playlist","DEUM72412495","1f82tx6dj9yIKkem5uP7VV"
"Bad Trip","Luka Blau","Bad Trip","Deutsch","Playlist","DEZC62595824","7zDZzeB7vFDXScRfczbOEn"
"wie du","Blond","Ich träum doch nur von Liebe","Deutsch","Playlist","DEXO52434252","5SEBN0W4tm1w8ZpMx19PU4"
"Ford Fiesta","Das Lumpenpack","Eine herbe Enttäuschung","Deutsch","Playlist","DEC161901695","6XZsiKUrCb5Uy7aaqZJaVy"
"Alles schwarz","Das Lumpenpack","Bevor der Mut dich verlässt","Deutsch","Playlist","DEC162500810","6jNorRJiwUlX5QzYmT12h2"
"Wieso","Magda","Wieso","Deutsch","Playlist","DEA622600662","5EVTMTPMNTyKQg55hVOhqF"
"Letzter Sommer","Rosenrausch","Letzter Sommer","Deutsch","Playlist","QT6632678336","3nWxZhsG3dgdQIkCh47lgR"
"Sanifair Millionär","Blond","Martini Sprite","Deutsch","Playlist","DERK41900134","4dD5WRRawkZbE8lh2UGSp3"
"Fahrtwind","Rosenrausch","Ich versteh die Welt nicht allein","Deutsch","Playlist","QT65Z2657240","4yFvHjgCdEceaQnVa2Bnwc"
"So schön (feat. Blond)","Kraftklub","KARGO","Deutsch","Playlist","DECE72200903","4OEbwMo5k9pZhEwIDbM950"
"Girl Boss feat. Alice Go (Dream Wife)","Blond","Ich träum doch nur von Liebe","Deutsch","Playlist","DEUE22536715","0bcB1Cj7C6Nj92Vt1Bbxe7"
"SB-Kassen Lover","Blond","Ich träum doch nur von Liebe","Deutsch","Playlist","DEXO52434251","1BZ77xVH3AennHUe0EHacB"
"Bare Minimum","Blond","Ich träum doch nur von Liebe","Deutsch","Playlist","DEXO52434250","0vwQFP8U0uW2XhZ5kMJaRS"
"16 Jahr, blondes Haar","Blond","Ich träum doch nur von Liebe","Deutsch","Playlist","DEXO52434257","1yYGxtSl8mSYKTFGJ3RqkP"
"Match","Blond","Martini Sprite","Deutsch","Playlist","DERK41900131","4GnMTpqR1LVDdE18XWZ2lR"
"Du und Ich","Blond","Perlen","Deutsch","Playlist","DERK42100055","1mIXsr8Kq3lEJt47UdQqfY"
"Hauch mich mal an","Das Lumpenpack","Eine herbe Enttäuschung","Deutsch","Playlist","DEC161901692","0BLmi9RfDyv9UMxVM0m2EN"
"Junkie","Yu","Junkie","Deutsch","Playlist","QM6P42677105","421pMbVNbXVDtSzNynVlop"
"Siegfried & Roy","error","Siegfried & Roy","Deutsch","Playlist","QM6P42628486","48JQZEdveC9jCUDhlGFk1x"
"spieglein","Caro Schaeffler","eine kleine nacht ep","Deutsch","Playlist","DEVU52612105","07NhhkTJgIFS0ZrC847dEb"
"Was dein Type?","herbst","Was dein Type?","Deutsch","Playlist","QT8BU2657627","2GLXGsU7YS9lAYD4Rdpgv6"
"ciao bb","anaïs","ciao bb","Deutsch","Playlist","DECE72602234","5gbcw4QBRYTa2k84kEFHiA"
"Alles geht vorbei","Dominik Hartz","Alles geht vorbei","Deutsch","Playlist","DEVU52613531","11dp8iVSOqdIk9q7PsZ49U"
"Schmetterlinge","NIEMALS","Schmetterlinge","Deutsch","Playlist","DEZC62343092","16rdODL2nfDpz4Zfu7R5b4"
"Das Krokodil","AnnenMayKantereit","Alles nix konkretes","Deutsch","Playlist","DEUM71504291","3QTs7LJgjsi6w3I0eoL31G"
"lila/grün","rosmarin","lila/grün","Deutsch","Playlist","DEQ322400029","4R7Ztk3IK5vKaLpNsffhlk"
"Rimini","ENNIO","rimini tape","Deutsch","Playlist","QM4TX2371266","2JNIWfyUG8AXC2staqyay5"
"Nichts mehr (mit ENNIO)","KITSCHKRIEG","Nichts mehr (mit ENNIO)","Deutsch","Playlist","DEKF22600135","38BySzRkktFSQp82WkzgrZ"
"Wand","Das Lumpenpack","Bevor der Mut dich verlässt","Deutsch","Playlist","DEC162500919","2k249MFYpCZozfCEKmTvmK"
"Boys","Das Lumpenpack","Bevor der Mut dich verlässt","Deutsch","Playlist","DEC162500701","0rNpQgCbTUmvsrjmMYJy6S"
"Kraft der Musik","Das Lumpenpack","Bevor der Mut dich verlässt","Deutsch","Playlist","DEC162500921","66iCBsnNLsMuSvLUDWuxjC"
"Mach mal Platz","Das Lumpenpack","Bevor der Mut dich verlässt","Deutsch","Playlist","DEC162500922","3zraAPc1PQsAVs72xlGx8w"
"Wind","Das Lumpenpack","Bevor der Mut dich verlässt","Deutsch","Playlist","DEC162500923","7AVggHj9wLRVSO2IDKa3Dc"
"Moje Sve","Hava","Moje Sve","Deutsch","Playlist","DEKF22100893","1LBWVVGfTCr8EYNSd92W81"
"Beautiful Girl","Luciano","Beautiful Girl","Deutsch","Playlist","DECE72201083","2XRn6Qu0Wd1KvOND8JbaTx"
"Bamba (feat. Aitch & BIA)","Luciano","Bamba (feat. Aitch & BIA)","Deutsch","Playlist","DECE72202389","7nFJSfGvvV0WjatTZN6QYi"
"West Connect (feat. Central Cee)","Luciano","West Connect (feat. Central Cee)","Deutsch","Playlist","DECE72202386","4OGb9JY7pPEElDGwulYOBB"
"Au Revoir","Milano","Sag mir","Deutsch","Playlist","DECE72203630","23ExvFSDM4Hte2ttH4Z1CW"
"Frau aus dem Libanon","Mudi","Hayat","Deutsch","Playlist","DEUM71600045","3Ca72x9BRjHI716aKQF8tw"
"Dušo","Hava","Dušo","Deutsch","Playlist","DEQ022391342","2SeAVXkFIKPadWuXfGLmU0"
"Normal","Hava","Normal","Deutsch","Playlist","DEQ022372182","3pyZgbg3uC8NlBQ3E81zlb"
"Pse","Dardan","Pse","Deutsch","Playlist","DEQ022383594","3r7sw5soVrbMM5jX6ScvYX"
"Sag mir nicht","Hava","Sag mir nicht","Deutsch","Playlist","DEQ022373123","371MFG2sPTPhC9b3LQXmiv"
"VERBOTENE LIEBE","Lune","MONDSCHEIN","Deutsch","Playlist","DEA622100651","4LydDOpeEA4ZcXLHW9VHw5"
"Ja sagen","Hava","Ja sagen","Deutsch","Playlist","DEQ022374427","2ehr9UaqyQOXJihoJ7lg3l"
"2011","Dardan","Emerald","Deutsch","Playlist","DEWZ12100011","44IkrAeQhRxZpuyshIeVEW"
"Ona Nije Ja :)","Hava","Kein Märchen","Deutsch","Playlist","DEQ022375077","31amrn8pcJgRbe357Z3LiC"
"Another Vibe (feat. Omah Lay)","Luciano","Seductive","Deutsch","Playlist","DECE72400058","1sNQMj0Dq0UHrryEQqP4OY"
"Pistoleta","Olexesh","Pistoleta","Deutsch","Playlist","DEVY22400014","7ciTcePUxWjBbaouXk7Bvf"
"Baile (feat. Amo, Haaland936 & Kauta)","Rap La Rue","Baile (feat. Amo, Haaland936 & Kauta)","Deutsch","Playlist","DEKF22400055","6p5snXqHBtG6rjO7bwiGZT"
"Egal","Rap La Rue","Egal","Deutsch","Playlist","DEKF22400050","6zF5LE8eK9Bf98UwLVe8Du"
"Substanzen (feat. Aymen, Jiyo & ilo 7araga)","Rap La Rue","Substanzen (feat. Aymen, Jiyo & ilo 7araga)","Deutsch","Playlist","DEKF22400079","1EypcNrXUoHSv6siw5FNPi"
"Champions League (feat. Haaland936, Aymen & Amo)","Rap La Rue","Champions League (feat. Haaland936, Aymen & Amo)","Deutsch","Playlist","DEKF22301414","7gQwzl8rXRpe0rTOTU5pyb"
"malade","Rap La Rue","malade","Deutsch","Playlist","DEKF22400384","7ltRwr9d32MnqHLsWMCXNM"
"Vorbei","Rasa","Vorbei","Deutsch","Playlist","QZK6K2489898","7xq0ZfsN1ZjYcmdE5FYjWk"
"Amo aller Amos","Amo","Amo aller Amos","Deutsch","Playlist","DEKF22400630","7eBo7oeGFWJ9GlL1Me6NuV"
"Take it","Jazeek","Take it","Deutsch","Playlist","DECE72302808","0ya0fBUHF1TKookyKM5ZVQ"
"Superstars","Jazeek","Superstars","Deutsch","Playlist","DECE72302049","3dgOu83QnvkooEa4Jz2Msr"
"Mary","Jazeek","1709","Deutsch","Playlist","DECE72201775","2FZMqWofNW3jH2MoHjFYH3"
"Diamond Ring","Jazeek","Diamond Ring","Deutsch","Playlist","DECE72300600","4AzR20u5TiZVR4932QbGTt"
"Blue Porsche (feat. Niska)","Luciano","Blue Porsche (feat. Niska)","Deutsch","Playlist","DECE72303912","3gOVMei7c4BD6oIfed24dc"
"Baile Funk im Blut","Jazeek","Baile Funk im Blut","Deutsch","Playlist","DECE72302487","75DdaV9r56VZiSpXh8fsUY"
"GHETTOGIRL","CAPO","GHETTOGIRL","Deutsch","Playlist","DEA622100271","3idbCPumlga23rxFA08fZE"
"Do you lie","Jazeek","Do you lie","Deutsch","Playlist","DECE72400766","6xLxMr7gbDdz7VWSx0IBt7"
"SOMMER 19","Nimo","NIMORIGINAL","Deutsch","Playlist","DEUM71906146","0jASP7JV6Jj6EvheoTJnQh"
"Coco Chanel","Jiyo","Coco Chanel","Deutsch","Playlist","DEKF22400749","33w8uhoFjr7Y9FkzHDf94f"
"Pa Mu","Dardan","Pa Mu","Deutsch","Playlist","DEA622401065","6aCAQmJMBHve3Tfelte1HR"
"cOcO MAmA","Dardan","cOcO MAmA","Deutsch","Playlist","DEWZ11900011","0oOPa0AlLnjCO6eci0HIdH"
"kAdaLe","Dardan","kAdaLe","Deutsch","Playlist","DEWZ11900021","18VRnJOBksZVjCwwvMazA3"
"gENAuSo","Dardan","SORRY...","Deutsch","Playlist","DEWZ11900030","5nmVf5dSgH4A25qsev28Mi"
"Malli","Dardan","Malli","Deutsch","Playlist","DEQ022391329","5obtXG3NaPZykEFPWRPTPo"
"D A YYY T O N A","Dardan","D A YYY T O N A","Deutsch","Playlist","DEWZ12000001","5Bj9rLRVpf5xxQwhlyOOeh"
"NaNa","Lune","NaNa","Deutsch","Playlist","DEKF22400408","6HB7JuxWRjLL3JXI9ECzhK"
"Komm in meine Arme","Lune","Komm in meine Arme","Deutsch","Playlist","DEKF22301159","2cJsBA3fbleMmnlveGVBlo"
"Nautilus","Shindy","Drama","Deutsch","Playlist","DEXH31800010","4qOTcNt9fUBA1PhA2VFg8W"
"Alors (feat. CAPO)","Kurdo","KRISTALL","Deutsch","Playlist","DEXG92100058","0zBOXwDbCEM0Wbx3rqVdQb"
"Panama","GReeeN","Glückskind","Deutsch","Playlist","DEZC62340830","3qcreqi8RaGqahtJSQDxNI"
"Baddies","Aitch","Baddies","Deutsch","Playlist","QM6MZ2489483","66Bup3CXgRRl8z91EDHUIf"
"VEMPA","FOURTY","VEMPA","Deutsch","Playlist","FRX202445570","3pPMgoouYtezLiBTEeL9be"
"Kinder deiner Sonne","Lune","MAILAN","Deutsch","Playlist","DEKF22400401","6PBxhhQfrrX9d1nrRyETWl"
"Bisou :*","Lune","MAILAN","Deutsch","Playlist","DEKF22400407","22KhP6WmIYtF5SKlnxgFoy"
"NuR Du :/","Lune","MAILAN","Deutsch","Playlist","DEKF22400242","57rRFuUDGCBjQWlxoKGhR0"
"Tränen aus Kajal","CÉLINE","Instinkt","Deutsch","Playlist","DEQ022006118","21ejNiqWaIe99otCtD9unS"
"So So Def (feat. Summer Cem & Nimo)","Celo & Abdi","So So Def (feat. Summer Cem & Nimo)","Deutsch","Playlist","DEVY22400019","5g6kQitL4OSo9tWkWDGkNT"
"Wie beim ersten Mal","Nimo","Wie beim ersten Mal","Deutsch","Playlist","DECE72400353","4jhQOtHfWQq6GYkhvsAkOq"
"J-Lo","AriBeatz","Press Play","Deutsch","Playlist","DEYA11900037","3FCPOqUmiJsepiiHCoBYJ5"
"KEIN SCHLAF","Nimo","NIMORIGINAL","Deutsch","Playlist","DEUM71906150","1B89LtaW92jj4AqT7OZ0Fj"
"Zoey","Nimo","Zoey","Deutsch","Playlist","DEUM71807241","0dGSOCj6hdV5Nr0V8FjONc"
"Nie wieder","Nimo","Habeebeee","Deutsch","Playlist","DEQ121537040","65F822tpD9sLd0tKnCe98B"
"Nur wegen dir","Nimo","Nur wegen dir","Deutsch","Playlist","DEVY22000001","0ui2kVwPZKHaZxGhdIzBrp"
"Lambo Diablo GT (feat. Nimo)","CAPO","Alles auf Rot","Deutsch","Playlist","DEA621700837","6HxFJbQahRd5rWQ752D710"
"Leyla","Nimo","Leyla","Deutsch","Playlist","DEUM71807246","08OFGhKf7mK1BGhzMtXaqo"
"Jede Nacht","Schubi AKpella","Jede Nacht","Deutsch","Playlist","DEVY22100207","3eGI9ETrSY2nU1hbsohC0H"
"Blue Lagoon","GRiNGO","Blue Lagoon","Deutsch","Playlist","DEKF21900132","1h5MrUHi364AESVNuP0rIk"
"Bitter","Nimo","Habeebeee","Deutsch","Playlist","DEQ121537047","60JRRxmUz5GOBHWKwjpivb"
"ZART","Nimo","ZART","Deutsch","Playlist","DECE72102406","1WUXlAFlKIu7fixKZvQECX"
"Hol' mir dein Cousin","Zuna","Richtung Paradies","Deutsch","Playlist","DELJ81624887","0EDnvBfwhkj4R4Ye5BbecQ"
"Sorry Ekho","Nimo","Sorry Ekho","Deutsch","Playlist","DEA622402306","219nTiAbQrIuGCUPr9kFV6"
"KARMA","Nimo","KARMA","Deutsch","Playlist","DEUM71906151","6oX9RuILbVIglevEhbg8iM"
"BAD EYEZ","Nimo","BAD EYEZ","Deutsch","Playlist","DECE72100566","5dDQDduj3EaWrPIZ9bc8tj"
"069","Haftbefehl","Unzensiert","Deutsch","Playlist","DEUM71503851","1B2s3CpX2PV0YN7DkLSQ4b"
"Roller","Apache 207","Platte","Deutsch","Playlist","DEQ321900164","6hw1Sy9wZ8UCxYGdpKrU6M"
"Starboy","Luciano","Starboy","Deutsch","Playlist","DECE72401331","0Rgdhptwk0A3Clbu5RpYI1"
"Familia (feat. Morad)","Luciano","Seductive","Deutsch","Playlist","DECE72303347","11sME7QBXXMvBmjNr6sPIv"
"Island Chick","MERO","Island Chick","Deutsch","Playlist","DECE72401780","7pOnWrb3yXx3PeXPj2Zged"
"Rapstar","Amo","Rapstar","Deutsch","Playlist","DEKF22401278","57gjUsErLOYxTOqyiK6CVm"
"PLAYBOYBUNNIES","Jazeek","PLAYBOYBUNNIES","Deutsch","Playlist","DECE72402089","77p59nG1oU5pzd20rPxBwC"
"Cataleya","Samra","Cataleya","Deutsch","Playlist","DEFZ71800051","42hrHYe1Dw92eiZwWQF0sr"
"Ya Habibi","Samra","Ya Habibi","Deutsch","Playlist","CH7812416342","315qV7Sx21xfDerY4SC5nF"
"Bend Over","Jazeek","1709","Deutsch","Playlist","DECE72203526","1II8feQIWsGGDKQmyelfk4"
"Facetime","Dardan","Hypnotize","Deutsch","Playlist","DEWZ11800039","0oZyouBDStcJEUbTmSfys2"
"Neymar","Capital Bra","Berlin lebt","Deutsch","Playlist","DEWS21700044","50mQStZYV5QFgyGK9GOVZg"
"500 PS","Bonez MC","Palmen aus Plastik 2","Deutsch","Playlist","DEUM71803991","4UOXo3xWnxYdTf3sFyRaUG"
"Ohne mein Team","Bonez MC","Palmen aus Plastik","Deutsch","Playlist","DETX91500281","05Mp2UJulSttxQ4E6hQPH3"
"Palmen aus Plastik","Bonez MC","Palmen aus Plastik","Deutsch","Playlist","DETX91500279","6wHRm1KR8pzVDPdmR6Qovj"
"Ballin","Luciano","L.O.C.O.","Deutsch","Playlist","DEUM71802819","4PwQl3zVNOg1NUZzTOux8S"
"Benzema","Capital Bra","CB6","Deutsch","Playlist","DEFZ71800081","0gyO8zq1Hw5GTQ33EXcc40"
"One Night Stand","Capital Bra","Berlin lebt","Deutsch","Playlist","DEWS21700051","4i2DmyVwf29lEdmLGNTyGM"
"Mercedes","Eno","Wellritzstrasse","Deutsch","Playlist","DETM41610372","3FHppoOv1gMexzC9XyMCFz"
"5 Songs in einer Nacht","Capital Bra","Berlin lebt","Deutsch","Playlist","DEWS21700045","7pMc3ABRFP5oj6U9FfWmZE"
"Toto (feat. RAF Camora)","Noizy","Toto (feat. RAF Camora)","Deutsch","Playlist","DEA621800966","1fyvQWmRbW81M0xXKI1Rrk"
"Safari","Maxwell","Safari","Deutsch","Playlist","DETX91500458","6hjck7ERXicpsW51UkdHCA"
"Tamam Tamam","Summer Cem","Endstufe (Deluxe Edition)","Deutsch","Playlist","DEA621800476","2eRq2jwsZtb0uGH4qUsvT1"
"Chinchilla (feat. KC Rebell & Capital Bra)","Summer Cem","Endstufe (Deluxe Edition)","Deutsch","Playlist","DEA621800477","3a5qsP4xawpweFRXgzG6VP"
"Primo","RAF Camora","Anthrazit","Deutsch","Playlist","DEQ121748887","7y5chiQbuvviOYUfUmOPqo"
"Santorini (feat. Veysel)","Summer Cem","Endstufe (Deluxe Edition)","Deutsch","Playlist","DEA621800472","1ZQhnmtZ2tq1t3TzguTciR"
"Überlebt","Azet","Fast Life","Deutsch","Playlist","DEQ121753745","5ODK0R10oNrzGrZxRzwHvR"
"Meer","Luciano","L.O.C.O.","Deutsch","Playlist","DEUM71806501","1LcvTvRfWrQjrF6aymfugd"
"Baller los","MERO","YA HERO YA MERO","Deutsch","Playlist","DEQ021807983","1uNzKXVNwq7jwV0rhjXqLB"
"Kleiner Cabrón","Veysel","Hitman","Deutsch","Playlist","DEBL61700356","44x9yNoB69sjlC1plLsGuL"
"Bon Voyage","Miami Yacine","Casia Deluxe","Deutsch","Playlist","DEQ121749051","1VfSu8qtTf5PMi3d8XVZGj"
"DNA","KC Rebell","Hasso","Deutsch","Playlist","DECE71900051","6yL5RjG5eeFOE5iU7qPho8"
"Murcielago","KC Rebell","Maximum (Deluxe Edition)","Deutsch","Playlist","DEA621700935","39qlqpwVzRkQP6WsILfIB5"
"Ya Salam","Kurdo","Vision","Deutsch","Playlist","DETQ11400146","5fpujciVjGBhnR2XFx06E7"
"Kokaina","Miami Yacine","Casia Deluxe","Deutsch","Playlist","DELJ81616750","6bN6XXylz4unPfOCBIg0z5"
"Wolke 10","MERO","YA HERO YA MERO","Deutsch","Playlist","DEQ021807991","200cTjC6si5Xz9af2QeHi2"
"La Haine","Luciano","MILLIES","Deutsch","Playlist","DEUM71902319","1ERXF9U6jJlnhYMHRXSAKG"
"Airwaves","Pashanim","Airwaves","Deutsch","Playlist","DECE72000342","5CqkgDH8QZjSqqI3HmYxDD"
"Standard (feat. Trettmann, Gringo, Ufo361 & Gzuz)","KITSCHKRIEG","KitschKrieg","Deutsch","Playlist","DELV41801573","5WxzuqQCeCsFlUEStzTp3K"
"Sex ohne Grund","Ali Bumaye","Rumble in the Jungle","Deutsch","Playlist","DEFZ71600260","6Dc7Ruu0S65BcZGoFNacRP"
"Heute mit mir","Nimo","K¡K¡","Deutsch","Playlist","DEUM71706133","7fUWZUNj5qbEuoL6K9947g"
"AMG","Azzi Memo","Trap 'n' Haus (Deluxe Edition)","Deutsch","Playlist","DEQ121746867","0EONVeul4RFbWdFFL9tHOf"
"AMG2","Azzi Memo","AMG2","Deutsch","Playlist","DEQ121753002","2wKW9p69GADSouDOawO5oo"
"Casanova","Summer Cem","Endstufe (Deluxe Edition)","Deutsch","Playlist","DEA621800470","0jB0RNZIfaihaDKNmdrI40"
"Magisch","Olexesh","Magisch","Deutsch","Playlist","DEVY21800006","5hqelGWfhBo8On7e7Kk5HD"
"Wie im Traum","Ardian Bujupi","Rahat","Deutsch","Playlist","DEE861901632","1jcgbCEa1Et4MEKk0XiWRu"
"Scheiß auf eure Party","Ufo361","Ich bin 2 Berliner","Deutsch","Playlist","DELJ81613850","1Syhm4vkn6n2DYuFnyI60s"
"Jay Jay","MERO","YA HERO YA MERO","Deutsch","Playlist","DEQ021807988","6IyzjffrKrehgqGbuUuLJt"
"Nummer 1","Zuna","Mele7","Deutsch","Playlist","DEQ121643672","7rhVer0f2bF0lkBIC2z1mx"
"Lüg mich an","Jazeek","Lüg mich an","Deutsch","Playlist","DECE72303384","2lckikJBGAkGIXXq6ZPjsr"
"CC","Jazeek","1709","Deutsch","Playlist","DECE72203146","4a84lPY76pFWTxWL4x4iCC"
"Ma Baby","Jazeek","Ma Baby","Deutsch","Playlist","DECE72402525","4495xO2HkmqoYIxQO2FvAH"
"LID","LACAZETTE","LID","Deutsch","Playlist","DGA0L2443429","5U8jvRKKzcc3XjBB2CNZaZ"
"In a minute","Luciano","In a minute","Deutsch","Playlist","DECE72402709","1LNoGh5OXX51mulO24mfg1"
"Mittelmeer","Nimo","Mittelmeer","Deutsch","Playlist","DEA612400133","5iviRbXQMPPJJrK6nTjYGA"
"Butcher","Sosa La M","Butcher","Deutsch","Playlist","DEE862401946","0uSHA5dbsCRMmzbidwhKwl"
"Ausländer","Mert","Ausländer","Deutsch","Playlist","DEUE11505016","0h8cJsgN0ZyDGbMP9rY4Df"
"RADW","Haftbefehl","RADW","Deutsch","Playlist","DEUM72000982","4IrH8L9pkMVSeA6uJZjtT8"
"Ma colombe - German Remix","Nej","Ma colombe (German Remix)","Deutsch","Playlist","FRX872133101","3eHXManuHWprZC5hBTGwE4"
"Leck Sibbi","Nimo","Habeebeee","Deutsch","Playlist","DEQ121537053","6D8vcrnVs7oMQ6K9Y44cHt"
"Chabos wissen wer der Babo ist","Haftbefehl","Chabos wissen wer der Babo ist","Deutsch","Playlist","DEUM71800521","6kjBafSuYC8gClzfYu7T1t"
"Jim Beam & Voddi","AK AUSSERKONTROLLE","A.S.S.N.","Deutsch","Playlist","DETX91500586","0b85BAqtnPxgxHn0nkegXd"
"Delale","SHABAB","Delale","Deutsch","Playlist","DECE72500244","2sbg1omBXnFOeHvbWyR1Vv"
"Wenn der Himmel weint","Bausa","Wenn der Himmel weint","Deutsch","Playlist","DEA612500087","6yT1Qf1EKbUfiROeOWtzeN"
"Jasmin","Aymen","Jasmin","Deutsch","Playlist","DEKF22500119","6rjpIgtN4FOujp5DbZZnCh"
"Northside","Sosa La M","1789","Deutsch","Playlist","DEE862500207","3COS5kuid5EKAfN2klE84V"
"Dunya","Amo","Dunya","Deutsch","Playlist","DEKF22500179","4eIdT2bW2gaTDdJnMgt7Ue"
"Tach Tach","Coup","Der Holland Job","Deutsch","Playlist","DEQ321600185","7B5bGlw1n5iEIMsUmGTypc"
"Sorry","Veysel","Sorry","Deutsch","Playlist","DEXJ21800038","4usaWLgpOAmNT8RLWVmNiB"
"Marlboro Rot","Samra","Marlboro Rot","Deutsch","Playlist","DECE71900274","4e6l3QGj4RZesjDLVqYk3H"
"Komm wir chillen (feat. Yonii & Bausa)","CAPO","Alles auf Rot","Deutsch","Playlist","DEA621700844","4BtGQ89Xgmf9NmnFD9RBRc"
"AKON","Jazeek","MOST VALUABLE PLAYA","Deutsch","Playlist","DECE72500346","6YFNhYf7A33biVmMG1JSQf"
"CRAZYYY","Jazeek","MOST VALUABLE PLAYA","Deutsch","Playlist","DECE72500336","4WRPZc8xQsolMusrLy2sxn"
"Wieder Lila","Samra","Wieder Lila","Deutsch","Playlist","DECE71900271","2kkcJ8tSDV42LdWcPjy6We"
"Plug","Aymen","Plug","Deutsch","Playlist","DEKF22500525","5XlJP2J81wF20QariDKRJW"
"Hayate","Luciano","L.O.C.O.","Deutsch","Playlist","DEUM71806512","2vzQotgEoJMvqOQp9XxqFR"
"Habibi - Albanian Remix","Ricky Rich","Habibi (Albanian Remix)","Deutsch","Playlist","DEA622101082","2sHYMLUd4nVLxHPKY05Ein"
"mailbox","Dardan","Mailbox","Deutsch","Playlist","DEWZ12000037","4pmbb2QmCMrfNT9kL0nVtG"
"APARTMENT (feat. Monet192)","Dardan","DARDYNEXTDOOR","Deutsch","Playlist","QMEU32206691","0atxjWna6ikysmEzrqGXLW"
"Zwei Rolys pro Arm","Coup","Der Holland Job","Deutsch","Playlist","DEQ321600186","2d3J3JYk7TAWraRjpseK8D"
"Mama war der Mann im Haus (Rheingold Soundtrack)","XATAR","Mama war der Mann im Haus (Rheingold Soundtrack)","Deutsch","Playlist","QMDA62271303","0xSd7MjLb8eCdSraudx0SJ"
"Ich zahle gar nix","Coup","Der Holland Job","Deutsch","Playlist","DEQ321600181","3Nfxt6g4hVMsuCuJsLEjgS"
"Iz da","XATAR","Baba aller Babas","Deutsch","Playlist","DEQ121431014","2k0cvQmGvHOuNmKo2rMYIj"
"BlaBla","Azzi Memo","Surf 'N' Turf","Deutsch","Playlist","DEQ021802767","71lIucZDjYS6q5wP2q8svt"
"Fast Life","Azet","Fast Life","Deutsch","Playlist","DELJ81607240","1HTFSSFVP01fVWeRVg53NV"
"Bling Bling","KC Rebell","Bling Bling","Deutsch","Playlist","CH7812534334","6RwSKFBSOtuNVDA4N7LFNS"
"Therapie","Aymen","Therapie","Deutsch","Playlist","DEKF22500535","4DmkCxj5WLnT3LQDG0MUY0"
"Ich will hier nicht weg","XATAR","ALLES ODER NIX","Deutsch","Playlist","DETM41610352","1XJoZ8OMQwr6Ox2tPIbV77"
"Dein Herz Klopft","Akh","Dein Herz Klopft","Deutsch","Playlist","PLI365595680","3luzqLwSnBEtbqrO6hT8WF"
"Gibi (feat. QBANO)","C ARMA","Gibi","Deutsch","Playlist","CH7811819163","1QDePD6RFZ2aRZd0HGJMaV"
"Yapma","C ARMA","Yapma","Deutsch","Playlist","CH7811821779","1194zYf7UfSXP4omxVTmPa"
"Ein letztes Mal","Lune","Ein letztes Mal","Deutsch","Playlist","DGA072320801","1MklCHMZxSoV3FwoEidOlQ"
"Ma Baby 2","Jazeek","MOST VALUABLE PLAYA","Deutsch","Playlist","DECE72500337","4zxnbCqSf9RzWBqCNqW2Ab"
"Blind","Milano","Blind","Deutsch","Playlist","DECE72301415","46TNrxrt8FqTp4r5StPkCN"
"Capri Sun","Aymen","Capri Sun","Deutsch","Playlist","DEKF22500540","2U07Gukj3QGlLh0krokPdG"
"Buscape","Azet","Buscape","Deutsch","Playlist","DECE72501273","20ABHNIR9jBXjaQnLjcVI2"
"Ohne Dich","Veysel","4 Blocks - The Lost Songs","Deutsch","Playlist","DEPI82021260","0AqrJySgoQIVVRK5ENFfyF"
"Unlock","Luciano","Unlock","Deutsch","Playlist","DECE72501225","044C22X5gRELj72l3D81Rs"
"Never Know (feat. SHIRIN DAVID)","Luciano","EXOT","Deutsch","Playlist","DECE72000468","0Dw8hUbjXORzIWp7mjbh0t"
"SUVs","Luciano","SUVs","Deutsch","Playlist","DECE72107498","01I8aPBUJIMzCtHsCVvmq5"
"Jean Paul Gaultier","Luciano","MILLIES","Deutsch","Playlist","DEUM71902837","56DP74K3QXG718EKuVIB2U"
"Mula","Mert","Delikanlı","Deutsch","Playlist","FR59R1877592","0BYw9Vmcja679bOotJ1QYk"
"Ruf mich nicht an","Mert","Delikanlı","Deutsch","Playlist","FR59R1877593","769nNvpkKj87gthV3Y1KlK"
"Baby 2.0","Zuna","Baby 2.0","Deutsch","Playlist","DEQ022150940","2VkL7Pl5AYbr2tSuMzta7V"
"PARFUM","Jazeek","PARFUM","Deutsch","Playlist","DECE72501787","7f4L1SHhVir0UxPC2sKidp"
"Yakuza","Veysel","Hitman","Deutsch","Playlist","FR96X1737582","76FIILdnFenxTiVM1EwPJS"
"Hit One","Luciano","Hit One","Deutsch","Playlist","DECE72501981","5OeScOAa7LAx2jN11RRVJe"
"Labyrinth","Loredana","KING LORI","Deutsch","Playlist","DEQ021903443","3vweZWLjXE2LsKzG9teQoR"
"Eiskalt","Loredana","KING LORI","Deutsch","Playlist","DEQ021903449","3Wrfgj0EuYZtC7p0SySI5P"
"Kein Plan","Loredana","KING LORI","Deutsch","Playlist","DEQ021903450","17d5deyzyNjNzml5EHq7Dr"
"Jetzt rufst du an","Loredana","KING LORI","Deutsch","Playlist","DEQ021903445","7C8N43w5Dq3PunLLeEpN6V"
"Bonnie & clyde","Loredana","Bonnie & clyde","Deutsch","Playlist","DEQ021804684","3PlVuhOvx0EqYv8wYPKjZV"
"ROMEO & JULIET","Loredana","ROMEO & JULIET","Deutsch","Playlist","DEQ021900830","3XhfsxZTSjZ51uVMzFf9yD"
"Ticket nach Ketama (feat. Liaze)","ARY","Ticket nach Ketama (feat. Liaze)","Deutsch","Playlist","DECE72202150","7KWwQ8SokgUDO7es6Q4ZGW"
"Frag mich nicht","Miksu / Macloud","FUTURA","Deutsch","Playlist","DEQ022100986","1eiQc3mTqBmqHjUR3uDj5F"
"sag wieso?","Lune","sag wieso?","Deutsch","Playlist","DEKF22401806","3zMWsfPgegUuJ6P7Qb7b54"
"gebe auf.","Lune","gebe auf.","Deutsch","Playlist","DEA622001203","1upzszB5JxMfNUEBmkcgaO"
"ich gehör nur dir <3","Lune","ich gehör nur dir <3","Deutsch","Playlist","DEKF22501057","2vetiieEGPIeMpwvzAhOef"
"AC Milan","Luciano","Banditorinho 2","Deutsch","Playlist","DECE72502545","3hp6a3AGZ0eM0qwgxN5dqT"
"Nie wieder","Morpheuz","Nie wieder","Deutsch","Playlist","DEZC62501757","46pPNgX8MDQfFtWjLoNbg8"
"Ruf mich an","Morpheuz","Ruf mich an","Deutsch","Playlist","DEZC62597646","2irNEyuG8VTKYnPkWcGgzi"
"Lautlos","Morpheuz","Lautlos","Deutsch","Playlist","DELJ81968520","2Y0jnnVN1KDg8On65Rw2Hk"
"Sehnsucht","Morpheuz","Leeres Herz","Deutsch","Playlist","DEA622402679","6RdeJ6Jgnx34skIJ0KUAZC"
"Siehst du's auch so","Morpheuz","Siehst du's auch so","Deutsch","Playlist","DEZC62588261","6GFGIBvEfBama5eAcjvfyi"
"30 mal am Tag","Aymen","Aymen","Deutsch","Playlist","DEKF22500539","0ypQOwWWnjYx9ZOIjZXNCP"
"Love all night","Amo","SSJ","Deutsch","Playlist","DEKF22500172","4PCNkLfMpaPYEwBMsknI8R"
"Sauvage","Luciano","Banditorinho 2","Deutsch","Playlist","DECE72502531","2Ed0ve2x6FVzEVKYVbPfGq"
"Sure Shots","Luciano","Banditorinho 2","Deutsch","Playlist","DECE72502409","2rus6RzlKwTYPod5pFBcUU"
"Nasip","Mudi","Sabr","Deutsch","Playlist","DEBL61700028","7aKHiTl4ezlz9KvpdDnjm2"
"Züleyha","Mudi","Hayat","Deutsch","Playlist","DEUM71600043","51MydIaDKstOQP5aQdJhpl"
"Warde","Mudi","Shams","Deutsch","Playlist","FR2X41945312","1qw6fJhlVMwN7hZ6x3swIG"
"Ohne dich","Menoa","Ohne dich","Deutsch","Playlist","DEZC62113773","4CoaGlcQtQ12Jf0NId2cok"
"Kompliziert","Lune","MAILAN","Deutsch","Playlist","DEKF22400406","1jdwspR9dg5lJ0y5KuqtgJ"
"WHINE (BADALADA)","Jazeek","WHINE (BADALADA)","Deutsch","Playlist","DECE72502525","7fjov4E4FQSn92fqndntfa"
"TRAPPER'S LULLABY","reezy","BORN SPINNER","Deutsch","Playlist","DEKF22500830","17xC4jTj1kzw4PhaQyOhUd"
"Was fällt dir ein?!","Lune","MAILAN","Deutsch","Playlist","DEKF22301464","4eEgF2ifSrActmhSuFolBO"
"Mon chéri","CAPO","Mon Chéri","Deutsch","Playlist","DEA621702584","4vN2F1v7WphIUva3S6hwaT"
"MANCHESTER","reezy","LOYALTY OVER LOVE","Deutsch","Playlist","DEQ322100136","5yVhcpTvQYr4LooQ0dt4l4"
"SAGROTAN (feat. reezy)","KALIM","T.O.T.Y.","Deutsch","Playlist","DECE72106101","2R5kWKlRKal6lZOkdQxUSc"
"Ich rolle mit meim Besten - Babos Remix","Haftbefehl","Russisch Roulette (Deluxe)","Deutsch","Playlist","DEUM71403633","2AXOg2WMjJt8Os7M3b589T"
"Conan x Xenia","Haftbefehl","Das weisse Album","Deutsch","Playlist","DEUM72000984","75sirDREdyUlBBbfAj97tW"
"PECHSCHWARZ","CAPO","HYAT","Deutsch","Playlist","DEA622100638","0tSHpfI5eqtR6WVUjSkacP"
"Alles auf Rot","CAPO","Alles auf Rot","Deutsch","Playlist","DEA621700840","7G7xvFVMNFpCo3c3CF6km8"
"Chabos wissen wer der Babo ist","Haftbefehl","BABO – DIE HAFTBEFEHL STORY (Official Soundtrack)","Deutsch","Playlist","DEUM71800521","55M8uEwBvW9VuPjPZJsGnA"
"1999 Pt. III","Haftbefehl","Russisch Roulette (Deluxe)","Deutsch","Playlist","DEUM71403700","0VOoFMLU692oDIDlMxSOH9"
"1999 Pt. 6 (Gabriel vs. Luzifer)","Haftbefehl","Das weisse Album","Deutsch","Playlist","DEUM72000990","7eksUI2XbDxcT1CHSXDyPb"
"Pole Position","Luciano","Pole Position","Deutsch","Playlist","DECE72502831","2mW3KRKLCR2jshXKaot4EL"
"Schmerz","Dardan","Schmerz","Deutsch","Playlist","FRX202528794","4SXUbnaYt80pFpAebHVR5Q"
"Syt","Azet","Playboys im AMG","Deutsch","Playlist","DECE72501362","4UxVPXznavq6dwRv9bro7G"
"Häagen Dazs","Sosa La M","Häagen Dazs","Deutsch","Playlist","DEE862501066","5gBDMQlmL0DBjxTxpgTgMn"
"Habibo","Veysel","Fuego","Deutsch","Playlist","DECE71800018","3sRndoHhqNPrcrgEIdHs8V"
"Halbmond","Kurdo","Almaz (Deluxe Version)","Deutsch","Playlist","DETQ11400009","2QwVg1uFqqf9SLRsaZWqmB"
"Caliente (feat. Jamal)","Kurdo","KRISTALL","Deutsch","Playlist","DEXG92100042","7v6dMftPuVECeQDXxJDGVG"
"Springfield (feat. Bushido)","Shindy","NWA","Deutsch","Playlist","DEFZ71300009","5bcn7oYQlvn7bcekQIdzXi"
"Tilidin","Capital Bra","Berlin lebt 2","Deutsch","Playlist","DECE71900312","0Dlcu2fgHklOnajVu2dUNU"
"Baba aller Babas","XATAR","ALLES ODER NIX","Deutsch","Playlist","DETM41610351","4KuanDu96tDjBXdrsMWPmu"
"110","Capital Bra","Berlin lebt 2","Deutsch","Playlist","DECE71900628","67ojvEGRPAUCOohuMPqoRC"
"Venedig","Shindy","FVCKB!TCHE$GETMONE¥","Deutsch","Playlist","DEFZ71400006","5gr8txrWi5JFLDoxzVZxLE"
"Club My - KMN Street EP.2","Miami Yacine","Casia Deluxe","Deutsch","Playlist","DEQ121751397","6KD5ZksRojNTSHlRRLIpor"
"Ich bring dir keine Blumen","Dardan","Mr. Untouchable","Deutsch","Playlist","DGA0H2469182","4WzMfpZwQoYdwe6W5BT1rg"
"ONE NIGHT IN PARIS/DEEP DOWN","reezy","MR. MISUNDERSTOOD","Deutsch","Playlist","DEKF22300377","6rcz59uAJ37rbEGJza8Is8"
"Highlight","Dardan","CATCH ME IF YOU CAN","Deutsch","Playlist","FRX762576921","0nd48LMAguVX2qHmHlA7lr"
"Ghettobébé","Dardan","CATCH ME IF YOU CAN","Deutsch","Playlist","DGA062596671","3cWYzQQHEm6n55unS9ZWiz"
"Ma Shawty","Jazeek","Ma Shawty","Deutsch","Playlist","DECE72503431","56DjIeqZidDufg6H3yoTr5"
"To The Sky","Luciano","To The Sky","Deutsch","Playlist","DECE72503609","6vHWANJBLPKJLxo3hc4JlA"
"Miami","Luciano","Unlock","Deutsch","Playlist","DECE72503861","4nBfq4hPT6U8Qs4gAx0mv8"
"Effizient","Luciano","Unlock","Deutsch","Playlist","DECE72504036","7sqY47Gnfqm1CvttBA490C"
"SANTA FREESTYLE","THIZZY52","SANTA FREESTYLE","Deutsch","Playlist","DECE72504015","2kOxp9BK7kiD2e4odseUN2"
"SELFMADE / GRIEZMANN","THIZZY52","SELFMADE / GRIEZMANN","Deutsch","Playlist","DECE72501614","0PFZJiniN98Dvol16UJAsP"
"Blackberry Sky","Eno","FUCHS","Deutsch","Playlist","DETM41610467","11rBlJlRoWNj69twOOki03"
"Moulaga","MADE","Moulaga","Deutsch","Playlist","CH7812233395","4pnk9Mhzcv3oHxFyARlNNP"
"Enchanté","Sosa La M","Enchanté","Deutsch","Playlist","DEE862301568","7Mn6Tisa1wVvYusahnvjE5"
"H <3 T E L","Dardan","SOKO DISKO","Deutsch","Playlist","DEWZ12000002","4PP0u2Fhzg8NnPW3EZGw2v"
"Mohammad","Moe Phoenix","NOA","Deutsch","Playlist","DEQ121750740","2jhSs5ysLrKyzPNxntZHdj"
"Mama / Baba","Moe Phoenix","NOA","Deutsch","Playlist","DEQ121753522","3ftP7lYGXhum0HAjNB1MSm"
"Mensch ist Mensch","Moe Phoenix","EMOETION","Deutsch","Playlist","DECE71900173","5oIcW1BFQtVhsEWXihA6Yh"
"Day N Nite","Monet192","AURA","Deutsch","Playlist","DEE862501645","3KBw1KXfrR30uXw3LCpQcE"
"Schatten","Morpheuz","Schatten","Deutsch","Playlist","DEZC62549028","4rBBKTHIGcjKhukjOno0t1"
"ô dis où t'es","Monet192","AURA","Deutsch","Playlist","DEE862500490","0azT4o4XLP8EHkneDyuOeb"
"Body","Monet192","AURA","Deutsch","Playlist","DEA622401946","5zDonSPOy7QkMAnm5pTxCw"
"Unzertrennlich","Morpheuz","Leeres Herz","Deutsch","Playlist","DEA612400096","72UkeHvH9lQOgjnTZUuifX"
"Plug","Monet192","AURA","Deutsch","Playlist","DEE862501713","3IUrQt3036bgJtuz0pwTKk"
"Leeres Herz","Morpheuz","Leeres Herz","Deutsch","Playlist","DEA622402008","3v2R5MUKWWzcUpeMXSr7bG"
"alors on danse","Monet192","alors on danse","Deutsch","Playlist","DEE862501712","0wo1rEf20bD1Vevsbu6ijp"
"Miami","Jazeek","Miami","Deutsch","Playlist","DECE72600015","0Ohuw01rSI3aVbxh2agxwh"
"Besser als 50 Cent","Veysel","Hitman","Deutsch","Playlist","FR96X1737580","1pQUYh5NsDfCgXhXpsvpyi"
"Niemand","Veysel","Niemand","Deutsch","Playlist","DEXJ22400060","7eaDROlBUO7Q5p7sXkshlI"
"Bargeld","Veysel","Hitman","Deutsch","Playlist","FR96X1737576","6YCjj4uo0wrWur2M9Mk1tS"
"LOV - NYC Edition","LACAZETTE","LOV (NYC Edition)","Deutsch","Playlist","DGA082518879","22of7esclDCfhbskWNCHUc"
"Kochanie","JIGZAW","Post Mortem","Deutsch","Playlist","FR2X41889657","1EteD7RVEOeOa9xBDIwF6F"
"MNG","LACAZETTE","MNG","Deutsch","Playlist","FR10S2536387","2zsb697TLzjzMcRyhmuHt4"
"bauch beine po","Shirin David","Schlau aber blond","Deutsch","Playlist","DECE72401327","13QjwdjKiFrKzYznJu6iiP"
"Du liebst mich nicht","Ado Kojo","Reise X","Deutsch","Playlist","DEBL61300810","19UjNYNpFTCcbbxZhzHTNe"
"Lieben wir","Shirin David","Bitches brauchen Rap","Deutsch","Playlist","DECE72103694","6Bupao0tigbVrHoTiZdQG2"
"ON OFF","Shirin David","SUPERSIZE","Deutsch","Playlist","DECE71900321","0q0evF8z2qX0thSLjNz3v6"
"Ich darf das","Shirin David","Bitches brauchen Rap","Deutsch","Playlist","DECE72102935","0i239e7IfbcMy4xx3FGMNz"
"90-60-111","Shirin David","90-60-111","Deutsch","Playlist","DECE72000309","3ZdDYeaZzeYnrP4crgXzPk"
"Que pasa","Aymo","Que pasa","Deutsch","Playlist","DEKF22600050","4fH8BbJKlb5jnmmXDroWe1"
"Bleib stark","Aymo","Aymo","Deutsch","Playlist","DEKF22501188","6PJsdilI64azZH5BPFFXTv"
"CDY","LACAZETTE","CDY","Deutsch","Playlist","FR2X42643386","6BRGGHydYjs2xpSjw8Dwx7"
"Bend Over 2","Jazeek","Bend Over 2","Deutsch","Playlist","DECE72600531","0xdCOXFgnKNBFmhVGyDJjl"
"LDNB","AK AUSSERKONTROLLE","LDNB","Deutsch","Playlist","DECE72601565","5O8HYf2CdbUJIQdd6PzAA7"
"wegen dir.","Lune","wegen dir.","Deutsch","Playlist","DEKF22600157","0V9tCM5tGcNicWoytK8D5o"
"mama.","Lune","mama.","Deutsch","Playlist","DEKF22600152","1lygpQnv84KXfaMbBvjPt2"
"Letztes Hemd","Jazeek","4LAP","Deutsch","Playlist","DECE72600545","22XYARYIRjb8oKrfRScoiQ"
"Nonstop","Dardan","Nonstop","Deutsch","Playlist","QM6N22613460","72mTkKFJYy497k5cJhqVwi"
"Casablanca","Miami Yacine","Welcome 2 Miami","Deutsch","Playlist","DEQ021911685","3aoxRaWw7NaruLdVnPet0K"
"KLATSCH DAS!","Jazeek","4LAP","Deutsch","Playlist","DECE72600530","1WERhgO8sSoeGP4XVTiBoQ"
"Vermisse","Dardan","Vermisse","Deutsch","Playlist","QM6N22613536","0DAe8XAFqCfdL2F649pgN0"
"Blaue Augen","Ideal","Ideal","Deutsch","Playlist","DEA629260600","2pCPSNMAsw0R5FQkkvr6ry"
"Ein Jahr (Es geht voran)","Fehlfarben","Monarchie und Alltag","Deutsch","Playlist","DEA349000536","6mMUoEgOl1yuGMJ6dfHzh6"
"Nur geträumt","Nena","Nena","Deutsch","Playlist","DEE868300002","27DEhFC0G2olRFgCTksnfw"
"Sonderzug nach Pankow","Udo Lindenberg & Das Panik-Orchester","Odyssee (Remastered)","Deutsch","Playlist","DEF068205470","1vlzhoQJKTmEVDmSXcFT4a"
"Vienna Calling","Falco","Falco 3","Deutsch","Playlist","ATB158500020","6tetorrFfVEwugqcgfwEm1"
"Carbonara","Spliff","85555 / Herzlichen Glückwunsch","Deutsch","Playlist","DEE868200104","7MU1uNaZzTkwHQV8sRNB3l"
"Ich will Spaß","Markus","Stereo (2 Originale)","Deutsch","Playlist","DEE869700768","4NHO1vwPG2Do1Y3gByphbV"
"1000 und 1 Nacht - Remastered 2008","Klaus Lage","Beste Lage","Deutsch","Playlist","DEA340800663","52jP6hYf7FQxYiyK493YRb"
"Monopoli - Remastered 2008","Klaus Lage","Beste Lage","Deutsch","Playlist","DEA340800662","7qiEd0MXSVu9yW5RIW44qJ"
"Faust auf Faust - Remastered 2008","Klaus Lage","Beste Lage","Deutsch","Playlist","DEA340800665","2CHhV1qOt5DyA1EXr0xjWM"
"Alkohol","Herbert Grönemeyer","Was Muss Muss - Best Of","Deutsch","Playlist","DEC610800626","0fEuIosdE4UTHACOrmjR1f"
"Reeperbahn","Udo Lindenberg","Bunte Republik Deutschland (Remastered)","Deutsch","Playlist","DEF068908230","1WXPn2DhhGnSHC0VjXJqZo"
"Katherine, Katherine","Luxus Band","Oktoberfest Bierzelt Hits 2011","Deutsch","Playlist","DEP550800219","5Ox2jJrESzLsVeWUYopGoA"
"Willenlos","Westernhagen","Affentheater","Deutsch","Playlist","DEA629461120","46vOwVfosQJ4bFdY1ryVnU"
"Aloha Heja He","Achim Reichel","Melancholie und Sturmflut (Bonus Tracks Edition)","Deutsch","Playlist","DEAQ99102105","3AQLL3Waks6LJ9FI8TFHGA"
"Ein ehrenwertes Haus","Udo Jürgens","Meine Lieder","Deutsch","Playlist","DEA817400025","4ikBKCSwrkR7T7aNH7eFxn"
"Kling Klang","Keimzeit","Bunte Scherben","Deutsch","Playlist","DEC739300274","2PqKNYsquDC99ZEcQvdGnz"
"Bruttosozialprodukt","Geier Sturzflug","Das Beste von Geier Sturzflug","Deutsch","Playlist","DEA818300013","2jWCLuhLinumCeHiCGONu3"
"Über den Wolken","Dieter Thomas Kuhn & Band","Gold (Party Edition)","Deutsch","Playlist","DEA629651750","1TjwY364VvErxagfEIw1eD"
"Im Wagen vor mir","Henry Valentino","Oktoberfest Sause","Deutsch","Playlist","DEA347702437","41vMiybETaoMluMtgCIF8B"
"Africa - Voodoo Master","Rose Laurens","Rose Laurens","Deutsch","Playlist","FR6F31500670","4V9q7QA8QlmgBekkhd1os2"
"Bochum - Remastered 2016","Herbert Grönemeyer","4630 Bochum (Remastered 2016)","Deutsch","Playlist","GBLAZ1600829","6WDe2acDWMoxYZhpZZNpvY"
"Es geht mir gut","Westernhagen","Affentheater","Deutsch","Playlist","DEA629461070","3kzkbk9cBF6IDlVv6VvCFb"
"Pure Lust am Leben","Geier Sturzflug","Das Beste von Geier Sturzflug","Deutsch","Playlist","DEA818400020","1DaEeX0RDyYPAZq9FDI5o4"
"Aber bitte mit Sahne","Udo Jürgens","Meine Lieder","Deutsch","Playlist","CH0019800001","4J7EocpVLUZSU3m6E7O6re"
"Es lebe der Sport","Rainhard Fendrich","Zwischen Eins Und Vier","Deutsch","Playlist","ATF078200030","7L3Tasv1uAL1INJn041Gmu"
"Musik nur, wenn sie laut ist","Herbert Grönemeyer","So Gut '79 - '83","Deutsch","Playlist","DEA348301031","0MdqL0ZGvouiroPdhFZ1Yg"
"Amsterdam","Cora","Cora pur","Deutsch","Playlist","DEH840500788","7FrsdB6c1buzMfSndN4UQL"
"Küssen verboten","Die Prinzen","Küssen verboten","Deutsch","Playlist","DEC730000245","1IZhBJToXXfL7pidTzvcY8"
"Wann wird's mal wieder richtig Sommer","Rudi Carrell","Das Beste von Rudi Carrell","Deutsch","Playlist","DEF457500504","59VR9MekNIMRLxQYfSn3Qr"
"Himbeereis zum Frühstück","Hoffmann & Hoffmann","Himbeereis zum Frühstück","Deutsch","Playlist","DEC717700015","0wHiSsSO1YJSAZ8PQTztaM"
"Marmor, Stein und Eisen bricht","Drafi Deutscher","Marmor, Stein und Eisen bricht","Deutsch","Playlist","DEA619361400","70gS6bjAjFc96IIunuRj1c"
"Fürstenfeld","S.T.S","Überdosis G'fühl","Deutsch","Playlist","ATA018400450","2n3ERDAyw57jX3iLZfADse"
"Alles nur geklaut","Die Prinzen","Geschenk Edition","Deutsch","Playlist","DEC739300092","3tAxxTsJrq5t8dYrCbaz4b"
"Hey, Wir Woll'n Die Eisbär'n Sehn","Puhdys","Hey, Wir Woll'n Die Eisbär'n Sehn!","Deutsch","Playlist","DEE250800155","2Epf5a8SVylcdU8NShYM4Z"
"Mit 18","Westernhagen","Mit Pfefferminz bin ich dein Prinz","Deutsch","Playlist","DEA629560130","0rb4TvajfVkHvxO5ismHvh"
"Keine Sterne in Athen (3-4-5 x in 1 Monat)","Stephan Remmler","Stephan Remmler","Deutsch","Playlist","DEF078602710","3U2pPoe2nfNMr5QfaJsGrG"
"Ein Bett Im Kornfeld","Jürgen Drews","Musik Box Teil 1","Deutsch","Playlist","DELC80800028","7DfHmCnSLftVHPvtFPFsmA"
"Am Tag, als Conny Kramer starb","Juliane Werding","In tiefer Trauer","Deutsch","Playlist","DEC737100002","5xWGpcvb1q6N1IIJwtDNRF"
"Wahnsinn","Wolfgang Petry","Alles","Deutsch","Playlist","DEC739600528","16CCUMReocx2dtFgmSqORr"
"Verdammt Ich lieb' dich","Matthias Reim","Déjà Vu - Das Beste Von Matthias Reim","Deutsch","Playlist","DEA340401063","2XEwnFyQhDBHq6rFEaAOQj"
"Mit 66 Jahren","Udo Jürgens","Mit 66 Jahren - was wichtig ist","Deutsch","Playlist","DEA810000526","687anwxZ267LHbA4bw1Enq"
"Freiheit","Westernhagen","Westernhagen","Deutsch","Playlist","DEA629360600","6To9fZuSGJApjIP9CZJJda"
"Johnny Walker","Westernhagen","Mit Pfefferminz bin ich dein Prinz","Deutsch","Playlist","DEA629560220","4Kv4X85wtmZduCtw4nNFvk"
"Kinder an die Macht - Remastered 2016","Herbert Grönemeyer","Sprünge (Remastered 2016)","Deutsch","Playlist","GBLAZ1600865","19w8ChnDiyS5Jcj8TLBX6O"
"Eisgekühlter Bommerlunder","Die Toten Hosen","Reich & Sexy (Deluxe-Edition mit Bonus-Tracks)","Deutsch","Playlist","DEP610712576","31vf35YB7M8muNPXoGtf9b"
"Sieben Tage lang","Bots","Was sollen wir denken","Deutsch","Playlist","DEF811407501","4PIwFXVe1zBAQkEsbGnFcZ"
"Beinhart","Torfrock","Beinhart","Deutsch","Playlist","DEZ650603479","3nOernkswNwTfHHGya0GAk"
"13 Tage","Schweizer","Hitze Der Nacht","Deutsch","Playlist","DEA629452910","0RmWwc5mdIxgsgQUL1al41"
"Alt wie ein Baum - Radio-Mix","Puhdys","Puhdys - 1969-1999 (20 Hits aus 30 Jahren)","Deutsch","Playlist","DEC739800869","1pVMzIVOSfRlykrqx3nDM5"
"Santa Maria","Roland Kaiser","Für Dich","Deutsch","Playlist","DEC738000001","7yUv6nCxiV1pEa5MdybU5b"
"Zu spät","Die Ärzte","Devil (Debil Re-Release)","Deutsch","Playlist","DEE868400044","5FFGr69nqIPiNn9MTaHXKb"
"Tanze Samba mit mir","Tony Holiday","Tanze Samba mit mir","Deutsch","Playlist","DEF067803940","297Df1Umk2S406Pf7K5LbY"
"Alles hat ein Ende, nur die Wurst hat zwei (Krause und Ruth)","Stephan Remmler","Stephan Remmler","Deutsch","Playlist","DEF078602800","5nl9DKN2UFt3cjefB0hNC8"
"Zehn kleine Jägermeister","Die Toten Hosen","All die ganzen Jahre: Ihre besten Lieder","Deutsch","Playlist","DEF241112444","4wNsh8RqG6bvwuUNaX18pT"
"Mann im Mond - Radio-Version","Die Prinzen","Das Leben ist grausam","Deutsch","Playlist","DEC739100086","3Y31PFqVP8ybF2ZgdKUgmF"
"Millionär","Die Prinzen","Das Leben ist grausam","Deutsch","Playlist","DEC739100010","2MhNLBFhSo2PHdIqQCjDYS"
"Immer wenn ich traurig bin","Heinz Erhardt mit Orchesterbegleitung","100 Jahre Heinz Erhardt - Das Beste","Deutsch","Playlist","DEA619350600","46qaKUwNgFWnnqh4ampKvx"
"17 Jahr, blondes Haar/Immer wieder geht die Sonne auf","Udo Jürgens","Der Mann mit dem Fagott","Deutsch","Playlist","DEA811100734","16bKwCv4I2ru13HDdliO5h"
"Vielen Dank für die Blumen","Udo Jürgens","Willkommen in meinem Leben","Deutsch","Playlist","DEA818100009","02cSvFLlBC3sp9KAGsUSjZ"
"Wo bist du? - Single Version / Remastered 2007","Spider Murphy Gang","30 Jahre Rock'n'Roll","Deutsch","Playlist","DEA340702749","2ZuxVpXFUAEWpRRxlNXInA"
"Indianer","Pur","Hits Pur - 20 Jahre Eine Band (Fan Edition)","Deutsch","Playlist","DEA349302123","1MXbp8hnq2XgIQHeFkrcyI"
"Er steht im Tor","Wencke Myhre","Er steht im Tor - Ihre grossen Erfolge","Deutsch","Playlist","DEF066906930","6Xpd2qTFOFdJMp8A2Y3QwX"
"Und es war Sommer","Peter Maffay","Und es war Sommer","Deutsch","Playlist","DEA817600022","4i6mkvKRIO07bHANBNRDWe"
"Westerland","Supreme","The rhythm of the night","Deutsch","Playlist","DEEQ81000015","0KfIVJZH4Cc1dGrTBr1qXH"
"Ich glaub es geht schon wieder los - 2004 Version","Roland Kaiser","Das Beste","Deutsch","Playlist","DEZ040400066","3X9B7yIpLasUU5j4GPXogp"
"Früh-Stück","Gebrüder Blattschuss","Die 80er - Das beste aus 40 Jahren Hitparade","Deutsch","Playlist","DEC737900007","3PeUytVHSB0plBO03sT7NA"
"Mendocino","Michael Holm","Schlager-Rendezvous mit Michael Holm","Deutsch","Playlist","DEA816900001","7lBO5RpWhr6yPUwWkXHsWf"
"Anita","Costa Cordalis","Seine Grössten Erfolge","Deutsch","Playlist","DEE867600116","0ObItSI2K1SP6uJPdHSyb9"
"Mein Fahrrad","Die Prinzen","Das Leben ist grausam","Deutsch","Playlist","DEC739100088","0V49TipwXXpnyyqmxLVADV"
"Gabi und Klaus","Die Prinzen","Das Leben ist grausam","Deutsch","Playlist","DEC739100013","7ul9uHzrRL7O5vEaMUZPuh"
"(Du mußt ein) Schwein sein","Die Prinzen","Schweine","Deutsch","Playlist","DEC739500180","5ShK4xJLX8t8FyrBa906JC"
"Maschen-Draht-Zaun - Radio Edit","Stefan Raab","Maschen-Draht-Zaun","Deutsch","Playlist","DEQ989900069","6O4HlTfaGpHqhCfoyC2SlC"
"Warum bin ich so fröhlich","Herman van Veen","Singt & erzählt Alfred J.Kwak - Abgemacht ist abgemacht","Deutsch","Playlist","NLG620428633","1DdUDhkU0Wf0BLusm3fPNu"
"Der blaue Planet","Karat","All Time Best - Reclam Musik Edition 20","Deutsch","Playlist","DEC730000071","2IsfIgeeOG0vuwHfDyORyz"
"Liebe auf den ersten Blick","Münchener Freiheit","Definitive Collection","Deutsch","Playlist","DEE869700885","4QRsnJRKgHF6gRPZQzNMu8"
"Herz aus Glas - Single Version","Münchener Freiheit","Definitive Collection","Deutsch","Playlist","DEE869700880","7fKE1svR1JOPtNHBthtpR8"
"Kleine Seen","Purple Schulz","Verliebte Jungs","Deutsch","Playlist","DEA348500350","72Dyzhhg7Tl38MP6TYrgU5"
"Bis wir uns wiederseh'n","Münchener Freiheit","Fantasie","Deutsch","Playlist","DEE869700876","7eAZgnEueDKrf7iNDLoBt6"
"Da Da Da ich lieb dich nicht du liebst mich nicht Aha Aha Aha - Lange Version","Trio","Trio","Deutsch","Playlist","DEF078202720","6XLGYUwJPc2IyL6TNnENfl"
"Im Wagen vor mir","Henry Valentino","Meine Schönsten Melodien","Deutsch","Playlist","DEC489400200","0ZvRbLOqsKlHQwshZoGN7H"
"Leuchtturm","Nena","Nena","Deutsch","Playlist","DEE868300027","2hdTQDv5m3tPilprHChrjT"
"Männer - Remastered 2016","Herbert Grönemeyer","4630 Bochum (Remastered 2016)","Deutsch","Playlist","GBLAZ1600830","0o8eQLFcietIkRBK0GflGZ"
"HALLO KLAUS (I wü zruck zu Dir) ZRUCK ZU DIR (Hallo Klaus) - Orginal '83 (weibliche Version)","Nickerbocker & Biene","HALLO KLAUS (i wü zruck zu Dir) - ZRUCK ZU DIR (Hallo Klaus)","Deutsch","Playlist","ATT238200120","5OsHWD22P4lg2wP58C6mCw"
"Major Tom (...völlig losgelöst)","Peter Schilling","Von Anfang An...Bis Jetzt !","Deutsch","Playlist","DEA629252500","6lXKNdOsnaLv9LwulZbxNl"
"99 Luftballons","Nena","99 Luftballons","Deutsch","Playlist","DEE868300011","6HA97v4wEGQ5TUClRM0XLc"
"Ich will Spass","Markus","Best Of","Deutsch","Playlist","DEE868200035","7nm6a7k5eCmKPC9t3Bykzb"
"Jenseits von Eden - Single Version","Nino de Angelo","Best Of Nino De Angelo","Deutsch","Playlist","DEF068303200","3RjWY9ALtkJwDwr6nThKlo"
"Macho Macho","Rainhard Fendrich","Strada ....Austria","Deutsch","Playlist","DEC718800092","0452RJtOsLHon9d1EdzPnC"
"Bruttosozialprodukt","Geier Sturzflug","Heiße Zeiten","Deutsch","Playlist","DEA818300013","5VQ8B15e6JHXk5Qi9h9inv"
"Schickeria","Spider Murphy Gang","Greatest Hits","Deutsch","Playlist","DEA348101052","1Zrp7X6zEn6VxLVdQ00Izl"
"Eiszeit","Ideal","Der Ernst des Lebens","Deutsch","Playlist","DEA629260630","4WOGvfip17yNBmLpPSZWBV"
"Bataillon d'amour","Silly","Die Original Amiga Alben","Deutsch","Playlist","DEC719400339","6oJMY5A7zxjuuRDpSpv9ez"
"Zu nah am Feuer","Stefan Waggershausen","Tabu","Deutsch","Playlist","DEM591808001","17Kn7Sfe7zsPM1MfOiXGGB"
"Wenn ein Mensch lebt","Puhdys","Die 100 besten Ostsongs (Die radio eins Top 100 Hits)","Deutsch","Playlist","DEC719400254","5TXjpoGaoO5DTkgrBshl5T"
"Kling Klang","Keimzeit","Die 100 besten Ostsongs (Die radio eins Top 100 Hits)","Deutsch","Playlist","DEC739300274","4Vlz5k5Yc9wUim8PU87jIY"
"Kinder an die Macht - Remastered 2016","Herbert Grönemeyer","Sprünge (Remastered 2016)","Deutsch","Playlist","GBLAZ1600865","19w8ChnDiyS5Jcj8TLBX6O"
"Amigo Charly Brown","Benny","50 Jahre ZDF Hitparade, Vol. 2","Deutsch","Playlist","DEC737500002","0i8qbAWiNdMX7DdsQ88M1P"
"Hallo, Herr Nachbar","Cindy Berger","Von Zeit Zu Zeit","Deutsch","Playlist","DEW330810017","6CPNnjJst54geTSXjbYXdQ"
"Josie","Peter Maffay","Meine Freiheit","Deutsch","Playlist","DEA817500065","22Kw9zlfCNZe07YWvnK5Qh"
"Du gehst fort (Tu T'En Vas) - Digital Remaster","Adam & Eve","Schlager & Stars","Deutsch","Playlist","DEA340401327","1rV5u685CRkq5Bl1TXx1uv"
"Ohne Dich (schlaf' ich heut Nacht nicht ein)","Münchener Freiheit","Best Of Münchener Freiheit","Deutsch","Playlist","DEE868500072","6v9XhivN2PCrVsIW0U7sVk"
"Es gibt kein nächstes Mal","Münchener Freiheit","Best Of Münchener Freiheit","Deutsch","Playlist","DEE869700881","1UMOloVdcUiD2AcrVEUseh"
"Solang' man Träume noch leben kann","Münchener Freiheit","Best Of Münchener Freiheit","Deutsch","Playlist","DEE869700867","2muRbXf7h5nr5kFsv2bSIl"
"So Heiß","Münchener Freiheit","Best Of Münchener Freiheit","Deutsch","Playlist","DEE869700872","3pQ9unmqXwDuVSdbb1dTjX"
"Ich will Dich nochmal","Münchener Freiheit","Best Of Münchener Freiheit","Deutsch","Playlist","DEE869700878","0rqulg5HBe0m5SUkYoMJeh"
"Bis wir uns wiederseh'n","Münchener Freiheit","Best Of Münchener Freiheit","Deutsch","Playlist","DEE869700876","7v1T0XjWGS5HGu0Kn0rcu4"
"Komm Zurück","Münchener Freiheit","Best Of Münchener Freiheit","Deutsch","Playlist","DEE869700871","0xHyME5zLidOMoxKd2aUhe"
"Verlieben Verlieren","Münchener Freiheit","Purpurmond","Deutsch","Playlist","DEE869700873","3BVsXBcB0d67VEIX44h5uD"
"Blumen aus Eis","Heinz Rudolf Kunze","MEISTERWERKE:VERBEUGUNGEN","Deutsch","Playlist","DEA811600981","71hbieT13LcdYY6COkLFBe"
"Die Welt steht auf Pause","Adel Tawil","Spiegelbild","Deutsch","Playlist","DELV42100597","0xAij1Uf2yqEj0PHbgJZ6b"
"Ist da jemand","Adel Tawil","So schön anders (Deluxe Version)","Deutsch","Playlist","DEUM71702797","5JOWt9Yhx9JjUJpttz1Uxp"
"Unsterblich","Baschi","Auf grosser Fahrt","Deutsch","Playlist","CHUM71000139","3fHXjvWD0VnUCR6l1n6erb"
"Sonne in der Nacht","Peter Maffay","BAMS 80er - Deutsch Rock","Deutsch","Playlist","DEA818500020","3W7vuxEpcvr6EzXfCfxm3J"
"Das erste Mal tat's noch weh (Les histoires d'amour)","Stefan Waggershausen","Tief im Süden meines Herzens","Deutsch","Playlist","DEM590300207","6ZknmWa9VVSFDjGudcrktZ"
"Das Würfelspiel","Juliane Werding","Sehnsucht ist unheilbar","Deutsch","Playlist","DEA629253240","25T7Jht5q5cFsRqqOB0jpc"
"Horizont","Udo Lindenberg","Phönix (Remastered)","Deutsch","Playlist","DEF068604820","6oXjl47yMZ8AigDIqyMx0I"
"Aller Herren Länder","Heinz Rudolf Kunze","Korrekt","Deutsch","Playlist","DEA629851520","7po1h1swSVjeJdz5Xrs8Se"
"Airport (Dich wiedersehn)","Udo Lindenberg","CasaNova (Remastered)","Deutsch","Playlist","DEF068807520","0e7lzmD4LnSegnbDsAOgga"
"Herz aus Glas","Münchener Freiheit","Traumziel","Deutsch","Playlist","DEE868600197","3tHGXFRaArjFl71kq0HppD"
"Alles em Lot","BAP","X Für 'E u","Deutsch","Playlist","DEA349001134","1iziqj3VlK46yCngz0ldcO"
"Ein Herz kann man nicht reparieren","Udo Lindenberg","Ich will dich haben (Remastered)","Deutsch","Playlist","DEF069015020","6rDpddP9TCGQ48LsUcHe8o"
"Schwanenkönig","Karat","Original Album Classics","Deutsch","Playlist","DEC739400800","1xcYHxvuXpIEx7b0RvGOec"
"So bist du","Peter Maffay","Steppenwolf","Deutsch","Playlist","DEA817900048","3a5Pk82SnxIfGbuu78jCGp"
"Finden Sie Mabel","Heinz Rudolf Kunze","Wunderkinder","Deutsch","Playlist","DEA629351370","2JEOKmv4OkUesOaNLJrUY1"
"Ich liebe dich","Clowns & Helden","Von beteuerten Gefühlen und anderer Kälte","Deutsch","Playlist","DEA622101291","55vsxM4S3ee8UR21ePsHfJ"
"Meine eigenen Wege","Heinz Rudolf Kunze","Einer Fuer Alle","Deutsch","Playlist","DEA620001272","2YQcpETnzieI00fF6MtnBC"
"Hab den Mond mit der Hand berührt","Karat","Original Album Classics","Deutsch","Playlist","DEC730000075","3PCDliMHdFe1fhQbcUu1JI"
"Jugendliebe","Ute Freudenberg","Das Beste der DDR","Deutsch","Playlist","DEC719400514","4RiJvobUGlKXqOvt9AFnsx"
"Zeit, die nie vergeht","Perl","Rock-Bilanz 1985","Deutsch","Playlist","DEC719400502","6mPpWZer5ufsJkEqHdXurC"
"König der Welt","Karat","Original Album Classics","Deutsch","Playlist","DEC719400233","60mlA5fgRr1WPtlh8uI4aL"
"I.L.D.","Rockhaus","Das Beste","Deutsch","Playlist","DEC719400224","7Fg6Tp3ZBJ7W347Ted9zQO"
"Das Buch","Puhdys","Das Buch","Deutsch","Playlist","DEC719400295","17wPHtdxprys7JYfBbv6dy"
"Starke Gefühle","Juliane Werding","Tarot","Deutsch","Playlist","DEA620102116","4Qmw3WjhGemnO7x2acBBci"
"Verlorene Kinder","Silly","Original Album Classics","Deutsch","Playlist","DEC738900006","14QB7XOnkuH2vKYePtAqOz"
"Dich zu lieben","Roland Kaiser","Dich zu lieben","Deutsch","Playlist","DEC738100004","04Gctkyr8En3h8GgZQ4n6z"
"Katzen bei Nacht","Petra Zieger","Best","Deutsch","Playlist","DEC730000144","1901xPnGvk8RaviQ0H0Z1s"
"Dein Herz","IC","Portrait 1985 - 1995","Deutsch","Playlist","DEC719400523","4WAsWINxw9Sk2I9j6s5y6I"
"Sagte mal ein Dichter","Holger Biege","Wenn der Abend kommt/Circulus","Deutsch","Playlist","DEC739400588","3kFnJf7mrEViUydEA0kkFQ"
"Der blaue Planet","Karat","Das Beste aus der DDR - Teil 1 - Rock","Deutsch","Playlist","DEC730000071","1yLptMB50QiuHVrhJ0t4Ed"
"Gewitterregen","Karat","Original Album Classics","Deutsch","Playlist","DEC719400231","5BARFfuVHNT0p5rAkyzsdf"
"Sag ihr auch","Gerd Christian","Die großen Erfolge","Deutsch","Playlist","DEC739900161","30GOWQun854bqDGHjGLAZF"
"S.O.S.","Münchener Freiheit","Tausend Mal Du","Deutsch","Playlist","DEE868400097","62cf7zcZd21a1pbMDybvDi"
"Verliebte Jungs","Purple Schulz","Verliebte Jungs","Deutsch","Playlist","DEA348500348","5Rugk3pKgC2yMo8jKQdStl"
"Immer so","Karat","Karat - Die große Jubiläums-Edition","Deutsch","Playlist","DEC730400245","4X5onrK9IcmwpSW3CUT7ak"
"Als ich fortging","Karussell","Café Anonym (25th Anniversary Edition)","Deutsch","Playlist","DEC730300324","1WINcEKbdMkFHF1px8uzEG"
"Ich sterbe nicht nochmal","Nino de Angelo","Doch Tränen Wirst Du Niemals Sehen","Deutsch","Playlist","DEF068207610","4tWeVjIMjooguH1l3v25L8"
"Doch Tränen wirst du niemals sehen","Nino de Angelo","Doch Tränen Wirst Du Niemals Sehen","Deutsch","Playlist","DEF068704880","56BtB13rmMYcseo7uhuzp9"
"Vielleicht irgendwann","Juliane Werding","Jenseits Der Nacht","Deutsch","Playlist","DEA629253280","40WPHPmBAWooaKaduc1AgW"
"Hand in Hand","Klaus Lage","Lieben Und Lügen (Remastered)","Deutsch","Playlist","DEA340700810","0r4kGNjGndliF7oluDU0kZ"
"Liebe Pur","Cora","Cora pur","Deutsch","Playlist","DEH840500789","0SqAMXXK6NAxis76Mopxkg"
"Wem... - Single Version","Howard Carpendale","Bilder meines Lebens","Deutsch","Playlist","DEA348100022","5weG5CeDLWZuM26U3dhiqU"
"Midnight Lady (Einsam so wie ich)","Roland Kaiser","Ich will Dich","Deutsch","Playlist","DEC738600012","6MTucrV9skAFRZNexb5IkT"
"Extreme","Roland Kaiser","Geschenk Edition","Deutsch","Playlist","DEC739800018","2oYv5p4zVz2ENLikDdGRMS"
"Samstag Nacht","Howard Carpendale","Seine Grossen Erfolge","Deutsch","Playlist","DEA348400417","62ksYS9QhtArjw61P6VOcy"
"Engel und Teufel, Luisa","Nino de Angelo","Doch Tränen Wirst Du Niemals Sehen","Deutsch","Playlist","DEF068207640","7smbT8kbBonLUlm8dT2qzp"
"Das erste Mal im Leben","Andreas Martin","... Was man Liebe nennt","Deutsch","Playlist","DEA411109020","5NHSPVWxFNEhaWVXuJsdRX"
"Laura Jane","Howard Carpendale","Seine Grossen Erfolge","Deutsch","Playlist","DEA349502738","126I6oKigcv1XWHlF4DHar"
"Shine On (Der Regen von New York)","Howard Carpendale","Seine Grossen Erfolge","Deutsch","Playlist","DEA348500759","2egVHrXylF07L81RgvOBVl"
"Fremder Mann","Marianne Rosenberg","Er gehört zu mir","Deutsch","Playlist","DEC737100004","7fPnGa3ZMKkmKytg8AD5iZ"
"Tränen lügen nicht","Michael Holm","Tränen lügen nicht - Lieder zum Träumen","Deutsch","Playlist","DEA817400024","7FL8rXZpPRLxVygZMlzypJ"
"Verdammt","Wolfgang Ziegler","Überholen ohne einzuholen","Deutsch","Playlist","DEC719400541","4olP2B2DkL1VlGdOjLs4xz"
"Hier fing alles an","Roland Kaiser","Herz über Kopf","Deutsch","Playlist","DEC738500006","5DYRRShB7yOQ8HNURKHdaP"
"Sag ihm, dass ich dich liebe","Roland Kaiser","Geschenk Edition","Deutsch","Playlist","DEC739600479","2WwXoKotheUec8FjONuA7q"
"Geh vorbei","Marianne Rosenberg","Hautnah - Die Geschichten meiner Stars","Deutsch","Playlist","DEC738900013","0d3uwIo23ZNMD3FPMDtLGz"
"Wie frei willst du sein?","Howard Carpendale","Bilder meines Lebens","Deutsch","Playlist","DEA347901391","3QZ75r6QiBxYBA19rr0hZz"
"Nie zuvor","Electra","Die Hits","Deutsch","Playlist","DEC719400506","2klV9w6SNOCY47hDeTqWqs"
"Flieg mit mir zu den Sternen","Roland Kaiser","Ich fühl' mich wohl in deinem Leben","Deutsch","Playlist","DEC738400007","5Wj1tU5Nt72JUfJSLCVdB4"
"Reif für die Insel","Peter Cornelius","Reif für die Insel","Deutsch","Playlist","DEF078102520","386i0eN1Vy3jSFamznOEui"
"Lieb mich ein letztes Mal","Roland Kaiser","Dich zu lieben","Deutsch","Playlist","DEC738100003","45IMcjIugfYp1P4jbKzgAB"
"Schade","Howard Carpendale","Bilder meines Lebens","Deutsch","Playlist","DEA348402021","4RUeiGJ7Ug2mYnhdMgpX5a"
"Lieder der Nacht","Marianne Rosenberg","Er gehört zu mir","Deutsch","Playlist","DEC737600005","3SrOQHwkuDhfYDxiDix0Zi"
"Du Fängst Den Wind Niemals Ein","Howard Carpendale","Seine Grossen Erfolge","Deutsch","Playlist","DEA347401403","5zpUMHhSuGRmov5NI9lRO1"
"Bis zum nächsten Mal","Roland Kaiser","Seitenblicke","Deutsch","Playlist","DEC738800067","0HHvIEcpXEUSdJy2U6or9A"
"Die Gefühle sind frei","Roland Kaiser","Gefühle sind frei","Deutsch","Playlist","DEC739900866","0rfz72flpkyA8jshf1Tsnk"
"Wohin gehst du","Roland Kaiser","In Gedanken bei Dir","Deutsch","Playlist","DEC738200001","7HwpW4FqEbYd3kUF67bhVz"
"... dann geh doch..","Howard Carpendale","Seine Grossen Erfolge","Deutsch","Playlist","DEA347800149","7osypuNc69H6myJ4smkIct"
"Will Ich's Oder Will Ich Es Nicht","Kim Fisher","Jetzt!","Deutsch","Playlist","DEA349601241","5N0NB9lyoNbfZRwFtMX1t3"
"Joana","Roland Kaiser","Für Dich","Deutsch","Playlist","DEC739900861","4HRtevJUIf3h4vcc0LXL4Q"
"Es geht um mehr","Howard Carpendale","Seine Grossen Erfolge","Deutsch","Playlist","DEA349502735","2ziE5Z5cud1kkIT06ZYmIj"
"Ein weißes Blatt'l Papier","Relax","Best Of Relax","Deutsch","Playlist","DEA818400016","7GqgZAFTXyP00HWZ3LBtHH"
"Flieger","Nino de Angelo","Flieger","Deutsch","Playlist","DEA629251610","1NykPmcn7onKXOX6epi4ag"
"Deine Spuren im Sand","Howard Carpendale","Seine Grossen Erfolge","Deutsch","Playlist","DEA347401575","5pEIbe2zl5wqbyjWUiXAdb"
"Es fährt ein Zug nach nirgendwo","Christian Anders","Es fährt ein Zug nach Nirgendwo (Expanded Edition)","Deutsch","Playlist","DEUM71402060","385BL9eNjryVLEcc8YbkoE"
"Wegen dir","Nicki","Mein Hitalbum","Deutsch","Playlist","DEG128600106","3EiuQJheZ6bEBTqksH1Ez3"
"Nimm den nächsten Zug","Howard Carpendale","Seine Grossen Erfolge","Deutsch","Playlist","DEA349502730","7zOJY2Au0HnfylPbTOUkCL"
"Segel im Wind","Peter Cornelius","Süchtig","Deutsch","Playlist","ATC831500003","4XYDVON5SxBtw1gFwqyA22"
"A weisses Blatt'l Papier - 1993 Version","Relax","Das Beste vom Besten","Deutsch","Playlist","DEA609300271","552FJeoHHKND6lnMxPeWqR"
"Du entschuldige - i kenn' di","Peter Cornelius","Zwei","Deutsch","Playlist","DEF078002590","0rJ6zR9AFRCSJBxYBGIXhA"
"Fremde oder Freunde","Howard Carpendale","40 Hits - Die Originale !","Deutsch","Playlist","DEA340301371","6fFCFEX3FeuqG3c1kRzXCS"
"Ti Amo","Howard Carpendale","Seine Grossen Erfolge","Deutsch","Playlist","DEA347702332","1CKihAZUQIsMAlVHgqlRaf"
"Nenn es Liebe oder Wahnsinn","Michelle","Nenn Es Liebe Oder Wahnsinn","Deutsch","Playlist","DEA349800429","2X4WeSme3nJJRf3MXnMZx9"
"Servus, mach's guat - Single Version","Nicki","Mein Hitalbum","Deutsch","Playlist","DEG128600206","5uoqvrRY3iD1xTlTqhCWlZ"
"Mr. Paul McCartney","Marianne Rosenberg","Er gehört zu mir","Deutsch","Playlist","DEC736900001","5lbaajnvUremLZRFsNkImi"
"Lebenslänglich du - Radio Version","Roland Kaiser","Südlich von mir","Deutsch","Playlist","DEC739200059","4S44lh3LvjHTBHZftrgT95"
"Sag niemals nie","Roland Kaiser","Südlich von mir","Deutsch","Playlist","DEC739200083","5d9wcHoaKetGfNLHyYzAbR"
"Sag nicht, es war einmal - Essential 2","Howard Carpendale","Bilder meines Lebens","Deutsch","Playlist","DEA347800457","23VCQk5wvJUtIhsIXmVi1h"
"Wer von uns","Howard Carpendale","Bilder meines Lebens","Deutsch","Playlist","DEA348100051","54P7x3VxYoFhikoMGVMZdn"
"Wirst du noch da sein","Michelle","So Was Wie Liebe","Deutsch","Playlist","DEA340000460","4OssvAPUZxVAPO4xJgkUlA"
"Am Ende bleiben Tränen (Tu cosa fai stasera)","Roland Kaiser","Dich zu lieben","Deutsch","Playlist","DEC738100021","1qtTEigEsHneIwrti2eGh0"
"Na und","Howard Carpendale","20 Uhr 10","Deutsch","Playlist","DEUM70708294","4GLhffJYjh8xiteTapqJcx"
"Warum hast Du nicht nein gesagt","Roland Kaiser","Seelenbahnen","Deutsch","Playlist","DEA811400407","4omRd4BJaHglIrmJeUttJl"
"Wären Tränen aus Gold","Marianne Rosenberg","Er gehört zu mir","Deutsch","Playlist","DEC737400012","2wfbBu7T162VvzWTVwdbgA"
"Fremde oder Freunde - Essential 2","Howard Carpendale","Seine Grossen Erfolge","Deutsch","Playlist","DEA347600382","14pQhSkJBRLIhEZdlpoYRE"
"Frauen","Roland Kaiser","Frauen","Deutsch","Playlist","DEC738900021","5PmsBFt4R7YqH79LNsBmqj"
"Du bist nicht mehr wie sonst zu mir","Howard Carpendale","Welthits zum Träumen","Deutsch","Playlist","DEF069215480","4fN8ooO4cXd463X2WY7kBX"
"Wie frei willst du sein?","Howard Carpendale","Symphonie meines Lebens 2","Deutsch","Playlist","DEUM72003770","6N9e1ydSYswh1AnG9MSBci"
"Frei, das heißt allein (Verde)","Roland Kaiser","Verde - Frei, das heißt allein","Deutsch","Playlist","DEC739900865","3gfEc4iGMU1IreCsFUaxfz"
"...Dann geh' doch","Howard Carpendale","Viel zu lang gewartet (Tour Edition)","Deutsch","Playlist","DEN120303481","1vy7eCU61y5LW1OomzgEAr"
"Weil du anders bist - Cosi diversi noi","Klaus Lage & Irene Grandi","Katz & Maus","Deutsch","Playlist","DEA619451761","3K8ETxYvwVbgP7Tu0wRB98"
"Kleiner Vogel","Monika Herz","Herzlichst","Deutsch","Playlist","DEC739500225","3X2n29rcAkq3q5AFjiarWl"
"Kalter Rauch","Karat","Original Album Classics","Deutsch","Playlist","DEC730000073","23nfTeoK9WhrTkIGHZ5rVE"
"Anfang und Ende","Roland Kaiser","Gefühle sind frei","Deutsch","Playlist","DEC738300004","5Yf7VtQhT8Ne6Wkto18WoQ"
"Marleen - Radio Version","Marianne Rosenberg","Marleen","Deutsch","Playlist","DEH590400099","0Y8L1fmwtdhfozFHETYzQT"
"Wenn d' Sehnsucht brennt","Nicki","Ganz oder gar net","Deutsch","Playlist","DEG128600104","73f2hsd0ejkkN8PPk3rmQ5"
"So was wie Liebe","Michelle","So Was Wie Liebe","Deutsch","Playlist","DEA340000463","5xP015BwzcMmlVCIhbAGGn"
"Ganz oder gar net","Nicki","Ganz oder gar net","Deutsch","Playlist","DEG128600110","2UV9m5kotaZwOf8kE3rdmH"
"Zeit, die nie vergeht","Perl","Das Beste aus der DDR - Teil 1 - Rock","Deutsch","Playlist","DEC719400502","2RivKNtruC0DLQ2nmzHRCK"
"Es geht um mehr","Howard Carpendale","40 Hits - Die Originale !","Deutsch","Playlist","DEA340301378","1JltVj1s8JoXqB11JSfXID"
"Tears of Ice","Bolland & Bolland","Brotherology","Deutsch","Playlist","DEA618750040","7pd1IiHL9O6iIW8XVcPpJ4"
"Ich will den Morgen mit dir erleben","Howard Carpendale","Seine Grossen Erfolge","Deutsch","Playlist","DEA349500094","3F2yR190hqrziAHiVASuTH"
"Sag ihm, dass du gehst","Howard Carpendale","40 Hits - Die Originale !","Deutsch","Playlist","DEA340301377","3UYfA4KOXR83YgG603zeHF"
"Nachts, wenn alles schläft","Howard Carpendale","Seine Grossen Erfolge","Deutsch","Playlist","DEA347900509","4AG4MNl8EvTuMrtQytacPc"
"Sehnsucht ist unheilbar","Juliane Werding","Sehnsucht ist unheilbar","Deutsch","Playlist","DEA629253220","7aq18SdztU5YTkj85G10b1"
"Haut an Haut","Roland Kaiser","Auf dem Weg zu Dir","Deutsch","Playlist","DEC738700026","3Ix1z3xlHxHJxnzdgAtgnQ"
"Ganz oder gar nicht","Roland Kaiser","Verrückt nach Dir","Deutsch","Playlist","DEC739300175","2jtbJCDhVmnauEQAuTzpcY"
"Un amore grande","Roland Kaiser","Herzzeit","Deutsch","Playlist","DEC739900867","2Fj5udMzYHHStXVdWaDb73"
"Amore amore","Roland Kaiser","Herz über Kopf","Deutsch","Playlist","DEC738500023","7ED01CA2k2e5ZpdadVxDBZ"
"Du bist doch noch hier","Howard Carpendale","Der richtige Moment","Deutsch","Playlist","DEN120300992","0z507JeFnBrYU6K1tatVzw"
"Viva l'amor","Roland Kaiser","Herzzeit","Deutsch","Playlist","DEC739000019","3NR9Zgfu1hEzIkUFqjVYQe"
"Du bist das Letzte...","Howard Carpendale","Let's Do It Again","Deutsch","Playlist","DEUM72300684","281JWt5Z7n9DOQagy2N3F4"
"Warum tanzt du so allein","Howard Carpendale","Let's Do It Again","Deutsch","Playlist","DEUM72303982","1aNDwdpvbhIA6xjzEgEYLb"
"Wunderland","IC","Portrait 1985 - 1995","Deutsch","Playlist","DEC739500160","7jgU9O2PO2b2Spvkek7iL1"
"Alles was du willst","Roland Kaiser","Das Beste","Deutsch","Playlist","DEZ040400076","61tj5lVUySji71o0L9YKTL"
"Er gehört zu mir","Marianne Rosenberg","Er gehört zu mir","Deutsch","Playlist","DEC737500013","6COzABVCHQzyvc3rTMtrXn"
"Steig nicht aus","Klaus Lage","Amtlich! (Remastered)","Deutsch","Playlist","DEA340700772","0LXUidf1vphHh0ZTA4g2W0"
"Traumzeit","Petra Zieger","Best","Deutsch","Playlist","DEC719400542","321yy33q5dOo22Rf5gOfHE"
"Wer Liebe lebt - Single Version","Michelle","Wer Liebe Lebt","Deutsch","Playlist","DEA340002407","0MAoOpiamwvXSEgcWkeII2"
"Idiot","Michelle","Rouge","Deutsch","Playlist","DEA340200928","4GK2HN2CyBq3cGDSbkqVqr"
"Tauch in mich hinein","Michelle","Nenn Es Liebe Oder Wahnsinn","Deutsch","Playlist","DEA349800425","2vtH797XIqNTy1Fz94ailK"
"Mit dir verschwend' ich meine Zeit","Howard Carpendale","Lust auf mehr ...","Deutsch","Playlist","DEF069805820","3lKscjNDwTYcT8tCG7oP6o"
"Es kann der Frömmste nicht in Frieden leben","Roland Kaiser","Für Dich","Deutsch","Playlist","DEC739900862","2mAVAYalqSbLWLLfmNDve7"
"Das ist unsere Zeit","Howard Carpendale","Das ist unsere Zeit","Deutsch","Playlist","DEUM71500153","3sBM78BPliGXJWXg034nm8"
"Hey, versuch's noch mal mit mir","Howard Carpendale","Ich bin da!","Deutsch","Playlist","DEF069318170","76qorKCKtENiveERIeguZt"
"Lieb mich ein letztes Mal","Roland Kaiser","Das Beste","Deutsch","Playlist","DEZ040400078","4XTvevkXWxRZr7BGXvUfLe"
"Lisa ist da","Howard Carpendale","Bilder meines Lebens","Deutsch","Playlist","DEA348600324","6CpidMl0dfS8Pk7lTvxdGh"
"Stimmen im Wind","Juliane Werding","Sehnsucht ist unheilbar","Deutsch","Playlist","DEA629253260","0swD6DCpBdolN97nsBOR56"
"Mit viel, viel Herz","Howard Carpendale","Mit viel, viel Herz","Deutsch","Playlist","DEF069203960","7kRvLoEdsokpmyAs8hTI2X"
"Ruf mich an","Howard Carpendale","Alles O.K.","Deutsch","Playlist","DEN120003547","6xCeg8hYy1tlBuAvZr6qOg"
"Weil i di mog - 1993 Version","Relax","Das Beste vom Besten","Deutsch","Playlist","DEA609300266","26qFFcaHoVxgfpBUShjyIP"
"Einmal noch und immer wieder","Heinz Rudolf Kunze","Protest","Deutsch","Playlist","DEA810801849","3DVuE9JcQMeAMDyHLKMbqr"
"Überdosis Glück","Fux","Überdosis Glück","Deutsch","Playlist","FR96X1740918","5k4BYKtmVsAAFNaeIQMawB"
"Eine Nacht in New York City","Howard Carpendale","20 Uhr 10","Deutsch","Playlist","DEUM70708539","5SKbBxLq7q6TiXHqro9vag"
"Amore Mio","Roland Kaiser","Etwas von mir","Deutsch","Playlist","DEC737900017","4jol2ZNT6DEDypmW9ZMJLy"
"Die Liebe bleibt","Klaus Lage","Rauhe Bilder","Deutsch","Playlist","DEA340700789","1E9IRb4OATa8sRcHkoJYV6"
"Im 5. Element","Roland Kaiser","Frauen","Deutsch","Playlist","DEC738900070","4qzKXxOQeHjxJE9ZZIdS2Q"
"Jede Stunde","Karat","Überholen ohne einzuholen","Deutsch","Playlist","DEC719400352","4EEglLQr5wkIHWTLdewOPr"
"Mont Klamott","Silly","Mont Klamott","Deutsch","Playlist","DEC731000065","1Za8CMYs6BM4HERegfb2Ce"
"Wie weit ist es bis ans Ende dieser Welt","Ute Freudenberg","Überholen ohne einzuholen","Deutsch","Playlist","DEC719400554","7u4xvtUTV5f9WK8xXZ20De"
"Heute und hier","Roland Kaiser","Heute und Hier","Deutsch","Playlist","DEC739400206","2w7TBpNXPYJ12ujdxqJxEC"
"Bist du auch so einsam wie ich","Roland Kaiser","Heute und Hier","Deutsch","Playlist","DEC739400227","1uujZ0mGXGktFCi0xaAMkm"
"Alles was du willst","Roland Kaiser","Heute und Hier","Deutsch","Playlist","DEC739500036","72YV62SZ15H7NfR5NTOKVv"
"Die Gefühle sind frei","Roland Kaiser","Die großen Erfolge","Deutsch","Playlist","DEC739900866","6gTI0TkDSBtyJr7e2qGaZc"
"Joana","Roland Kaiser","Die großen Erfolge","Deutsch","Playlist","DEC739900861","5xofqZu5VoLiFbjqjICMaw"
"Wohin gehst du","Roland Kaiser","Lebenslänglich","Deutsch","Playlist","DEC738200001","309O2UeLY1mxu1D56mJhDi"
"Flieg mit mir zu den Sternen","Roland Kaiser","Lebenslänglich","Deutsch","Playlist","DEC738400007","1AWnLvQqOzQKpH2K2GK5Hx"
"Die Gefühle sind frei","Roland Kaiser","Lebenslänglich","Deutsch","Playlist","DEC739900866","7tBveb9b1heFr11S2X3JQP"
"Hier fing alles an","Roland Kaiser","Lebenslänglich","Deutsch","Playlist","DEC738500006","6KaOAqQwZGUc8jaUPOS4sT"
"Anfang und Ende","Roland Kaiser","Lebenslänglich","Deutsch","Playlist","DEC738300004","0RW9PEd7asodM08ksz1Rnv"
"Tief in mir","Roland Kaiser","Lebenslänglich","Deutsch","Playlist","DEC738300005","6XcKjvt58SQbc4IACylKjc"
"Streicheleinheiten","Peter Cornelius","Reif für die Insel","Deutsch","Playlist","DEF078102490","2k3WvX85JLrdJH9uSfqEQh"
"Santa Maria","Roland Kaiser","Lebenslänglich","Deutsch","Playlist","DEC738000001","7ny0QCxIDtIzJq5VMKE6gz"
"Lieb mich ein letztes Mal","Roland Kaiser","Lebenslänglich","Deutsch","Playlist","DEC738100003","1COeLQqrBt9jhSyTITpBtn"
"Frei, das heißt allein (Verde)","Roland Kaiser","Lebenslänglich","Deutsch","Playlist","DEC739900865","6YBRfTvdQgSKJvfjWGrkxi"
"Seitenblicke","Roland Kaiser","Lebenslänglich","Deutsch","Playlist","DEC738800055","2VI208dIUIH0YjKuqIEDcT"
"Zieh mit dem Wind","Roland Kaiser","Lebenslänglich","Deutsch","Playlist","DEC738400012","6NNzYcu8UFgTthHxouku5X"
"Dich zu lieben","Roland Kaiser","Lebenslänglich","Deutsch","Playlist","DEC738100004","2z4CXWyUUHcyB3A8IV2Zwr"
"War das eine Nacht","Roland Kaiser","Lebenslänglich","Deutsch","Playlist","DEC738400011","2AzzpuXd75afpkdVqnmG4e"
"Sieben Fässer Wein","Roland Kaiser","Lebenslänglich","Deutsch","Playlist","DEC737700003","2H3q4cUDb9l5mGRn1yfL9s"
"Amore mio","Roland Kaiser","Lebenslänglich","Deutsch","Playlist","DEC739900859","55U1vcejGLhd2985Hmo8tt"
"Schachmatt","Roland Kaiser","Lebenslänglich","Deutsch","Playlist","DEC737900001","0M6HnGh9wkd3eJk7el8Ieu"
"Lebenslänglich du - Radio Version","Roland Kaiser","Lebenslänglich","Deutsch","Playlist","DEC739200059","25NPMnZ3FrZ2h74WwsmLUq"
"Manchmal möchte ich schon mit dir","Roland Kaiser","Lebenslänglich","Deutsch","Playlist","DEC738200005","1IdRpplrsI2cvFGXHeBAVR"
"Ich will dich (Temptation)","Roland Kaiser","Lebenslänglich","Deutsch","Playlist","DEC738300001","6qPn86Jzf1cfl8GYsA2WdO"
"Du wirst weinen","Roland Kaiser","Lebenslänglich","Deutsch","Playlist","DEC738300006","34PG3oGWKLhqSmv8a8NuHv"
"Joana","Roland Kaiser","Lebenslänglich","Deutsch","Playlist","DEC739900861","79XArQEmQIS5YKGQopUXqH"
"Midnight Lady (Einsam so wie ich)","Roland Kaiser","Lebenslänglich","Deutsch","Playlist","DEC738600012","4FFn1lGhic9k7DT9zHbLOS"
"Im Dunkel der Nacht (I'm Born Again)","Roland Kaiser","Lebenslänglich","Deutsch","Playlist","DEC737900011","2yRstC5v1qRogsLAVWi2Gx"
"Es kann der Frömmste nicht in Frieden leben","Roland Kaiser","Lebenslänglich","Deutsch","Playlist","DEC739900862","6TdGftTXQlJvNn8iTr4NYW"
"Amore amore","Roland Kaiser","Lebenslänglich","Deutsch","Playlist","DEC738500023","5T3NCjz9YL71QRDhG4ZznS"
"Sie lebt in Dir","Roland Kaiser","Lebenslänglich","Deutsch","Playlist","DEC738600017","2FT03FoZFi991c77V7GUEn"
"Wind auf der Haut und Lisa","Roland Kaiser","Lebenslänglich","Deutsch","Playlist","DEC739100001","1w9WqYqwNzdQpzL291n5At"
"Unerreichbar nah","Roland Kaiser","Lebenslänglich","Deutsch","Playlist","DEC738700032","5tQ2IqlozL2uooHWqiVwSK"
"Ich glaub es geht schon wieder los","Roland Kaiser","Lebenslänglich","Deutsch","Playlist","DEC738800002","1h4oA8peXQ2vWXicplZhVZ"
"Frauen","Roland Kaiser","Lebenslänglich","Deutsch","Playlist","DEC738900021","5mBmD5daHQLOUgSnrzqpD6"
"Im 5. Element - Radio Version","Roland Kaiser","Lebenslänglich","Deutsch","Playlist","DEC738900022","42oH7c1bK7qtuKn38Jk9wP"
"Un amore grande","Roland Kaiser","Lebenslänglich","Deutsch","Playlist","DEC739900867","1eBmY3ZhQRpwfYV57rKfnD"
"Südlich von mir - Long Version","Roland Kaiser","Lebenslänglich","Deutsch","Playlist","DEC739900864","0QY3jUrgIacH9rQVwD6xsg"
"Viva l'amor","Roland Kaiser","Lebenslänglich","Deutsch","Playlist","DEC739000019","0cXNnq94d4MAPdtD2fksOn"
"Alles was du willst","Roland Kaiser","Lebenslänglich","Deutsch","Playlist","DEC739500036","6Sy7tGN8kovt6K96Aw2mUG"
"Haut an Haut","Roland Kaiser","Lebenslänglich","Deutsch","Playlist","DEC738700026","2HldJDlwhxYCH7CJrnNfZW"
"So lieb' ich dich","Roland Kaiser","Lebenslänglich","Deutsch","Playlist","DEC738800056","5M5QNpnhuQaBpkqlvMgMVi"
"Was wäre wenn","Roland Kaiser","Lebenslänglich","Deutsch","Playlist","DEC739300171","7GpyjqqenUouQHIRfMDiZj"
"Willst du wirklich geh'n","Roland Kaiser","Lebenslänglich","Deutsch","Playlist","DEC739600483","50hMFdS5AWOCpjguTAMoDm"
"Heute und hier","Roland Kaiser","Lebenslänglich","Deutsch","Playlist","DEC739400206","5AViYHSjsn4crbcAUdghyJ"
"Du gehst mir unter die Haut","Roland Kaiser","Lebenslänglich","Deutsch","Playlist","DEC738100016","4wALsnuHVYX0WfYe2KtIQu"
"Bevor die nächste Träne fällt","Roland Kaiser","Lebenslänglich","Deutsch","Playlist","DEC737500015","2mLZAvfJlTgFIGkvHl8HAu"
"Liebe ohne Lügen","Roland Kaiser","Lebenslänglich","Deutsch","Playlist","DEC739300169","1EPrC6hLHWXm9tWIuJRfMp"
"Worte, die ich leider nie gesagt","Roland Kaiser","Lebenslänglich","Deutsch","Playlist","DEC738100017","4w7DJAVgXt1ciWHAKe2j79"
"Hab' ich zuviel riskiert","Roland Kaiser","Lebenslänglich","Deutsch","Playlist","DEC738100008","6qpfr30y0Fd0CxnZYrWegQ"
"The Sun Ain't Gonna Shine Anymore (Gefühle gehen manchmal vorbei)","Roland Kaiser","Lebenslänglich","Deutsch","Playlist","DEC739600473","1bVZAOKT9CAitRGscc80wC"
"Summer Wine - Sie sah mich an","Roland Kaiser","Lebenslänglich","Deutsch","Playlist","DEC739600474","0T5rV4fWVos2dMoxyBITrW"
"Verrückt nach dir","Roland Kaiser","Lebenslänglich","Deutsch","Playlist","DEC739300170","4QTvi35IrUHNKVInJbKjDX"
"Ti Amo","Howard Carpendale","Bilder meines Lebens","Deutsch","Playlist","DEA347702332","5EN1kqbfogZx1RoltrtMCw"
"Deine Spuren im Sand","Howard Carpendale","Bilder meines Lebens","Deutsch","Playlist","DEA347401575","2jCKRSodA0qDwe5Ah3tMWM"
"Tür an Tür mit Alice","Howard Carpendale","Bilder meines Lebens","Deutsch","Playlist","DEA347601952","5trVWWefjgbPZhGdl1p9wo"
"Fremde oder Freunde - Essential 2","Howard Carpendale","Bilder meines Lebens","Deutsch","Playlist","DEA347600382","3UqXjFCBtWL12I7qIeMKBk"
"Nimm den nächsten Zug","Howard Carpendale","Bilder meines Lebens","Deutsch","Playlist","DEA347702519","1Dr9jq9cCc7DTUP8mGyaua"
"Auf der langen Reise durch die Nacht - Essential 2","Howard Carpendale","Bilder meines Lebens","Deutsch","Playlist","DEA347701605","6OoMD5QBiuzQk9lViup2vW"
"... dann geh doch..","Howard Carpendale","Bilder meines Lebens","Deutsch","Playlist","DEA347800149","1isenXf0EyN9fPz1M65FER"
"Du Fängst Den Wind Niemals Ein","Howard Carpendale","Bilder meines Lebens","Deutsch","Playlist","DEA347401403","05so0f7cG7ugWp58qLNnQY"
"Da nahm er seine Gitarre","Howard Carpendale","Bilder meines Lebens","Deutsch","Playlist","DEA347301896","4qr7OgtYsFfWdoqsWOExo3"
"... und ich warte auf ein Zeichen - Essential 2","Howard Carpendale","Bilder meines Lebens","Deutsch","Playlist","DEA347500610","3ipWFhi57N3x8JeVgAegpU"
"Rock 'n' Roll und Elvis","Howard Carpendale","Bilder meines Lebens","Deutsch","Playlist","DEA347700706","081i9ERccHmLOzRBw7dDIM"
"Das schöne Mädchen von Seite 1","Howard Carpendale","Bilder meines Lebens","Deutsch","Playlist","DEA347000128","091YUzmywPSrzfcfVLexPn"
"Nachts, wenn alles schläft","Howard Carpendale","Bilder meines Lebens","Deutsch","Playlist","DEA347900509","4ZALSd1nld5fxPhmGN20FU"
"Danielle","Howard Carpendale","Bilder meines Lebens","Deutsch","Playlist","DEA347800005","6cUpIfrfW8ujicFDK1h2Nj"
"Und das nannte er Leben","Howard Carpendale","Bilder meines Lebens","Deutsch","Playlist","DEA347800157","4h7Rvm53U6N18YCbZ4Tuv2"
"Hello Again","Howard Carpendale","Bilder meines Lebens","Deutsch","Playlist","DEA348402001","06fTDU8DR3pTESMgOFXR4T"
"Morgen früh wirst du geh'n - Essential 2","Howard Carpendale","Bilder meines Lebens","Deutsch","Playlist","DEA348200348","5COoMIjc9GpsFwatp2ZY8B"
"Samstag Nacht","Howard Carpendale","Bilder meines Lebens","Deutsch","Playlist","DEA348400417","0bGTTH8rBkAJkWsy2d4yrU"
"Ich will den Morgen mit dir erleben","Howard Carpendale","Bilder meines Lebens","Deutsch","Playlist","DEA348202043","2oylKtKAxj0Lw1ttSnLITj"
"Es geht um mehr","Howard Carpendale","Bilder meines Lebens","Deutsch","Playlist","DEA348000071","2HQEP8pFdw6VoSbAx3Nikq"
"Laura Jane","Howard Carpendale","Bilder meines Lebens","Deutsch","Playlist","DEA348700450","0C06qKDX7SbOy14oD2kw9z"
"Wenn es dich irgendwo gibt","Howard Carpendale","Bilder meines Lebens","Deutsch","Playlist","DEA348500614","0sHxumOEt3eiFSGec02NpK"
"Shine On (Der Regen von New York)","Howard Carpendale","Bilder meines Lebens","Deutsch","Playlist","DEA348500759","29PkOJ5LZZjFVFxqLXCo2r"
"Johannesburg","Howard Carpendale","Bilder meines Lebens","Deutsch","Playlist","DEA347700711","46BNGsTI6IrYB3LqehLAEq"
"Niemand weint für Immer","Howard Carpendale","Bilder meines Lebens","Deutsch","Playlist","DEA348400166","09BUQCN4hwxDICizBLQFRX"
"Sag ihm, dass du gehst...","Howard Carpendale","Bilder meines Lebens","Deutsch","Playlist","DEA348600622","6ICkLAKL0vmOJX1GWQ96RF"
"Wein' doch nicht Jenny","Howard Carpendale","Bilder meines Lebens","Deutsch","Playlist","DEA347400878","0HPzhjTC1a0WXVOpKjhEkE"
"In Chicago","Howard Carpendale","Bilder meines Lebens","Deutsch","Playlist","DEA347000713","5tj0dMfO4ZIhMXf0kOG7Db"
"Piano in der Nacht","Howard Carpendale","Bilder meines Lebens","Deutsch","Playlist","DEA348902439","4xgRhUDtChJeyWC9IWvdLw"
"Lady Cool","Howard Carpendale","Bilder meines Lebens","Deutsch","Playlist","DEA348500617","3zQSeRb1A2a2qzh34SLbIY"
"Du bist meine Insel","Howard Carpendale","Bilder meines Lebens","Deutsch","Playlist","DEA348202044","2a61zYcE7e6XqVLAhRnlk8"
"Noch hast du dein ganzes Leben vor dir","Howard Carpendale","Bilder meines Lebens","Deutsch","Playlist","DEA347600513","404HojVr4k53BcU5MyL6Hb"
"Es war nichts los heut' Nacht","Howard Carpendale","Bilder meines Lebens","Deutsch","Playlist","DEA348400344","1uiqqiUiUH0dd9eYY9g4ME"
"Wolken im Wind","Howard Carpendale","Bilder meines Lebens","Deutsch","Playlist","DEA347900510","7w1f9fxVqnGHmlw3ZtZhvZ"
"Es regnet in Durban","Howard Carpendale","Bilder meines Lebens","Deutsch","Playlist","DEA348400167","0KJqEeu4hyqvfKemBBfmR1"
"Sandy River","Howard Carpendale","Bilder meines Lebens","Deutsch","Playlist","DEA348401006","2371HMOXf4rkylVNba7dr8"
"Gib uns nicht auf","Howard Carpendale","Bilder meines Lebens","Deutsch","Playlist","DEA348202045","6BQn2dvfSxTZNROknNsByc"
"...nur eine Frage der Zeit","Howard Carpendale","Bilder meines Lebens","Deutsch","Playlist","DEA348400171","2WHzF8jwnBkLToUVG1eelg"
"Bilder meines Lebens","Howard Carpendale","Bilder meines Lebens","Deutsch","Playlist","DEA348200167","27bmK9XX0nXVfiU0EOAhOW"
"Jede Farbe ist schön","Howard Carpendale","Bilder meines Lebens","Deutsch","Playlist","DEA347702333","574ZXry8rpylwGRHIzeZAM"
"Da kam ein Fremder","Howard Carpendale","Bilder meines Lebens","Deutsch","Playlist","DEA347400879","3dkRfXpcu24quK2hufj0gu"
"Allein bist du nie","Howard Carpendale","Bilder meines Lebens","Deutsch","Playlist","DEA347400885","16FWvXdKy7SSqMXQ1pp6TJ"
"Das Ende vom Lied","Howard Carpendale","Bilder meines Lebens","Deutsch","Playlist","DEA347400882","7i5zKJ1cYCIbYP9VQzC3St"
"Der Abend ist zu Ende","Howard Carpendale","Bilder meines Lebens","Deutsch","Playlist","DEA347701988","0uL2YsCKMf7A5hRZs6ys7j"
"Bataillon d'amour","Silly","Best Of Silly","Deutsch","Playlist","DEC719400339","4PugcFoPlZTVzhix97RPvj"
"Verlorene Kinder","Silly","Best Of Silly","Deutsch","Playlist","DEC738900006","2kVW5OKfhFxwiKnccT6qyC"
"So 'ne kleine Frau","Silly","Best Of Silly","Deutsch","Playlist","DEC739400708","2jC8sXqAim85AgPlBjRowE"
"Und wieder wird ein Mensch geboren","Ute Freudenberg","Das Beste der DDR","Deutsch","Playlist","DEC739400624","3b0pjn7cJEHxUMQZyZqDRx"
"Faust auf Faust (Schimanski)","Klaus Lage","Mega 50 - Die 80er Jahre","Deutsch","Playlist","DEA340700759","1dnlEyBYRB1DtWC24yQWW9"
"Broken Heroes","Chris Norman","Greatest Hits","Deutsch","Playlist","DEQ090400022","3ElKPQXQGkOTJgJQJ7Jj09"
"Against The Wind","Bonnie Tyler","Bitterblue","Deutsch","Playlist","DEC739100024","7qzOLoLgyl8t2n19AymWow"
"Careless Love","Humpe Humpe","Swimming With Sharks","Deutsch","Playlist","DEA622403583","6SH8woKFKPkBhVXFLC7GrM"
"No Longer Friends","Humpe Humpe","Swimming With Sharks","Deutsch","Playlist","DEA622403585","1sJWVEtAQazJcGSCEhAz58"
"Eine Nacht in New York City","Howard Carpendale","Symphonie meines Lebens","Deutsch","Playlist","DEUM71904958","3crZ71581VwX67UdvF1YD9"
"Morgen","Wincent Weiss","Morgen","Deutsch","Playlist","DEUM72119775","6jRkUyD99GMJ4KUjo5PCip"
"Alles brennt","Johannes Oerding","Alles brennt","Deutsch","Playlist","DEE861400556","5KeR2J0sSem4BWYdcTW1Jf"
"Alles okay","Johannes Oerding","Konturen","Deutsch","Playlist","DEE861903000","4l9oi4zYx8kRzVMYZL9OVZ"
"Anfassen","Johannes Oerding","Konturen","Deutsch","Playlist","DEE861903004","2g4DGENNyn8zb6UkhS5qUA"
"Wenn du lebst","Johannes Oerding","Alles brennt","Deutsch","Playlist","DEE861400541","4ViMCkooMjv6mLyoezcOHV"
"Jemanden wie dich","Johannes Oerding","Für immer ab jetzt","Deutsch","Playlist","DEE861200762","6nS3CniLFEsosY2vMwUYuK"
"Hundert Leben","Johannes Oerding","Kreise","Deutsch","Playlist","DEE861700237","7BZHUysbAax9jXz9b3xolr"
"Kreise","Johannes Oerding","Kreise","Deutsch","Playlist","DEE861700235","1ocmRsEMI6nO9d9BdQbXNI"
"Des geht vorbei","Nicki","Nicki - All The Best","Deutsch","Playlist","DEA340702049","55tuubuqHCcL7lHqTrTsui"
"Blumen aus Eis","Karat","30 Jahre Karat","Deutsch","Playlist","DEC719400238","2Bk2x2fLZIkZfd5hloGtKa"
"Hab den Mond mit der Hand berührt","Karat","30 Jahre Karat","Deutsch","Playlist","DEC730000075","2rjS0iwMfMRwLSOhwaih0f"
"Kalter Rauch","Karat","30 Jahre Karat","Deutsch","Playlist","DEC730000073","3aDgMlOQnrsJfR4i2YFWmn"
"Gewitterregen","Karat","30 Jahre Karat","Deutsch","Playlist","DEC719400231","66cOG7B0mRcpQeD4KRc9sZ"
"Bye Bye - Radio-Version","Silly","Best Of Silly","Deutsch","Playlist","DEC719400202","6PUdf79PXrMBztoLctV3H0"
"Mont Klamott","Silly","Best Of Silly","Deutsch","Playlist","DEC719400649","2ifSqQCwg3wwm2dIXqMp8S"
"Asyl im Paradies","Silly","Best Of Silly","Deutsch","Playlist","DEC739600755","4dCmBERjiQdo1KuYz1p1F9"
"Liebeswalzer (für H. F.)","Silly","Best Of Silly","Deutsch","Playlist","DEC739400706","6PngUMBzFfNQJcyrUI8Wh2"
"S.O.S.","Silly","Best Of Silly","Deutsch","Playlist","DEC738900020","189b4qWpJWxtSFTQC7JzdU"
"Schlohweißer Tag","Silly","Best Of Silly","Deutsch","Playlist","DEC719400341","3kZWnvOByJ4545Z76zJfWU"
"Tanzt keiner Boogie","Silly","Best Of Silly","Deutsch","Playlist","DEC739600756","6KW1VHhzsBXJ3LQ2QDL9rC"
"Hurensöhne","Silly","Best Of Silly","Deutsch","Playlist","DEC719400196","2SWWfP7CRpA8CL8jl6BZQR"
"Instandbesetzt","Silly","Best Of Silly","Deutsch","Playlist","DEC739600757","1uODoW2jlOmTM0fPm47zG6"
"Kinder der Nacht","Silly","Best Of Silly","Deutsch","Playlist","DEC739600758","2o5c8aocL288rGHR41Dfig"
"Abendstunden","Silly","Best Of Silly","Deutsch","Playlist","DEC719400656","51XHRXkcL2bYZMFddrG9y8"
"Über sieben Brücken musst du gehn","Karat","Karat - Die große Jubiläums-Edition","Deutsch","Playlist","DEC719400666","7tcEcevAaXAA0JuUeo6oEL"
"Auf den Meeren","Karat","Karat - Die große Jubiläums-Edition","Deutsch","Playlist","DEC719400234","5TOaOXls2ts5Ey2C3yU46S"
"Der Liebe Fluch","Karat","Karat - Die große Jubiläums-Edition","Deutsch","Playlist","DEC738700039","1SVzfVUhqXvNJYXzw5vr78"
"Kalter Rauch","Karat","Karat - Die große Jubiläums-Edition","Deutsch","Playlist","DEC730000073","3Q1TV68JhlYrehTEO48kwj"
"Das Narrenschiff","Karat","Karat - Die große Jubiläums-Edition","Deutsch","Playlist","DEC739400797","5Ay50DxgtsNcBkdnxucQZJ"
"Für ein paar Stunden","Karat","Karat - Die große Jubiläums-Edition","Deutsch","Playlist","DEC730100162","70NvUJPYSL7zwfhj6rBUkG"
"Ganz egal","Karat","Karat - Die große Jubiläums-Edition","Deutsch","Playlist","DEC689700247","42lCu3oQ5pzrpqW0jabQHU"
"Falscher Glanz","Karat","Karat - Die große Jubiläums-Edition","Deutsch","Playlist","DEC719400351","2i9y7UYuRF8VEtj843X8Bm"
"Tiefsee","Karat","Karat - Die große Jubiläums-Edition","Deutsch","Playlist","DEC739400798","7uFXqLKPIa67lKgTNyqeVI"
"He, Manuela","Karat","Karat - Die große Jubiläums-Edition","Deutsch","Playlist","DEC739400450","1lq4aPioy2pwbRpxwOnxP2"
"Leute, welch ein Tag","Karat","Karat - Die große Jubiläums-Edition","Deutsch","Playlist","DEC739400456","1n47tPRq7y3ZaxAxapYldD"
"Fetzen aus Samt","Karat","Karat - Die große Jubiläums-Edition","Deutsch","Playlist","DEC739900017","2HVLgkw7iJtGBb1HUMuZcL"
"Wilder Mohn","Karat","Karat - Die große Jubiläums-Edition","Deutsch","Playlist","DEC719400660","1hKNKUrs1V3lul9by4CuYX"
"Das, was ich will","Karat","Karat - Die große Jubiläums-Edition","Deutsch","Playlist","DEC719400662","6bwu8Ac7KqSaPek9jHa7mf"
"He, Mama","Karat","Karat - Die große Jubiläums-Edition","Deutsch","Playlist","DEC719400658","3HzbLHLXMzNiidUNELF2RQ"
"Gewitterregen","Karat","Karat - Die große Jubiläums-Edition","Deutsch","Playlist","DEC719400231","5V6jJGV28yYZr4JNWdiUwt"
"Tanz mit mir","Karat","Karat - Die große Jubiläums-Edition","Deutsch","Playlist","DEC730000074","2o1rUhlmSV7v34i1Mn26Qj"
"Jede Stunde","Karat","Karat - Die große Jubiläums-Edition","Deutsch","Playlist","DEC719400352","2JuEX3pNYngLydLARIP1qL"
"Mitternacht-Blues","Karat","Karat - Die große Jubiläums-Edition","Deutsch","Playlist","DEC739400793","1A0jGFL2GVyySGmllqcD9F"
"Abendstimmung","Karat","Karat - Die große Jubiläums-Edition","Deutsch","Playlist","DEC719400241","3O0hA4Pp6lR7yF1j4X7KU7"
"Wenn das Schweigen bricht","Karat","Karat - Die große Jubiläums-Edition","Deutsch","Playlist","DEC719400665","4lGwBQwnNdgSyPIsZK9bHL"
"Albatros","Karat","Karat - Die große Jubiläums-Edition","Deutsch","Playlist","DEC719400232","6WYMCa7eVePBtkGAkF55L7"
"Das Monster","Karat","Karat - Die große Jubiläums-Edition","Deutsch","Playlist","DEC739400442","4MLshhRulmvQ9kxXeoY9SE"
"Musik zu einem nichtexistierenden Film","Karat","Karat - Die große Jubiläums-Edition","Deutsch","Playlist","DEC719400661","4noFodLwiQRJNAGs76x4ij"
"Der Boxer","Karat","Karat - Die große Jubiläums-Edition","Deutsch","Playlist","DEC739400795","5d58QOjwJDlJ2a8XkOg969"
"Der Ozean","Karat","Karat - Die große Jubiläums-Edition","Deutsch","Playlist","DEC730000068","49xFuzvd7hEJ6M8f4P4VGw"
"Marionetten","Karat","Karat - Die große Jubiläums-Edition","Deutsch","Playlist","DEC719400350","3prIr4MNx4ir7DkC2Cdg2M"
"Ganz oben","Karat","Karat - Die große Jubiläums-Edition","Deutsch","Playlist","DEC689400721","6SCmRA68Fk0UmzLQumd8cs"
"Und ich liebe dich","Karat","Karat - Die große Jubiläums-Edition","Deutsch","Playlist","DEC739400448","59a0aw1N9KaYI7zmf1uR3k"
"Großstadt","Karat","Karat - Die große Jubiläums-Edition","Deutsch","Playlist","DEC739400799","7iKr8eTlQiWx3Vsbh1xRw7"
"Märchenzeit","Karat","Karat - Die große Jubiläums-Edition","Deutsch","Playlist","DEC739400443","6kOuDC3ap6t2saSGurMIoZ"
"Panoptikum","Karat","Karat - Die große Jubiläums-Edition","Deutsch","Playlist","DEC739900014","75JZH93Bo3UhrRMERs0HU1"
"Das kann niemand so wie du","Karat","Karat - Die große Jubiläums-Edition","Deutsch","Playlist","DEC730000062","0R71rJsY7H2pnVkeL3wWxp"
"Hab den Mond mit der Hand berührt","Karat","Karat - Die große Jubiläums-Edition","Deutsch","Playlist","DEC730000075","4AU6fOW1fTmbKaGzl0sVso"
"Blumen aus Eis","Karat","Karat - Die große Jubiläums-Edition","Deutsch","Playlist","DEC719400238","7x8igbizLJR2h8FTEBdvVo"
"Die Burg","Karat","Karat - Die große Jubiläums-Edition","Deutsch","Playlist","DEC739400444","1BjmxgS2XHXtPlGfAYuTKp"
"Die sieben Wunder der Welt","Karat","Karat - Die große Jubiläums-Edition","Deutsch","Playlist","DEC719400237","3W9bEatHOyIG7j8aDZoAmc"
"Dann kann ich fliegen","Karat","Karat - Die große Jubiläums-Edition","Deutsch","Playlist","DEC730100149","61972qsj38FazsbdeG9qaE"
"Rock 'n' Roll Fan","Karat","Karat - Die große Jubiläums-Edition","Deutsch","Playlist","DEC739400447","7n4T8oVul3CpjAVjY0HlNh"
"Don Alfredo","Karat","Karat - Die große Jubiläums-Edition","Deutsch","Playlist","DEC738300027","6afX74eWCKbLExK6wythaJ"
"Eh, dieser Sommer","Karat","Karat - Die große Jubiläums-Edition","Deutsch","Playlist","DEC739400803","2lwtCsl74woGTwnPuwLpb7"
"Magisches Licht","Karat","Karat - Die große Jubiläums-Edition","Deutsch","Playlist","DEC719400239","6b5aN3pyww5e9QJarDgTNv"
"Wer einmal lügt","Karat","Karat - Die große Jubiläums-Edition","Deutsch","Playlist","DEC730100161","0RsFnQVrloJQ6tHvz2PE6h"
"Ballade von den sieben Geistern","Karat","Karat - Die große Jubiläums-Edition","Deutsch","Playlist","DEC739400449","1BEQEzxbI4xCIGqRouJxz3"
"So 'ne Kleine","Karat","Karat - Die große Jubiläums-Edition","Deutsch","Playlist","DEC739400802","0PmF6xeVpN31uNT4oRgbjx"
"König der Welt","Karat","Karat - Die große Jubiläums-Edition","Deutsch","Playlist","DEC719400233","2hVfgGnAIX0vxGHr5IlDJx"
"Blues","Karat","Karat - Die große Jubiläums-Edition","Deutsch","Playlist","DEC719400659","6W4pzoEh6Tpif04wePcnZ4"
"Der achte Tag","Karat","Karat - Die große Jubiläums-Edition","Deutsch","Playlist","DEC689500169","76VFlY5CqJh0XRWx1reAfK"
"Wind und Feuer","Karat","Karat - Die große Jubiläums-Edition","Deutsch","Playlist","DEC689500166","6HiQAmWp1QGWWuhhx09SrE"
"Tanz mit der Sphinx","Karat","Karat - Die große Jubiläums-Edition","Deutsch","Playlist","DEC739400792","591nTQErICikfpw6mIBeou"
"Rock-Vogel - instrumental","Karat","Karat - Die große Jubiläums-Edition","Deutsch","Playlist","DEC739400804","2MGuda4ZDnyBrrc8JEnjsO"
"Die Glocke Zweitausend","Karat","Karat - Die große Jubiläums-Edition","Deutsch","Playlist","DEC739900021","3aHpiYAg8okm50uqnJ1XjR"
"Schwanenkönig","Karat","Karat - Die große Jubiläums-Edition","Deutsch","Playlist","DEC739400800","18AAPBKRobNdGTkUJWSfSi"
"Geburtstagslied","Karat","Karat - Die große Jubiläums-Edition","Deutsch","Playlist","DEC689500167","60ObOCPOLWh3fr50vtRrMi"
"Mein Dorf","Karat","Karat - Die große Jubiläums-Edition","Deutsch","Playlist","DEC739400452","5msCTTAnbW5OlPTIgluRHx"
"Kleine Dinge","Karat","Karat - Die große Jubiläums-Edition","Deutsch","Playlist","DEC730000065","1GXsEsvQqKEOmA2389qBUE"
"Unerreichbar tief","Karat","Karat - Die große Jubiläums-Edition","Deutsch","Playlist","DEC689700253","2hf9LbQNkbkxkMOP5dhKVS"
"Draußen im Kornfeld","Karat","Karat - Die große Jubiläums-Edition","Deutsch","Playlist","DEC739400454","14cC9OU7cZDJoJn5HhuWhF"
"Der Fahrradverkäufer","Karat","Karat - Die große Jubiläums-Edition","Deutsch","Playlist","DEC739800724","2GMiZaNXnJNJcqMvumqqom"
"Aus zweiter Hand","Karat","Karat - Die große Jubiläums-Edition","Deutsch","Playlist","DEC739900020","1Oh0hn71ypUcIFaOvdwPHg"
"Der Spieler","Karat","Karat - Die große Jubiläums-Edition","Deutsch","Playlist","DEC719400353","4X7crqDYKmR5VBdeQPS6wQ"
"Le Doyen I","Karat","Karat - Die große Jubiläums-Edition","Deutsch","Playlist","DEC739400796","3BmMli7ptKh9rRUVwxrY4y"
"Le Doyen II","Karat","Karat - Die große Jubiläums-Edition","Deutsch","Playlist","DEC739400801","4X2nzMHSSQSODj7KT4LG0w"
"Mich zwingt keiner auf die Knie","Karat","Karat - Die große Jubiläums-Edition","Deutsch","Playlist","DEC730000072","6dgD4tmgI0uNJk1NBgHrOp"
"...und der Mond schien rot - Live im Steintor-Variete, Halle - Nov. 1984","Karat","Karat - Die große Jubiläums-Edition","Deutsch","Playlist","DEC738300045","13dQDu2KNcS9OyWg4NAfVV"
"Wie weit fliegt die Taube","Karat","Karat - Die große Jubiläums-Edition","Deutsch","Playlist","DEC719400355","2lOx4d4TALhQqTy3tGmqM1"
"Such ein Zimmer","Karat","Karat - Die große Jubiläums-Edition","Deutsch","Playlist","DEC739400455","4HlidxXepM0kzqtMAM3WZ0"
"Die fünfte Jahreszeit","Karat","Karat - Die große Jubiläums-Edition","Deutsch","Playlist","DEC739800723","5vbUcBZl3Simzf4CiXeD19"
"Der blaue Planet","Karat","Karat - Die große Jubiläums-Edition","Deutsch","Playlist","DEC730000071","61o01gcRLzTwYgSZoBMdVa"
"Mein Berlin","Ben Zucker","Wer sagt das?! Zugabe!","Deutsch","Playlist","DEUM71901117","6wbS5sswNdoxY4QCLXtV48"
"Wie ein Stern","Frank Schöbel","Wie ein Stern - Die 40 schönsten Songs zum Jubiläum","Deutsch","Playlist","DEC719400464","44Z4GVKLyxDsFXo2oNPFEb"
"Mona Lisa Motion","ZAH1DE","Mona Lisa Motion","Deutsch","Playlist","DEUM72500454","18o2gKM9pMyEWWAT9ZaGvr"
"Jiggy","Filow","Jiggy","Deutsch","Playlist","DEZL42500720","6xLoWndBgNvlylHAWxiqxw"
"BIKINI GRELL","Ikkimel","BIKINI GRELL","Deutsch","Playlist","DEQ322400060","4vXM3vMsSr8eFcK8HKTcJq"
"bad bunnies","Zsá Zsá","bad bunnies","Deutsch","Playlist","DE1OV2500006","4aAZTaXHlm625nZhF6Zr12"
"80qm","Nina Chuba","80qm","Deutsch","Playlist","DEE862400159","13Ozua7wPk2dU3NIIgJJJo"
"Fata Morgana (feat. Tokio Hotel)","Nina Chuba","Fata Morgana (feat. Tokio Hotel)","Deutsch","Playlist","DEE862402101","7a4O4FPGjTL4084bbvFeJF"
"Tauchen","Trettmann","Insomnia","Deutsch","Playlist","DELV42300169","3HRXcYvm1fQguT7Enw4njF"
"Analoge Liebe","Xavi","Analoge Liebe","Deutsch","Playlist","DEQ321900147","1VRclUkxfZTpyX7BIlIPld"
"Sehnsucht","Rammstein","Sehnsucht","Deutsch","Playlist","DED579702420","3oWFQPp5lL5x907hCcCRa9"
"Ich glaub ich will heut nicht mehr gehen","Nina Chuba","Glas","Deutsch","Playlist","DEE862201567","4zLCLlqLivpZXvYfQCqTWh"
"Ich will dich wiedersehen","Provinz","Zu spät um umzudrehen - EP","Deutsch","Playlist","DEA622100141","13J5FpNFQEFMy3GfLdrSnV"
"Wahnsinn","01099","Blaue Stunden","Deutsch","Playlist","DE1GM2200037","5OhpIovwNlJZFqczeaYnJz"
"Ich will nur dass du weißt - Radio Edit","SDP","Zurück in die Zukunst","Deutsch","Playlist","DETX41500514","5cNrYbEQ6QHj8LwibGk57Z"
"Ich muss immer an dich denken","SDP","Die bekannteste unbekannte Band der Welt","Deutsch","Playlist","DEBL60638258","0loR7hANUJXiXGuTUtpb6L"
"Lieder","Adel Tawil","Lieder (Deluxe Version)","Deutsch","Playlist","DEUM71303418","6UpBIHZ59KWFLrnZ0wcwWd"
"Bis hier und noch weiter","Adel Tawil","So schön anders (Deluxe Version)","Deutsch","Playlist","DEUM71702808","5y2qTBdWUFNgSPOygSWOMe"
"Vom selben Stern - Radio Edit","Ich + Ich","Vom selben Stern","Deutsch","Playlist","DEUM70701432","37nGib0rGIKXJOTRz7i5rD"
"Stark - Long Version","Ich + Ich","Vom selben Stern","Deutsch","Playlist","DEUM70709730","0qWFawlYhZAftmGBsFutdw"
"So soll es bleiben - Single Edit","Ich + Ich","Vom selben Stern","Deutsch","Playlist","DEUM70800278","3ijQ8r5MEovCZ1LqQhUjsI"
"Wie lange sollen wir noch warten","Sportfreunde Stiller","Die gute Seite","Deutsch","Playlist","DEN120203555","42eJJ4I9dd6EgLj6HB5wWq"
"Ein Kompliment","Sportfreunde Stiller","Die gute Seite","Deutsch","Playlist","DEN120203570","3ptJBraFGtaeprD4BHmTfV"
"Auf Der Guten Seite","Sportfreunde Stiller","Die gute Seite","Deutsch","Playlist","DEN120203575","5Jiqm7j9t0VguLIo7tsRXa"
"Sowieso - Radio Version","Mark Forster","Sowieso (Radio Version)","Deutsch","Playlist","DEQ321700052","07TAUihsoCBnLWWXuZYUyw"
"Wenn sie tanzt","Max Giesinger","Der Junge, der rennt","Deutsch","Playlist","DELV41600061","5yKfZwcuSoEkOemLJX6hEm"
"Roulette","Max Giesinger","Der Junge, der rennt","Deutsch","Playlist","DELV41600063","5dU1ylHdrOI3rxcpnOiA1C"
"Nicht so schnell","Max Giesinger","Der Junge, der rennt","Deutsch","Playlist","DELV41600059","30WNL8yuWun7cvfia1qiAS"
"Frische Luft - Single Version","Wincent Weiss","Frische Luft","Deutsch","Playlist","DEUM71717631","3p8TTPPvzUaSFNV66cQoMI"
"Nie vergessen","Glasperlenspiel","Grenzenlos in diesem Moment","Deutsch","Playlist","DEUM71301026","5rqICdFqIuA4apO5hP0o5t"
"Hey","Andreas Bourani","Hey","Deutsch","Playlist","DEUM71401448","3fMgzh3W7ktAjS1BBQgXxG"
"Bilder von Dir","Laith Al-Deen","Ich will nur wissen...","Deutsch","Playlist","DEE860000316","23t7gG7rKSddYrU3zaMv0S"
"B 96","Silbermond","Leichtes Gepäck","Deutsch","Playlist","DEE861500870","5e501N8yr37ZGesTKSzlAb"
"Santiano","Santiano","Bis ans Ende der Welt (Second Edition)","Deutsch","Playlist","DEUM71200047","48iwF6sUOHYg2foDUPZWUd"
"Was wir alleine nicht schaffen","Xavier Naidoo","Danke fürs Zuhören - Liedersammlung 1998 - 2012","Deutsch","Playlist","DES811200124","0iudDbnha87aqfwNyCpC5I"
"Bitte hör nicht auf zu träumen","Xavier Naidoo","Danke fürs Zuhören - Liedersammlung 1998 - 2012","Deutsch","Playlist","DES811200126","61UzrWnkL5p3zmn0s7tANj"
"Ich brauche dich","Xavier Naidoo","Danke fürs Zuhören - Liedersammlung 1998 - 2012","Deutsch","Playlist","DES811200127","2yPMXcRwvFk8NxQ8gso9IR"
"Meine Muse - Rap Version","Xavier Naidoo","Alles kann besser werden","Deutsch","Playlist","DES810900254","5kxheHViQdjHJzTXdmIldY"
"Dieser Weg","Xavier Naidoo","Dieser Weg","Deutsch","Playlist","DES810500107","6UxrYAdYy2hzHMDjTuea5w"
"Regenbögen - Radio Mix","Cappuccino","Regenbögen","Deutsch","Playlist","DEF079804950","0YkPqpP9f5wTUCHBKTw3Tg"
"Still","Jupiter Jones","Jupiter Jones","Deutsch","Playlist","DEQ321000240","2TSoLv5tMkqikfpM5irrqZ"
"Unter die Haut (feat. Cassandra Steen)","Tim Bendzko","Am seidenen Faden - Unter die Haut Version","Deutsch","Playlist","DEE861300858","210XJ4gUFiCBiYjel9fwa9"
"Whatever","CRO","Whatever (Maxi Edition)","Deutsch","Playlist","DEW921300229","3S4F48POUIMUglbZoP7LSx"
"Einmal um die Welt","CRO","Einmal um die Welt","Deutsch","Playlist","DEW921100151","5NEH0mwJD0MreMuM7WIVx3"
"Zuhause","Adel Tawil","Lieder (Deluxe Version)","Deutsch","Playlist","DEUM71303546","3N36ysrPU4YFnBmqxFfr5D"
"Stimme","EFF","Stimme","Deutsch","Playlist","DEUM71503772","6M4vjlLzb7oij9ZQ2QaabN"
"Ultraleicht","Andreas Bourani","Hey","Deutsch","Playlist","DEUM71401446","5dAhClprLlWd10J4FEWEEY"
"Cello (feat. Clueso) - MTV Unplugged Radio Atmo-Version","Udo Lindenberg","Cello (feat. Clueso) [MTV Unplugged]","Deutsch","Playlist","DEA621100330","62BukCU8nVt44KQXm0LUff"
"Der Himmel soll warten - Unplugged Version","Sido","MTV Unplugged Live aus'm MV","Deutsch","Playlist","DEUM71001437","4vbz1wAIYEZQBOAmD1oFIF"
"Schöne neue Welt - Single Version","Culcha Candela","Schöne Neue Welt","Deutsch","Playlist","DEUM70903085","0GqVhH9ikDhdWbWtKYXlb5"
"Eiskalt","Culcha Candela","Eiskalt","Deutsch","Playlist","DEUM70903304","45nKh6J4zvMOK4MJTZjVuX"
"Dickes B (feat. Black Kappa)","Seeed","New Dubby Conquerors","Deutsch","Playlist","DEA620101390","4eRmCZWJoEtLl0wy7EJPwd"
"Ernten was wir säen","Die Fantastischen Vier","Fornika - Jubiläums-Edition","Deutsch","Playlist","DEE860700040","0YzLyr9resZQQdfLu61PeW"
"Unter den Wolken","Die Toten Hosen","Laune der Natur Spezialedition mit Learning English Lesson 2","Deutsch","Playlist","DEF241736001","0QjDsAtLPHcD391U6VtxdH"
"Altes Fieber - Live","Die Toten Hosen","Die Toten Hosen Live: Der Krach der Republik","Deutsch","Playlist","DEF241347003","2KLW4W2J2L4k1Zt4njROP5"
"Herz über Kopf","JORIS","Hoffnungslos Hoffnungsvoll (Deluxe Version)","Deutsch","Playlist","DEQ321400478","69kCVBamC48sizKB1qNQWE"
"Hulapalu - Harris & Ford Radio Edit","Andreas Gabalier","Hulapalu","Deutsch","Playlist","DEUM71600093","5FEqwTN3JgS3bSCsQtYtRX"
"Wovon sollen wir träumen","Frida Gold","Wovon sollen wir träumen","Deutsch","Playlist","DEA621100093","5xkhzuMwzoWhYXQyQp1h1y"
"Augen zu Musik an","Bosse","Augen zu Musik an","Deutsch","Playlist","DEUM71803154","6oV82Y85hyRw2FaUmyGEXW"
"So oder so","Bosse","Kraniche (plus Track by Track)","Deutsch","Playlist","DEUM71204636","0jEc662D6V4WcObzFYjhOf"
"Flutlicht","Adel Tawil","Flutlicht","Deutsch","Playlist","DETO31800220","79NR7jZMna0cmHqkfhI2Ja"
"Polarlichter - Single Mix","Adel Tawil","Polarlichter","Deutsch","Playlist","DEUM71725037","6K748ecwGaYfLga4fSCMxL"
"Legenden","Max Giesinger","Legenden","Deutsch","Playlist","DELV41800651","4I2mfHmpV5NP8IGH6k6sfK"
"Zusammen feat. Clueso","Die Fantastischen Vier","Captain Fantastic","Deutsch","Playlist","DEE861702960","35Ma4j9sPWhUAJ471naHV3"
"Liebe ist meine Rebellion","Frida Gold","Liebe ist meine Religion","Deutsch","Playlist","DEA621300261","4bHUgGEJrHuTFrRYiF7zHI"
"Engel fliegen einsam","Christina Stürmer","Schwarz Weiss","Deutsch","Playlist","ATA010500085","3lSJLU9pwMkORoS0QeTP4H"
"747","Mark Forster","LIEBE","Deutsch","Playlist","DEQ321800420","2wrIux85owRagH9cBcAwGt"
"Hier mit dir","Wincent Weiss","Hier mit dir","Deutsch","Playlist","DEUM71806683","3fqmx4fMxm2GPCrYe1TPOB"
"Legenden","Max Giesinger","Die Reise","Deutsch","Playlist","DELV41800651","5Mcvddl1soyAMsb9hVlgkA"
"Vincent","Sarah Connor","Vincent","Deutsch","Playlist","DEUM71901478","26T3IT7GhuHQOFQwkoRT2l"
"An guten Tagen","Johannes Oerding","An guten Tagen","Deutsch","Playlist","DEE861901002","3bu4iYpzzg2Ww4GUAS1VjI"
"Kaum Erwarten","Wincent Weiss","Kaum Erwarten","Deutsch","Playlist","DEUM71807103","5bILMWvUEjLFZED96DJVpG"
"Hundert Leben - Radio Mix","Johannes Oerding","Hundert Leben","Deutsch","Playlist","DEE861701286","0rjTzCedu1elCXQ380Ful4"
"Die Reise","Max Giesinger","Die Reise","Deutsch","Playlist","DELV41800650","40OQcr6i91BMljs7EQpcm9"
"Easy","CRO","Easy","Deutsch","Playlist","DEW921100135","10vQrFfTOxPXKQmhw93oEd"
"Ich hör auf mein Herz - Radio Edit","Christina Stürmer","Ich hör auf mein Herz","Deutsch","Playlist","DEUM71302541","4vru2pnhqb6VRp5gvVZC8e"
"Wir leben den Moment","Christina Stürmer","Wir leben den Moment","Deutsch","Playlist","ATUM71001309","0DG6xXGAgoTedcrvGWRgHb"
"Solange Liebe in mir wohnt - Radio Edit","Luxuslärm","Fallen und Fliegen","Deutsch","Playlist","DEUM71600146","23PcPEoBsWdPF6vVY9Fhjz"
"Neues Ich","Adel Tawil","Neues Ich","Deutsch","Playlist","DELV41900148","7ukFYWIW2Q9qoTgTVjk6Q9"
"Nur zu weit","Traumatin","Nur zu weit","Deutsch","Playlist","GX89G2244371","6aIHRl2E7HJ148v0zSE5xq"
"kontrollverlust","Edwin Rosen","kontrollverlust","Deutsch","Playlist","DECE72303297","3RxfGOuTflKZcnjgMvRQGs"
"wollte nie","Steintor Herrenchor","wollte nie","Deutsch","Playlist","QZFZ32365229","5ybNan24dJMedDsTxFhn7C"
"mitleerenhänden","Edwin Rosen","mitleerenhänden","Deutsch","Playlist","DECE72106114","0sACOMcyDjLAO7Pe4NR2l3"
"Mit dir","Dilla","Mit dir","Deutsch","Playlist","DEQ322200354","2SBoDgAZCdAflh0CkB3YFU"
"Schließ bitte ab wenn ich geh","Traumatin","Schließ bitte ab wenn ich geh","Deutsch","Playlist","GX5MX2200124","7wbU0SyqErhlQyyPh6Lkc8"
"Party mit mir selbst","BRUCKNER","Party mit mir selbst","Deutsch","Playlist","DGA0P2384876","2kNpg9AiImLPLhDDbgWgZs"
"April","Blumfeld","Verbotene Früchte","Deutsch","Playlist","DEA810600258","64EDwdA1IT9KewuB0cphvd"
"Eiserner Steg","Philipp Poisel","Eiserner Steg","Deutsch","Playlist","GBLAZ1100327","3qHY7QLhUBSXWLf3i07ZUg"
"Durch den Monsun - Radio Mix","Tokio Hotel","Durch Den Monsun","Deutsch","Playlist","DEUM70500187","5OiC3eltQO7gXvOZMbrTn3"
"Festhalten","Alin Coen","Wer bist du?","Deutsch","Playlist","DEQ121009478","0YmDCKLZLUkAab26nSlxYW"
"Deine Heimat","Clara Louise","Verbunden","Deutsch","Playlist","ATLE71800039","2emwUVl3aI9qMhToiWZKGi"
"Ohne dich","Rammstein","Reise, Reise","Deutsch","Playlist","DEN120405585","4Hruh5C0Ef3y8mIcns5Y1O"
"Nebel","Rammstein","Mutter","Deutsch","Playlist","DEN120100008","0Jcjqx0IPMmK7se9Qn0B54"
"Lasse redn","Die Ärzte","Jazz ist anders","Deutsch","Playlist","DEUM70708298","6vJ4egoPoiPKUyohVOfVHC"
"Fern","Streichelt","Fern","Deutsch","Playlist","DEZC62335247","3LhL5Vzr5VOuMv7PGLCc6V"
"Unendlichkeit","MilleniumKid","DYSTOPIE","Deutsch","Playlist","SE5BU2318413","7vLqyReIe0h4CNOrcFwIJg"
"immatrikuliert","Kasi","immatrikuliert","Deutsch","Playlist","DEE862301772","0IQN1UjYkpP8I36Z7HrNfC"
"Vielleicht Vielleicht","MilleniumKid","DYSTOPIE","Deutsch","Playlist","DEA622301734","5EcXrwZKRPym3pRupNCZ2L"
"Zuckerrand","Streichelt","Zuckerrand","Deutsch","Playlist","DEZC62451278","64G2hh0TqAVlGAHGTLGYc8"
"Schau dir zu","Edwin Rosen","Die Sterne","Deutsch","Playlist","DECE72500127","327J4B693gp2yhtwHSVfKL"
"Bett Aus Angst","Drückeberger","Bett Aus Angst","Deutsch","Playlist","QZHN92383017","3P12RK6ZTsoFBZZQKjTFDx"
"zwischendrin verliebt","TOBIAS","zwischendrin verliebt","Deutsch","Playlist","DEA622403401","4cfEKx32p9CV07CfHWXXdT"
"Nimm mir die Angst","Kilian Knight","Nimm mir die Angst","Deutsch","Playlist","QZNWT2455541","3qbqkQGpwUUEBdqcJERdCC"
"Verdien dich nicht","Traumatin","Verdien dich nicht","Deutsch","Playlist","GX5MX2134991","3we5D7wzInx8hg9J8AOpIw"
"22 Jahre","Provinz","Zu spät um umzudrehen","Deutsch","Playlist","DEA622100140","02PMW0RhiNupGDd28GQgUE"
"Wenn Du jetzt gehst","Buntspecht","Konstrukt 5","Deutsch","Playlist","ATDY92500005","5S3WepJKbCnGjdrJ0xEpg7"
"Auf Augenhöhe","Antje Schomaker","Auf Augenhöhe","Deutsch","Playlist","DEE862002781","5bWl8bwCgQGDtPQ2JuqtxE"
"Kein Liebeslied","Kraftklub","Mit K","Deutsch","Playlist","DEUM71104124","6yIUWcSPpZX7ftkHqe0Lii"
"kopflos durch die nacht","herz.","kopflos durch die nacht","Deutsch","Playlist","DEZC62401456","0ufVR3XKgG4dUXxQ25t5HW"
"Nur ein Wort","flö","Nur ein Wort","Deutsch","Playlist","QZTAZ2366642","2e7V9UjUpul9rIH25mkZm3"
"lichter","herz.","lichter","Deutsch","Playlist","QZNWU2211795","1mA008p9HblZSlkd7waDjL"
"9010","KUMMER","KIOX","Deutsch","Playlist","DECE71900322","3S6gLmTazUpf94hrn9Tpi1"
"zuhause fühlen","diggidaniel","zuhause fühlen","Deutsch","Playlist","DEKF22500622","3sMbwYLnGvxDljGvGpAZbz"
"Chrysanthemen","Souly","Ich wünschte, es würd' mich kümmern","Deutsch","Playlist","DEQ022370558","6tNRSKvGIyH2DB2IJamt4n"
"Gleichgewicht","flö","Gleichgewicht","Deutsch","Playlist","QZNWX2341978","5EVT5XVxvV9YJcwnTApmzz"
"Labyrinth","OOMPH!","Monster!","Deutsch","Playlist","DEC760800065","30IIpE2xRRMmxH4BevuA8Z"
"Armselig","Drückeberger","Armselig","Deutsch","Playlist","QZTBA2408793","7G21hN7cENQUpowzf6ngWy"
"Zu jung","Provinz","Reicht dir das","Deutsch","Playlist","DEA621900087","2Kz0t6jzPEOkBW6uRSn6aD"
"Nie Gesagt","Drückeberger","Nie Gesagt","Deutsch","Playlist","QZTB32270263","1GTnl5tw91EOslefYJHy01"
"Kaputt","Wir sind Helden","Soundso.","Deutsch","Playlist","DEC610700528","1oM2DwWV61ImPTemfNBZlI"
"Das Geschenk","Sportfreunde Stiller","Sturm & Stille","Deutsch","Playlist","DEUM71602100","2LIfi2EIk0g13bqACjhBMO"
"not the same : ohne Ende","Steintor Herrenchor","oh scheiße Gefühle","Deutsch","Playlist","QMFME2438048","3uUwl9DIMOSD3Y2Jy22hdL"
"Wie soll ein Mensch das ertragen","Philipp Poisel","Bis nach Toulouse","Deutsch","Playlist","GBLAZ0500276","749AelQ3MztBd0mbl9kvDl"
"Hamburg","Lena&Linus","Hamburg","Deutsch","Playlist","DEQ322200323","0Vmyu21WT48agiq1Q4yzBs"
"träumenichtmehr","MilleniumKid","träumenichtmehr","Deutsch","Playlist","SE5BU2389470","48HSbDOEzm7YmVvcEwjzB3"
"Sonne","Rammstein","Made In Germany 1995 - 2011 (Special Edition)","Deutsch","Playlist","DEUM71103430","6VS4C2HnOQPivcjcAAlUMj"
"Lieder","Adel Tawil","Lieder (Deluxe Version)","Deutsch","Playlist","DEUM71303418","2ZoO0uLQRp2WhTlyIH8PJf"
"Fahrradsattel","Pisse","Kohlrübenwinter","Deutsch","Playlist","GX38U2169400","0P0nhrK36P885ltXsdRovK"
"Hoch oben","Dota Kehr","Wo soll ich suchen (Bonus Track Version)","Deutsch","Playlist","DEBR51300019","6nHJ9SHM7wZpFXBOufI59w"
"Andere Hände - Live","Alin Coen","Alles was ich hab - Live","Deutsch","Playlist","DESZ51500007","4RflkeakgWoEkr2Qmkm2Nr"
"Bayern","Haindling","Zwischenlandung","Deutsch","Playlist","DEA819800667","3oAr0vS5s6nBzxxwBkwknF"
"Du bist so schön","Alin Coen","Nah","Deutsch","Playlist","DEQ022007352","1Mxd3FTYcKnsldMtcIrYzm"
"Wieder zurück (feat. Edwin Rosen)","Jassin","Arsenalplatz","Deutsch","Playlist","DEE862501946","4ffiPZkDwWUAvSUUfar0j9"
"ICE 579","TEMMIS","Klinge","Deutsch","Playlist","DEA622201833","63YUpNwroDTBbgwNgOcUYd"
"was ich an dir liebe","Knetti","was ich an dir liebe","Deutsch","Playlist","QZWFG2393139","0kQLZksQgMkHn7aFH1H5RT"
"die welt geht vor die hunde","Kasi","die welt geht vor die hunde","Deutsch","Playlist","DEE862501771","3uIHHIE5MiDrPj0YdpfeDO"
"Sie küsst mich nur bei Nacht","Eden Bleak","Sie küsst mich nur bei Nacht / An Encounter (Sternenwesen)","Deutsch","Playlist","DE1OQ2400002","0Sj9itenj4cOlhMPp0kvbJ"
"ohne Funktion","Steintor Herrenchor","oh scheiße Gefühle","Deutsch","Playlist","QMFME2438050","6omyMAbp39fDcAhdfR8ReZ"
"Lügen","Rammstein","Zeit","Deutsch","Playlist","DEUM72118411","1LvyuaK3gMkd4MLxSEf9MO"
"Omnipräsent","Longus Mongus","Endlich Wieder Sommer","Deutsch","Playlist","DEXK52200293","6ueEw27MgqwSwN5rFbhDdy"
"An nichts denken","Leftovers","ES KANN SEIN DASS ALLES ENDET","Deutsch","Playlist","ATDY92400012","0DFccHLde09realK7yAtZd"
"aufwachen","Makc","aufwachen","Deutsch","Playlist","QZFZ22588300","2Gm1URQdunbHWquUcYuPdk"
"Bitter","Sperling","Bitter","Deutsch","Playlist","QT5M22515302","637hxXseYeksA5BwinpX45"
"Küss mich weich","Yecca","Küss mich weich","Deutsch","Playlist","DEZC62501263","7mWSRvi0XYC0ofXyj6l9fz"
"Cold Brew (Kaffee Warm 4)","OK KID","DREI","Deutsch","Playlist","DEQ022151887","7yGxLsh0X7FLYpExiDFzeX"
"Das erste Mal","Souly","Ich wünschte, es würd' mich kümmern","Deutsch","Playlist","DEQ022371362","4WeHpXTdNPBa3WI1qLI84W"
"SSS","Edwin Rosen","leichter//kälter / SSS","Deutsch","Playlist","DECE72100039","5PgOdXIUuImFutOxcVcVyF"
"Bundeswehr","Souly","Bossbaby Tape","Deutsch","Playlist","DGA092310412","5JLbgRkto4OrrkWgAHcJZT"
"WOLKE","Leftovers","WOLKE","Deutsch","Playlist","ATDY92500012","2kYEpK3d07h2pMoqo8HP72"
"Treppenhaus","TEMMIS","Tageslicht fall auf mich - EP","Deutsch","Playlist","DEA622403305","1eTiOyNPZjKCYdlD14wbjC"
"Heimlich","Leftovers","ES KANN SEIN DASS ALLES ENDET","Deutsch","Playlist","ATDY92400015","7tzT4s3ntyS9xpDjNvCgpf"
"Mensch am Mond","Leftovers","ES KANN SEIN DASS ALLES ENDET","Deutsch","Playlist","ATDY92400007","4VyZE8o6zBc5LYLRVBgFRl"
"Hallo","Ivo Martin","Weit weg Tape","Deutsch","Playlist","DEE862300939","2xhQ4DChsw78ca8fUUZo5b"
"Wintermärchen","Kilian Knight","Wintermärchen","Deutsch","Playlist","DEW242400130","3OivUyzrZxP0uwgfviPeyE"
"sterne zählen","Lyno Nine8","sterne zählen","Deutsch","Playlist","FRX282566829","63Yiw4d40cEyNqsPVm0IPh"
"Verloren wie ich (Pt. 1)","TEMMIS","Klinge","Deutsch","Playlist","DEA622201835","7dnXwD70dRyuKC9RKjkgn0"
"Taub","diggidaniel","Spät","Deutsch","Playlist","DEZC62260754","1aKZ8Llnl8YzlKetmh2xGY"
"Vielleicht","Pablu","Vielleicht","Deutsch","Playlist","DEZC62328780","7hXLtKxITSBQJlPj0gmy7m"
"Ich hab' dich lieb","Schnuffel","Ich hab' Dich lieb","Deutsch","Playlist","DEE860800304","1paddSni0yjlMoALAZZJQa"
"Bloody Rain","Souly","Ich wünschte, es würd' mich kümmern","Deutsch","Playlist","DEQ022371367","03lHuGuHgKcWThhKg9qivx"
"Rote Augen lügen nicht","Bawsti","Rote Augen lügen nicht","Deutsch","Playlist","QZTBD2597095","1TLQVi4PBpilyX9KszDRBe"
"Der Winter kam & ging ohne dich","NILS KEPPEL","Der Winter kam & ging ohne dich","Deutsch","Playlist","DEZC62494187","1smQavoQmnGYxFPfd2rTnM"
"Sil­hou­et­te","flö","Sil­hou­et­te","Deutsch","Playlist","DEZC62657396","55rh6SfU8bK7kQ2OXSA2EW"
"abgefärbt","Dimanche","abgefärbt","Deutsch","Playlist","QZTAU2514128","5VNJBjhVdGyDySKlFuFIx6"
"Pistazieneis","Streichelt","Pistazieneis","Deutsch","Playlist","DGA052515999","2KDo6hRi9WlRCaSk7hqMUS"
"Über den Wolken","flö","Über den Wolken","Deutsch","Playlist","QZTBC2391169","73lf3mAkitDtspD9Li1KYR"
"Alle 13 Tage","Streichelt","Alle 13 Tage","Deutsch","Playlist","DEZC62345563","0WZzrzs0F06ZGnyBdk30lS"
"Das Tor geht auf","Betterov","Viertel vor Irgendwas","Deutsch","Playlist","DECE72000155","45xXmoBJ5toHVYwzUgZwdd"
"Kein Tag ohne dich (feat. Paul)","Provinz","Pazifik","Deutsch","Playlist","DEA622403215","6HLqM8MzToL6o3LJ6V8GbO"
"Gesichter","Leftovers","Krach","Deutsch","Playlist","ATDY92200018","1fy1TbpC7GMEOPx7K19rVp"
"Schwerelos","jaschu","Schwerelos","Deutsch","Playlist","QZTBF2321434","15BxLPN55anGrnACe3V2Be"
"frei mit dir","JBS","frei mit dir","Deutsch","Playlist","SE5752361727","0w8PLXbfeVUv2ZMMJbjVgq"
"Bring mich nach Hause","Betterov","OLYMPIA (Ehrenrunde Deluxe)","Deutsch","Playlist","DEUM72308721","1YmsB8U8HTPNPwUjDyZNbA"
"Hilferuf","Mayberg","MINI","Deutsch","Playlist","QT4K52573935","3xOT2cwjKAes4XEbnZ7RUb"
"""1119""","Edwin Rosen","""1119""","Deutsch","Playlist","QZK6H2053347","6bP7n1KoDg7PX5Ceja25qC"
"fuß baumeln","Zartmann","dafür bin ich frei EP","Deutsch","Playlist","DE1FB2400060","3l59WXLEYm8NkKXuDGdx1J"
"dudenkstsoschön","Aaron","dudenkstsoschön (deluxe)","Deutsch","Playlist","DE1FB2300126","7sJp9yZIHtBSHNX7Jv5npi"
"Sterne oder Häuser","Kicker Dibs","Sterne oder Häuser (Für Jameelah)","Deutsch","Playlist","DERT91610234","3bjznIW6xFUv4W9nPSuuT3"
"Ein Anruf entfernt","Zartmann","Ein Anruf entfernt","Deutsch","Playlist","DEUM72303590","3Xqqsi0zw6p3eYkKzzzag0"
"Drachenfrucht","ENNIO","Drachenfrucht","Deutsch","Playlist","QMFMG2305843","5mDZnH5AtLhmmz45i4Ru8X"
"ist auch okay","Liebestrunken","ist auch okay","Deutsch","Playlist","QZMER2483981","1q3kR4lmBdpGseGqptYDPG"
"Strohalm","Bernstein","Strohalm","Deutsch","Playlist","TCAHO2333450","2arALHqkfG4ufJ4WkGabYO"
"Ms. Jackson","Pashanim","Ms. Jackson","Deutsch","Playlist","DECE72302560","3ilgxZl5g7MOQCUiky3VOG"
"Du trägst keine Liebe in dir","Echt","Freischwimmer","Deutsch","Playlist","DEL060001400","21aT5lIYHjyBIFrXNbNY5U"
"Ich würde dir helfen, eine Leiche zu verscharren, wenn's nicht meine ist","Niels Frevert","Zettel auf dem Boden","Deutsch","Playlist","DEU161102328","48ydM7KLcCPtT8hAc3QVRF"
"Nie verliebt","Paula Hartmann","Nie verliebt","Deutsch","Playlist","DEKF22100725","65i0i1aixjk7GoJaMEnKqy"
"Uschi","MC WINDHUND","Uschi","Deutsch","Playlist","DEZC62342531","3qQfiiHy3mekxkF4zjYzin"
"Augenringe","TEMMIS","Klinge","Deutsch","Playlist","DEA622201834","11w1uI2HR88crpYx2YIryq"
"222","NILS KEPPEL","222","Deutsch","Playlist","QZK6H2237426","72aKopuxWsQ2ymfDdiDeJi"
"Bis zum Ende","Betterov","OLYMPIA","Deutsch","Playlist","DEUM72204918","0Ms8UdtEE1ue8YWD8U9B6y"
"#31#","Nizi19","#31#","Deutsch","Playlist","DEKF22100057","3OEnFHuXfTGQPGe2cxmH3X"
"Letztendlich","MC WINDHUND","Letztendlich","Deutsch","Playlist","DEZC62413856","6Ysm6WDVXjmAZOnOtjtmD0"
"tut es dann wieder weh?","Rosenrausch","tut es dann wieder weh?","Deutsch","Playlist","QT6662510743","0t8ICxgi1Uf8D1knELfEJd"
"Häschenparty","Schnuffel","Ich hab' Dich lieb","Deutsch","Playlist","DEE860800311","5HVlfkBAzYwrtXMgxJQdxO"
"Walzer","Provinz","Walzer","Deutsch","Playlist","DEA622403218","1We3jgIztlD2Tkb0yOoX4b"
"Klinge","TEMMIS","Klinge","Deutsch","Playlist","DEA622201832","2NCcaUGmPpvotD51FbATLv"
"Sommerregen","RAUM27","Sommerregen","Deutsch","Playlist","DEND12239205","1Eo3f6FUUbsvFEVtpdVbqi"
"Plattenbaum","RAUM27","Anfangen Anzufangen","Deutsch","Playlist","DEND12239209","6E74DCXn7kYjw295JoK7HB"
"2 Minuten","Berq","ROTE FLAGGEN","Deutsch","Playlist","DECE72301637","6TCxWdIkCnZN4gWvXd6cqK"
"Echo","Berq","Echo","Deutsch","Playlist","QZMEP2294691","5bRqdjdVRfd1zOY1xesNgu"
"amore çok","ALCATRAZ","amore çok","Deutsch","Playlist","DEZC62124948","7xp8x6Ln0mUvx5BEjDQEYO"
"Ich hab Angst","RAUM27","Keine Tränen","Deutsch","Playlist","DEND12462505","1XtwDqT2JXWQ70d3D4LYld"
"Sommergewitter","RAUM27","Keine Tränen","Deutsch","Playlist","DEND12462503","5HHhkEzcgPMVmB4k5HAj68"
"Hilferuf","Mayberg","MINI","Deutsch","Playlist","QZFZ32371854","6j7jmp8dTzFxLPtwW58ixp"
"Seifenblase","RAUM27","Seifenblase","Deutsch","Playlist","DEND12239215","2YKPy9smBSO3g01qXWoCNK"
"Tausend Dinge","Pablu","Tausend Dinge","Deutsch","Playlist","DEZC62494283","39QaDJ86dR9HIPwwYqUuqF"
"Keine Tränen","RAUM27","Keine Tränen","Deutsch","Playlist","DEND12462514","2LF0FwKo05vCvVjSEgAleK"
"Ein bisschen mehr Liebe","RAUM27","Anfangen Anzufangen","Deutsch","Playlist","DEND12239206","02fm1h9ibx0cFBhP42bskI"
"Gezeiten","RAUM27","Gezeiten","Deutsch","Playlist","DEPI82522699","4SSVmxpjJbhKgkJPDZnaim"
"17. Juli 1989","Betterov","17. Juli 1989","Deutsch","Playlist","DEUM72502939","6S0TLeKgZ34PLBF7vbFcJP"
"18. Juli 1989","Betterov","18. Juli 1989","Deutsch","Playlist","DEUM72502940","7fA24NfmVzoPt1c4DhkFrI"
"100 Milliarden","RAUM27","Anfangen Anzufangen","Deutsch","Playlist","DEND12239210","0Uanb9D6xgeGrvukb4xrfw"
"Schlaf gut","Betterov","OLYMPIA (Ehrenrunde Deluxe)","Deutsch","Playlist","DEUM72204911","4mT35cJw1TBQtEnSjHmj0i"
"Herzen aus Papier","Pablu","Herzen aus Papier","Deutsch","Playlist","DEZC62588167","1mxRTHMQOHAMuL6uHUEIEg"
"Du hast in mein Herz gemalt","Betterov","Du hast in mein Herz gemalt","Deutsch","Playlist","DEUM72502935","3t7ImkZKsxak7iRN3VSdA6"
"In meinem Zimmer spielen sich Dramen ab","Betterov","Du hast in mein Herz gemalt","Deutsch","Playlist","DEUM72502945","0aH3juoWkOQIRYmxFYdUW9"
"Rotterdam (Or Anywhere)","The Beautiful South","Blue Is The Colour","Deutsch","Playlist","GBAQT9600254","7BZLNqU7zChzcnSo6ETJ5l"
"17. Juli 1989","Betterov","Du hast in mein Herz gemalt","Deutsch","Playlist","DEUM72502939","43MPk9uFbBJUEnHYsoRhs6"
"18. Juli 1989","Betterov","Du hast in mein Herz gemalt","Deutsch","Playlist","DEUM72502940","0P8LIqJQ2CcWvCDZLopmFE"
"Böller aus Polen","Betterov","OLYMPIA","Deutsch","Playlist","DEUM72204910","4UTeK4QsOekUg5PM6NO1Im"
"Ouvertüre","Betterov","Große Kunst","Deutsch","Playlist","DEUM72502929","7N2sRxa6DAq4dDrbbi9I6j"
"Alles nur ein Film","Betterov","Große Kunst","Deutsch","Playlist","DEUM72502934","0NAocRE9t2VJBnMqnPXYzr"
"Intermezzo I","Betterov","Große Kunst","Deutsch","Playlist","DEUM72502930","5oobGXu7TLd2bBnUuPiyoT"
"Papa fuhr immer einen großen LKW","Betterov","Große Kunst","Deutsch","Playlist","DEUM72502937","4hendjqO5Ru179N4ZqhWWT"
"Intermezzo II","Betterov","Große Kunst","Deutsch","Playlist","DEUM72502931","07lJYeERpQMFPqB1DdoeZf"
"Große Kunst","Betterov","Große Kunst","Deutsch","Playlist","DEUM72502938","0Z5i7idYQmtPevUaMVtKpc"
"17. Juli 1989","Betterov","Große Kunst","Deutsch","Playlist","DEUM72502939","7DHvIgZ2R6dK3Rn4BWo5Un"
"Mücken Song","Betterov","Große Kunst","Deutsch","Playlist","DEUM72502943","534skSDGPPyVXqocw9D97p"
"SOS","Münchener Freiheit","Von Anfang An","Deutsch","Playlist","DEE869400463","3hXlOqzEMiMP5jpiQYDDp7"
"So high","Betterov","Große Kunst","Deutsch","Playlist","DEUM72502936","37zu5s6waeCnGVEFskA6pI"
"Sag nicht deinen Namen","Betterov","Große Kunst","Deutsch","Playlist","DEUM72502941","3nleDmEncc78XX7KGe8DUy"
"Böller aus Polen","Betterov","OLYMPIA (Ehrenrunde Deluxe)","Deutsch","Playlist","DEUM72204910","2SUdHwDTavMMRq1TcJ2BPc"
"Olympia","Betterov","OLYMPIA (Ehrenrunde Deluxe)","Deutsch","Playlist","DEUM72204914","78PcRKSyZaYCT02IP8lT9v"
"Chemtrails","Betterov","OLYMPIA (Ehrenrunde Deluxe)","Deutsch","Playlist","DEUM72308718","3jLdoKfmoKmVxtP3OfvAGx"
"Outro (Siegerehrung)","Betterov","OLYMPIA (Ehrenrunde Deluxe)","Deutsch","Playlist","DEUM72204919","4osp92voiJFOWR4YPAL7wD"
"Irrenanstalt","Betterov","Irrenanstalt","Deutsch","Playlist","DECE72000150","5IhZk0aYC1rfgGxSOSpvh6"
"Alles leuchtet ein","Betterov","Alles leuchtet ein","Deutsch","Playlist","DEUM72005123","4bWM3dt5UIBNeFj71zYF8O"
"Mein Leben ist monoton","Betterov","OLYMPIA (Ehrenrunde Deluxe)","Deutsch","Playlist","DEUM72308724","5jgjKIHFEUqcL9B7WCTyKU"
"Dussmann","Betterov","OLYMPIA (Ehrenrunde Deluxe)","Deutsch","Playlist","DEUM72113099","6jwiIpjAkDRGnFoQ9dkknk"
"Helium","Traumatin","Helium","Deutsch","Playlist","DE1AO2410254","4Os5yLFtTCv9CYc7xPtcpH"
"Panik","Graustufe West","Panik","Deutsch","Playlist","QZFZ22355005","3TO48iUyVSruxeUotD1NyK"
"Berlin ist keine Stadt","Betterov","OLYMPIA","Deutsch","Playlist","DEUM72205472","7AI0iHa5aNuhedYVADdjBL"
"Lieblingslieder","Traumatin","Lieblingslieder","Deutsch","Playlist","DE1AO2410270","5HD9po1b3WKX0VPkuvFFfA"
"Maschine","Graustufe West","Gold","Deutsch","Playlist","QZES82384205","71jypRD4SOFiEw3Q3a81O5"
"Hoffnung Stirbt 1","OK KID","Hoffnung Stirbt","Deutsch","Playlist","DEKF22600054","7h7H6RjwnmlZNm4pngBjLD"
"Keine Zeit","Edwin Rosen","Die Sterne","Deutsch","Playlist","DECE72500126","3MSa2px9WWdZPPDsHyHeX4"
"Farbfilm","OK KID","Farbfilm","Deutsch","Playlist","DEKF22600380","0bKTOJsvADrn5QY2v8avjP"
"Paris","Graustufe West","Paris","Deutsch","Playlist","QZDA42333099","5wKs7UXIuKrahzELqPflMh"
"Meine Hände sind im Feuer - Die Sterne Remix","Edwin Rosen","Die Sterne","Deutsch","Playlist","DECE72500128","4KOZIweOs4lyPLsJddyuDh"
"Mein Fluch","MADE","Mein Fluch","Deutsch","Playlist","CH7812369944","5vXWUlaQg71mqu7JUIV0XN"
"Paff Paff","Rap La Rue","Paff Paff","Deutsch","Playlist","DEKF22400047","6tcGtg5RHQImTM9rjYWRqF"
"I mim chline Dorf","Linda Fäh","I mim chline Dorf","Deutsch","Playlist","CHB362100208","4tYkmyrFoWKfwL7Ail2MCZ"
"Wenn ich wein","AYLIVA","Wenn ich wein","Deutsch","Playlist","DEA622100562","4Wuu6qS3D0Veevv2ZtbbrD"
"Hässlich","AYLIVA","Schwarzes Herz","Deutsch","Playlist","DEA622301553","3an1JVi8OsE0aG6dMS4Pes"
"Liebe Grüsse","RAF Camora","Liebe Grüsse","Deutsch","Playlist","DEQ022374256","5qQLBOEAelSN7JWqX3RIIv"
"Wildberry Lillet (Remix feat. Juju)","Nina Chuba","Wildberry Lillet (Remix feat. Juju)","Deutsch","Playlist","DEE862201417","1ywM9BP8vzh0Pu1zbnGAfY"
"Sommergewitter","Pashanim","Sommergewitter","Deutsch","Playlist","DECE72103812","2H7jZg2HliuQhZjfBblLrZ"
"Dorfkinder","Finnel","Dorfkinder","Deutsch","Playlist","DGA062305253","6TJJfeL9UUi0xNnYvte2av"
"Metallene Klänge","Iron Pulse","Bum! Es ist der...","Deutsch","Playlist","QT6XZ2591981","4cJ3C1aIUgatfW67twnish"
"In Den Sturm","Iron Pulse","Bum! Es ist der...","Deutsch","Playlist","QT6XZ2544187","3DjUcdoe3hM1IyQNiqp4tz"
"Echoes of Despair","Iron Pulse","Bum! Es ist der...","Deutsch","Playlist","QZH5E2543568","27JHL2nbc8BWbtKnOE6DbD"
"Schrei bis die Wände beben","Iron Pulse","Bum! Es ist der...","Deutsch","Playlist","QZH5E2530374","2rSEK0uLcy640Ii4BNmRhn"
"Leg dich nieder in der Dunkelheit","Iron Pulse","Bum! Es ist der...","Deutsch","Playlist","QZRPB2531518","6jSHCgVIdmZi8efWSHf2aF"
"In die Schatten dieser Nacht","Iron Pulse","Bum! Es ist der...","Deutsch","Playlist","QT6XZ2587845","4KsOdgH7paRzQzkYO1DPxQ"
"Bum! Es ist der...","Iron Pulse","Bum! Es ist der...","Deutsch","Playlist","QZTH92575728","5lRrUznxe7j02XNNQzSZrI"
"Metal Gates","Iron Pulse","Bum! Es ist der...","Deutsch","Playlist","QZYB22509468","6v7nM95cj0sNzr4uspn7cV"
"Echoes of Darkness","Iron Pulse","Bum! Es ist der...","Deutsch","Playlist","QZT862520853","4021oUHO8ZR1hdnUCkOPAA"
"Embrace the Storm","Iron Pulse","Bum! Es ist der...","Deutsch","Playlist","QZT852525488","4vQaJ3tkqSXCoQRPYU3pXy"
"Echoes of the Abyss","Iron Pulse","Bum! Es ist der...","Deutsch","Playlist","QT6XZ2545185","5sJr3opPonuzumD8AaTcmI"
"Sommergewitter","Pashanim","Sommergewitter","Deutsch","Playlist","DECE72103812","2H7jZg2HliuQhZjfBblLrZ"
"Sie weiß (feat. Mero)","AYLIVA","Schwarzes Herz","Deutsch","Playlist","DEA622202165","6JUeZ04YG6WIy937AgIPsR"
"Paparazzi","Ardian Bujupi","Paparazzi","Deutsch","Playlist","DEE862400065","5k3I3hb3ouwr1ttrjxE13x"
"Face to Face","Fred Denote","Face to Face","Deutsch","Playlist","CH6542211731","3psdlQnAk0cHH5ayZumSxi"
"Was du nicht siehst (feat. ela.)","Kool Savas","Was du nicht siehst (feat. ela.)","Deutsch","Playlist","DEBN22300022","76j4GsRzhvUVfucELTpiS2"
"Retro","Caribio","Retro","Deutsch","Playlist","DEYW82203264","72ko3Hk9fdaubkS7d50zha"
"Energie","Kontra K","Die Hoffnung klaut mir Niemand","Deutsch","Playlist","DE1D22200136","7bdc7zbvOxYE6C85ix5FPp"
"Bullet (feat. AYLIVA)","MERO","Bullet (feat. AYLIVA)","Deutsch","Playlist","DECE72303925","5ch9m39I5MleWuwceDgCxz"
"Lass mich gehen","AYLIVA","Schwarzes Herz","Deutsch","Playlist","DEA622301544","1VxlVMCopT232hOcBVybyj"
"Wenn das so bleibt","Apache 207","Wenn das so bleibt","Deutsch","Playlist","DEKF22300272","0zQBUaHR4dOlyPPhqRAr27"
"Geringverdiener","Finnel","Geringverdiener","Deutsch","Playlist","FRX762256003","45brbM7Ij9LxQWjC0DjBXj"
"Was Besseres","AYLIVA","Was Besseres","Deutsch","Playlist","DEA622200306","1s968vbStkzOXKDIejXeXg"
"Kleiner Finger Schwur","Florian Künstler","Kleiner Finger Schwur","Deutsch","Playlist","DEOS72200018","34FFsLy4HDUjnnDMjGXEvU"
"Mit Dir","Sido","Mit Dir","Deutsch","Playlist","DEUM72118804","2xFMvrqk99biaLQavjufta"
"Breaking your heart","Apache 207","Breaking your heart","Deutsch","Playlist","DEKF22300271","3pyvUdSZvgrmZbXcEsL2bs"
"Aber sie","AYLIVA","Aber sie","Deutsch","Playlist","DEA622301248","3DvPDYdU1EjLooP8EYFoV2"
"Die Sonne","Kontra K","Die Hoffnung klaut mir Niemand","Deutsch","Playlist","DE1D22200137","3T33so3escAbwbrgcIqyRa"
"Bei Nacht","AYLIVA","Bei Nacht","Deutsch","Playlist","DEA622200304","53vyWY4myvD6qPh1z54Itx"
"Ich kündige","Grossstadtgeflüster","Ich kündige","Deutsch","Playlist","DELV42300399","6sMH6GKuVOjDLdwfBR08oA"
"Wenn Du mich lässt","LEA","Wenn Du mich lässt","Deutsch","Playlist","DEKF22100660","6Ey7KSTV0Zx0fnxOw6bdK8"
"Grapefruit","MartinBepunkt","Grapefruit","Deutsch","Playlist","DECE72300151","6tsfUUzJ5SFKP7n2H9V22F"
"Lieb mich","AYLIVA","Lieb mich","Deutsch","Playlist","DEA622400247","4C9bsG159VjOQe0g1RgMi9"
"Meine 1","1986zig","Meine 1","Deutsch","Playlist","DECE72302999","6QZ7IptsMdWodN4uFuXNkv"
"Nur für Dich","Kontra K","Für den Himmel durch die Hölle","Deutsch","Playlist","DE1D22200028","7y2CanQNBGTd7EVJy80hLC"
"Ich hass dich","Nina Chuba","Ich hass dich","Deutsch","Playlist","DEE862201571","5CGPOGyyF3XvyQwyqlJH0P"
"Für diesen Moment","Alexander Eder","Für diesen Moment","Deutsch","Playlist","DEUM72204718","38t7wPFbMWTVS6CUSZHc2d"
"Die schönsten Tage","SDP","Die schönsten Tage","Deutsch","Playlist","DECE72200608","5h6yetX656MwIB1jAuAEjI"
"NuR Du :/","Lune","NuR Du :/","Deutsch","Playlist","DEKF22400242","3DYJ9tHSIhZqCVT8l5QAd0"
"Toto","MADE","Toto","Deutsch","Playlist","CH7812365779","2666ajMhxjHYeK2EPKC6yY"
"Loser","Apache 207","Loser","Deutsch","Playlist","DEKF22400220","5f3DCz8dOQdTLxzh8QQuvV"
"Zukunft Pink (feat. Inéz)","Peter Fox","Love Songs","Deutsch","Playlist","DEA622201528","1uUgy87UHT9rlbxHirty3g"
"Sterne (feat. Bozza)","Sido","Sterne (feat. Bozza)","Deutsch","Playlist","DEUM72207849","3WnBW96ByuZLYGUlAPtqUG"
"Wunderland - Radio Version","Marie Vell","Wunderland","Deutsch","Playlist","DEZ922400808","4ZRhZtyBGfp49DhPpS4UJB"
"The Winner Takes It All - Radio Edit","E-Rotic","The Winner Takes It All (Radio Edit)","Deutsch","Playlist","DEQ092400013","6zTbRxJXbXPkLTNJbuKTrc"
"I Can´T Stop Lovin´ You","ANN KEE","I Can´T Stop Lovin´ You","Deutsch","Playlist","TCAIG2482280","47YPvOvjmNExbRyw6cFkKE"
"Secret Song","Demolition Sound Foundation","Secret Song","Deutsch","Playlist","QZK6K2487223","3Tz0iJWc2cA6E7LVeLiLjk"
"Planet Paradise","Yellow Sky","Planet Paradise","Deutsch","Playlist","DEYX82201437","44pOI4GgldT3EZlJXF3Sai"
"Wie ein Gebet","Mystigma","Gebete","Deutsch","Playlist","DEGR82116991","3VLKnOez11NPYDLrHMJ58L"
"Save Me","Isa Van Kroll","Save Me","Deutsch","Playlist","QZMEM2343999","5EdgfV7vPHHrGpL55n3oVf"
"Ok.","KUMA","Ok.","Deutsch","Playlist","DEZC62465109","7k7ZHgnrHFqV33fPEk7gAG"
"Wunderland - Radio Version","Marie Vell","Wunderland","Deutsch","Playlist","DEZ922400808","4ZRhZtyBGfp49DhPpS4UJB"
"Wie ein Gebet","Mystigma","Gebete","Deutsch","Playlist","DEGR82116991","3VLKnOez11NPYDLrHMJ58L"
"Wunderland - Radio Version","Marie Vell","Wunderland","Deutsch","Playlist","DEZ922400808","4ZRhZtyBGfp49DhPpS4UJB"
"Lass uns leben. - Radio Edit","Jimmy und Johnny","Lass uns leben. (Radio Edit)","Deutsch","Playlist","DEYX82181778","576f9od2jYoAwyOwQcAn5C"
"Gefährliche Männer","Jadu","Gefährliche Männer","Deutsch","Playlist","DEZC62266411","25lLNrUJ7AwDdPXiaPOguZ"
"Wie ein Gebet","Mystigma","Gebete","Deutsch","Playlist","DEGR82116991","3VLKnOez11NPYDLrHMJ58L"
"FLYER","JANUS CHRISTUS","BRUTAL UND GROB (LEAVING GAIS)","Deutsch","Playlist","QZHN72368230","44jLuG87GreGiVym4JzrT7"
"Prophet","Mystigma","Gebete","Deutsch","Playlist","DEGR82116995","06jeign9AfksMLED9WbaRG"
"Me-Time","Roksy","Me-Time","Deutsch","Playlist","ATFX92201004","5F7nWLvUH6nnCQaUZn7t0Q"
"Sommernacht in Berlin","Cris Colata","Sommernacht in Berlin","Deutsch","Playlist","QZNJV2223145","24Rck7KGaM1OvnenYX52N3"
"Jede Nacht in meinen Träumen - Radio Edit","Joshville","Jede Nacht in meinen Träumen","Deutsch","Playlist","DEPJ82100242","6NOsa9eQTcVhrA924z6daD"
"Wer Ich Bin","FokuZz","Wer Ich Bin","Deutsch","Playlist","TCAFS2119859","2yI1ZeyxkKu4yZhNvXsa9P"
"Wie ein Gebet","Mystigma","Gebete","Deutsch","Playlist","DEGR82116991","3VLKnOez11NPYDLrHMJ58L"
"1979","BLUTHUND","1979","Deutsch","Playlist","DERK42100008","00koGlyPyVllhVowgMY6UZ"
"Auf & Ab","Montez","Auf & Ab","Deutsch","Playlist","DEUM72117051","0RSZ8EmUPEN3ySfCgytPke"
"Liege wieder wach","Jamule","SOLD","Deutsch","Playlist","DECE72100096","2knDuFWczh1Wv92eBAdPTa"
"Lieben wir","Shirin David","Lieben wir","Deutsch","Playlist","DECE72103694","49gzU1IS1B6P3GATSZ5eCE"
"Madonna","Bausa","100 Pro","Deutsch","Playlist","DEA622000742","6a3kNt1UlUOapDKmEr3JzZ"
"Tränen aus Kajal","CÉLINE","Instinkt","Deutsch","Playlist","DEQ022006118","1dy0JB5g1AW1W30zbPknZZ"
"Deine Schuld","AYLIVA","Deine Schuld","Deutsch","Playlist","DEA622100322","1dXz1boMWgpeiNcTK3jRtU"
"Grund genug","Madeline Juno","Was bleibt","Deutsch","Playlist","DETO31900094","563M43dvIEIWapE4zESGJ8"
"Schwarz","LEA","Schwarz","Deutsch","Playlist","DEKF22100366","0XpTuvT4Yueddiv20w6M9a"
"Irgendwann ist jetzt","Max Giesinger","Irgendwann ist jetzt","Deutsch","Playlist","DELV42100005","3gMi9DLCVNNAnj9URmWNlD"
"Sommer","Beatzarre & Djorkaeff","Sommer","Deutsch","Playlist","DECE72103228","3sqZwhR5UFmHAh1KLXGOgq"
"BLESSED (feat. Capital Bra)","CRO","BLESSED (feat. Capital Bra)","Deutsch","Playlist","DEUM72100283","28tBoBognmn3BBdfjPzSw9"
"GTA","Dardan","GTA","Deutsch","Playlist","DEWZ12100001","1bQduKjv7s88QkGmzcxHMh"
"Anders","ACE ONE","Anders","Deutsch","Playlist","QZK6N2060655","43iJIoONztk4NSQg5lWz2K"
"Kaum Erwarten","Wincent Weiss","Irgendwie anders","Deutsch","Playlist","DEUM71807103","6UR0WjQTWLgyVWxAaXfrH5"
"Was ist hier los?","Eisbrecher","Sturmfahrt","Deutsch","Playlist","DEE861701084","42COu0u76ahdsby0hKfMPH"
"Steh auf","Lindemann","F & M (Deluxe)","Deutsch","Playlist","DEUM71904563","2cwwUYTPOEfz0pam6tiVZz"
"Mein Leid für Euch","Extramensch","Und wenn die Welt","Deutsch","Playlist","DEKR72200230","3DfagKbNnZMnpp8aNpBRCE"
"FLYER","JANUS CHRISTUS","BRUTAL UND GROB (LEAVING GAIS)","Deutsch","Playlist","QZHN72368230","44jLuG87GreGiVym4JzrT7"
"Gewitter","Vildano","Gewitter","Deutsch","Playlist","DEZC62321507","5EtgsW4SS2o8vmV0mzN7Nv"
"Draußen in der Stadt +","Solche","Raus aus dem Schatten +","Deutsch","Playlist","DEL212207219","1S5xU0FS7k5Va4uMjP9QeU"
"verliebt","Melou","verliebt","Deutsch","Playlist","QZTAX2277942","05fo3AgsfI3oO6YW7fp5c3"
"Flügel","NerdbyNature","Toxic","Deutsch","Playlist","DEYW82205579","6LpErUqEc8Nz5cVlQtVnxJ"
"Halb so","Patrick Noe","Halb so","Deutsch","Playlist","DEH742227654","2ADQG245K2wU85BlIgozru"
"Prophet","Mystigma","Gebete","Deutsch","Playlist","DEGR82116995","06jeign9AfksMLED9WbaRG"
"Me-Time","Roksy","Me-Time","Deutsch","Playlist","ATFX92201004","5F7nWLvUH6nnCQaUZn7t0Q"
"Nebel","SPACEMON","Nebel","Deutsch","Playlist","DEYX82128774","6WzpsRA2zjzpTIt2rvdy8H"
"Sommernacht in Berlin","Cris Colata","Sommernacht in Berlin","Deutsch","Playlist","QZNJV2223145","24Rck7KGaM1OvnenYX52N3"
"Jede Nacht in meinen Träumen - Radio Edit","Joshville","Jede Nacht in meinen Träumen","Deutsch","Playlist","DEPJ82100242","6NOsa9eQTcVhrA924z6daD"
"Abwärts","Jadu","Abwärts","Deutsch","Playlist","DEZC62274013","3OyX1igyUbPgnEP88lcbbc"
"Wer Ich Bin","FokuZz","Wer Ich Bin","Deutsch","Playlist","TCAFS2119859","2yI1ZeyxkKu4yZhNvXsa9P"
"Dämonen","NerdbyNature","Toxic","Deutsch","Playlist","DEYW82205577","0Wb4hwk0v2ZRW4P7UL0BOH"
"Gift","NerdbyNature","Toxic","Deutsch","Playlist","DEYW82205578","0yQqd8bx3f2bSZcukduZoD"
"Kick","NerdbyNature","Kick","Deutsch","Playlist","DEYW82203807","54tT4xrEIEqrEFqxRcojku"
"Wie ein Gebet","Mystigma","Gebete","Deutsch","Playlist","DEGR82116991","3VLKnOez11NPYDLrHMJ58L"
"Mio Mate","Zimtjunge","Mio Mate","Deutsch","Playlist","DEZC62269086","2fLBdhmq1phaFEzx54EOOZ"
"Erst im freien Fallen - Radio edit","Nobo","Die Seele kennt keine Farben (Radio edit)","Deutsch","Playlist","DEZC62252716","4c2koaU1iTBO5L3xvtBOJE"
"Sommergewitter","Slightly Strayed","Sommergewitter","Deutsch","Playlist","DEZC62270005","6vG1GL62op6rDJo8AXK2P9"
"1979","BLUTHUND","1979","Deutsch","Playlist","DERK42100008","00koGlyPyVllhVowgMY6UZ"
"Face to Face","Fred Denote","Face to Face","Deutsch","Playlist","CH6542211731","3psdlQnAk0cHH5ayZumSxi"
"Schwarz Weiß","Sascha Renier","Schwarz Weiß","Deutsch","Playlist","DEWQ52200001","7DM4b1yg7RvGCIGRjjqVdF"
"Schachmatt","Zio Wintz","Schachmatt","Deutsch","Playlist","DEYW82103073","7sr89JKQ0HweC10bvQtRkr"
"Auf & Ab","Montez","Auf & Ab","Deutsch","Playlist","DEUM72117051","0RSZ8EmUPEN3ySfCgytPke"
"Liege wieder wach","Jamule","SOLD","Deutsch","Playlist","DECE72100096","2knDuFWczh1Wv92eBAdPTa"
"Lieben wir","Shirin David","Lieben wir","Deutsch","Playlist","DECE72103694","49gzU1IS1B6P3GATSZ5eCE"
"Madonna","Bausa","100 Pro","Deutsch","Playlist","DEA622000742","6a3kNt1UlUOapDKmEr3JzZ"
"Tränen aus Kajal","CÉLINE","Instinkt","Deutsch","Playlist","DEQ022006118","1dy0JB5g1AW1W30zbPknZZ"
"Deine Schuld","AYLIVA","Deine Schuld","Deutsch","Playlist","DEA622100322","1dXz1boMWgpeiNcTK3jRtU"
"Grund genug","Madeline Juno","Was bleibt","Deutsch","Playlist","DETO31900094","563M43dvIEIWapE4zESGJ8"
"Schwarz","LEA","Schwarz","Deutsch","Playlist","DEKF22100366","0XpTuvT4Yueddiv20w6M9a"
"Irgendwann ist jetzt","Max Giesinger","Irgendwann ist jetzt","Deutsch","Playlist","DELV42100005","3gMi9DLCVNNAnj9URmWNlD"
"Sommer","Beatzarre & Djorkaeff","Sommer","Deutsch","Playlist","DECE72103228","3sqZwhR5UFmHAh1KLXGOgq"
"BLESSED (feat. Capital Bra)","CRO","BLESSED (feat. Capital Bra)","Deutsch","Playlist","DEUM72100283","28tBoBognmn3BBdfjPzSw9"
"GTA","Dardan","GTA","Deutsch","Playlist","DEWZ12100001","1bQduKjv7s88QkGmzcxHMh"
"Anders","ACE ONE","Anders","Deutsch","Playlist","QZK6N2060655","43iJIoONztk4NSQg5lWz2K"
"Kaum Erwarten","Wincent Weiss","Irgendwie anders","Deutsch","Playlist","DEUM71807103","6UR0WjQTWLgyVWxAaXfrH5"
"Was ist hier los?","Eisbrecher","Sturmfahrt","Deutsch","Playlist","DEE861701084","42COu0u76ahdsby0hKfMPH"
"Steh auf","Lindemann","F & M (Deluxe)","Deutsch","Playlist","DEUM71904563","2cwwUYTPOEfz0pam6tiVZz"
"Säulen","Lele Javel","Säulen","Deutsch","Playlist","CHA012100777","40K3B0Kcy2opTWPrzvnluf"
"B2B Bars","Dlo","B2B Bars","Deutsch","Playlist","QZK6P2190821","1oBSnk1XlrgqxChO1tUcmC"
"Nimm mir nicht meinen Vibe","Dardash","Nimm mir nicht meinen Vibe","Deutsch","Playlist","QZK6N2100254","5DXMrheetSCMUdGTRcFlFw"
"SWM RMX","Ratmir","SWM RMX","Deutsch","Playlist","QZK6Q2252922","2fvAhhjSUyD7jgr6GfwqIn"
"weißt du was ich meine","Ratmir","weißt du was ich meine","Deutsch","Playlist","QZMEP2231145","5Y8W4724QnrJAjPE2eRL0p"
"C'est la vie","Vildano","C'est la vie","Deutsch","Playlist","DEZC62265057","3rChdvjcGke3q1chB8x5X8"
"Houlersoft","Schw4rz","The Return of KUENE OHNUNG","Deutsch","Playlist","QZTB72508575","5qYcqF6ESVJiuNARX2Qxjj"
"Und wenn die Welt","Extramensch","Und wenn die Welt","Deutsch","Playlist","DEPI82206892","4i16wsabSe43lFh8nIhSVC"
"Rein raus","Rammstein","Mutter","Deutsch","Playlist","DEN120100006","4fPrxIohi60EZfNy2TlD44"
"Geboren um dich zu lieben","DJ NonRoste","Chartbreaker aus Absurdistan (Remix)","Deutsch","Playlist","QT6FL2530153","5yafvu6GKU3nrp2X2iwNhD"
"Abenteuerland","Pur","Irgendwo","Deutsch","Playlist","DEA349503010","0jhTk783jt1p97KId6ZZav"
"Eine neue Welt","Meier GT","Qualität durch Talent","Deutsch","Playlist","DEAR42681474","3200fuM5cUzsOF5MRGsWFe"
"Vincent","Sarah Connor","HERZ KRAFT WERKE (Deluxe Version)","Deutsch","Playlist","DEUM71901478","7vs1Yi6SUphHp0eW6ys8HG"
"Es geht mir gut - 2000 Remaster","Westernhagen","Affentheater (2000 Remaster)","Deutsch","Playlist","DEA620000971","1z2qICcHsuxZOVX7b9m893"
"Kinder an die Macht","Herbert Grönemeyer","Was Muss Muss - Best Of","Deutsch","Playlist","DEC610800614","1QvvzmQQxV8HQdhIvBAymq"
"Geiles Leben - Madizin Single Mix","Glasperlenspiel","Tag X (Deluxe Version)","Deutsch","Playlist","DEUM71502356","4dE4yaT3DzLiXH1wnH1KLo"
"Zruck zu dir (Hallo Klaus) - Original","Nickerbocker","Zruck zu dir (Best of Nickerbocker und Biene)","Deutsch","Playlist","DEZ921000287","27fP4B7l2GsEcUqgKac8Q1"
"Millionen Lichter","Christina Stürmer","Gestern. Heute - Best Of","Deutsch","Playlist","DEUM71300342","66aEVd6v3sXwLO4YdTmbUI"
"Fifty Fifty","teget","Fifty Fifty","Deutsch","Playlist","DEZC62674274","0HOdnezdbbO0PokWmNnJLm"
"Heute mache ich nichts!","Meier GT","Aqua-Gymnastik für die Ohren","Deutsch","Playlist","DEAR42501682","35lJOE43ilVXHdyOgsKqMa"
"Drück die 1","Annett Louisan","Teilzeithippie","Deutsch","Playlist","DEW470800062","1wa6bfbMaHgjtXU5op4J4w"
"Symphonie","CHIOPS","Symphonie","Deutsch","Playlist","CH7812421404","4GIYwdALCFN4BXXp5lekx3"
"Wolke 4","Philipp Dittberner","Wolke 4","Deutsch","Playlist","GBLAZ1400522","3j6f9Ybiq5ll9Cm0ePBt4g"
"Ich will shoppen","Meier GT","Aqua-Gymnastik für die Ohren","Deutsch","Playlist","DEAR42501707","3e32pquSo3THLDaCmXB47L"
"Spinner","Revolverheld","In Farbe - ReEdition","Deutsch","Playlist","DEA810901524","5aXBg6vNTKtO5fzlqYAuC4"
"Spektakulär","Sportfreunde Stiller","Spektakulär","Deutsch","Playlist","DEUM72202518","5aqVySLrpMfCmTP2RH9qa2"
"Aurélie","Wir sind Helden","Die Reklamation","Deutsch","Playlist","DEG120301809","6vugYRjEYHJ3nsGP5kScpf"
"St. Pauli - Single Edit","Jan Delay","St. Pauli","Deutsch","Playlist","DEUM71400428","1sdxIvDYlDvr3XXhFMwdnk"
"Weichei Reloaded","Meier GT","Erste vegane Verunsicherung","Deutsch","Playlist","DEAR42592924","45euSND0Tc3S7iODGBtQSV"
"Das Spiel","Annett Louisan","Bohème","Deutsch","Playlist","DEW470400043","1OXXHjF3kthTy3eisKMvUc"
"Ich lebe - Radio Version","Christina Stürmer","Schwarz Weiss (Essential 5)","Deutsch","Playlist","ATA010500004","4mS3gcDKG4HWGVytZXTZtZ"
"Tage wie diese","Die Toten Hosen","Tage wie diese","Deutsch","Playlist","DEF241230001","63edatV3DYUVh0JYx0Fddt"
"Geile Zeit","Juli","Geile Zeit","Deutsch","Playlist","DEN120404257","5ZcbIM3gBkuJ0EuPluvbzW"
"Schweinehund Song","Meier GT","Erste vegane Verunsicherung","Deutsch","Playlist","DEAR42593274","4xdWIinFtrggNRSM7hc8mf"
"Abenteuerland","Pur","Hits Pur - 20 Jahre Eine Band (Fan Edition)","Deutsch","Playlist","DEA349503010","748pbjnFM9TVwQhDT3LC4N"
"Millionär","Die Prinzen","Das Leben ist grausam","Deutsch","Playlist","DEC739100010","6bEffssIb32Yk7HCfFn3qA"
"Lass uns gehen - Single Version","Revolverheld","Immer in Bewegung - Tour-Edition","Deutsch","Playlist","DEE861400358","0Zg2XUTpnLmGLtXQZPTfNI"
"Sonderzug nach Pankow","Udo Lindenberg","UDOPIUM - Das Beste (Special Edition)","Deutsch","Playlist","DEF068205470","6Qn89oH2hi28r3aFTsigm0"
"Rockstar","Meier GT","Aqua-Gymnastik für die Ohren","Deutsch","Playlist","DEAR42502267","0RmnnLELdAjqCYaVNLsiHm"
"Chöre","Mark Forster","TAPE","Deutsch","Playlist","DEQ321600148","2nYpbaLykC2cjU8Yt5KF1v"
"Nie genug","Christina Stürmer","Gestern. Heute - Best Of","Deutsch","Playlist","ATUM70600259","23Ce3FzyHhhPAuEqf5Nzih"
"Lena","Pur","Nichts Ohne Grund","Deutsch","Playlist","DEA349102148","3MENXwdwyzSvRBYeYf5pgd"
"Rock Me Amadeus","Falco","80s 100 Hits","Deutsch","Playlist","ATB158500018","1tDH02wIa3ysGiAe4qsLXL"
"Wenn Worte meine Sprache wären","Tim Bendzko","Wenn Worte meine Sprache wären","Deutsch","Playlist","DEE861100044","3tIN1SDHpOb0vmnLHjL0IH"
"Lass uns gehen","Revolverheld","Immer in Bewegung - Tour-Edition","Deutsch","Playlist","DEE861300467","5anklLEprVGNgV73YgW9fG"
"Warten","Meier GT","Erste vegane Verunsicherung","Deutsch","Playlist","DEAR42593525","6JC45CDZTZkEB6NYK04fGJ"
"Mit meinen Augen - Remastered 2008","Klaus Lage","Beste Lage","Deutsch","Playlist","DEA340800668","3bKILSHMNkc44eKHymYmFQ"
"Mit 66 Jahren","Meier GT","Aqua-Gymnastik für die Ohren","Deutsch","Playlist","DEAR42502210","4mbZshbEz8pbJe4dx5Qums"
"Mädchen - Mädchen-Radio-Mix","Lucilectric","Mädchen","Deutsch","Playlist","DED149300006","3jxxYgf0lK155eeuSO5sH1"
"Mein Ding","Udo Lindenberg","Stark wie Zwei (Remastered Version)","Deutsch","Playlist","DEA621300817","0vHBuRNAsWJpQd0vE5A1UJ"
"Vollgas","Toby M","Vollgas","Deutsch","Playlist","ATDS61800051","2aFuyNHMbDr7bWp90Zn9BG"
"Liebe ist meine Rebellion - Radio Version","Frida Gold","Liebe ist meine Rebellion","Deutsch","Playlist","DEA621300260","6RH5RbVCBpNPt11xgXdnlG"
"Putz, Putz, Putz - Remastered","Meier GT","Einmalig, aber für alle genug! (Remastered)","Deutsch","Playlist","DEAR42135188","2aur4xl1H7CJF0K53ptvso"
"Krieger des Lichts - Single Version","Silbermond","Alles Auf Anfang 2014-2004","Deutsch","Playlist","DEA810901151","78WvAAtpJYOS9d3YmrmZNv"
"Schlimmer geht immer","Meier GT","Erste vegane Verunsicherung","Deutsch","Playlist","DEAR42593057","27gFSmYpYiRdRxPN6gR7Lr"
"New York, Rio, Rosenheim","Sportfreunde Stiller","New York, Rio, Rosenheim (Germering de luxe)","Deutsch","Playlist","DEUM71301665","18zBDi8chSKx2bTeMmVwHb"
"Universum","Ich + Ich","Gute Reise (Exklusive Version)","Deutsch","Playlist","DEUM71008380","5CMOpgf9S44Fw8qH9jAPWM"
"Ein Herz kann man nicht reparieren (feat. Inga Humpe) - MTV Unplugged","Udo Lindenberg","MTV Unplugged Doppelzimmer Edition (Remastered Version)","Deutsch","Playlist","DEA621300884","2ATThRqL1YQejcpZWABHHa"
"Geister der Nacht","DJ NonRoste","Chartbreaker aus Absurdistan (Remix)","Deutsch","Playlist","QT6FL2530152","5WWYyXXQqckNOpJ4zmxJlb"
"Applaus, Applaus - Radio Edit","Sportfreunde Stiller","Applaus, Applaus (Radio Edit)","Deutsch","Playlist","DEUM71301693","0wvRGgVi5ykH6aMF3m6tgW"
"99 Red Balloons","Nena","The Definitive 80's (eighties)","Deutsch","Playlist","DEE868300053","0XSxZ0cpHcZIpPA7TgSOwZ"
"Er hört mir nicht zu","Meier GT","Aqua-Gymnastik für die Ohren","Deutsch","Playlist","DEAR42501951","121466zhmbMUNlQbKTXU11"
"Cello","Udo Lindenberg","Belcanto (Remastered)","Deutsch","Playlist","DEF069707280","1LL3Xacz03Hquj1JBkuu6H"
"80 Millionen","Max Giesinger","Der Junge, der rennt","Deutsch","Playlist","DELV41600001","2ladamWCFAfQbgIIdkewAx"
"An guten Tagen","Johannes Oerding","Konturen","Deutsch","Playlist","DEE861901002","5UUtkgpCWxV9JtQP8iqOzy"
"Ich kannte dich schon (Bevor wir uns trafen)","Real Feelings","Ich kannte dich schon (Bevor wir uns trafen)","Deutsch","Playlist","QZTB92651007","4PHdCoL1SQzoSScJHHWJRD"
"Kein Platz für ein Nein","Real Feelings","Gold & Scherben -Life-","Deutsch","Playlist","QZTB62693187","3UyVh0qfaxOn2uXIlkVTwI"
"Ein Kompliment","Sportfreunde Stiller","Die gute Seite (Die lange Seite)","Deutsch","Playlist","DEN120203570","5QRkWkMabF6HJmQQm2HBVX"
"Die Landkarte deiner Jahre","Real Feelings","Gold & Scherben -Life-","Deutsch","Playlist","QZTB62693184","0ySgd2FgyKUzgs3IgQInk2"
"Einmal um die Welt","CRO","Raop","Deutsch","Playlist","DEW921100151","6gQAyT7B7cYGTRBOiFdQUS"
"Astronaut","Sido","Kronjuwelen","Deutsch","Playlist","DEUM71501571","3KirAIjDpQuoqmFtSSMPpO"
"Wenn du nicht bei mir bist","Real Feelings","Wenn du nicht bei mir bist","Deutsch","Playlist","QZZ7R2557147","24E3KGWnNb1IVBYrLeULnG"
"Ich kannte dich schon (Bevor wir uns trafen)","Real Feelings","Ich kannte dich schon (Bevor wir uns trafen)","Deutsch","Playlist","QZTB92651007","4PHdCoL1SQzoSScJHHWJRD"
"Wolke 4","Philipp Dittberner","Wolke 4","Deutsch","Playlist","GBLAZ1400522","6RxnOMdjeegcAnHoeecudU"
"Ich bin ich (Wir sind wir)","Rosenstolz","Das große Leben","Deutsch","Playlist","DEUM70503478","0b0yqfrtoZCaO6X9uYOUTh"
"Das Beben in mir","Real Feelings","Gold & Scherben -Life-","Deutsch","Playlist","QZTB62693182","0xEXqVrMn8WLiMjrFE7QTL"
"Gewinner - Single Version / Remastered 2014","Clueso","So sehr dabei - Live (Remastered 2014)","Deutsch","Playlist","DEQV21400090","6q2c8lBLDzP372QgHl9JsS"
"Jede Geste von Dir","Real Feelings","Jede Geste von Dir","Deutsch","Playlist","QZK6J2636761","5kIbwzw8tTgmqQ3ium5tk2"
"Was uns high macht","Provinz","Reicht dir das","Deutsch","Playlist","DEA621900086","7nrjWF8qnqT59lIFLLh1Di"
"Unsichtbarer Kreis","Real Feelings","Unsichtbarer Kreis","Deutsch","Playlist","QZNWQ2635022","6GDmwRBMDla5BiTzc8yix3"
"Still","Jupiter Jones","Jupiter Jones","Deutsch","Playlist","DEQ321000240","6VZmTnxtYpUAKOgBVUW05d"
"Unter meiner Haut - Radio Mix","Gestört aber GeiL","Unter meiner Haut","Deutsch","Playlist","DEN061500166","0YNXJlEqiBJJHOLi3V2DDV"
"Hast du kurz Zeit","Wincent Weiss","Hast du kurz Zeit","Deutsch","Playlist","DECE72502686","27IWyrrE1PGIimvFvs8Kg7"
"Lila Wolken","Marteria","Lila Wolken","Deutsch","Playlist","DEQ321200214","0c6EzAElZrC62yj80FLmpP"
"Ich will immer wieder dieses Fieber spür'n - Live From O2 World, Berlin, Germany/2010","Helene Fischer","Best Of Live - So Wie Ich Bin - Die Tournee","Deutsch","Playlist","DEC611000809","1ATmwnjJ9V5AwpcHTIFkxZ"
"Wie es mal war","Wincent Weiss","Vielleicht Irgendwann","Deutsch","Playlist","DEUM72007085","2XixrBjTfit6rZVgnD7D1V"
"100Tausend","Mike Singer","Paranoid!?","Deutsch","Playlist","DEA622000542","1cw2bFP3eyMXOumxazlk51"
"Geboren um zu leben","Unheilig","Best Of Vol. 2 - Rares Gold (Deluxe Version)","Deutsch","Playlist","DEUM70906014","7LOxJxYcrPfTrc9OhVAnF0"
"Je ne parle pas français (feat. Black M) - Beatgees Remix","Namika","Que Walou (Deluxe Edition)","Deutsch","Playlist","DEE861800632","188vEpGu3mCEFJypzGEFMJ"
"Lass mich los","Mike Singer","Emotions","Deutsch","Playlist","DEUM72118224","2apuboOEJT6kXmWFWAI8Is"
"Verdammt ich lieb' dich","Mike Singer","Emotions","Deutsch","Playlist","DEXO62027440","1OAcRUTbNq4yEKOFcnKbRq"
"Fehler","Mike Singer","Emotions","Deutsch","Playlist","DEUM72118229","7Mec1UCvlUKLY5KNaEgdjD"
"Du gehst nicht aus meinem Kopf","Kay One","Du gehst nicht aus meinem Kopf","Deutsch","Playlist","DETO32200024","3jy5dNLbaVAODjBuvnKxup"
"Immer wenn wir uns sehn (""Das schönste Mädchen der Welt"", Soundtrack)","LEA","Immer wenn wir uns sehn (""Das schönste Mädchen der Welt"", Soundtrack)","Deutsch","Playlist","DEQ321800337","5psDugCQ2V8uayDeSuTvdD"
"Das Leben (Du warst schon immer so)","LEA","Treppenhaus (Deluxe)","Deutsch","Playlist","DEQ322000386","5JpesS8MN7ALRO3HI8jptw"
"Hoff du bist ok","Oh Brother","Hoff du bist ok","Deutsch","Playlist","DEE862100874","4ypbEybouQ2ltcE4lctGHK"
"Allein","Gestört aber GeiL","Allein","Deutsch","Playlist","DEUM72006846","3RabvmdOtyezitodmMIrW0"
"Was Helden tun","Noah Levi","Was Helden tun","Deutsch","Playlist","DEE862002806","4XqIfNRBkhBcmXpuLQWRWF"
"Über dich","Madeline Juno","Besser kann ich es nicht erklären","Deutsch","Playlist","DETO32000209","3qM79gu83nz6RiT98UGWTI"
"Titanic","Oh Brother","Für Frühstück keine Zeit","Deutsch","Playlist","DEE862100022","2pPE1uMKIYS13JADqSJaJD"
"BETON","KAYEF","FEELINGS","Deutsch","Playlist","DECE72005440","7j2x9wj3hNV7daS8HPXCWy"
"Egal wie spät","KAYEF","Struggle Is Real (Deluxe Version)","Deutsch","Playlist","DECE72000585","1YlUXfay2evjM3RPxb3P0C"
"Wer wenn nicht wir","Wincent Weiss","Vielleicht Irgendwann","Deutsch","Playlist","DEUM72007087","4eNW5iyZwK6ZgyZTojV4vI"
"1000 Sterne","1986zig","1000 Sterne","Deutsch","Playlist","DECE72201429","1WTWjnCrjwzktuY2UFGUx1"
"Melatonin","Vanessa Mai","Melatonin","Deutsch","Playlist","DEA812200028","480dxcx2AKaFrtwTg0fHXK"
"Ich lass dich nicht los","Pietro Lombardi","Ich lass dich nicht los","Deutsch","Playlist","DEUM72201045","67iP0tSPgIld3OqlzF9pec"
"Vorbei","Pietro Lombardi","Vorbei","Deutsch","Playlist","DEUM72119394","7gIOmimvjeQqookDmLKOrK"
"Haltlos","Iris Mareike Steen","Haltlos","Deutsch","Playlist","DEZ902200565","0WLpZZYQRO9ov16Rd8yTvJ"
"Es lebe der Tod (feat. Nico Went)","Peter Plate","Es lebe der Tod / Das Schönste","Deutsch","Playlist","DELV42201225","3Bnd6Kpb8cgimawJjY3dls"
"Feelings","CIVO","Feelings","Deutsch","Playlist","DECE72200740","0J4ee9wYcPgAwOrtchXVEa"
"Schwarze Herzen","Vanessa Mai","METAMORPHOSE","Deutsch","Playlist","DEA812200154","40BdeM6V0FwRIHXRW4UH41"
"Happy End (feat. Sido)","Vanessa Mai","Happy End (feat. Sido)","Deutsch","Playlist","DEA812100290","1YRaS0rNK8y9E5NeTrKe03"
"Übermorgen","Mark Forster","Übermorgen","Deutsch","Playlist","DEQ322000065","1NP7bzm8UksJUWXsuFoOwE"
"Überall","CÉLINE","Instinkt","Deutsch","Playlist","DEQ022010261","1yfH3lBvPoImbq16sQcsxi"
"an all diesen Tagen","Wilhelmine","an all diesen Tagen","Deutsch","Playlist","DEA622200429","129TLJVbwR9oS1pVn20FAb"
"Wenn du bei mir bist","LEA x LINDA","Wenn du bei mir bist","Deutsch","Playlist","CH7812070561","3qW99bEIQd8WjppwgyS1oN"
"Gutes Gefühl","Fargo","Gutes Gefühl","Deutsch","Playlist","DEAL31800302","3kjsRg42wswtuGCkfOROP6"
"Elefant","LEA","Treppenhaus","Deutsch","Playlist","DEQ322000153","732SnVmWa7qJqOPNbrqIr7"
"Wenn du bei mir bist","LEA x LINDA","Wenn du bei mir bist","Deutsch","Playlist","CH7812070561","3qW99bEIQd8WjppwgyS1oN"
"Halt dich an mir fest","Revolverheld","In Farbe","Deutsch","Playlist","DEA810901526","7wvNpjFIYyt8nmKbwiSoIg"
"Niemals Allein","SOPHIA","NIEMALS ALLEIN","Deutsch","Playlist","DEUM72117791","5VdZeclyZaEvv24J3D1Bpo"
"Von jetzt an","Madeline Juno","DNA","Deutsch","Playlist","DETO31700226","0T0q0pefAcNW9qMW3QcZgX"
"Wenn nur Liebe hilft","LEA","Treppenhaus","Deutsch","Playlist","DEQ322000143","0UukVVTyf3tqZr4iE5TcYm"
"Schizophren","KATI K","Schizophren","Deutsch","Playlist","DEA812100308","2bTICR4EUhniq2zQerGIYn"
"Traum","Achtabahn","Traum","Deutsch","Playlist","DEUM72207097","6wLjeRnooo4AHNM3prscIe"
"Kleiner Finger Schwur","Florian Künstler","Gegengewicht","Deutsch","Playlist","DEOS72200018","0THHEiD7yLQsHxAo6fmtsQ"
"Phänomen (""Das schönste Mädchen der Welt"", Soundtrack)","Cyril aka Aaron Hilmer","Phänomen (""Das schönste Mädchen der Welt"", Soundtrack)","Deutsch","Playlist","DEQ321800330","3rp5EbCFuspx8IsmrERE4W"
"Chaos","Mathea","M","Deutsch","Playlist","ATWF51900102","6XjhXMNeN3VQTOstpxHy5L"
"Baby Langsam - Despacito auf deutsch","Voyce","Baby Langsam (Despacito auf deutsch)","Deutsch","Playlist","FR96X2033582","1e3OuQ4ff7MKUXBuLbpDJD"
"Perfect - Deutsche Version","Voyce","Perfect (Deutsche Version)","Deutsch","Playlist","FR10S2049101","37ULhq9delFiTn6GZQ14xr"
"2x","Mathea","M","Deutsch","Playlist","ATWF51800087","3Esn90IzUHMGq1xLaiCsex"
"Monet","Alligatoah","Monet","Deutsch","Playlist","DEQ022010262","6a2dQM7ocTJoTVCXekPOHG"
"Für dich (feat. ille & MABU)","lityway","Für dich (feat. ille & MABU)","Deutsch","Playlist","DEE862100937","2e9SUhfqprCWCWNXcZNjxP"
"Signal","JORIS","Schrei es raus (Deluxe)","Deutsch","Playlist","DEQ321800096","2BwfsfmUspHjb68jMfWoxE"
"Irgendwann","ela.","Liebe & Krieg","Deutsch","Playlist","DEA811900595","7iRCrgTk9q3DirOfSNvxi6"
"Besonderer Mensch","K-Fly","Besonderer Mensch","Deutsch","Playlist","DELJ81935295","4bnfelT4QcBbZFJUSb4GBT"
"Hollywood","Benne","Hollywood","Deutsch","Playlist","DEEK22010107","5SrCQSWxojuoQtvbOw6GFQ"
"alles verloren","Dani Lia","alles verloren","Deutsch","Playlist","DEQ322300122","5mjlXpzwGp0iCZKQWU2lqL"
"Fluss","LEA","Fluss","Deutsch","Playlist","DEKF22100600","4gh92MOGkhnJoYVztbruGX"
"Parfum","LEA","Fluss","Deutsch","Playlist","DEKF22100654","2FMi26sVkDIPmJTqv1JNg2"
"Warum","KAYEF","Struggle Is Real (Deluxe Version)","Deutsch","Playlist","DECE72000581","4czTM2LHecuYCvcjHXDPHj"
"Wo die Liebe hinfällt","Wincent Weiss","Vielleicht Irgendwann","Deutsch","Playlist","DEUM72007088","6R7SRcG2xE6e3fGQKO8BX6"
"Beifahrer","AYLIVA","Beifahrer","Deutsch","Playlist","DEA622401857","5sxiqHHGSVjmeg5SrLZcKA"
"Sinn","Tagtraeumer","Alles OK (Deluxe Edition)","Deutsch","Playlist","DEA621500029","6qdb75zoTxDP3IJx6DVtue"
"Deine Schuld","AYLIVA","Weisses Herz","Deutsch","Playlist","DEA622100322","2g4FPrvea8sYly3ihGRgwE"
"Dämonen","CÉLINE","Instinkt","Deutsch","Playlist","DEQ022004773","4dkz8L39fYoR16X9fvTBWP"
"Wenn Nicht Jetzt","MENX","Wenn Nicht Jetzt","Deutsch","Playlist","TCAJB2429522","3pjD2h7lU3Q8e0zAumJ7PS"
"Keine leise Ahnung","Inkognito","Keine leise Ahnung","Deutsch","Playlist","CH7812105413","6V7WfiwmIkibsXDyicyMkU"
"Regentanz","Inkognito","Regentanz","Deutsch","Playlist","CH7812215098","6c9QjxIPsvBXYV2IOUojSc"
"3000 Sprachen","MENX","Koop Modus","Deutsch","Playlist","TCAHL2321646","7MAI72x7p1od0J4MQm7h8h"
"Valentino - Pastiche/Remix/Mashup","Chilli Vanilli","Valentino (Pastiche/Remix/Mashup)","Deutsch","Playlist","DEAR42200587","6A8CUZA3CD1ifaSBrYiic8"
"1 Bein im Knast - Pastiche/Remix/Mashup","Brass Knuckle","1 Bein im Knast (Pastiche/Remix/Mashup)","Deutsch","Playlist","DEAR42422213","5Dr8ZRTtKv3PLORNcFwd4I"
"Mit Paketen - Pastiche/Remix/Mashup","Brass Knuckle","Mit Paketen (Pastiche/Remix/Mashup)","Deutsch","Playlist","DEAR42597313","0HjTUUiwdboDiXji7hduNp"
"Meine Sache","Broilers","Vanitas","Deutsch","Playlist","DEZ180714103","1IeJca2q8HSLYeoN34yZg6"
"Ghetto Legenden 3 - Pastiche/Remix/Mashup","Brass Knuckle","Ghetto Legenden 3 (Pastiche/Remix/Mashup)","Deutsch","Playlist","DEAR42214901","3z0pryxAlQTY9k7qSis5lR"
"Kein Paragraph - Pastiche/Remix/Mashup","Chilli Vanilli","Kein Paragraph (Pastiche/Remix/Mashup)","Deutsch","Playlist","DEAR42322019","7L9khRqTMZXQcxxcQilL6C"
"Kein Tabu - Pastiche/Remix/Mashup","Brass Knuckle","Kein Tabu (Pastiche/Remix/Mashup)","Deutsch","Playlist","DEAR42478193","6YO0MiS7OHVIHbQCF1x58P"
"Kings - Pastiche/Remix/Mashup","Brass Knuckle","Kings (Pastiche/Remix/Mashup)","Deutsch","Playlist","DEAR42205587","1GqAvtfm7q4MKroKdNwQvG"
"Mittendrin - Pastiche/Remix/Mashup","Brass Knuckle","Mittendrin (Pastiche/Remix/Mashup)","Deutsch","Playlist","DEAR42491342","3fnuGAXhwQJe1A5XWFftm0"
"Mir gehört die Welt - Pastiche/Remix/Mashup","Chilli Vanilli","Mir gehört die Welt (Pastiche/Remix/Mashup)","Deutsch","Playlist","DE1O62491151","1WOqf5bFUV46ovSGV06BdO"
"Der Tag - Pastiche/Remix/Mashup","Brass Knuckle","Der Tag (Pastiche/Remix/Mashup)","Deutsch","Playlist","DE1O62491742","2J7OAvfgLR4bBh8lwxyBae"
"Schicksal - Pastiche/Remix/Mashup","Brass Knuckle","Schicksal (Pastiche/Remix/Mashup)","Deutsch","Playlist","DEAR42487202","1elZd9JRE5JMkf1twIEQwB"
"Weißes Kleid","KATI K","Alles oder Nichts","Deutsch","Playlist","DEA812300523","0yH2GwGb9tm27HoUpItFaQ"
"Major Tom (Völlig losgelöst)","Peter Schilling","Major Tom (Völlig losgelöst) [All Versions]","Deutsch","Playlist","DEA622100159","6oVrUqf9JNY9esOOhzGtNk"
"Schief in jedem Chor","Kraftklub","Sterben in Karl-Marx-Stadt","Deutsch","Playlist","DECE72501667","3R0Zxhfq5fOdcla83Payr6"
"Hast Du Noch Zeit","KAFFKIEZ","Hast Du Noch Zeit","Deutsch","Playlist","DEW242500092","250rS9aGaM3XCzyydVDlr0"
"Halo Ist Das Bruno","Ema Lonia","Halo Ist Das Bruno","Deutsch","Playlist","TCAHJ2359612","1DN3TGtXPaZUrvJ9e4tgZ8"
"Hoch","Tim Bendzko","FILTER","Deutsch","Playlist","DEE861902687","7gqefhSJfWyN1qQ2huvEze"
"Der letzte Tanz - Akustisch","Bosse","Sunnyside","Deutsch","Playlist","DEUM72006283","1Vlhq78M5WhYA5mLHku0Ik"
"Das ist dein Leben (Radio Version)","Philipp Dittberner","Das ist dein Leben (Radio Version)","Deutsch","Playlist","GBLAZ1500669","6BQxwopryITuMc45c600HZ"
"Bis ans Ende der Welt - Live @ Bauhaus","JORIS","Hoffnungslos Hoffnungsvoll (Deluxe Version)","Deutsch","Playlist","DEQ321500417","6fXzBTQloOa1Rz6q6XgGju"
"Du und ich (In the End) (aus ""Sing meinen Song, Vol. 8"")","JORIS","Sing meinen Song - Das Tauschkonzert, Vol. 8","Deutsch","Playlist","DETO32100137","4SflRCXPh1bTcY5Pdo3DCw"
"Liebe ist ein Geschenk","Laith Al-Deen","Kein Tag umsonst","Deutsch","Playlist","DEH842000042","2iu70u6xvdDDJ0pZQUDcHZ"
"1000 gute Gründe","Adel Tawil","Alles Lebt","Deutsch","Playlist","DELV41900154","57bLA9uR1Qo4DWmSk0YbmF"
"Haus am See - Originally Performed By Peter Fox","Amazing Karaoke Premium","Deutsche Pop Hits, Vol. 2 (Karaoke mit Background Gesang)","Deutsch","Playlist","DEHB51103072","4r8FR3KfpJ8iy1r18E0BMz"
"Neuanfang","Clueso","Neuanfang (Deluxe Edition)","Deutsch","Playlist","DEUM71602836","3qjEqVfDNa0SG2rB5C4bD3"
"Auf uns","Andreas Bourani","Silvester 2021","Deutsch","Playlist","DEUM71400465","3D968Y95PpnFfJaSYUbSFI"
"Ich danke allen Menschen","Xavier Naidoo","Hin Und Weg","Deutsch","Playlist","DES811900001","6102ef9az8qyy7kwAbvDfu"
"Tanz","Cassandra Steen","Mir So Nah","Deutsch","Playlist","DEUM71100846","1lqmumFw6zU2mF0EmadIdg"
"Hale-Bopp","Seeed","Hale-Bopp","Deutsch","Playlist","DELV42000594","72Z8ZjMvJIocWNiGwfpHx0"
"Paranoid","Mike Singer","Paranoid!?","Deutsch","Playlist","DEA622000540","0szZZs986Cr1Ce2omxKGl2"
"Immer noch fühlen","Revolverheld","Zimmer mit Blick","Deutsch","Playlist","DEE861702990","0xMA6U2PmIS2HNsLPq5rwZ"
"Nie vergessen - Akustik Edit","Glasperlenspiel","Nie vergessen (Akustik Edit)","Deutsch","Playlist","DEUM71403702","5pqpkj911dusdRpbvTI9AW"
"Augen zu Musik an - Live in Hamburg, Sporthalle 2019","Bosse","Sunnyside","Deutsch","Playlist","DEUM72004915","31UrGVAeuEEJCmWYS7Ln18"
"Nichts bringt mich runter - Single Edit","Ich + Ich","Vom selben Stern (Exklusive Version)","Deutsch","Playlist","DEUM70804086","10KV7StRQQmjisIBwsVhb8"
"Ich kann nicht aufhören unser Leben zu lieben","Revolverheld","Zimmer mit Blick","Deutsch","Playlist","DEE861702994","6Hxa4eiFel56MYRYRF4Ovy"
"Was du Liebe nennst","Bausa","Was Du Liebe nennst","Deutsch","Playlist","DEA621702378","4hKWUzhQWsOkgT6LnDEASe"
"Ich frag mich - 4K Remix","Philipp Dittberner","Ich frag mich (4K Remix)","Deutsch","Playlist","GBLAZ2001315","1JD4clJs1fRmRYuzd3tydG"
"Keine wie du","Laith Al-Deen","Keine wie du","Deutsch","Playlist","DEE860700167","5TPbPhLYX9OeQO82qnIEEC"
"Stark - Long Version","Ich + Ich","Vom selben Stern (Exklusive Version)","Deutsch","Playlist","DEUM70709730","4BH3bwOLMm7VLqMNuU5VT6"
"Immer da","Glasperlenspiel","Immer da","Deutsch","Playlist","DEUM72001583","60GM02jbWvTwH6P5rq2VOT"
"Nur die Musik","JORIS","Nur die Musik","Deutsch","Playlist","DEQ322000054","4zbjLM7jut3CaojmphTOdG"
"KO & OK","Vincent Malin","KO & OK","Deutsch","Playlist","DEUM71801440","6aeqv1rTsiFDjtKQAENb1a"
"Sehnsucht","Purple Schulz","Nach wie vor","Deutsch","Playlist","DEQD11900001","6XD7frKOd6F85mNseeCbjv"
"Hier mit dir","Wincent Weiss","Irgendwie anders","Deutsch","Playlist","DEUM71806683","7ySBYnlLSwaoHdaY4en58R"
"Stadt","Cassandra Steen","Stadt","Deutsch","Playlist","DEUM70901103","50hBDTir2bPuAvb59k8kYv"
"Schöne neue Welt","Culcha Candela","Schöne Neue Welt","Deutsch","Playlist","DEUM70903085","3OxxaGeo4W3LuvMoulB72I"
"Musik um durch den Tag zu komm","Samy Deluxe","Dis Wo Ich Herkomm","Deutsch","Playlist","DEC610900112","6f8dgnH1agOYAM8xBzwArS"
"Zusammen feat. Clueso (feat. Clueso) - Extended","Die Fantastischen Vier","Zusammen - Extended Club Package (feat. Clueso)","Deutsch","Playlist","DEE861802475","0zFCqZKk59WcPx8hm1JcJw"
"Royals & Kings (feat. Summer Cem) - Calyre Remix","Glasperlenspiel","Royals & Kings (Calyre Remix)","Deutsch","Playlist","DEUM71800544","2qvLB1UMKoiF1oaVhXZceU"
"Steine","Bosse","Engtanz (Deluxe)","Deutsch","Playlist","DEUM71503732","4wKPW0bPRFQ3IBkln5kDTH"
"Selber machen lassen - Bonus Track","Deichkind","Niveau Weshalb Warum","Deutsch","Playlist","DETA81500020","0Z5usJ8uFDyghGMBlQSafX"
"Keinen Zentimeter - Live / Remastered 2014","Clueso","So sehr dabei - Live (Remastered 2014)","Deutsch","Playlist","DEQV21400084","6bO3clR1KteQBTGSBOFlQw"
"Was wir alleine nicht schaffen","Xavier Naidoo","Wettsingen in Schwetzingen MTV Unplugged","Deutsch","Playlist","DEKW50800014","6GbFufWsQxs9v1hpmJAfIK"
"Leiser - Piano Sessions","LEA","Zwischen meinen Zeilen (Deluxe)","Deutsch","Playlist","DEQ321800529","7e9VeIMrRCrCwqirUHb0ap"
"unendlichkeit - Main Edit","CRO","tru. (Deluxe Edition)","Deutsch","Playlist","DEW921401104","00xBJ1IJSkErFWuuHxLPoP"
"Leuchtturm - Jerome Extended Remix","Gestört aber GeiL","Leuchtturm (Jerome Remix)","Deutsch","Playlist","DEN061701484","6UYk7zDmPV7pj07NAuQi2O"
"Vagabund","Bausa","Vagabund","Deutsch","Playlist","DEA621801145","3yhaXZury9ZUpfXvdvuWiB"
"Luxus - Remastered 2016","Herbert Grönemeyer","Luxus (Remastered 2016)","Deutsch","Playlist","GBLAZ1600889","0AORoPVsjDskyMCtEfNqFE"
"Wieder hier - MTV Unplugged","Westernhagen","MTV Unplugged","Deutsch","Playlist","DEUM71603043","5OqFn6Ud1uiUZ51VFQUutj"
"Schüsse in die Luft - Live","Kraftklub","Randale (Live)","Deutsch","Playlist","DEUM71503351","5w75N1pRZHsgHVYTv5Gxh6"
"Von allein","Culcha Candela","Flätrate","Deutsch","Playlist","DEUM71103566","5ZN4TMkNd9hWFrOW1L0wFH"
"Signal - Live @ Deichbrand Festival","JORIS","Schrei es raus (Deluxe)","Deutsch","Playlist","DEQ321800344","2AdECo2OauXOVwQlMBMQMI"
"Außerhalb der Zeit - Live @ Trabrennbahn Hamburg","Bosse","Alles ist jetzt","Deutsch","Playlist","DEUM71803313","7m394tzYT69bxLSWVvXvhQ"
"Alles Gute","Mathea","Alles Gute","Deutsch","Playlist","ATWF51900101","7vqihGVf7xIvahyJSazQ0q"
"Falsche Entscheidung","Fettes Brot","Am Wasser gebaut","Deutsch","Playlist","DEAH90500010","2M3ni44IUB14uUVkugnsIm"
"The Grosser","Fettes Brot","Fettes / Brot","Deutsch","Playlist","DEAH91000022","6wQ6Pu2a1fLRePQYe686cC"
"Geh davon aus ...","Söhne Mannheims","Evoluzion (Deluxe Edition)","Deutsch","Playlist","DEP471400024","4SsrKG2liyPWNQ0g5n8HfS"
"Tag am Meer","Die Fantastischen Vier","Die 4. Dimension - Jubiläums-Edition","Deutsch","Playlist","DEE869300127","1AWz2AbGsiaReKcv66lqBO"
"Verdamp lang her","BAP","Wahnsinn - Die Hits Von '79 Bis '95","Deutsch","Playlist","DEA349502423","6XTsg8Rp9hyGgSHcBTAUEC"
"Hey - Radio Version","Andreas Bourani","Hey","Deutsch","Playlist","DEUM71503637","280jswJPhbMt03MRDi2Tt5"
"Auf anderen Wegen","Andreas Bourani","Auf anderen Wegen","Deutsch","Playlist","DEUM71401449","6Id9NbHJI6HQl6drjgo5JY"
"Nach Dir","Emma-Mo","Nach Dir","Deutsch","Playlist","ATDN72300006","5fJ23SU4FzhG6ZzgNYDav6"
"Ganz oder gar nicht","Lika Doss","Ganz oder gar nicht","Deutsch","Playlist","QZDA82298226","3IkiX7L64xUc4CTcMkynWa"
"Lila Wolken - Indie-Folk Version","Jante","Lila Wolken (Paris Session)","Deutsch","Playlist","DEYW82302122","5QY1x8lvGLsdpRAgklKkqP"
"Spring","Wincent Weiss","Spring","Deutsch","Playlist","DECE72300690","0X0HcPMdxenZebSOa6vbKi"
"Jurassic Park","Peter aus der Mozartstrasse","Jurassic Park","Deutsch","Playlist","DEZD22100025","5OUs1CehWjX1L8ClOM24ep"
"Wir wieder Wir","Martin Stoemmer","Wir wieder Wir","Deutsch","Playlist","DEXO62062441","3lgTduBtxdXAc99IrAMNq3"
"Moonlight","Jaylina","Moonlight","Deutsch","Playlist","CH7812221247","6pA0nKUv3U7Nr2Njpd82Ut"
"Allein","Lika Doss","Allein","Deutsch","Playlist","QZK6L2132749","4Il197Dm00L3WxasipA75p"
"Scheiß Timing","MADLEN","Scheiß Timing","Deutsch","Playlist","DEZC62264768","25dL2gL70BQH2IiYN2vdXB"
"Labyrinth","Peter aus der Mozartstrasse","Labyrinth","Deutsch","Playlist","DEZD22100019","1aXBGINfr8GyCIUnPmXCbH"
"Flightmode","Luano","Flightmode","Deutsch","Playlist","CH7812180020","1BZDn1KFv52Y8tX5vKdGdP"
"Dauerschleife","Lika Doss","Dauerschleife","Deutsch","Playlist","QZDA52153367","2byfRHCg1HcwDSe3a761OT"
"New York","Peter aus der Mozartstrasse","New York","Deutsch","Playlist","DEZD22100013","5y9C97h7n04g3CANbxH9aQ"
"Nie gesagt","Lika Doss","Nie gesagt","Deutsch","Playlist","QZHN72141697","2ZWTRJaOFMsgOSoHQlbeiM"
"15 Meter tief","Jamie Roseanne","15 Meter tief","Deutsch","Playlist","CH7812054693","54boQw2CHWXCzbbZUPQl5z"
"Marathon","Lika Doss","Marathon","Deutsch","Playlist","ATFX72000001","7gTahbwDsHtbJgNPod3hz4"
"Leicht gesagt","Jamie Roseanne","Leicht gesagt","Deutsch","Playlist","DELJ82005575","2hQwYGvO1HZRsHoVYZgZly"
"Das Krasseste","Glasperlenspiel","Das Krasseste","Deutsch","Playlist","DEUM71905756","2EBGqkvwUdQN2pJOMEU5jN"
"OK","Jaylina","OK","Deutsch","Playlist","CH7812055388","227Jc3GQgkMWX5tCzSk3e5"
"Ein Tag am Meer","naDINO","Ein Tag am Meer","Deutsch","Playlist","NL1AP2009134","600fS9hETpzBw2YjxB4LsM"
"Flash mich - Greenisland Remix","Emma-Mo","Flash mich (Greenisland Remix)","Deutsch","Playlist","ATDN72000001","5ZboSO2qRcdvIqTqxw2Oq9"
"Besser so","Lika Doss","Besser so","Deutsch","Playlist","QZMEM2020910","5kaLyhUKlQpvLo4ESDRIvg"
"Good Girl","Diavo","Good Girl","Deutsch","Playlist","DELJ82020448","6k0fKEHinTVHTTimhSnLCw"
"Ziemlich Rich","Jaylina","Ziemlich Rich","Deutsch","Playlist","CH7811934086","3RMZryo18xh37z8LZ1JhGo"
"Bei Dir","Lika Doss","Bei Dir","Deutsch","Playlist","QZFZ42094139","70kg4nSCBEeod58VL0shEA"
"Dein Glück","Jamie Roseanne","Dein Glück","Deutsch","Playlist","QZHN41987813","0GpYlNQsUY5oLPXZUhtsRI"
"Einfach Leichter","Jante","Einfach Leichter","Deutsch","Playlist","DEAL31800444","4bB75AL3cyE3joJkF0lDHS"
"Ey Katharina","Zweikanalton","Ey Katharina","Deutsch","Playlist","ATUM71900244","5HtWViswXQJdBLwxuDoqOq"
"Ticket","Seeed","Ticket","Deutsch","Playlist","DELV41900225","6frjeqCOrcb010qUtilQ0K"
"Melatonin","Jaylina","Melatonin","Deutsch","Playlist","QZHN61996110","1WNpjt65cImKdCBK3bHBHi"
"Weit weg","Jamie Roseanne","Weit weg","Deutsch","Playlist","QZFZ31914472","65iA9SPFYLbfoNVHa4ghbk"
"Süchtig","Mariano Milano","Süchtig","Deutsch","Playlist","DELJ81909591","3tHJwglt6YycnhjOVQWwfd"
"110","Capital Bra","110","Deutsch","Playlist","DECE71900628","5sdQ7VUx6GOfsRoSxnK1YG"
"Perfekt so","Lika Doss","Perfekt so","Deutsch","Playlist","QZHN81905671","0oEEs9LMelOIApbupbkzzo"
"Wenn du bei mir bist","Tim Schulz","Wenn du bei mir bist","Deutsch","Playlist","CH7811933815","43hbf7tfot9EYEJ5yuyPsJ"
"Bisschen Liebe","Jaylina","Bisschen Liebe","Deutsch","Playlist","QZFZ61902988","1HAqldzcyPOz8VsfMpCFY7"
"Lebe deinen Traum","Kerstin Bogensee","Lebenswert","Deutsch","Playlist","DELJ81954670","7waWdzrYKzg8fGfETEW4Hc"
"Fetzen","Ronja Maltzahn","Beautiful Mess","Deutsch","Playlist","ushm91832448","6yvX1T1vUfH9upEnKUfXf0"
"Einhornattitüde","naDINO","Buntes Chaos","Deutsch","Playlist","NL1AP1965306","2XwlCooXNGiA9jHohmevcK"
"Spuren","KYONA","Finde mich","Deutsch","Playlist","DEL211901204","386LS5A6Unc0stRGiUr09K"
"Auf das, was da noch kommt","LOTTE","Auf das, was da noch kommt","Deutsch","Playlist","DEE861902836","11jlReU0TW0xxJK8fPlCzt"
"Vibe","Mariano Milano","Vibe","Deutsch","Playlist","DELJ81826532","2JNvtJkZ4CZ05j3ALzCNFA"
"Flash mich","Emma-Mo","Flash mich","Deutsch","Playlist","ATDN71900004","5YOC5HeoXQ4qzmOyzOHCbs"
"Wie Nice","Jamie Roseanne","Wie Nice","Deutsch","Playlist","NL1AP1927092","0NfD9v2eLhljjCb8yXfd0v"
"Nur wenn sie tanzt - Remix","Klangpoet","Nur wenn sie tanzt (Remix)","Deutsch","Playlist","NLS6R1846435","3OnHqfJvHgMnVupULVgEFS"
"Kein Plan","Loredana","Kein Plan","Deutsch","Playlist","DEQ021903450","1skUhc3JS3jLCfugI3gm41"
"Nummer Eins","Klangpoet","Nummer Eins","Deutsch","Playlist","NLS6R1700709","4STri1nLNI5IXLso9cJpWt"
"Wenn Sie high ist","Ben Pavlo","Real","Deutsch","Playlist","DEAL31800195","66s0p2tu7EC3l8qp4Ekn6B"
"Bessa Bessa","Die Orsons","Orsons Island","Deutsch","Playlist","DEUM71901836","7lIHWW8BnJgMkArK2yDva7"
"Auf uns","Andreas Bourani","Auf uns","Deutsch","Playlist","DEUM71400465","41QCaZw3YTYWYAk51zFqdn"
"In den Wäldern","naDINO","Buntes Chaos","Deutsch","Playlist","NL1AP1965307","4jbUAZOHaXFSdOxbliMR4D"
"Graue Schleier","Ben Pavlo","Real","Deutsch","Playlist","DEAL31800196","07UaYHJe8MPlSDYQRpWfVF"
"Zuhause","Adel Tawil","Zuhause","Deutsch","Playlist","DEUM71303546","5wOxyfWgGcOIjgi9fEiQQn"
"Um die Sonne","Robert Redweik","Um die Sonne","Deutsch","Playlist","DEGR81914821","0gWHGTuTJTzl8fHuTbWGk3"
"Ohrwurm","Liza&Kay","Mit der Aussicht Einsicht","Deutsch","Playlist","DEPI81700970","3urHZ6WdIOXDPlL6axnnm9"
"Zwischen der Zeit","Kicker Dibs","Zwischen der Zeit","Deutsch","Playlist","DERT91810246","3E5DVJuZJT244Kx2lVnyaE"
"Tagtraum","Emma-Mo","Tagtraum","Deutsch","Playlist","ATDN71900001","1jiEmRF7ez1CchvjDr97Gq"
"Paradies","Kroner","Paradies","Deutsch","Playlist","DEAR41891134","2pma0ZluwoOvFLdJQvd266"
"Nur in meinem Kopf - Radio Edit","Andreas Bourani","Nur in meinem Kopf","Deutsch","Playlist","DEUM71100995","4zuI0DTERHIEUNv8EoF8Lb"
"Ich schieb mir die Wolken","Emma-Mo","Ich schieb mir die Wolken","Deutsch","Playlist","ATDN71800001","40G7iZzji9OjnMyMsHE1KY"
"Schönste Zeit","Bosse","Schönste Zeit","Deutsch","Playlist","DEUM71204647","2toXFMUY2drm8KRillUHpA"
"Lieder","Adel Tawil","Lieder","Deutsch","Playlist","DEUM71303418","5Zd6xRDfkWRT1FF1CnmvOG"
"Weinen","Adel Tawil","Weinen","Deutsch","Playlist","DEUM71303542","2uxUAh26v8wzN72KhYv53D"
"Millionen Lichter","Christina Stürmer","Millionen Lichter","Deutsch","Playlist","DEUM71300342","2vAJmfGEsMFBQHgLGtHpfH"
"Nie vergessen","Glasperlenspiel","Nie vergessen","Deutsch","Playlist","DEUM71301026","1SX19MvK2uNsY1ZRU7zG8T"
"Echt","Glasperlenspiel","Echt","Deutsch","Playlist","DEUM71102042","6WFSzm7yYDsj0wuuuxqB3q"
"Nur ein Wort","Wir sind Helden","Nur Ein Wort","Deutsch","Playlist","DEG120500064","0ahIFE0YAaWLjMpnAeRxsy"
"Denkmal","Wir sind Helden","Wir Sind Helden EP","Deutsch","Playlist","DEP240200023","1j9kF0AsbFV7B25Lsw7vV8"
"Ohne Dich","Kerstin Bogensee","Lebenswert","Deutsch","Playlist","DELJ81954671","6Mg1RGh8ZN5BEJnNuCprOW"
"Für immer immer","Fettes Brot","3 is ne Party","Deutsch","Playlist","DEAH91300070","4R33pZKL0Xaf3i78ukNJcM"
"Echo","Fettes Brot","Echo","Deutsch","Playlist","DEAH91300051","2Vy0sFclmXeUPkM6N5cWfZ"
"Willst du","Alligatoah","Triebwerke","Deutsch","Playlist","DEQ121319219","5pqF0qKSQCEq5mt5CFEXoq"
"Wolke 7 - Single Version","Max Herre","Wolke 7","Deutsch","Playlist","DEUM71202328","2Jcx6qkJTt7mFRiIAXX3uc"
"Vom selben Stern - Radio Edit","Ich + Ich","Vom selben Stern (Neue Version)","Deutsch","Playlist","DEUM70701432","0gwTIPGMx1CRaG8XJ6tCZJ"
"Dieser Weg","Xavier Naidoo","Deutsche Stars Und Schlager","Deutsch","Playlist","USA560966299","4YVZ9mGQzkPCjIeKjfwMBT"
"Einfach nur weg","Johannes Oerding","Für immer ab jetzt","Deutsch","Playlist","DEE861200739","45Lp7RkfuyxHBD8d1ojNfk"
"Traum","CRO","Traum","Deutsch","Playlist","DEW921300390","7jIRQUJbgJSakbO87fZihr"
"Meine Welt","Ronja Maltzahn","Meine Welt","Deutsch","Playlist","FR59R1956947","6QBu1Gtuf0H7lgiv3jzVrl"
"Whatever","CRO","Whatever (Maxi Edition)","Deutsch","Playlist","DEW921300229","2jO7Xg9rLlecW5f0vMm6bh"
"Einmal um die Welt","CRO","Raop","Deutsch","Playlist","DEW921100151","7tPx0INxzHlxWgOYnmNSgd"
"Easy","CRO","Easy","Deutsch","Playlist","DEW921100135","2qjUQp62E0HFH6i16YkPEC"
"Stadt [feat. Adel Tawil]","Cassandra Steen","Popstars Hits","Deutsch","Playlist","DEUM70900096","1oZV4X9Hru40FHiryCdVeb"
"Jetzt ist Sommer","Wise Guys","Ganz Weit Vorne","Deutsch","Playlist","DED190100006","6ocnaAfmrgyiB9vKxo5qga"
"Alles kommt zurück","Roger Cicero","In diesem Moment","Deutsch","Playlist","DEA621100466","2qWDa5hWmcbkmygCA13ixJ"
"Besonders","Annett Louisan","Zu viel Information","Deutsch","Playlist","DEW471300042","5WUMhGPYxpLKy6YaHoFXxk"
"Haus am See","Peter Fox","Haus am See","Deutsch","Playlist","DEA620800624","5DBftmbaKI1JAwcLMkrFf6"
"Hinterland","Casper","Hinterland","Deutsch","Playlist","DEQ321300241","2uPDOny5jb6teyb9WEKFyc"
"Von allein - WIR & Culcha Candela Single Edit","Culcha Candela","Von allein","Deutsch","Playlist","DEUM71201181","5CRHElxRbAIFlocvaZJeih"
"Neu anfangen","Revolverheld","Immer in Bewegung","Deutsch","Playlist","DEE861300465","37vlEQ1fIFAkVvx2nk2AHm"
"Himmel auf","Silbermond","Himmel auf","Deutsch","Playlist","DEE861200031","7rOS0DYmXaNHQ4JBNVrp8R"
"Ja","Silbermond","Himmel auf","Deutsch","Playlist","DEE861200087","1o7VoexABptcWX6AUWHWUL"
"So soll es bleiben - Single Edit","Ich + Ich","Vom selben Stern (Neue Version)","Deutsch","Playlist","DEUM70800278","4NMmKltYKWIp53sgcHMcW6"
"Am Ende sind wir Mensch","Kerstin Bogensee","Lebenswert","Deutsch","Playlist","DELJ81954678","2Zfhtni19cz0aYyN2tMHIa"
"Du erinnerst mich an Liebe","Ich + Ich","Du erinnerst mich an Liebe","Deutsch","Playlist","DEN120500268","4JrVxkW35hlBTJqraA3okX"
"Stark","Ich + Ich","Vom selben Stern (Online Version)","Deutsch","Playlist","DEUM70701433","04qM6zXGNgGQBCidWQ0ZNY"
"Unter diesen Wolken (feat. Totó la Momposina)","Larsito","Etwas bleibt","Deutsch","Playlist","DEE861400106","2u0JlmY4VmwcqshzB9X3W3"
"Etwas bleibt","Larsito","Etwas bleibt","Deutsch","Playlist","DEE861400108","51bwrJQXc4OXRwJ2eX9qBU"
"Immer Immer Gleich","Mark Forster","Bauch und Kopf","Deutsch","Playlist","DEQ321400103","1YzT3GKFgZyRFJTB4XeGgx"
"Das Leben ist schön","Bass Sultan Hengzt","Endlich Erwachsen","Deutsch","Playlist","DEQ121423616","3dZcFpKOO1RrJccL01l84Y"
"Willst du","Alligatoah","Triebwerke","Deutsch","Playlist","DEQ121319219","5pqF0qKSQCEq5mt5CFEXoq"
"Wolke 7 - Single Version","Max Herre","Wolke 7","Deutsch","Playlist","DEUM71202328","2Jcx6qkJTt7mFRiIAXX3uc"
"Einfach nur weg","Johannes Oerding","Für immer ab jetzt","Deutsch","Playlist","DEE861200739","45Lp7RkfuyxHBD8d1ojNfk"
"Liebe","Sido","30-11-80","Deutsch","Playlist","DEUM71303756","4zvYEncfgiI59ng3gFMvKE"
"Wieder am Leben","Andreas Bourani","Hey","Deutsch","Playlist","DEUM71401440","6qoe8Y30BXNnT5fnyqPMAC"
"New York, Rio, Rosenheim","Sportfreunde Stiller","New York, Rio, Rosenheim (Deluxe Version)","Deutsch","Playlist","DEUM71301665","0VYugrrcgA5DDreph2jgrf"
"Rennen + Stolpern","Jupiter Jones","Rennen + Stolpern","Deutsch","Playlist","DEQ321300237","4Jr5kPz7av96l7iCZgczph"
"Echo","Fettes Brot","Echo","Deutsch","Playlist","DEAH91300051","2Vy0sFclmXeUPkM6N5cWfZ"
"Deine Stärken","Silly","Deine Stärken","Deutsch","Playlist","DEUM71300106","3dkO6saTabdXMEc1QMOTSo"
"Irgendwie anders","Tonbandgerät","Irgendwie anders","Deutsch","Playlist","DEUM71202140","7I9RUdneITVVYrjMWWh1oF"
"Ich werd' die Welt verändern","Revolverheld","Chaostheorie","Deutsch","Playlist","DEA810700097","4dbbplFNfaSfHAtOUegIIf"
"Bilder von Dir","Laith Al-Deen","2000 - 2008: Best Of","Deutsch","Playlist","DEE860000316","5JEenaFSoOuZgtat8bhwg1"
"Die Eine 2005","Die Firma","Die Eine 2005","Deutsch","Playlist","DEZ040500211","5crrBNchS0b8VtWfRpaZTp"
"Eine Hymne auf Dich","Sportfreunde Stiller","New York, Rio, Rosenheim (Deluxe Version)","Deutsch","Playlist","DEUM71301663","3yeAraAnutKWHReBqSPmvB"
"Es muss was Wunderbares sein (von mir geliebt zu werden)","Sportfreunde Stiller","New York, Rio, Rosenheim (Deluxe Version)","Deutsch","Playlist","DEUM71301667","33VM8j4fDP1Jzc42Q7mdpg"
"Wunderbaren Jahren - MTV Unplugged In New York","Sportfreunde Stiller","MTV Unplugged In New York","Deutsch","Playlist","DEUM70901878","5N0FCjI3EcUKcAAKLiuZUU"
"Lass mich nie mehr los - MTV Unplugged In New York","Sportfreunde Stiller","MTV Unplugged In New York (Online Version)","Deutsch","Playlist","DEUM70901875","16yevsJkctRusyV8SS43hb"
"Siehst Du Das Genau So ?","Sportfreunde Stiller","Burli (Rerelease)","Deutsch","Playlist","DEN120400071","2E3Dt8uf2r3WH7KqhrBvan"
"Ich will nur - Live","Philipp Poisel","Bis nach Toulouse","Deutsch","Playlist","GBLAZ0500287","2oXZArJmwrFX6SvvdHo3SZ"
"Wie soll ein Mensch das ertragen","Philipp Poisel","Bis nach Toulouse","Deutsch","Playlist","GBLAZ0500276","6vKH8Iv0yu09EIBEhBz6N8"
"Insel","Juli","Insel","Deutsch","Playlist","DEUM71402685","2hqocgqs9qpmVBYlECwxEl"
"Grenzenlos","Glasperlenspiel","Grenzenlos in diesem Moment","Deutsch","Playlist","DEUM71301027","0re2JzXOLhpeQvNDCPdwW0"
"Irgendwo in Vegas","257ers","Boomshakkalakka (Spotify Version)","Deutsch","Playlist","DEDG61400086","0pjIuO5QWBPI3WgpPpDX59"
"Stein für Stein","Chima","Von Steinen & Elefanten","Deutsch","Playlist","DEUM71402864","7rcW0FfgqGL3dJcGYKjWBE"
"Mit dir teilen","Chima","Von Steinen & Elefanten","Deutsch","Playlist","DEUM71402866","0PylXP7dA1DyaOAZZ7ahKO"
"Hier mit dir (feat. Tom Thaler)","Tom Thaler & Basil","Hier Mit Dir EP","Deutsch","Playlist","DEA621400378","3bXQNYcoIwLHxjBGeA8kFN"
"Plötzlich hält die Welt an","Jupiter Jones","Plötzlich hält die Welt an","Deutsch","Playlist","DEQ321400300","2rANK7lhjDGvY3x06yzFvo"
"Die Welt lag uns zu Füßen - Radio Version","Daniel Bertram","Die Welt lag uns zu Füßen","Deutsch","Playlist","DEZ041300295","1nzezveOpMpS8J4aAr94Ph"
"Alle Wege - Single Edit","Großstadt Freunde","Wir sind hier","Deutsch","Playlist","DEQS91300633","7thOKPTHsXzE4P8n59Y4Qm"
"Sollichma","Phrasenmäher","Sollichma","Deutsch","Playlist","DEE861300570","6R2M9Fas4GOpV3kPUs6bWy"
"All die Augenblicke","BAP","All Die Augenblicke","Deutsch","Playlist","DEC611200085","5qHjaagVFlsGCNHsZ7hd1k"
"Wolke 7 - Single Version","Max Herre","Wolke 7","Deutsch","Playlist","DEUM71202328","2Jcx6qkJTt7mFRiIAXX3uc"
"Bis zum Schluss (with Silbermond)","Curse","Freiheit","Deutsch","Playlist","DEA810801226","6KHvikAcwELosBAFgEiBWX"
"Troy - unplugged II","Die Fantastischen Vier","MTV UNPLUGGED II","Deutsch","Playlist","DEE861200666","1jiU3TEfkXC1B6aPrHqYUn"
"Alles versucht","Maxim","Asphalt","Deutsch","Playlist","DEW931000046","7N2nb4o4DAMRdm8kXRd7RT"
"Auf Dem Weg","Mark Forster","Auf Dem Weg","Deutsch","Playlist","DEQ321200069","0qFE9uMus2qiHioKPqX5JN"
"Spinner","Revolverheld","Spinner","Deutsch","Playlist","DEA810901524","5Xeppus1VcUatqv9zS1sg6"
"Das Gold von morgen","Alexa Feser","Gold von morgen","Deutsch","Playlist","DEA621400424","2aKvTghtPGupQ0HSYV7JEu"
"Alles brennt","Johannes Oerding","Alles brennt","Deutsch","Playlist","DEE861400556","6IwbtHTx8GDCgBgoZgcN1t"
"Single","Die Fantastischen Vier","Rekord","Deutsch","Playlist","DEE861400463","3sl4BbOCH4qILcy0cfPeNI"
"Wir sind hier","Alexa Feser","Gold von morgen","Deutsch","Playlist","DEA621400416","34LOnfQp1WHCNP7hujpULS"
"Ich & Du","Anna Depenbusch","Sommer aus Papier","Deutsch","Playlist","DEW471200019","4qfwh0dloTZ7kSPTGZy94B"
"Nirgendwohin - Radio Edit","Benne","Nirgendwohin (Radio Edit)","Deutsch","Playlist","DEEK21510001","01SELjqvLGmyqLzsrPnxF5"
"Gewinner - Live in Hannover / 2014","Clueso","Live At Telekom Street Gigs, Hannover / 2014","Deutsch","Playlist","DEQV21400315","5KGQ2KZ549OmjRO597etdg"
"Das Leichteste der Welt","Nils Koppruch","I","Deutsch","Playlist","DEAK21200065","0ifPETengliVJhnx5GmiP4"
"Herz über Kopf","JORIS","Herz über Kopf","Deutsch","Playlist","DEQ321400478","5O02usHqDBjUD1i8qBDu23"
"Weil du da bist","Das Gezeichnete Ich","Hinter allen Dingen","Deutsch","Playlist","DEE861300876","2hwlHIcBWWWEFSpg92VkJe"
"Der Flohmarkt ruft","Deichkind","Niveau Weshalb Warum","Deutsch","Playlist","DETA81500019","3fKxe5Mdjqx0GNvzvvopAn"
"Sinn","Tagtraeumer","Sinn","Deutsch","Playlist","DEA621500029","1OsNT5TDzuQa6rqqDArsuM"
"Die Welt steht still","Revolverheld","Revolverheld","Deutsch","Playlist","DEA810501298","1RmQXlq0hqpZDhD9P43a1z"
"Alles geht","Tonbandgerät","Alles geht","Deutsch","Playlist","DEUM71402684","5Xsz2xAPzoBLHVl9CW45Uj"
"Bis zum Schluss (with Silbermond)","Curse","Curse EP: Famous Five (with Silbermond)","Deutsch","Playlist","DEA810801226","4RJ1eJ1fdTf7q47I3Te8j0"
"36 Grad","2raumwohnung","Ballermann Hits 2007 (Part 2)","Deutsch","Playlist","DEC610600203","4HLGSvdeofPw7U1AWP4dhA"
"Ein Kompliment - MTV Unplugged In New York","Sportfreunde Stiller","MTV Unplugged In New York (Online Version)","Deutsch","Playlist","DEUM70901971","5JvW0THoHU1V9GnZ6gj2hB"
"Traumreise","Massive Töne","MT3","Deutsch","Playlist","DEA610200349","1tVhmi6ltumhZtd1pM8Tya"
"An Tagen wie diesen","Fettes Brot","Am Wasser gebaut","Deutsch","Playlist","DEAH90500008","3jkp8fGwMxKVGZbNNYccnZ"
"Au Revoir (feat. Sido)","Mark Forster","Au Revoir","Deutsch","Playlist","DEQ321400093","0l4TR1ypNNjgPqWE45Lgtw"
"Guten Tag","Wir sind Helden","Wir Sind Helden EP","Deutsch","Playlist","DEP240200020","4fx7FB9fD76i3vs1QkFDAd"
"Einmal im Leben","Luxuslärm","Einmal im Leben","Deutsch","Playlist","DEUM71304946","7soDiz8MiTyIfLNvENf0AZ"
"Gebt uns ruhig die Schuld (den Rest könnt ihr behalten)","Die Fantastischen Vier","Für Dich Immer Noch Fanta Sie","Deutsch","Playlist","DEE861000201","47frgG1eiZSFJHsdvJn3VX"
"Wolke 4","Philipp Dittberner","Sound of Berlin, Vol. 23","Deutsch","Playlist","GBLAZ1400522","0ov4JLCWWosSQ659PFAHQ6"
"Frag Mich","Matteo Capreoli","Frag Mich","Deutsch","Playlist","DEG441590639","1TF3735Qt7iqV7c07S4x7g"
"Wayne (feat. Curlyman)","Culcha Candela","Wayne (feat. Curlyman)","Deutsch","Playlist","DEA621500691","5tkLNSsmIXNsEZd72X8h2u"
"Zimmer ohne Zeit","Fabian Römer","Zimmer ohne Zeit","Deutsch","Playlist","DEE861500089","1yKdKuEqYNUwN7KXyfbGJo"
"Taxi nach Paris - Fabelwelt Radio Edit","The Disco Boys","Taxi nach Paris (Fabelwelt Edit)","Deutsch","Playlist","DEL711510034","5Reqns523GZ92dKrdVBhcv"
"Bye Bye","CRO","Bye Bye","Deutsch","Playlist","DEW921400582","5qfSDTC4odOuqOKIMRIacg"
"Jetzt","Irie Révoltés","Irie Révoltés","Deutsch","Playlist","DEEK21510042","6ts298DHQJw5Ket4IJrl5p"
"Millionär","CRO","MTV Unplugged","Deutsch","Playlist","DEW921400572","0nyLqbYUFA7tGQP4cbOUbt"
"Bye Bye","CRO","MTV Unplugged","Deutsch","Playlist","DEW921400582","2xI6xJ9k6v5xv6zDW4ttKg"
"Gebt uns ruhig die Schuld (den Rest könnt ihr behalten) - Live in Wien","Die Fantastischen Vier","Rekord - Live in Wien","Deutsch","Playlist","DEE861500347","3lzpXClqLVZyBnWk54fox1"
"Einfach Sein - Live in Wien","Die Fantastischen Vier","Rekord - Live in Wien","Deutsch","Playlist","DEE861500348","2LO6RvLrRCBo6smZqdPQlP"
"Für immer jung - Live in Ludwigsburg","Bushido","Zeiten ändern dich - Live durch Europa","Deutsch","Playlist","DEFZ71000171","2Uhh64azsRAVNeLZKJVGTx"
"Hi Kids","CRO","MTV Unplugged","Deutsch","Playlist","DEW921400566","0S4w9LF9jyDnw9hPjTRvF3"
"Herz auf Beat","Nisse","Herz auf Beat","Deutsch","Playlist","DEQ321500105","7bgNOpJZzXyZ5QaWktQa9p"
"Astronaut","Sido","Astronaut","Deutsch","Playlist","DEUM71501571","3jF75s40mbTlQMTHncvFGa"
"Lieblingsmensch","Namika","Lieblingsmensch","Deutsch","Playlist","DEE861500389","7H1WOFncT98FzssnWYPByP"
"Ab geht's","Die Lochis","Ab geht's","Deutsch","Playlist","DESA21300183","2uDt96iLNnsqKkYozZVEvI"
"Das kann uns keiner nehmen (feat. Rea Garvey) - MTV Unplugged 1. Akt","Revolverheld","Das kann uns keiner nehmen (feat. Rea Garvey) [MTV Unplugged 1. Akt]","Deutsch","Playlist","DEE861500516","7mBsCdOtqIc1E0SNaQwb2u"
"Ganz schön okay (feat. Kraftklub)","Casper","Hinterland","Deutsch","Playlist","DEQ321300247","5aOAuKoVtxk5qj0rSD75Gu"
"1ste Liebe (feat. Joy Denalane)","Max Herre","Max Herre (Alben für die Ewigkeit)","Deutsch","Playlist","DEQ320400137","1uL44Cf5hCszDyr7DMm8H3"
"Schöner Moment - Pretty Pink Remix","Chapeau Claque","Armada Deep House Selection, Vol. 4 (The Finest Deep House Tunes)","Deutsch","Playlist","DEQP21200102","2Cwf1NBSLuKWEdPp4aA8a0"
"Unsere Lieder","Adel Tawil","Unsere Lieder","Deutsch","Playlist","DEUM71502487","6K0snbqwZkXt54lKUiO8e3"
"Wir leben den Moment","Christina Stürmer","Gestern. Heute - Best Of","Deutsch","Playlist","ATUM71001309","7rd4Z4KuQ8kRB7dNf0xTKT"
"Mehr als perfekt","Christina Stürmer","Gestern. Heute - Best Of","Deutsch","Playlist","ATUM70900085","0AdL94tGhQ8NvXysF4jbbG"
"Zu Dir (Weit Weg)","Mark Forster","Zu dir (Weit weg)","Deutsch","Playlist","DEQ321200071","0FUhdaMHNR003lNMEpDEol"
"Wie soll ein Mensch das ertragen - Projekt Seerosenteich [Live]","Philipp Poisel","Projekt Seerosenteich (Live)","Deutsch","Playlist","GBLAZ1200369","5rOFeQ18pbdUm209Lcq7rp"
"Von der Liebe","Fettes Brot","Von der Liebe","Deutsch","Playlist","DEAH91500001","2X67Y6TdBDfYKjmW5ccImR"
"Mehr als ein Lied - Radio Version","Alexa Feser","Mehr als ein Lied (Radio Version)","Deutsch","Playlist","DEA621501430","5JCJ1afQJtSWNePrv2uCLN"
"Vorbei","GLEIS 8","Vorbei","Deutsch","Playlist","DEUM71502349","6tCgR1cCKZkfzvAlCoum4j"
"Paris","Glasperlenspiel","Paris","Deutsch","Playlist","DEUM71500692","2tiJuxgaGblXl1T3rTkNiD"
"Denk an die Kinder","Alligatoah","Denk an die Kinder","Deutsch","Playlist","DEQ121534863","5544Zjllue9QOVjX5XzpXr"
"Treffer versenkt","Mark Tarmonea","Treffer versenkt (Remixes)","Deutsch","Playlist","FR2X41517686","5HMPwNa8miMUSoOiMBYwuS"
"Das ist dein Leben - Radio Edit","Philipp Dittberner","Das ist dein Leben (Radio Version)","Deutsch","Playlist","GBLAZ1500669","3UM6MwCSHS3GnpWkyjWjaC"
"Ich bleibe","Adesse","Ich bleibe","Deutsch","Playlist","DEQ321500457","2PvomySHMSgBywLiQVZBEB"
"1,40m","Prinz Pi","1,40m","Deutsch","Playlist","DEQ121535325","5IEmo46Fcvg3SM97aSORLT"
"Wenn du schläfst","Max + Johann","Wenn du schläfst","Deutsch","Playlist","DEUM71503603","4qMT5rF7vV31xUTvtwbsi6"
"Von der Liebe","Fettes Brot","Teenager vom Mars","Deutsch","Playlist","DEAH91500001","61JEwJRhM7gaiTeCek5krm"
"Du bist schön","Alligatoah","Musik ist keine Lösung","Deutsch","Playlist","DEQ121534872","2pYNiudJWJxhHQtRXmrTbJ"
"Das ist dein Leben","Philipp Dittberner","2:33","Deutsch","Playlist","GBLAZ1500655","6INWEUJgTBB7G4iyrfUrl4"
"Neustart","JORIS","Hoffnungslos Hoffnungsvoll","Deutsch","Playlist","DEQ321400480","1hIxIP0pMqVxC7YJgvqxLL"
"Der Sonne entgegen","Kenay","Der Sonne entgegen","Deutsch","Playlist","DEE861500462","2b7i0tdH37GPTOiwyotm3T"
"Immer so lieben","Bosse","Immer so lieben","Deutsch","Playlist","DEUM71503736","0D1uJ0jnUSTqNKGHcpxjwC"
"Hey Girl","CRO","Melodie","Deutsch","Playlist","DEW921300399","2oa8KL7EzTH6jyPSpMIFH0"
"Schön so wie du bist","Kenay","Schön so wie du bist","Deutsch","Playlist","DEE861500469","02MMbXADqJSqBDJxr22jnW"
"Träume","METRICKZ","Ultraviolett II","Deutsch","Playlist","DEA621501437","5pIVfo9GURIwa4cR578MAW"
"Pocahontas","AnnenMayKantereit","Alles nix konkretes","Deutsch","Playlist","DEUM71504281","140GdyvzODCuH2w5oL8F4e"
"Feuer - Video Mix","Mista M","Feuer","Deutsch","Playlist","ATTG11500075","03hoS0F1tJZ5l3ksO9D9ae"
"Neue Welt","Moritz Garth","Neue Welt","Deutsch","Playlist","DEUE11662525","5enmOOsX4zMfzC9Tayk8dY"
"Der Weg ist mein Leben","Fabian Bruck","Auf den Spuren meiner Träume","Deutsch","Playlist","DEKM61505495","27YB39ordXmZRFK1M9VTg4"
"Vielleicht","Elias","Kaputt","Deutsch","Playlist","DEUM71300041","6zGGXbQg0vEzQYETin2Y9w"
"Nur ein Lied - Radio Edit","Alex Diehl","Nur ein Lied","Deutsch","Playlist","DEUM71503774","34kPAbXe78Z9oCcuj6oOdc"
"Warum Nicht","Robert Redweik","Warum Nicht (Single)","Deutsch","Playlist","DEGR81506359","1LeH88PM2swmHZLxlCRrTO"
"Viel zu lange her","Knappe","Viel zu lange her","Deutsch","Playlist","DEEK21510067","4QwYuncJY6boDeQtMj4Ynl"
"Wir Sind Groß","Mark Forster","Wir Sind Groß","Deutsch","Playlist","DEQ321600034","7Ars6vxMVBQPc4LwbwbQKm"
"Jeder für Jeden","Felix Jaehn","Jeder für Jeden","Deutsch","Playlist","DEUM71601262","2LwGoJFAqSB3fva8LyelxG"
"Wenn wir alt sind","Soolo","Wenn wir alt sind","Deutsch","Playlist","DEA621600794","3jcdYMQSxElsSMF7nafImU"
"Meine Kneipe","Von Wegen Lisbeth","Meine Kneipe","Deutsch","Playlist","DEE861600223","215JTKawOvixBPU2bqYUzJ"
"Stein für Stein","Konvoy","Alles mitnehmen","Deutsch","Playlist","DEQM41200074","3Xyx5eVrya6uITVE5kSO10"
"Heute Hier Morgen Dort","Die Schröders","Heute Hier Morgen Dort","Deutsch","Playlist","DEHT10800041","7aJ8GmmQFC65VhO792oej2"
"Schläfst du schon - Radio Edit","House Rockerz","Schläfst du schon","Deutsch","Playlist","DEMA61301940","1Q1Y4mE2cBpMsPH94EVSQ7"
"Läuft bei dir","FLEX","Läuft bei dir","Deutsch","Playlist","DER541606401","0KCSL8XlcBzTN00GerpZ3Y"
"Geh nicht weg","Gestört aber GeiL","Gestört aber GeiL","Deutsch","Playlist","DEN061501471","78gEKMePiTzTCeDREDU9Ja"
"Der Himmel reisst auf","Stereoact","Der Himmel reisst auf","Deutsch","Playlist","DEN061600261","070xDjpupXsnjuoRzcQaDm"
"Dein Hurra","Bosse","Engtanz (Deluxe)","Deutsch","Playlist","DEUM71503731","1ge9r5XwpoZyogDkMOFE5m"
"Helden","FlowRag","Helden","Deutsch","Playlist","TCACN1603115","5j1n2xOwbhv5T5jwu0fOQT"
"80 Millionen (EM Version)","Max Giesinger","80 Millionen (EM Version)","Deutsch","Playlist","DELV41600419","6GpDirqU5g1anckw4aWPUs"
"Raus in den Rausch","Sportfreunde Stiller","Raus in den Rausch","Deutsch","Playlist","DEUM71602096","6mOkCOmstSCTeENQvZfbf4"
"Hand in Hand","Julian le Play","Hand in Hand","Deutsch","Playlist","ATCJ81500004","46SijJ7b4DDM5GlvFTOfl2"
"Musik sein - Salt & Waves Remix","Wincent Weiss","Musik sein (Salt & Waves Remix)","Deutsch","Playlist","DEUM71602420","15U182DF6ktEzjdeQ4xlfi"
"Zuhause ist die Welt noch in Ordnung","Sido","VI (Deluxe)","Deutsch","Playlist","DEUM71501579","2a1FABbh4m7Di2jS9MFeJ4"
"Es war einmal...","Beginner","Advanced Chemistry","Deutsch","Playlist","DEUM71601523","1WUT1GqQ5PB0eVFfQxMfG0"
"Sommerregen","JORIS","Hoffnungslos Hoffnungsvoll (Deluxe Version)","Deutsch","Playlist","DEQ321400477","0Ih5FShXa04ow6yMjQwvwT"
"Hand In Hand","Julian le Play","Zugvögel","Deutsch","Playlist","ATCJ81500004","610julSgZ2cA3Snk99ihU1"
"Musik sein","Wincent Weiss","Musik sein","Deutsch","Playlist","DEUM71601196","1v0wLY3hnzzfGeceWS3dS4"
"Ich boykottiere dich","Grossstadtgeflüster","Ich boykottiere dich","Deutsch","Playlist","DELV41600400","3UKOCa5h1nxSHFiIWWMV4p"
"Erkläre mir die Liebe","Philipp Poisel","Erkläre mir die Liebe","Deutsch","Playlist","GBLAZ1600769","2enmDYf6Ux3oP1p1uyf6FM"
"Das Beste ist noch nicht vorbei","Fiva","Alles leuchtet","Deutsch","Playlist","DEDU41400050","0NPi54rLfhFhfFNUwWJv4Z"
"Raus","Planetarium","Raus","Deutsch","Playlist","DESY21400388","3w3b2qnHfDf8K2Caz0GGQg"
"Frühling","Fiva","Frühling","Deutsch","Playlist","DEDU41600006","0dRmgRfQPHWc7Hyym7sfr5"
"Morgenkaffee","MATU","Bessere Tage","Deutsch","Playlist","SE3OH1610479","75wwRYwAcSDQdy8Zn1FSHn"
"Treffer versenkt","Madizin","Treffer versenkt","Deutsch","Playlist","DEUM71601845","5biH03AebX5BpsrMlCwv98"
"Bonnie & Clyde","Sarah Connor","Bonnie & Clyde","Deutsch","Playlist","DEUM71603160","623YhIqwvuXamhw7tvHMBq"
"Für immer - Madizin Single Mix","Glasperlenspiel","Für immer","Deutsch","Playlist","DEUM71603445","5nEFk33j3BqeXm4RP1GMy9"
"Leinen los","KAYEF","Leinen los","Deutsch","Playlist","DEQ121640918","2zzqsZImpC3I30Gs5Lp5Dp"
"Loser","Maeckes","Loser","Deutsch","Playlist","DEUM71602197","23Wh3eoQ39PvmcPQTPXAlZ"
"Seelenverwandt - Single Version","Kathi Kallauch","Seelenverwandt","Deutsch","Playlist","ATR981158369","1hEAZx5J2jgiP3SozSbGzJ"
"Gänsehaut","Körner","Gänsehaut","Deutsch","Playlist","DEA811600589","5Mq75BQaS0KSOsljuM6ejz"
"Chapeau - Wundaba Radio Edit","Robert Redweik","Chapeau (Wundaba Radio Edit)","Deutsch","Playlist","DEGR81507256","0M6hcpa6jGCcrey329eOws"
"Rückenwind / Gegenwind - Radio Edit","Jupiter Jones","Rückenwind / Gegenwind","Deutsch","Playlist","DEQ321600239","7gvzkJP3stlKZ430Bqp5DT"
"Zum Glück","Eisenhauer","1 Million - EP","Deutsch","Playlist","DEE861600060","3Qp5g5m9DSiIEdbGAoa4jt"
"Sonne im Gepäck","Greta","Sonne im Gepäck","Deutsch","Playlist","DEN061600630","6qBfcbkP7l7v2YYrDHY0WG"
"Medizin","Alexa Feser","Medizin","Deutsch","Playlist","DEA621601690","6lfkp7DqQJtg6zfTTW1vqD"
"Neuanfang","Clueso","Neuanfang","Deutsch","Playlist","DEUM71602836","7vxHDHeH0jkuIfDFQHuQHF"
"Lachen Weinen Tanzen","Matthias Schweighöfer","Lachen Weinen Tanzen","Deutsch","Playlist","DEVI61600001","19Oa0pipu3tLdAe1B4LvAI"
"Mein Herz schlägt für dich","Vera Klima","Irgendwann ist jetzt","Deutsch","Playlist","DEUM71600977","2QFzQXQCaXO6507sEglH2n"
"Über die Wolken","STUP!D E.T.","Über die Wolken","Deutsch","Playlist","SE3OH1625483","0vzGaPbZk5RB7pXlAlY4XR"
"Sag meinen Namen - Quarterhead Remix","Lupid","Sag meinen Namen (Quarterhead Remix)","Deutsch","Playlist","DEUM71604307","1T2TNKOWM7qkkYt12ZTdHf"
"Alles auf dem Weg","Benne","Alles auf dem Weg","Deutsch","Playlist","DEEK21610002","2xOulSeKlGGVnQMab9azPO"
"Vielleicht im nächsten Leben","Max Giesinger","Der Junge, der rennt","Deutsch","Playlist","DELV41600064","2xqkec95WAKjjnZT0oHA0b"
"Zeiten ändern sich (feat. Albert N'sanda)","Culcha Candela","Candelistan","Deutsch","Playlist","DEA621500780","3zAtszyF4gVi8C2RblBjXF"
"Regenbogen - Akustik Version","Wincent Weiss","Regenbogen","Deutsch","Playlist","DEUM71502934","1XL4zhh4ySNzQnyGVghHig"
"Zwei Zimmer, Küche, Bad","LOT","Zwei Zimmer, Küche, Bad","Deutsch","Playlist","DESA21300261","0oumhff6SF9nGwV3Suxzql"
"Mir geht's gut","Elastiq","Mir geht's gut","Deutsch","Playlist","DEGE51600292","33FzpufHnbPg2DqImkz31t"
"Playlist - Piano Version","Jonas Monar","Playlist","Deutsch","Playlist","DEUM71603495","4YGbx6OqId8EJBYjRYwPF7"
"Auf und ab","Philipp Leon","Auf und ab","Deutsch","Playlist","DEA371600044","49KbBF9kL2r2BYk0IPSlFY"
"Am Leben","Larsito","Am Leben","Deutsch","Playlist","DEE861600329","4pYLRXPopqYX90eRFsLeId"
"Nur in Meinem Kopf","Klangunion","Nur in Meinem Kopf","Deutsch","Playlist","QZ4JJ1731789","6IASSaE9yG0w9GKRkuQuRz"
"Komm Und Tanz Mit Mir","Klangunion","Komm Und Tanz Mit Mir","Deutsch","Playlist","QZ4JJ1733011","5KBqlx0YKxf8o3kkTmoVYR"
"Du Kannst","Klangunion","Du Kannst","Deutsch","Playlist","QZ4JJ1731753","03l9ZqTHV46nCRa0sR3SCD"
"Feuerwerk","Wincent Weiss","Feuerwerk","Deutsch","Playlist","DEUM71604946","17DNnXyihmTHGxMQs1Bm6T"
"Alles über Bord","Anna Depenbusch","Alles über Bord","Deutsch","Playlist","DEE861601298","65iZrBHG6SEIOQiYDasJTV"
"Mein Leben ist der Wahnsinn","Henning Wehland","Mein Leben ist der Wahnsinn","Deutsch","Playlist","DEUM71603152","17O8NUovNWHZDiV3zdt4a4"
"Geisterjägerstadt","Jeden Tag Silvester","Geisterjägerstadt","Deutsch","Playlist","DEY681700211","77tmy97jZNV1HvGbEFrsjY"
"Die guten Tage strahlen - Live from Spotify Berlin","Max Giesinger","Spotify Sessions","Deutsch","Playlist","DELV41600885","45sm9RkoNsu1IhsSuF8pKx"
"Eine Nummer zu groß","Roger Cicero","Eine Nummer zu groß","Deutsch","Playlist","DEA811601204","5Yg3PH5U9AFcKXC51buT3R"
"König von Deutschland","Gregor Meyle","Alles und noch viel mehr - Das Beste","Deutsch","Playlist","DEE861600409","2gDiQTd04VAj6ItE9datPl"
"Es wird","VON WELT","Milliardenstadt","Deutsch","Playlist","DEOY21100061","5d6u7S1PAfVdgzvXFtZBKW"
"Highlights","JPD","Highlights","Deutsch","Playlist","DEUM71603290","10KS7yQybdVeBE12Qax47h"
"Traurige Kids","JPD","Traurige Kids","Deutsch","Playlist","DEUM71700016","7n1LHFFAOD0st1IleQ3SvT"
"Das, was passiert","GLORIA","Geister","Deutsch","Playlist","GBLAZ1500560","4u3gxVAm322VbHq4h030oF"
"Paradies - Radio Edit","Mark Tarmonea","Paradies","Deutsch","Playlist","FR96X1629251","5o26SMgNdJBpcISjq5abAs"
"Das Haus mit dem Basketballkorb","EMMA6","Das Haus mit dem Basketballkorb","Deutsch","Playlist","DEEK21610142","69qhJb34nIYkwcHXJqcZM5"
"Weck mich nicht auf","KAYEF","CHAOS","Deutsch","Playlist","DEQ121640919","7mSuKAjGTyv9aOyj4SsiXy"
"Lauf Baby lauf - From The Voice Of Germany","TAY","Lauf Baby lauf (From The Voice Of Germany)","Deutsch","Playlist","DEUM71604836","0Emc3uS6WzgkxgR6gP0llz"
"Zuhause ist wir - Radio Edit","MoTrip","Zuhause ist wir","Deutsch","Playlist","DEUM71602524","5mbS0ZPJqCgISYc8W3Q5Gz"
"Ganz allein","MATU","Bessere Tage","Deutsch","Playlist","SE3OH1610478","2qkxBzYSi7BC2zQyXfnGm8"
"Alle guten Dinge","Jonas Monar","Alle guten Dinge","Deutsch","Playlist","DEUM71604669","7MzbTr9UCgXFmlOBdCaec4"
"So schön kaputt","SDP","So schön kaputt","Deutsch","Playlist","DETX41700106","2G1BlWRM5zQS9brG0dZhye"
"Außerhalb der Zeit - Single Edit","Bosse","Außerhalb der Zeit","Deutsch","Playlist","DEUM71503792","0dwPgfmiA2v9uX4PIly0ck"
"Leichtsinn","Tim Bendzko","Immer noch Mensch","Deutsch","Playlist","DEE861600416","5ek0O3TXqo2FX8ZUAhvt61"
"Glücklich mit nichts","Max Prosa","Glücklich mit nichts","Deutsch","Playlist","DEE861700010","35uT4j8EkvABoB3F8Ds7z1"
"So, dass du fehlst","Lilou","Aber manchmal doch","Deutsch","Playlist","DEUS81600076","3TCV7Es3mgkT3mQuzChscU"
"Feuerwerk","Hannah Stienen","Feuerwerk","Deutsch","Playlist","DEAR41712764","4baFBgG0JqRlYo7R9Rtxyl"
"Schön dich zu sehen","Mathias Fritsche","Schön dich zu sehen","Deutsch","Playlist","SE3OH1701182","55jw5hxnmWvwnOZBExA9Ff"
"Alle guten Dinge - Akustik Version","Jonas Monar","Alle guten Dinge (Akustik Version)","Deutsch","Playlist","DEUM71702298","6vlaVSAkoBrLmcn4vj6CKT"
"Farbenmeer","Joel Brandenstein","Farbenmeer","Deutsch","Playlist","DEQR41600530","2rwPsvCiQlKmEmtBSsn75L"
"Niemand da","Elastiq","Habt ihr schon gehört?","Deutsch","Playlist","DEGE51700295","3mXpKca8Q8yQKFW5dl7YuB"
"Vielleicht","Miwata","Vielleicht","Deutsch","Playlist","DEQK11600198","3hygGk6bBO1PWumOJ8MFs6"
"Nummer Eins","Stereoact","Nummer Eins","Deutsch","Playlist","DEY201600127","6yxQYuItvkkjEDGvORwzeD"
"Freidrehen","Clueso","Stadtrandlichter","Deutsch","Playlist","DEQV21400200","6XuplOlrHP00OZHsgGwKrc"
"Unser Sommer (feat. Max Giesinger) - Maywald Remix","Koby Funk","Unser Sommer (feat. Max Giesinger) [Maywald Remix]","Deutsch","Playlist","USUS11700102","4ThqJA9YH2UK8mLynsC6R6"
"Egal","Apecrime","Egal","Deutsch","Playlist","FRX201650120","4eiPG4jjmJf1JGF14Fz0H2"
"Nur ein Herzschlag entfernt","Wincent Weiss","Nur ein Herzschlag entfernt","Deutsch","Playlist","DEUM71601969","2XlOI4YgMO7wQ4QdAeUdQX"
"Liebe auf Repeat","Laurenz","Liebe auf Repeat","Deutsch","Playlist","DEQR41600654","1g6qjbX6UalyxXUer6uPVi"
"Mir geht's gut","Elastiq","Habt ihr schon gehört?","Deutsch","Playlist","DEGE51600292","0GJmznj9GB3mK1CbWumx26"
"Nummer 1","Zuna","Mele7","Deutsch","Playlist","DEQ121643672","3sgGmPQD2J6aQduN36RDBO"
"Perfekte Imperfektion - Akustik Version","Swiss & Die Andern","Perfekte Imperfektion (Akustik Version)","Deutsch","Playlist","DEZ901600939","48Z64A0NGCXl2skhjaDZTp"
"Scherben","SMATKA","Scherben","Deutsch","Playlist","DELJ81741243","4Y4nSZ4P12TUpCsGqJVsdW"
"Momente","Zweikanalton","Momente","Deutsch","Playlist","ATCL41700001","2s53UM6jNcWDnZQnzD74P7"
"Blau (feat. Sido)","AMANDA","Blau (feat. Sido)","Deutsch","Playlist","DEQ321600413","1DFIyhRxaDAbZxTMN0BSBu"
"FUNKFLUENZA","Anna Partué & the Soul Age Band","FUNKFLUENZA","Deutsch","Playlist","DEA371251655","12nYuIvZfQ9mwwxeFH75Od"
"Unendlichkeit","CRO","Unendlichkeit","Deutsch","Playlist","DEW921401104","5caMCe2gq8y72GVUEQEonQ"
"Ich glaub an dich","Mathias Fritsche","Ich glaub an dich","Deutsch","Playlist","SE3OH1734942","52n5bLMS7zKiaYmIe7hX30"
"In meiner City (feat. Mr. Reedoo)","Culcha Candela","In meiner City (feat. Mr. Reedoo)","Deutsch","Playlist","DEA811700432","2tWrxmF3cHHW0bWS7jfBn7"
"Bis ans Ende dieser Welt","Stereoact","Bis ans Ende dieser Welt","Deutsch","Playlist","DEY201600263","1r3uKG4wBJKV1rmNRe5MzQ"
"Eine Welt eine Heimat","Adel Tawil","So schön anders (Deluxe Version)","Deutsch","Playlist","DEUM71702805","3gbLBYQ0ye8D8ygi4LVHfL"
"Komm wir heben ab","ZweiLand","Komm wir heben ab","Deutsch","Playlist","DEPU31701924","0EGu2CcpWQbgL51cqQso7F"
"Unser Film","LINA","Unser Film","Deutsch","Playlist","DELV41702224","0SMgitVrBoS3xGoVogiWmr"
"Komm näher","JONA","Komm näher","Deutsch","Playlist","QMEU31716014","1wBktwsNpeJN8JcuPU2T8e"
"Alles Auf Anfang","Lukas Droese","Alles Auf Anfang","Deutsch","Playlist","QMEU31716943","15B1BaDfVRgSjoviC0nLgW"
"Nie zu Ende","Jonas Monar","Nie zu Ende","Deutsch","Playlist","DEUM71604679","0T4h79neqK0F7af0EC3EnG"
"Jede Nacht","Philipp Dittberner","Jede Nacht","Deutsch","Playlist","GBLAZ1701020","03mrCU2atEYjG0X1SCNDRu"
"Trash & Diamanten","Parallel","Trash & Diamanten","Deutsch","Playlist","DEUM71712447","4KGVzIZraS5cvQjoW40B7Z"
"Standby - Radio Edit","Philipp Dittberner","Standby (Radio Edit)","Deutsch","Playlist","GBLAZ1701061","2v5uqXkIQxhHeCjmfMfn2d"
"Das Leben gibt heut einen aus - Single Mix","Querbeat","Das Leben gibt heut einen aus","Deutsch","Playlist","DEUM71716279","3cOaZ9Ha6VJIggeuT1Y4J9"
"Immer noch fühlen","Revolverheld","Immer noch fühlen","Deutsch","Playlist","DEE861702990","36VeOsdWTQg2Nrgs1wRXga"
"1000 KM","Julian le Play","Zugvögel","Deutsch","Playlist","ATCJ81500035","7g60ZP6ZpD9kk7aUgo9S2K"
"Der Junge, der rennt","Max Giesinger","Der Junge, der rennt","Deutsch","Playlist","DELV41600066","0rLcunkGgHo9qYKZtZg35Y"
"Nicht so schnell - Live im Stadtpark Hamburg","Max Giesinger","Der Junge, der rennt (Live)","Deutsch","Playlist","DELV41702706","50PsFUMCTj5bHqdPtH1T3O"
"An Wunder","Wincent Weiss","An Wunder","Deutsch","Playlist","DEUM71800892","1tvLm3VWxauQ1q8po39Io9"
"Wenn Du willst","Marii","Bahn Frei!","Deutsch","Playlist","DEE991500027","4A1SI1WuMDYbKuQ0zPaCVb"
"Sommer auf Gleis 8 - Radio Mix","Marii","Bahn Frei!","Deutsch","Playlist","DEE991500012","6sR4yFX4A0GTTX2uT5vp6B"
"Signal","JORIS","Signal","Deutsch","Playlist","DEQ321800096","7ulAhSPWIugvp805SYB4L1"
"Erkläre mir die Liebe","Philipp Poisel","Mein Amerika","Deutsch","Playlist","GBLAZ1600769","3FTKzJI05mtKBIouwQcEpZ"
"Sowieso","Mark Forster","TAPE (Kogong Version)","Deutsch","Playlist","DEQ321600144","1CLljfgtXG6ODaJONSMkwQ"
"Welt hinter Glas - Radio Edit","Max Mutzke","MAX","Deutsch","Playlist","DEE861500387","4UrNsywga9TxlfArHYU9P3"
"Eiserner Steg - Akustik Version","Philipp Poisel","Bis nach Toulouse + Eiserner Steg","Deutsch","Playlist","GBLAZ1100338","0x4fjLodFXUNk929Y5QEQd"
"Einmal","Mark Forster","Einmal","Deutsch","Playlist","DEQ321800371","2t8QolI8gVL9qv9LsXgBgq"
"Schloss - Dasmo & Mania Remix","Glasperlenspiel","Schloss (Dasmo & Mania Remix)","Deutsch","Playlist","DEUM71803337","6rQrzaYqXE1xUU0RLskilv"
"Lichterketten","Sasha","Schlüsselkind (Deluxe Edition)","Deutsch","Playlist","DEUM71806885","6NpATTWV1gg1IPSnmSGiWY"
"#DuBistMirWichtig - Akustikversion","Jonas Monar","#DuBistMirWichtig (Akustikversion)","Deutsch","Playlist","DEUM71806869","7pw6cBsh4k8XJ0GVbGTAVL"
"Schön","Keinepanik","Kein Problem","Deutsch","Playlist","DEUM91801011","3V1J8E2iawEWtG5BochdOT"
"Handgepäck","Mow","Fernfieber","Deutsch","Playlist","QZCE61876754","5OaxfZwBX0epZG92Dy11Dz"
"Wo immer du bist","Hi! Spencer","Wo immer du bist","Deutsch","Playlist","FR96X1857081","04UZFI5rVDjoPHZNemIX6W"
"Alles in Scherben","Modeste","Alles in Scherben","Deutsch","Playlist","NLS6R1871107","2Vm0GTp5LWRW4DLDGktNEu"
"Kein Asphalt","Jante","Kein Asphalt","Deutsch","Playlist","DEPI81705795","3vdNhJp8zV3srjKIQymSQ6"
"Gewohnheit","Jante","Kein Asphalt","Deutsch","Playlist","DEPI81705792","4aVj3tHZsxvaWvCgia2yT0"
"Game Over und Out","Jante","Kein Asphalt","Deutsch","Playlist","DEPI81705796","7pN7o4oHC7eD0NsRDHHti6"
"Relationship Goals","aberANDRE","Relationship Goals","Deutsch","Playlist","DELJ81812284","0gtO8SJZOmt5Q229cJzuyx"
"Feuer und Meer","Meine Zeit","Feuer und Meer","Deutsch","Playlist","SE3OH1730869","4MvZSI9a8DuOX03CTba4qv"
"Gewohnheit","Jante","Gewohnheit","Deutsch","Playlist","DEPI81705792","5Hinr5Kr2u8EkMHgjZIoEE"
"Zuhause","Max Giesinger","Die Reise","Deutsch","Playlist","DELV41800654","3nZit3yvkW3MuAiI6NL1Rv"
"Nicht raus aber weiter","Hi! Spencer","Nicht raus aber weiter","Deutsch","Playlist","FR96X1857082","2nwHZqbhLFKgdUhzuBauAm"
"Nimm mich mit","Xavier Naidoo","Für Dich.","Deutsch","Playlist","DES811700002","4APuWjwtgqjULgxjs3Aq5f"
"Das ist doch keine Liebe","LÖVEN","Anananda","Deutsch","Playlist","DEPH11900070","2YSsInvrRqcIfnuNo2oDfN"
"Blut Schweiß Tränen","LÖVEN","Anananda","Deutsch","Playlist","DEPH11900071","1kirdeAmFy0b3s29pNvgdW"
"Feuer","LÖVEN","Anananda","Deutsch","Playlist","DEPH11900072","01FTwgBKKVXdLRb3zjHIwq"
"Ein Geschenk","Synyana","Ein Geschenk","Deutsch","Playlist","ATAR61300040","5lGjn5exRnEyR2Y88Dke1D"
"Playlist - Radio Version","Jonas Monar","Alle guten Dinge","Deutsch","Playlist","DEUM71602886","4JatZ9fiE55AoKSWbfsvgb"
"Schakale der Nacht","Jamie Roseanne","Schakale der Nacht","Deutsch","Playlist","DELJ81630169","3NkhPy6naz2wJMZfr2L7w3"
"Hoch","Tim Bendzko","Hoch","Deutsch","Playlist","DEE861902687","4SWu9u2dLzmYa8dMieyayQ"
"Chaos","Mathea","Chaos","Deutsch","Playlist","ATWF51900102","74GrgSGucjqiQ0l7ptknoB"
"Welt (feat. Kontra K)","Xavier Naidoo","Welt (feat. Kontra K)","Deutsch","Playlist","DES811900015","0dME4tJbBf9SUI2uZHTHs1"
"Denxu","Fettes Brot","LOVESTORY","Deutsch","Playlist","DEAH91900003","4qtM5Xt67WHXg4JZXEubkr"
"Beste Version","Vanessa Mai","Beste Version","Deutsch","Playlist","DEA811900301","5EOGqUg3jjj6pVGrFQMmIY"
"Alessio","TRAUMFRESSER","Alessio","Deutsch","Playlist","DEPI81902832","3fPnBcrhhnr7FhNpTHSy9p"
"Eiskalt","Loredana","Eiskalt","Deutsch","Playlist","DEQ021903449","52UVKsw31NTOCTNPTpwbFJ"
"David gegen Goliath","KYONA","Finde mich","Deutsch","Playlist","DEL211901205","1xHDrj0AidJ2xPRgQYGg9n"
"Von ganz allein","Fayzen","Von ganz allein","Deutsch","Playlist","DELJ81956223","7cmSxSGlV7o7m1LZpmvCxF"
"Wünsch Dir was - Radio Edit","Gestört aber GeiL","Wünsch Dir was","Deutsch","Playlist","DEUM71906726","6rDWrNWjnnrLmHNZwsrYhG"
"Meine 3 Minuten - From The Voice Of Germany","Freschta Akbarzada","Meine 3 Minuten (From The Voice Of Germany)","Deutsch","Playlist","DEUM71906618","1k2vj1GmBJz5O0Yvm48crP"
"194 Länder - Single Version","Mark Forster","194 Länder","Deutsch","Playlist","DEQ321900183","6kga9ZYARzHBprnLOENrMQ"
"So kann es weitergehen","Philipp Dittberner","So kann es weitergehen","Deutsch","Playlist","GBLAZ1901281","2tPTs7vff8879Tm6BkPxxB"
"Einmal im Leben","Wincent Weiss","Einmal im Leben","Deutsch","Playlist","DEUM71905355","5YOKXGkBdTHpGhnBUtVaFH"
"Ich wünsch dir","Sarah Connor","HERZ KRAFT WERKE (Deluxe Version)","Deutsch","Playlist","DEUM71901591","6Ubu6f6HM3s04qZuGIccsx"
"Ja Nein Vielleicht","Stereoact","Ja Nein Vielleicht","Deutsch","Playlist","DEA811900303","5aoZF2BvuhlVthweLbOi0X"
"Nicht genug","Tim Bendzko","Nicht genug","Deutsch","Playlist","DEE861902818","3chWf6EbNgwhryGH5nCsxS"
"Danke","Fargo","Danke","Deutsch","Playlist","DEAL31800408","0V8Z76jK871CM8qCVp5ON8"
"Mit Dir Ohne Dich","Otto Normal","Mit Dir Ohne Dich","Deutsch","Playlist","DEFL71901470","4MkBZWZW2IKq0uvp3lHmQB"
"Lauf","Jaylina","Lauf","Deutsch","Playlist","CH7812037015","2jl5XZ6CP4AW9PWJsUAUTH"
"Roter Sand","Emilio","Roter Sand","Deutsch","Playlist","DEE862000249","0eeQAVkMj5zIvOmWl2mB8O"
"Wie Früher Mal Dich","Mark Forster","LIEBE s/w","Deutsch","Playlist","DEQ321900234","1LgCB98cAk0998h3DI33Xr"
"Wenn Liebe kommt","LOTTE","Glück","Deutsch","Playlist","DEE861902839","1MEpVyXTheTBd5J7l6Jliz"
"Machen wir das Beste draus (homerecordings)","Silbermond","Machen wir das Beste draus (homerecordings)","Deutsch","Playlist","DEE862000478","51lu2hK6YLR0gHZHFAmdEA"
"Nie stärker als jetzt","Max Giesinger","Nie stärker als jetzt","Deutsch","Playlist","DELV42000322","4lRCMf8HYVfTZ3Ztj3GCpF"
"Dickes Ende - Live Berlin Wuhlheide Juni 2009","Peter Fox","Peter Fox & Cold Steel: Live aus Berlin","Deutsch","Playlist","DEA620900647","2kLo5VbyHHPBHeDg9qSxLL"
"Die Ausnahme - Akustik Version","Max Giesinger","Die Reise (Akustik Version)","Deutsch","Playlist","DELV42000233","1dgq6KyyQ93cMTf1t96JPC"
"Mehr davon","LOTTE","Mehr davon","Deutsch","Playlist","DEE862000272","7rwAzZpANJEN0vn0pzYONW"
"Nur ein Wort - Akustik Version","Benne","Nur ein Wort (Akustik Version)","Deutsch","Playlist","DEEK22010069","4w8ey9ckhKSkfyRkFk2BsI"
"Der letzte Tanz","Bosse","Der letzte Tanz","Deutsch","Playlist","DEUM72005625","3JtIS5WNPJokeMeEVnWWEM"
"Wie früher mal dich","Helene Fischer","Die Helene Fischer Show - Meine schönsten Momente (Vol. 1)","Deutsch","Playlist","DEUM72006248","7vHiHqEE41uKyCu5kND4cp"
"Wer wenn nicht wir","Wincent Weiss","Wer wenn nicht wir","Deutsch","Playlist","DEUM72007087","5jYDCxuSx1mfApeWA4SlqX"
"Wie Zuhause (feat. Alligatoah) - MTV Unplugged / Single Edit","Santiano","Wie Zuhause (MTV Unplugged)","Deutsch","Playlist","DEUM71903814","1zTu8Kfi8Gk29kSbSjvSAE"
"Schwerelos","Max Mutzke","Schwerelos","Deutsch","Playlist","DEE861903627","1XmCSgf8MGlVkdHBaDBqO2"
"Mein Zuhause","Georg Stengel","Mein Zuhause","Deutsch","Playlist","DEUM72005802","21p89pQKz0PqIvILJ19JY1"
"Halt mich fest","Philipp Dittberner","Nichts fehlt","Deutsch","Playlist","GBLAZ2001433","73wArDycF407xqpGDLKLxX"
"1000 gute Gründe - Radio Edit","Adel Tawil","1000 gute Gründe (Radio Edit)","Deutsch","Playlist","DELV42000311","7nv3iG8J5lwXfhwL6ctfHv"
"ICH FRAG DIE MAUS","Mark Forster","ICH FRAG DIE MAUS","Deutsch","Playlist","DEQ322100050","0fFme4SCe60FQBHXLkqfgD"
"In meinen Gedanken - Gospel Chor Version","Max Giesinger","In meinen Gedanken (Gospel Chor Version)","Deutsch","Playlist","DELV42100618","46uDZwBFs21Krh7Opg93S5"
"Legoschloss","Glasperlenspiel","Legoschloss","Deutsch","Playlist","DEUM72116189","1Yuwmq1UQNKlhqWBje5Cdo"
"Flugmodus","Clueso","ALBUM","Deutsch","Playlist","DEE861904357","5ekhxzw7uZCUsD7FHgb2g5"
"Der letzte Tag","Max Giesinger","Der letzte Tag","Deutsch","Playlist","DELV42100620","17zmiYns8MxXTeqUrTr5WM"
"Gib mir ein bisschen Sommer","Mono & Nikitaman","Guten Morgen es brennt","Deutsch","Playlist","DEQ121753016","0XCEXxzjV67yyFR80C1zT6"
"Spring","Mr. Polska","Spring","Deutsch","Playlist","NL8RL2645100","1gYhY6lBUobvFCB5klYJkL"
"Geld","Ski Aggu","Geld","Deutsch","Playlist","DECE72601580","0hpiVWAZbVxE0R92i7kucF"
"Sonne Geht Auf","Klangkuenstler","Sonne Geht Auf","Deutsch","Playlist","DEUM72508345","6bs1myCEARQoI7oOLxqHkp"
"IMMER (MIT MAKKO)","Ski Aggu","Wilmersdorfs Kind","Deutsch","Playlist","DE1FB2400133","2vWk7h0nrsHCTxcWF6A0sk"
"PALERMO","Ski Aggu","PALERMO","Deutsch","Playlist","DE1FB2500170","1AzhkL1zTo5NJ1oBOp0Hhe"
"JUNGE BALLER","6PM RECORDS","JUNGE BALLER","Deutsch","Playlist","DEKF22400779","29vCE5UzdE8dzcJWbG2CsK"
"GERMANY","Dauner","GERMANY","Deutsch","Playlist","DE1FB2500120","50LgSBOTX8nkAKmbWF1Wxt"
"atzen & barbies (feat. ski aggu)","Shirin David","Schlau aber blond","Deutsch","Playlist","DECE72402947","6mVGbuQTbXeJz79VBG6hrm"
"JWD","Filow","wir haben zwei geile songs gemacht","Deutsch","Playlist","DE1FB2500344","7iLaBBQq0tzQvZUBXwJ2KL"
"bissu dumm ¿ MEGALODON REMIX","Bonez MC","bissu dumm ¿ MEGALODON REMIX","Deutsch","Playlist","DECE72501065","1IMa0Il4w988MwZCUcISix"
"NEIN SCHATZ","Miss Bashful","NEIN SCHATZ","Deutsch","Playlist","DE1FB2500244","7Bkw8mQs8oYUV9udjdgXG9"
"DEUTSCHLAND 🇩🇪 (MIT IKKIMEL)","Ski Aggu","Wilmersdorfs Kind","Deutsch","Playlist","DE1FB2400130","1lk0d1IfGDe3XMV51V8QOG"
"Broker","Ski Aggu","denk mal drüber nach...","Deutsch","Playlist","DE1FB2200067","2ASD3lIvN1z7MUgXqnZd8R"
"Friesenjung (Sped Up)","Vieze Asbak","Friesenjung (Sped Up)","Deutsch","Playlist","QZMER2322980","3PqC6pBbGfq8USUgxqUuS9"
"Flasche kreist","01099","Kinder der Nacht","Deutsch","Playlist","DE1FB2400268","4iB7cCSTVnqcZlO0yG7XS2"
"Mandala","Ski Aggu","denk mal drüber nach...","Deutsch","Playlist","DE1FB2200076","2gJFd1OvZu1gRDSoQCbOeK"
"WILMERSDORFS KIND","Ski Aggu","Wilmersdorfs Kind","Deutsch","Playlist","DE1FB2400132","51iDUcD8kFSOU0gL8BJdnN"
"Alles Anders","Filow","wir haben zwei geile songs gemacht","Deutsch","Playlist","DE1FB2500346","5gRi7t4ATOwldKBjuT2cSN"
"schwarzer toyota","skrt cobain","schwarzer toyota","Deutsch","Playlist","DEQ322400009","6zV5WGrUYlR2i4AiaKfrKN"
"1 ADLER","Ski Aggu","1 ADLER","Deutsch","Playlist","DE1FB2500455","36an2kIaMv6GW7UaNXTWTw"
"egoist","Ski Aggu","Wilmersdorfs Kind","Deutsch","Playlist","DE1FB2400257","0EzsxViAqyLwhIs2BkGVPe"
"Super Wavy","YFG Pave","Super Wavy","Deutsch","Playlist","DEZC62040017","4dvjMHUE0FYtQj50JNCIW2"
"übersee freistil","Ski Aggu","übersee freistil","Deutsch","Playlist","DE1FB2500066","6bTwEI3fPO6lEI85ivLMt1"
"abgelenkt","Ski Aggu","Wilmersdorfs Kind","Deutsch","Playlist","DE1FB2400131","6lIQ6uJHb6P5HmI9ElGidx"
"JUNG UND LAUT","badchieff","JUNG UND LAUT","Deutsch","Playlist","DEQ322500183","2KwZW6UCEAU7QKhJ4CMv7w"
"Blau","OMG","Blau","Deutsch","Playlist","DECE72201928","6BcgFkMhsE8ybTgQZXCj5h"
"Partyticker","Ski Aggu","2022 war film gewesen","Deutsch","Playlist","DECE72200403","7d6ScLC2TcB4LScb5St96n"
"Kein DJ","Ski Aggu","Kein DJ","Deutsch","Playlist","DE1FB2400536","7y0gyU4jMNwcbh3dmPVkuF"
"Weißwein & Pappbecher","Ski Aggu","Weißwein & Pappbecher","Deutsch","Playlist","DEZC62027104","0b68Ledc3AzYWpqr6vpV5o"
"NPCs (mit Aggu)","Ritter Lean","NPCs (mit Aggu)","Deutsch","Playlist","DE1FB2400512","2kBllzLD3kRVAecjxkOUrQ"
"playboi","Ski Aggu","2022 war film gewesen","Deutsch","Playlist","DE1FB2200019","5m8ME6TaDKwlGxs7cew6qr"
"AUF ERNST","Ski Aggu","Wilmersdorfs Kind","Deutsch","Playlist","DE1FB2400136","79uD0PzuOQ69Z0u0qJmeiH"
"BALLA BALLA","Ski Aggu","Wilmersdorfs Kind","Deutsch","Playlist","DE1FB2400120","1PPKayYlydvupkWxjCtUoV"
"Viva Musikvideo","Endzone","2021: Dear Summer","Deutsch","Playlist","DEQ022116400","3QtLDVO8q94PY0ACJxhqWm"
"häng'","Ski Aggu","2022 war film gewesen","Deutsch","Playlist","DE1FB2200025","57mp20YZqpaEAwJquxWsUt"
"GERMANY","Dauner","GERMANY","Deutsch","Playlist","AEA3A2551185","5qbANZ7OsEUqT6ZYf2j2fp"
"atzen & barbies (feat. ski aggu)","Shirin David","atzen & barbies (feat. ski aggu)","Deutsch","Playlist","DECE72402947","4iD4W5c2bpkLRoFbzUIuR2"
"BELOHNEN","FILLY","BELOHNEN","Deutsch","Playlist","DE1FB2400444","5aMvdnOSZxslL2I083yxvR"
"berky hau mal in die tasten du wunderkind","Ski Aggu","Wilmersdorfs Kind","Deutsch","Playlist","DE1FB2400138","2G6eJPI0h9rlAjASYawaJg"
"BYE INTRO","Ski Aggu","Wilmersdorfs Kind","Deutsch","Playlist","DE1FB2400134","6Xt6lWxLKJJUYzlnuTnbUJ"
"SACHEN","Ski Aggu","Wilmersdorfs Kind","Deutsch","Playlist","DE1FB2400137","0ucdZDRfB6Lex4DifcF6KB"
"AUF ERNST","Ski Aggu","Wilmersdorfs Kind","Deutsch","Playlist","DE1FB2400136","2lAsbjNkgpZnSLpcEwh2Yi"
"keine sorge","Ski Aggu","Wilmersdorfs Kind","Deutsch","Playlist","DE1FB2400139","3TM7SQNipnYjjOWYkAjfnh"
"ganz schön","Ski Aggu","Wilmersdorfs Kind","Deutsch","Playlist","DE1FB2400255","0xF7NmOoVVxtMDBwjSu81B"
"der schlechteste (mit ritter lean)","Ski Aggu","Wilmersdorfs Kind","Deutsch","Playlist","DE1FB2400256","3dyod0gxq6ZpYP6NxXv25W"
"egoist","Ski Aggu","Wilmersdorfs Kind","Deutsch","Playlist","DE1FB2400257","4VVgNkl4NlbogiajoKMpQY"
"intro für mein nächstes album","Ski Aggu","Wilmersdorfs Kind","Deutsch","Playlist","DE1FB2400258","6clP7ni5mPU3XWeBXqCkEH"
"BYE X3 (MIT JEREMIAS)","Ski Aggu","BYE X3 (MIT JEREMIAS)","Deutsch","Playlist","DE1FB2400135","0ULpry2sJKjbSzabrh0yL3"
"abgelenkt","Ski Aggu","abgelenkt","Deutsch","Playlist","DE1FB2400131","79XKsdLlYGx1lqwctmMD2v"
"BALLA BALLA","Ski Aggu","BALLA BALLA","Deutsch","Playlist","DE1FB2400129","1TFK9oczePSWgNtWRWlUoI"
"Z0RNIG [2O24]","Ski Aggu","Z0RNIG [2O24]","Deutsch","Playlist","DE1FB2400006","4bL1w0m4bPkjqMfi93RK1x"
"vodka soda ²°²²","Ski Aggu","denk mal drüber nach...","Deutsch","Playlist","DE1FB2300106","188CCrU9P7bcdKf2XPWYXq"
"angefickstツ","Ski Aggu","denk mal drüber nach...","Deutsch","Playlist","DE1FB2300110","4sMsrZAhKuvAuLIwXmUz6x"
"shu madame","Ski Aggu","denk mal drüber nach...","Deutsch","Playlist","DE1FB2300109","4QIc7D9hF48JpzUmmtpV53"
"justin bieber™","Ski Aggu","denk mal drüber nach...","Deutsch","Playlist","DE1FB2300103","6EDZ4yXd4Kh9mBZpBavsjT"
"nicht nachmachen!!","Ski Aggu","nicht nachmachen!!","Deutsch","Playlist","DE1FB2300104","1PPVXZrhu3gVltl1iAaUTc"
"MAXIMUM RIZZ","Ski Aggu","MAXIMUM RIZZ","Deutsch","Playlist","DE1FB2300108","2f90oF6hNsvRd2T7pDgNht"
"gensehaut","Ski Aggu","gensehaut","Deutsch","Playlist","DE1FB2300100","4hcuqPKZS9s8P9jyOamH0M"
"Theater★","Ski Aggu","Theater★","Deutsch","Playlist","DE1FB2300080","0SGtCOR4G9fx9PQq9shKkw"
"mietfrei","Ski Aggu","mietfrei","Deutsch","Playlist","DE1FB2300064","1CknK1sYAhoYxZEs5OfqEq"
"Anders","01099","Anders","Deutsch","Playlist","DE1GM2200005","5TYmnScjaRecWuBqEaA7S5"
"Mandala","Ski Aggu","Mandala","Deutsch","Playlist","DE1FB2200076","3kY3lHSYB7Ow8hJl6whIBu"
"Broker","Ski Aggu","Broker","Deutsch","Playlist","DE1FB2200067","0fmZFIfyvdcg6dVkczBpwF"
"Party Sahne","Ski Aggu","Party Sahne","Deutsch","Playlist","DE1FB2200013","47gFO4wiq9rLJo9vz0DP3q"
"MAKRODOSIS","Ski Aggu","Party Sahne","Deutsch","Playlist","DECE72200907","0waTHR7Q0HV4D2cB22dWAS"
"Acid Kotti","Ski Aggu","Acid Kotti","Deutsch","Playlist","DECE72201701","3Og4Qm81kF63PC76Q0xKBB"
"schachBRETT","Ski Aggu","schachBRETT","Deutsch","Playlist","DECE72105178","6rH8sOSE1tcVSyMtGsQ2FE"
"partybus skizze","Ski Aggu","2022 war film gewesen","Deutsch","Playlist","DE1FB2200020","3hurjo29I8SlHLsRPP3AZj"
"besoffen in den spiegel schauen","Ski Aggu","2022 war film gewesen","Deutsch","Playlist","DE1FB2200018","4RllUfie5anTCRRBdfjDvy"
"Privnote","Ski Aggu","Privnote","Deutsch","Playlist","DEZC62102633","1t5IMxAgi4fILSHXOtAXQ1"
"Früchtetee (mit Honig)","Ski Aggu","Früchtetee (mit Honig)","Deutsch","Playlist","DEZC62186701","5PBavpcTOJACTGXjbWQFWt"
"Kosmonauten","BIBIZA","Kosmonauten","Deutsch","Playlist","DEZC62100904","0DxnpJjfH1jakTx6Ktjotf"
"GUSTAV","Ski Aggu","skpaden/GUSTAV","Deutsch","Playlist","DECE72107734","0zg3tztWA6DEJmtZ6zbO0l"
"skpaden","Ski Aggu","skpaden/GUSTAV","Deutsch","Playlist","DECE72107735","7MZR7EiBxAVMGk7qsKGiIL"
"Junge Criminals","Lyrica","Junge Criminals","Deutsch","Playlist","QT6632670929","5wOLxKNL4rYl2PGBdY7xtM"
"Z0RNIG [2O24] – Niklas Dee & Berky Remix","Ski Aggu","Z0RNIG [2O24] – Niklas Dee & Berky Remix","Deutsch","Playlist","DE1FB2400037","78PEp6PRRLCCMlCVKjm7d9"
"Z0RNIG [2O24] – Kev Koko Remix","Ski Aggu","Z0RNIG [2O24] – Kev Koko Remix","Deutsch","Playlist","DE1FB2400036","46ISY7vxn1vYxuOykfzP0w"
"negativer rizz","Ski Aggu","denk mal drüber nach...","Deutsch","Playlist","DE1FB2300107","1H6dj3OsebaM4Eb67fnoTg"
"nicht nachmachen!!","Ski Aggu","denk mal drüber nach...","Deutsch","Playlist","DE1FB2300104","3gro2tfkybWGoK9MflVLWs"
"Friesenjung (Klingelton)","Vieze Asbak","Friesenjung (Sped Up)","Deutsch","Playlist","QZMER2322981","5p4dP9BRuKa5xGOkx8w8fO"
"Friesenjung (Sped Up)","Vieze Asbak","Friesenjung (Sped Up)","Deutsch","Playlist","QZMER2322980","22zw6m2O6LoD3mVEcCUwiF"
"Cupid Hearts","MFHD","Cupid Hearts","Deutsch","Playlist","QZMEV2393959","4XmlUNCO2JkxpQqT37YGMC"
"Broker","Ski Aggu","Broker","Deutsch","Playlist","DE1FB2200067","28eI53WyFJVjjQwSnWTh9K"
"playboi","Ski Aggu","2022 war film gewesen","Deutsch","Playlist","DE1FB2200019","5nmSYuUq9ITQnlmtjbl82h"
"bleiben","Ski Aggu","2022 war film gewesen","Deutsch","Playlist","DE1FB2200021","3VKNZZc91yrtfRrOpHnEPg"
"häng'","Ski Aggu","2022 war film gewesen","Deutsch","Playlist","DE1FB2200025","1FofaDopzuXT8uxyauiofH"
"besoffen in den spiegel schauen","Ski Aggu","2022 war film gewesen","Deutsch","Playlist","DE1FB2200018","4xEfMKxaESmdTTAuu2GHK1"
"Tour de Berlin","Ski Aggu","2022 war film gewesen","Deutsch","Playlist","DE1FB2200017","5qU8FHLlXsIXDYOV1CkprM"
"Hubba Bubba","Ski Aggu","Party Sahne","Deutsch","Playlist","DECE72202374","5KIt6gvrgrScTIK3hJkJB4"
"Partyticker","Ski Aggu","Partyticker","Deutsch","Playlist","DECE72200403","1o6vTibvqeuAPoyBw0Us0C"
"Float Away","GB Conte","Float Away","Deutsch","Playlist","DEZC62101591","6BSNcTVCjRxlPppzcO2zK7"
"Privnote","Ski Aggu","Privnote","Deutsch","Playlist","DEZC62102633","2vR5YvwMVOrsOAbCO8eWra"
"Ski Aggu Typebeat","Ski Aggu","Ski Aggu Typebeat","Deutsch","Playlist","DEZC62174146","1yLRntOrbGxvgTh5SJESQK"
"Weißwein & Pappbecher","Ski Aggu","Hubba Bubba","Deutsch","Playlist","DEZC62027104","6iEuT7mV90BRILzxf89EEE"
"PARKPLATZ","PAPKE","PARKPLATZ","Deutsch","Playlist","FRX762523362","6X95BDkuYDR5bRRPisBwMU"
"Graue Tatzen","Tom Hengst","Brustbeutel - EP","Deutsch","Playlist","QM7281982276","0aLAeROfhEpyiJmlWuSjCK"
"Wer hat diesem Jungen","c4rl","Audio Jungle","Deutsch","Playlist","DEZC62339518","2AlWi6zUeybxAVZnyzivcx"
"ALLES","shosharascal","ALLES","Deutsch","Playlist","DECE72502780","0njis68df4z4pdGvaHPkVp"
"Bierbauchmassaka","CrimeCityBoyz","Toxisch Männlich","Deutsch","Playlist","QZK6J2260559","09lKtV17c52XumiJm0ZE4s"
"Anderer Wind","KC Rebell","Anderer Wind","Deutsch","Playlist","CH7812659440","0n4qU1icNPPVKkCzH0V0U4"
"Meine Gang (Bang Bang)","CRO","Melodie","Deutsch","Playlist","DEW921300393","0lUB7IAUfYhBnOLP7uMvqI"
"Erinnerung","CRO","Melodie","Deutsch","Playlist","DEW921300394","4XF4ZDKXUeJUqfF1qDVerS"
"Traum","CRO","Melodie","Deutsch","Playlist","DEW921300390","2x4UdnjXPMMwjZtDTqpEjT"
"Bad Chick","CRO","Melodie","Deutsch","Playlist","DEW921300395","7H2fsBhT608o7R6lsfZ2gJ"
"Never Cro Up","CRO","Melodie","Deutsch","Playlist","DEW921300396","1o4H1f4vXVP1Lov1FJJMfb"
"Jetzt","CRO","Melodie","Deutsch","Playlist","DEW921300402","12iY7hLMNhn0PaVz09jXt9"
"2006","CRO","Melodie","Deutsch","Playlist","DEW921300397","0yN1pMbZUco2cvXcCENXRr"
"Wir waren hier II","CRO","Melodie","Deutsch","Playlist","DEW921300403","3aJFSX8G1YaVEu1pZtB47s"
"King of Raop","CRO","Raop +5","Deutsch","Playlist","DEW921100144","0hpDkQRE11jaGTidfsQcA5"
"Easy","CRO","Raop +5","Deutsch","Playlist","DEW921100135","3GkOE8RDuhEz5zvkRUJS15"
"Du","CRO","Raop +5","Deutsch","Playlist","DEW921100142","0iVUirMdCUcLe04AUnxxNd"
"Wie ich bin","CRO","Raop +5","Deutsch","Playlist","DEW921100146","3wmHH3SGMrJzUaLhxODpXl"
"Meine Zeit","CRO","Raop +5","Deutsch","Playlist","DEW921100147","4kdI8erk98WkDTmDrKQGAo"
"Nie Mehr","CRO","Raop +5","Deutsch","Playlist","DEW921100148","5CBAt6YA44wcra8Nu7U3lq"
"Jeder Tag","CRO","Raop +5","Deutsch","Playlist","DEW921100149","1yehFRURVfqIKQDvnL0XBo"
"Einmal um die Welt","CRO","Raop +5","Deutsch","Playlist","DEW921100151","7zIoLnb51purKkmx7t79bh"
"Wir waren hier","CRO","Raop +5","Deutsch","Playlist","DEW921100152","5usX5VIlhqZFCXs95to93I"
"Ein Teil","CRO","Raop +5","Deutsch","Playlist","DEW921100153","2m12tvHgk0NQP0B8h4i0yO"
"Genau So","CRO","Raop +5","Deutsch","Playlist","DEW921100150","6YaK8Fuf5YQF2XoPnNM5Xu"
"Whatever","CRO","Raop +5","Deutsch","Playlist","DEW921300229","5gEoXMr5k4d43lW7Y5JOo3"
"Chillin","CRO","Raop +5","Deutsch","Playlist","DEW921300233","7HQwB25ucRKvtTed1wfKgX"
"Ab jetzt","CRO","Raop +5","Deutsch","Playlist","DEW921300235","2ZaffckOR3bZmX3XULSXy9"
"Wie Du","CRO","Raop +5","Deutsch","Playlist","DEW921300236","5nTIFhiEQAsOhl7LBdqdSO"
"Bei Dir - +3","CRO","Raop +5","Deutsch","Playlist","DEW921300234","2QYociqdKbX7VCHHVYvXvL"
"Super Bass","Nicki Minaj","Pink Friday","Deutsch","Playlist","USCM51000734","7gKIt3rDGIMJDFVSPBnGmj"
"unendlichkeit - Video Edit","CRO","tru. (Deluxe Edition)","Deutsch","Playlist","DEW921401106","1O9pwIkaQdK4ZHa9dCOB2R"
"Allein","CRO","MTV Unplugged","Deutsch","Playlist","DEW921400567","7c8eSqZ85N8GC1PmXCaidP"
"ZU RAUS","Ikkimel","ASZENDENT BITCH","Deutsch","Playlist","QZFYZ2387287","6Qq5BKqusx4fCW9XedfE59"
"VORBEI AN DER SCHLANGE","Ikkimel","ASZENDENT BITCH","Deutsch","Playlist","QZES52354040","2MOZ9FONn9qK59kwxUhxxZ"
"ERSTE SAHNE","Ikkimel","ASZENDENT BITCH","Deutsch","Playlist","QZHN72365178","0YAQf04xIMNHngFbQjXUsy"
"ASZENDENT BITCH","Ikkimel","ASZENDENT BITCH","Deutsch","Playlist","DEZC62341437","17nC1WwJOz67JD5xwBMCD2"
"HAMPELMANN","Ikkimel","ASZENDENT BITCH","Deutsch","Playlist","DEZC62341438","5FOKyRI64xH2502x1aCZrj"
"MOIN MEISTER","Ikkimel","ASZENDENT BITCH","Deutsch","Playlist","DEZC62341439","60TjIGnWDi0BCHJNIPVirG"
"EIERREIS","Ikkimel","ASZENDENT BITCH","Deutsch","Playlist","DEZC62341440","1fzcbl9RQFiw0PsNbLeSw3"
"VERBRECHER","Ikkimel","ASZENDENT BITCH","Deutsch","Playlist","DEZC62341441","49pulIPODB6DXU2s2qgYBF"
"ZU RAUS - SPEEDUP","Ikkimel","ASZENDENT BITCH","Deutsch","Playlist","QZFZ72390011","0XgkvEk2pWgjzljNlh7LKJ"
"ICH SEH GUT AUS - Lenny Fuck Remix","Ikkimel","ASZENDENT BITCH","Deutsch","Playlist","QZDA42300606","7KvKiNtJB5N8yEKnYNyfnO"
"ZOOM CALL","Whitey en vogue","ZOOM CALL","Deutsch","Playlist","CH7812372898","1m4juqM2fqfLfKMYKUJB0h"
"SWEET BABY JESUS - Let It Snow!","Ikkimel","SWEET BABY JESUS","Deutsch","Playlist","DEQ322300589","0Qn1aGvjdyex7v7nFSIYIp"
"LIFESAVER","Retado","LIFESAVER","Deutsch","Playlist","DEPI82312628","3CQiS5OI8zxrVetWdU1siK"
"BEZAHLEN","Ikkimel","HAT SIE NICHT GESAGT","Deutsch","Playlist","DEQ322400105","5pPvE07X64GhFonEHFPgaU"
"FUSSBALLMÄNNER","Ikkimel","HAT SIE NICHT GESAGT","Deutsch","Playlist","DEQ322400098","4J7SneVQn1o3hvCNt8Wfbx"
"KETA UND KRAWALL","Ikkimel","HAT SIE NICHT GESAGT","Deutsch","Playlist","DEQ322300475","31jZpkHJ57jK1L1pngUvuc"
"SWEET BABY JESUS","Ikkimel","HAT SIE NICHT GESAGT","Deutsch","Playlist","DEQ322300588","6lz00XY25dd3VTK78QmcK6"
"BIKINI GRELL","Ikkimel","HAT SIE NICHT GESAGT","Deutsch","Playlist","DEQ322400060","5SqkucXvqPSzH0nObNAcqT"
"HAT SIE NICHT GESAGT","Ikkimel","HAT SIE NICHT GESAGT","Deutsch","Playlist","DEQ322400107","5BifRohkouQmwaoEnUwaYi"
"OH WAS","Ikkimel","HAT SIE NICHT GESAGT","Deutsch","Playlist","DEQ322400108","257VQM1P2PTNVkklZdeIDX"
"FEIERABEND","Ikkimel","HAT SIE NICHT GESAGT","Deutsch","Playlist","DEQ322400106","3UPcqd5AOkppcbhkWI2Rfq"
"Forever Swagger","Money Boy","Forever Swagger","Deutsch","Playlist","ATEF32500001","12XtnZ6aniMqwtIklhn8JW"
"VODKA E","Ikkimel","FOTZE","Deutsch","Playlist","DEQ322400571","4sGQojPt2mPodl4S6YS3AD"
"OHA","Ikkimel","FOTZE","Deutsch","Playlist","DEQ322400572","0bj2ldBt5bn7RXvw13j9W8"
"SHEMLORD","Ikkimel","FOTZE","Deutsch","Playlist","DEQ322400573","4ku7QchA7jvPef2Td3n0UJ"
"AMENA","Ikkimel","FOTZE","Deutsch","Playlist","DEQ322400574","6wPupZx0WFmkj9wnCrCUJU"
"MÜTTER","Ikkimel","FOTZE","Deutsch","Playlist","DEQ322400575","44gEMcdHyuahxAfslVsGfr"
"UNISEXKLO","Ikkimel","FOTZE","Deutsch","Playlist","DEQ322400492","4hRzKXmuyPUDL71Wb7YG59"
"WELLNESS","Ikkimel","FOTZE","Deutsch","Playlist","DEQ322400361","4v7VTj5IplCUp32I7l15jX"
"JETZT ERST RECHT","Ikkimel","FOTZE","Deutsch","Playlist","DEQ322400576","0hJKETb6BCjXfZYibKzS20"
"GLITZER GLITZER","Ikkimel","FOTZE","Deutsch","Playlist","DEQ322400577","07i1TE1Icgor16tPhv7rB8"
"BADDIE","Ikkimel","FOTZE","Deutsch","Playlist","DEQ322400531","3vufDB24xb1eaS0IBP39ah"
"DREI FOTZEN MIT NEM BOMBENARSCH","Ikkimel","FOTZE","Deutsch","Playlist","DEQ322400578","08osUJlz5tYiBdvBofX11v"
"BÖSER JUNGE","Ikkimel","FOTZE","Deutsch","Playlist","DEQ322400579","5lDFdYwhyarra7XImI4SN8"
"Nachtschicht (feat. Ikkimel)","01099","Nachtschicht (feat. Ikkimel)","Deutsch","Playlist","DE1FB2500043","3eD2oSWXQJpfvAjhIBzbDa"
"BLING BLING","Ikkimel","BLING BLING","Deutsch","Playlist","DEQ322500226","5QfjKQjACPTsHUFryqh1Fu"
"BÖSER JUNGE - Level Space Edition","Ikkimel","BÖSER JUNGE (Level Space Edition)","Deutsch","Playlist","DEQ322500248","2VgC7HHsHLREWffvExIVHI"
"IDGAF","Ikkimel","IDGAF","Deutsch","Playlist","DEQ322500294","4Vwb4A41SoZWdTRL7Jojus"
"Galopp!","BIBIZA","Galopp!","Deutsch","Playlist","DEKF22501276","0QuygfcvB1w2MLTyPDpEJj"
"RAN AN DIE BULETTEN","PA69","RAN AN DIE BULETTEN","Deutsch","Playlist","DEKF22501200","4iHgHwghOMGzqX9kZ0QgHY"
"Bitch (feat. Ikkimel)","Katja Krasavice","Bitch (feat. Ikkimel)","Deutsch","Playlist","DEA612600004","47SANiKPFr9ahY9rublsio"
"WAS JETZT","Ikkimel","POPPSTAR","Deutsch","Playlist","DEQ322600044","0ygLqf9Oo2BsBvDicKAAtN"
"FACESITTING","Ikkimel","POPPSTAR","Deutsch","Playlist","DEQ322600045","37JQ7fva52nFGEIBddqdUn"
"SCHERE","Ikkimel","POPPSTAR","Deutsch","Playlist","DEQ322600046","42dbQEatNSvibFlejQGeCu"
"KOKOSNUSS","Ikkimel","POPPSTAR","Deutsch","Playlist","DEQ322600047","1Wt0okU2AQCphxQ8PE9b5V"
"NOT TODAY","Ikkimel","POPPSTAR","Deutsch","Playlist","DEQ322600048","3tBotHPUQ2Dg6OFivFFZ26"
"TIPPS VON MIR","Ikkimel","POPPSTAR","Deutsch","Playlist","DEQ322600049","09WZdoBnw7iQ9HIuvaH8yZ"
"KINK","Ikkimel","POPPSTAR","Deutsch","Playlist","DEQ322600050","2lbKc1VmB0NGobAV1SUdvk"
"RECHTS RAN","Ikkimel","POPPSTAR","Deutsch","Playlist","DEQ322600051","6gtWVFsAmvnelr5EkuU5VP"
"WANDERHURE","Ikkimel","POPPSTAR","Deutsch","Playlist","DEQ322600052","1HzAEpF06JJl8LaAoEK3kU"
"EIER LEGEN","Ikkimel","POPPSTAR","Deutsch","Playlist","DEQ322600053","7EGnjqxm47d1Nb0uvq6FY9"
"GIFTMORD","Ikkimel","POPPSTAR","Deutsch","Playlist","DEQ322500331","6FN0XTCU3kNucHlmeg4Qv0"
"WHO'S THAT","Ikkimel","POPPSTAR","Deutsch","Playlist","DEQ322500211","6ua13cq5mSN0kkHKJd46Wt"
"MAMI","Ikkimel","POPPSTAR","Deutsch","Playlist","DEQ322500352","6fOF4TYCnH4OmK23DcM21Q"
"COUNTRY GIRL","Ikkimel","POPPSTAR","Deutsch","Playlist","DEQ322600054","2ObTAwvoM5kNmeGmclzbHe"