Track name,Artist name,Album,Playlist name,Type,ISRC,Spotify - id
"SORT DE TU","Oques Grasses","Fruit del Deliri","Català","Playlist","ES71G2406653","054BhpaxELmhu24ECqU8un"
"Tutu Turú","Siderland","Tutu Turú","Català","Playlist","ES17D2502987","0nMNmyhAnUSNNJ8YjzCnWA"
"a la freSka","Figa Flawas","a la freSka","Català","Playlist","QMBZ92588679","1lvBVtU6beiq5UzUZRDHfk"
"GRÀCIES","Buhos","GRÀCIES","Català","Playlist","US6R22570589","0pEOVHVyre2UtuQFDza4JY"
"Inigualable","Max Navarro","Inigualable","Català","Playlist","ES61A2630021","4HilSPgYbcZdtR6bJDGkF8"
"Des de lluny","Ivan Herzog","Des de lluny","Català","Playlist","QM6P42665573","2JFTbiGHVX4KuWrx0ovGn0"
"Un altre cop","Miki Núñez","Un altre cop","Català","Playlist","ES5952507322","1uVxeC2DdSbPFcwOdhYMfs"
"DIUMENGE SENSE DRAMA","Els Catarres","DIUMENGE SENSE DRAMA","Català","Playlist","QM6P42679370","2kYWt6YP1M6gFCgpErIkIu"
"Paisatges Diferents","Joan Rafart","Paisatges Diferents","Català","Playlist","USCGJ2696490","4rGiu9RrEF5G1Fqv6JgvWI"
"Perdre el cap","Ginestà","Perdre el cap","Català","Playlist","QM4TX2672051","0y5LTiNgYzGXTzPVFTQSko"
"VULL PERQUÈ NO PUC","Maig","VULL PERQUÈ NO PUC","Català","Playlist","ES5152600121","73bHFQCZegTakTGrJHrWeT"
"cançó de primavera","Rigoberta Bandini","cançó de primavera","Català","Playlist","QM6MZ2657043","5O9TTc0MbzONEZjSMxQAqe"
"CÓRRER PELS CAMPS","Oques Grasses","Fruit del Deliri","Català","Playlist","ES71G2406647","7aCZM1ApvudN9LTlzgiyAu"
"LA MARINA STA MORENA","Figa Flawas","LA MARINA STA MORENA","Català","Playlist","ES71G2416276","0HIbm4W6C8Ar2Cnen0tE44"
"Et prometo","Ivan Herzog","Et prometo","Català","Playlist","ESA092505428","5l1IMQfU4XlRKq2mXPXreJ"
"Camila","The Tyets","Camila","Català","Playlist","ES84D2500038","7Cm5tjS184tqmc2IcoRpvY"
"NO VULL DESPERTAR","Buhos","NO VULL DESPERTAR","Català","Playlist","QMFME2532796","5lthjy7KCQZ1szrp1r9QJJ"
"Estrelles","Max Navarro","Estrelles","Català","Playlist","QMFMG2594773","5LIpGWJvwV07LiR3HakLGb"
"Amb un somriure","Joan Rafart","Amb un somriure","Català","Playlist","GX89G2254572","3tF8kSlAjNjXpSFEeR3csO"
"Seria bonic","Joan Dausà","IMMORTALS","Català","Playlist","ES51G2600024","2dYgWhVAx08DX1FdTtNfti"
"PENJAT","BUBU348","PENJAT","Català","Playlist","ES17E2520142","5LH5D3wyQiFBRs1PDUUyjK"
"L'últim petó i el primer","Miki Núñez","L'últim petó i el primer","Català","Playlist","ES5952507225","4oqKG8gAa1sulMIiokvfaL"
"PAÍS ESTRANY","Els Catarres","PARACAIGUDISTES","Català","Playlist","ES71G2510500","3GOUFzx8TuvIp422z2npOS"
"Si tu vols","Lluís Arruga","Un artefacte de nostàlgia","Català","Playlist","QZWFR2652224","0R1zFqUawrdqDF0GqcEVXW"
"RED FLAGS","Julen","RED FLAGS","Català","Playlist","ES5952507338","3e2V93sJA5625KQaS0Tx37"
"CENT PER CENT","Julieta","CENT PER CENT","Català","Playlist","ES5022600038","4DN7qIOgFue3K9mH6sJs6Y"
"Avui","Miki Núñez","Avui","Català","Playlist","ES5952507185","7hL6vcj0fRSOV4er8jfqya"
"Imagina","Flashy Ice Cream","Imagina","Català","Playlist","ES5062605801","7IKwf3Y2TQ3jdiRIAetdOC"
"Treu-te el Bikini","FADES","Treu-te el Bikini","Català","Playlist","QM6MZ2620101","3aSniXUsdmFyrmWNJHO5FL"
"PECAT ORIGINAL","NAINA","PECAT ORIGINAL","Català","Playlist","US6R22577062","7niTcci4hQxzcKrLUDoIOi"
"Les coses senzilles","Ginestà","Les coses senzilles","Català","Playlist","QMFMF2501670","5IrVPyWtWTvlu0e6WRr3jC"
"Ha valgut la pena - amb Nil Moliner","Mama Dousha","Ha valgut la pena (amb Nil Moliner)","Català","Playlist","ES51G2500013","093gvGScy3E1GpnwDdsX4y"
"No m'importa una merda","Pèl De Gall","No m'importa una merda","Català","Playlist","ES80A2623401","0GWJaXUinmX81eGyq5oCFb"
"Com a Crims","Joan Rafart","Com a Crims","Català","Playlist","USY282559497","23RfS0ejbUxhSxEc7wkq9R"
"AVUI VÉNS","Svetlana","AVUI VÉNS","Català","Playlist","ES8022500281","0hDKU5GkrwYOxUO9mTV2WW"
"No és pas veritat","Tesis","No és pas veritat","Català","Playlist","QM6P42652474","5jisjIwdKnpPpcqW20cStI"
"de mica en mica","Claudia Steccato","de mica en mica","Català","Playlist","FR96X2601462","7DRfx41obpYrFWyqyMv7DD"
"Tots Els Camins","Júlia Pascual","Tots Els Camins","Català","Playlist","ES5952507345","2ToYbKubt7wOfw2OkKQsEx"
"No t'enyoro","Manel","No t'enyoro","Català","Playlist","ES14E2500013","00pZ6RqwiGJIRtF3b1Eg0z"
"QUÈ PASSARIA?","Àlex Pérez","QUÈ PASSARIA?","Català","Playlist","ES5952507214","0HMtmhu1nNmysiCbu9d9pX"
"És meravellós","Auria Franch","És meravellós","Català","Playlist","GBRKQ2677564","5RbJNk1N5ZyODcIcHXhUie"
"La nostra història","Muchacho","La nostra història","Català","Playlist","ES5952507323","4ElW5YihE3Fo8ThFknlVsc"
"Rutines preferides","Dani Leiva","Rutines preferides","Català","Playlist","ESA092411426","7kTctSFIhqLvr9kr1fQL60"
"GRÀCIES PER TANT","La Fúmiga","GRÀCIES PER TANT","Català","Playlist","QMFMF2514136","50UjwcHTdhxXHg14P6uJ3t"
"Merci","Edu Esteve","Merci","Català","Playlist","QT6672523645","4tpNv1VM1ahNXCU0xGT4pP"
"Sobrenatural","Tesis","Sobrenatural","Català","Playlist","QM6N22633852","5GRP85cYOkQhNulT2mkhbL"
"per a mi","Júlia Sart","per a mi","Català","Playlist","QZWFE2691013","5JG5bO55tsqvJGY1CZxgvL"
"3Estius","Ceaxe","3Estius","Català","Playlist","ES5062605301","6LhAlR86UQb5RiLjsW0GfY"
"Moon","Baon","Moon","Català","Playlist","QZFZ42411164","3E5G3f9vm6RlPsl2i7HR0v"
"Nashville","Neira","Nashville","Català","Playlist","ESA092604680","0fHyAlFYZEHg1kncxccld9"
"BALLO X OBLIDAR-TE","Marina Freixas","BALLO X OBLIDAR-TE","Català","Playlist","ES5952507319","2Kfknehjqws0ZTouJ4H1Bp"
"Somia","Nara Ellis","Més val que ho celebrem","Català","Playlist","ES5952507135","3eWtJa4TqnM79AVUstGyf6"
"Saudade","Lluís Sánchez","Saudade","Català","Playlist","ES5952507313","0Ri56AWQMyrHVVsNRYuufC"
"Quan miri al cel","Irene Cortés","Quan miri al cel","Català","Playlist","ES5952507342","11hmoy59DR22vHvYvnpsVz"
"Les coses bones","Jordi Ninus","Les coses bones","Català","Playlist","ES5952507314","4OwQ5V59ucu0mPgOYuFj6U"
"Lesseps","TILDE","Lesseps","Català","Playlist","GXJBL2550023","50LpPH5PpNgeNsslYv8mo0"
"UH!","BUBU348","UH!","Català","Playlist","ES17E2520174","3Lq1BOFUTtQEGp3WAZxVxy"
"ARA","Xenis","ARA","Català","Playlist","ES17D2603164","3GlSH4dDH7KGmdInQvTCYm"
"entretemps","BUBU348","entretemps","Català","Playlist","US6R22560679","10QvDO5iubGApEqG6mfsJa"
"La mar","NINGÚ","La mar","Català","Playlist","ES5952507332","5BXMlOutyriwuCSEk73xBs"
"RITUAL","Karlus","SOL SOLET","Català","Playlist","ES5062604803","3iHqCCriYiUAfIDrRAsafk"
"LA PENÚLTIMA","La Fúmiga","LA PENÚLTIMA","Català","Playlist","QMBZ92547047","325EdbgVQeYH0teOJwR4zV"
"Club Perfecte","Jabeat","Club Perfecte","Català","Playlist","QZNWV2695214","4bZ7PtKSCkk01qlh1g9ZD0"
"Butterfly","The Ediacaran","Butterfly","Català","Playlist","FR59R2669943","6W2jGhn26gD5insssWNbR9"
"Records","Xavi Ribó","Records","Català","Playlist","ES14I2601377","5uqMJlug5ZCWCkwVnevraU"
"La Roda","Ouineta","La Roda","Català","Playlist","BK4DA2558634","2KL8XmoRxDBrQdyfu39Rzj"
"Niu","Celobert","Xamfrà","Català","Playlist","ES26E2615602","2zyECryIiA8btUT7REb95w"
"La Gent Que Estimo","Oques Grasses","A Tope amb la Vida","Català","Playlist","ES11D2100573","2aTvlIMGoo2L9x5YzJNjj5"
"Kara","Xisk","Dolenties","Català","Playlist","ES5062604704","0gslreTm8KkjbXCEVMo9F8"
"Es busca catalanet","Banda Neon","Es busca catalanet","Català","Playlist","ES5952507159","3BmExPK7muQoJ3hrpv9Yaf"
"XECS","poggioli","XECS","Català","Playlist","ES5062605401","208ZAOxiAklt0Ry6RNR3Hf"
"Tàndem","The Tyets","Tàndem","Català","Playlist","ES84D2500032","0dMUu2aq0c7H1Axfo41bHZ"
"El Teu Aire","Fran Perea","El Teu Aire","Català","Playlist","QZGLM2608168","12GFXMTCmpNp8hDIhudBrT"
"Les coses que vaig dir-me","Paule","Les coses que vaig dir-me","Català","Playlist","ES98E2607502","0t1TZnVZAIkhWyOQfJnp1a"
"ARA","Nil Moliner","Lugar Paraíso (y el tuyo)","Català","Playlist","ES5152400198","0S2e8la8KZIIxzkzKcSIqZ"
"Sensibilitat","Sr. Corella","Sensibilitat","Català","Playlist","QT3EY2517515","2SPuyT8uEliXvOyTCKLzx8"
"NO ÉS MIAMI","Buhos","NO ÉS MIAMI","Català","Playlist","QM6P42598199","6dEsxPaNst8eZHClWD6qu4"
"On amagar-se","Sodi","Havia de ser així","Català","Playlist","GBRKQ2617576","0PLp64JPTg1Z09j8RrYlUo"
"L'amor de la meva vida","Julieta","23","Català","Playlist","ES5022500506","0tWGoYoA7PrlVEmeeg1x9D"
"Tot el que ens queda","Ginestà","Només viure","Català","Playlist","ES71G2505328","2QcmLFnAZme6TIzmV3NZCT"
"Dos xitxarel·los","Joan Rafart","Dos xitxarel·los","Català","Playlist","USHM82597916","39AiVUPQz6JkycPJkaMFRK"
"Faltar","Himàlia","Faltar","Català","Playlist","CBEYJ2591124","6dgI9xkX1dCIRmG9afcw6v"
"Espurna","Stay Homas","Espurna","Català","Playlist","ES71G2500160","0YLvq215pAthBeTs5qp5yg"
"Estrella","Alfred García","Estrella","Català","Playlist","ES5952507083","7C21gNXsV6dKk8fnCenDof"
"Fills del Mar","Miquel Abras","Fills del Mar","Català","Playlist","ES17D2502807","2NdgDzJNaADciCMBSeqXxL"
"Un petonet","The Tyets","Cafè pels més cafeteros","Català","Playlist","ES84D2500016","778GQ3Md4lKITSgMPdHU1l"
"LOTUS","Mushkaa","LOTUS","Català","Playlist","UYB282463863","7l9phRNA1AH6lzcZBAVKZw"
"Si ho deixéssim tot","The Tyets","Cafè pels més cafeteros","Català","Playlist","ES84D2500013","2TzGyJSmcxF3qHRmstH5tJ"
"M'oblido d'oblidar-te","Julieta","M'oblido d'oblidar-te","Català","Playlist","ES5022500504","3mkhUu2vyKNeEZpcAvPl2J"
"ARTIFICIAL REMIX","FADES","ARTIFICIAL REMIX","Català","Playlist","ES6102528602","3jsN5AUIThFnZ6V30i8SAz"
"Guapa pel carrer","Himàlia","Guapa pel carrer","Català","Playlist","CBEYJ2501244","3v7Ti1amy0jLcZEIWYrC3K"
"PENSANT EN TU","El Tesorito de la Isla","PENSANT EN TU","Català","Playlist","QZTAT2577056","6L7sNAaPE4nPyum07vyVoD"
"T'estiu","Alfred García","T'estiu","Català","Playlist","ES5952507081","6lgMnEEcSsptqmPEuU6vrw"
"T'estimo com abans","Paule","T'estimo com abans","Català","Playlist","ES98E2506601","28bmHs9P8Di58G7jE3RLoy"
"Sempre dempeus","Buhos","Sempre dempeus","Català","Playlist","ES71G2432684","3LltYIVc0cxNZLjqqNEfc4"
"fi del món","VITTARA","fi del món","Català","Playlist","ES5062603805","4gbWNbxjd0xX32V5cvQCUr"
"Calma","Blaumut","Abisme","Català","Playlist","ES5052400178","3OVOa6W3NTgagX0XseEHzM"
"Jean Blau","Julieta","Jean Blau","Català","Playlist","ES5022401848","1P21dQqCpaF9LKXxTuG7Jn"
"Una Cançó Pels Dos - Radio Edit","Samire","Una Cançó Pels Dos","Català","Playlist","QZWFU2428305","5mSRD0cxAY2piCRA91OHu7"
"Femboy","Joan Liaño","Femboy","Català","Playlist","ES86D2500598","4Z1hfQWJVgw4UcpymvxK3j"
"Pura vitamina","Miki Núñez","La Partida","Català","Playlist","ES5952407062","4GGk0B3lt44InOr2FhKEmX"
"Un Moment, Un Lloc","Samire","Un Moment, Un Lloc","Català","Playlist","QZHN92537580","3eQJuUEFZ2NBPAQN34jba4"
"Muntanya Russa","Joan Rafart","Muntanya Russa","Català","Playlist","USDY42456357","0jhiNh8QU5mTlRvepYpGs8"
"tan clar","Suu","tan clar","Català","Playlist","QMBZ92588696","2QZbyxAqdDTRgVbTfAT2oP"
"Digue’m Tan Sols Si Has Pensat - Versió en Català","DePol","Digue’m Tan Sols Si Has Pensat (Versió en Català)","Català","Playlist","ES6702409002","2SNIsD2DDEi1TPJYxRRxUP"
"Celobert","Celobert","Llum","Català","Playlist","ESA092335593","78C8Ym0QOIf3WWDZoKnHu8"
"PARACAIGUDISTES","Els Catarres","PARACAIGUDISTES","Català","Playlist","ES71G2510497","6YawQO4NFAuP3mik86Wkwd"
"SE'M FUMA TOTHOM","Edu Esteve","SE'M FUMA TOTHOM","Català","Playlist","QM6P42538498","79e9dedceN4Qk7zGXPobJE"
"Mon Cheri Go Home","Maria Jaume","Mon Cheri Go Home","Català","Playlist","ES40B2500010","0340Kvl35SM3t1Hg0ReBj4"
"A Fora Plou","The Tyets","A Fora Plou","Català","Playlist","ES84D2500011","2PoCr1gM9yoLnMWpqUMCzJ"
"A PRENDRE PEL CUL","Els Catarres","A PRENDRE PEL CUL","Català","Playlist","ES71G2510499","18kAepRcj76hOJWeMh4yGI"
"Amor","Joan Rafart","Amor","Català","Playlist","usl4r2149661","4Dhqhbnzmq3MabFGXdBmQu"
"Els teus ulls","Alfred García","Els teus ulls","Català","Playlist","ES5952306924","6cPe7rorhofISE335CqPmH"
"Serem més forts (campanades)","Miki Núñez","Serem més forts (campanades)","Català","Playlist","ES5952407073","23urj640shQ9Dzahw6CcbD"
"màgia obscurA","Maria Jaume","màgia obscurA","Català","Playlist","ES40B2400088","7axaDotHgsdIrTF8DciUa6"
"Fins que ens féssim grans","JUNA","Fins que ens féssim grans","Català","Playlist","QZTAZ2502559","4AW4DQLf2ssE48CpPptloj"
"Today is the day","Buhos","Today is the day","Català","Playlist","ES71G2405476","0kCwogCcYRnmgVnaowyYBF"
"LA FORTUNA","Els Catarres","LA FORTUNA","Català","Playlist","ES71G2505518","4t8rCI5xepgmjr8vRwK27z"
"Camins - Radio Edit","Vince Magnata","Camins","Català","Playlist","ES61A1714221","3pD0Fr4xGpH5hCotHwbDtF"
"Louisiana o els camps de cotó","Els Amics De Les Arts","20 anys d'Amics","Català","Playlist","ES60E2500031","41o2G4FL2oQIQTKaOGYp6Z"
"Vida Artificial (Vine Amb Mi)","Samire","Vida Artificial (Vine Amb Mi)","Català","Playlist","QZNWU2574952","7lLMblzzpGC6Vbnzk5doaR"
"DIVA","Joan Liaño","DIVA","Català","Playlist","ES86D2500552","0JTCQJKbWh3PqbaBVSi1Ph"
"COMENÇAR A VIURE","Els Catarres","COMENÇAR A VIURE","Català","Playlist","ES71G2406882","0Lh4c3QpwRP4a7DeybvhRN"
"No som amics, som família","Lluís Sánchez","No som amics, som família","Català","Playlist","ES5952507137","4xnekL91qSoMFgaJd0lpRr"
"Fa Dies","The Tyets","Fa Dies","Català","Playlist","ES84D2400039","2NnV4FSgDsRSzaTIaoKt8b"
"Només viure","Ginestà","Només viure","Català","Playlist","ES71G2422387","1JElpM8NFE6PzsTRkca0ru"
"JA DORMIRÉ","La Fúmiga","TOT ESTÀ PER FER","Català","Playlist","ES71G2401702","1TewcrGBlkDAMhehfn0eHh"
"AMB TU","Buhos","AMB TU","Català","Playlist","ES71G2420516","5wW0tEdiqXYdzcF112EgRj"
"Tan feliç","Ferran Palau","Tan feliç","Català","Playlist","ES97D2512601","6vx8Y8en24W3xJNGSgAnZB"
"Al Meu Terrat","Guillem Ch","Al Meu Terrat","Català","Playlist","QZK6F2576042","13QKMvdbcYsbbT1gSoNqxT"
"A La Mare","Júlia Xandri I Segués","A La Mare","Català","Playlist","QM6MZ2589614","23umWzArJHSrzWZYBhEM5I"
"Cervell vs Cor","Pau Vallvé","Agorafília","Català","Playlist","ESA092495422","5Tj4A5ptkLZmd8o4xr45y0"
"Coti x Coti","The Tyets","Èpic Solete","Català","Playlist","ES84D2300002","73ZTxlG3t79x4EY9EVGgPk"
"ACTITUD","Buhos","ACTITUD","Català","Playlist","ES71G2412686","4D4DbeUfU2tsrbP83y54Qd"
"Jenifer","Els Catarres","Jenifer","Català","Playlist","ES11D2301013","2MeWCYKsmvPt8HSYVYVEUJ"
"Vaya Liada","Mushkaa","Vaya Liada","Català","Playlist","UYB282498897","2OL5S46cBDRfkz2O7SYFUF"
"Que Chévere","Mama Dousha","Que Chévere","Català","Playlist","ES51G2400009","6rfxWe3VOvqDoZfUiKuVTP"
"Anit","Joan Rafart","Anit","Català","Playlist","USL4R2370887","1zL7lcRnGQJrqE0gGAwAYB"
"Dins del meu cap","Miki Núñez","Dins del meu cap","Català","Playlist","ES5952407019","5AxKeSyenbb6lH0xYF5kjk"
"Estimava el teu desastre","Marta Tolosa","Estimava el teu desastre","Català","Playlist","QZMER2510089","51CQSq8wKGGuLMa31IcUmH"
"SexeSexy","Mushkaa","SexeSexy","Català","Playlist","UYB282411007","5YfGs3ieDe7tYnI0yOajp9"
"estaré millor demà","MARLENA","estaré millor demà","Català","Playlist","ES05I2400003","5yDkYYyN5RpnWWJCK3xu7A"
"COR PETIT","Pol Bordas","COR PETIT","Català","Playlist","BK4DA2412910","4YxdZlP0WP4QXgUqqApvBo"
"Te'n vas anar","Abril.","Te'n vas anar","Català","Playlist","QMFME2543446","6uaWlanRAqQoqVYnH7FkK2"
"Tiraria enrere","Miki Núñez","Tiraria enrere","Català","Playlist","ES5952407041","10zpArcDYSFYyFoPLYFtGp"
"El teu desig","Kelly Isaiah","El teu desig","Català","Playlist","ES86D2400470","4Si7y6bLXs2OWBL30WIQaZ"
"Com una Peli","SDP509","Com una Peli","Català","Playlist","ES17D2402308","6VHTtkBTupZg6ww6BwfRWZ"
"SOLUCIONS i NO PROBLEMES","Figa Flawas","LA CALÇOTADA","Català","Playlist","ES11D2301047","4ZwCcWOVTwvKwSuFbhiafN"
"haiku","Julieta","haiku","Català","Playlist","ES5022400672","6XDxwqiPKHwngY4Fd6L7Ni"
"AMOR ESTACIONAL","Ginestà","AMOR ESTACIONAL","Català","Playlist","ES71G2414178","3jXGtH5jIpTAGn5LyK0DCq"
"Crema-ho tot","Joan Dausà","Crema-ho tot","Català","Playlist","ES51G2400007","3ioDvXgStwE7iwiTyyRgrx"
"CALA MAR","Edu Esteve","CALA MAR","Català","Playlist","ES5952407032","2oTUXs1pQb0i2zZ0mbldCH"
"xinu xanu","Stay Homas","xinu xanu","Català","Playlist","ES11D2301026","6ouV7526AeqeXrALRn6ZDb"
"FINALS","La Fúmiga","TOT ESTÀ PER FER","Català","Playlist","ES11D2300926","189C6SgHRUP3GQlp7kezlI"
"La Lluna M'ho Ha Dit","Joan Rafart","La Lluna M'ho Ha Dit","Català","Playlist","uscgj2210586","7Dt3UNf4bUlsivNF2eRyeC"
"COM ESTÀ EL PATI","Oques Grasses","COM ESTÀ EL PATI","Català","Playlist","ES71G2405952","3hHDpby70b29o2T9v26RNX"
"Grup de Pop","Sexenni","Grup de Pop","Català","Playlist","ES5062403501","22GaUTgtNuKfMQ34jaL7yk"
"LOKURA","Julieta","LOKURA","Català","Playlist","QMFMG2317061","2ceTylNropN8MsY6BqE5R7"
"Vivim sempre juntxs","Marta Roure","Vivim sempre juntxs","Català","Playlist","ES86D2400418","7LaPJlovh2RtMGEuvGsHEO"
"L'Eva i la Jana","Ginestà","L'Eva i la Jana","Català","Playlist","ES7312100068","3rHYfiIZU5OZFa2l0n7w9k"
"Olívia","The Tyets","Èpic Solete","Català","Playlist","ES84D2300004","0gRIXIUFSqWqw5rXcmaf9o"
"Judit","Joan Dausà","Jo Mai Mai 10 Anys","Català","Playlist","ES51G2300013","2fZb9FsCfmP5KGH5RkoNG5"
"Petar-ho","Oques Grasses","A tope amb la vida","Català","Playlist","ES11D2100574","1MSDGd04edeapRQl0j78lj"
"Mai neva a Ciutat","FADES","Mai neva a Ciutat","Català","Playlist","QZTBB2357459","6ucdRCVr3AgJspBFDMo46v"
"Una Lluna a l'Aigua","Txarango","El Cor de la Terra","Català","Playlist","ES5301764255","1U6JWvRennx9ej9KJOYwDm"
"Estimar-te com la terra","Ginestà","Ginestà","Català","Playlist","ES7311900076","1Mv82uSpBRcqLheQXuEPGa"
"Quan Et Miro Als Ulls","Joan Rafart","Quan Et Miro Als Ulls","Català","Playlist","uscgh2244761","5xUM6R8uWQiQHdAp3XodyE"
"Tabú","Joan Liaño","Tabú","Català","Playlist","ES86D2500511","1nkGLLwaJg3CkFY8chw0pp"
"Tobogan","ZOO","Llepolies","Català","Playlist","ES71G2101298","4VTUvh41TeBWemxxBHGxOV"
"El món de veritat","Buhos","El món de veritat","Català","Playlist","ES11D2300935","3mM2C5Ics0ToUamFhkqo10"
"4 KISSUS","Figa Flawas","4 KISSUS","Català","Playlist","ES11D2301045","1PIvAh8XJbyrpMD0bKX6P8"
"MASSSTIMAS","Edu Esteve","MASSSTIMAS","Català","Playlist","ES5952306961","44OxVPWOEuK5gx786Cm4eK"
"Avions volant","Julieta","Cap.II : EUGA DE NIT","Català","Playlist","QM6P42375062","15Q0nVMGSUJJWsRcEvk6ik"
"COVARDS","La Fúmiga","COVARDS","Català","Playlist","ES71G2401696","0fRUIBnfBki2kS5S0Y8c11"
"Pa amb Oli I Sal","ZETAK","Pa amb Oli I Sal","Català","Playlist","ES71G2314428","1Smvo4IBAF65dP1vnBtCUc"
"Corren - Remix Roger Rodés","Gossos","Corren (Remix Roger Rodés)","Català","Playlist","ES5952206775","6MeAI91ZKL0k7RDD7FTmh7"
"Rikiti","Mama Dousha","Rikiti","Català","Playlist","ES51G2300023","5Hrnz90iQgcU3qTG20FW0o"
"Sweet Caroline","Buhos","Sweet Caroline","Català","Playlist","ES11D2300846","1un7C7lOFZ1s5PzeAfw3sX"
"Caure No Feia Mal (with Santi Balmes)","Joan Dausà","Ara Som Gegants","Català","Playlist","ES51G1800004","3RIXspBsYpDlRuvTyw1gDI"
"Joc de paraules","Joan Rafart","Joc de paraules","Català","Playlist","GX4R52248479","3MTqoAoNwEX0bxX8V9VqLL"
"Diamants","Els Catarres","Diamants","Català","Playlist","ES11D2100672","4Kn7BlE7fCEZeSsm2WCgrh"
"Bicicletes","Blaumut","El Turista (Deluxe Edition)","Català","Playlist","ES5061209701","5EiZgiIaQ55WLhF5kMTx00"
"No m'estima +","Mushkaa","No m'estima +","Català","Playlist","QZPLR2376774","4s5KyYlznavXf3d7BXdIDj"
"No vull baixar","Stay Homas","No vull baixar","Català","Playlist","ES11D2100595","7JkGxiVvS00n6HgCiogAej"
"Electricitat","Miki Núñez","Electricitat","Català","Playlist","ES5702202053","5hOP68y5kwVRuPf8he5yTW"
"Sé Que Ho Saps","Júlia Xandri I Segués","Sé Que Ho Saps","Català","Playlist","uscgj2245980","1VNa5TyxBLiJxugbNgmkF6"
"El Meu Camí","Elna","El Meu Camí","Català","Playlist","QZTAY2465570","0I6qmPG3oNT8nDHIc6YazY"
"MUSSEGU","Figa Flawas","MUSSEGU","Català","Playlist","ES11D2300876","4rrrHTgdmHZtqOgZArrhBs"
"La Primavera","Edu Esteve","La Primavera","Català","Playlist","ES5952206809","2lwMyj3tyRWZ1sQYgEXrYY"
"Trenca'm el cor","Julieta","Trenca'm el cor","Català","Playlist","QM6P42202880","5x1551QSfC7PJhHN753psJ"
"Jo Mai Mai","Joan Dausà","Jo Mai Mai","Català","Playlist","ES6101129404","3wE2JNdZXzz7Cy67aK6dB6"
"Tot Va Bé","Joan Rafart","Tot Va Bé","Català","Playlist","uscgj2145472","4B5UhtEgowThHesseCNri1"
"Stem Vius!","dani6ix & IZZKID","Stem Vius!","Català","Playlist","QZTVM2359242","5BAx5LP6uj8EKCH6jQvj6w"
"Serà perquè t'estimo","Buhos","Serà perquè t'estimo","Català","Playlist","ES11D2300970","5KOvTfUOPCmG0HO99HuXlt"
"Bailoteo","The Tyets","Èpic Solete","Català","Playlist","ES84D2200053","1KoM5GTuiZMAbdWY7hkdoi"
"Cançons d'amor","Els Catarres","Cançons d'amor","Català","Playlist","ES11D2300823","0tT70siAMiuzOmjGyW6jZK"
"Cari","Julieta","Cari","Català","Playlist","QM4TX2348151","51YXhOh8taqRam8XVga4uc"
"A Poc a Poc","Doctor Prats","A Poc a Poc","Català","Playlist","ES5952206699","0Xs2lU979A2A3fn5HQHy0R"
"Crida No","JonBoy","Crida No","Català","Playlist","ES6102600249","209Es0yp8dvmbwPIEhTxYP"
"Sembla Mentida","Mushkaa","Sembla Mentida","Català","Playlist","QZDA82356553","2VaX7eyMo7UxIQgCPVfZoc"
"Una Lluna a l'aigua (feat. Zoo)","Txarango","El Gran Ball","Català","Playlist","ES11D2100502","47mgiekAMzC3REB2Kab4ML"
"La nit està que crema","Buhos","La nit està que crema","Català","Playlist","ES11D2300825","7uupzNdCkYPJ84i0L4PTNA"
"MASSA FUM","31 FAM","MASSA FUM","Català","Playlist","ES5062303702","5kdxUALuaqCkZdJOlBq3F2"
"De l'1 al què","The Tyets","De l'1 al què","Català","Playlist","ES84D2200003","1jd8gq4Z5fFvyxEjJzSPDY"
"Para-Xocs","Joan Rafart","Para-Xocs","Català","Playlist","usx9p2081824","2dhu8RMhBZ54nyGrBz3DNm"
"Aquest Moment","Blaumut","0001","Català","Playlist","ES5952006335","6HypmlxGcSUvP6ecyhlP08"
"Les Merdes","Stay Homas","Agua","Català","Playlist","ES11D2000457","2GDWy8sF5f8V9ryQlCoJA7"
"Som Llum","Júlia Xandri I Segués","Som Llum","Català","Playlist","QM4TX2397106","5PWxayZN6W0PQNhoZAlfNJ"
"Massa Bé","Doctor Prats","Massa Bé","Català","Playlist","ES5952106539","5ld18dRXCocuHtxF1gC4H8"
"Jean-Luc","Els Amics De Les Arts","Jean-Luc","Català","Playlist","ES5702102178","6mkesSCAxJQz77VTBh5Wg5"
"Ulls d'avellana","Ginestà","Suposo que l'amor és això","Català","Playlist","ES7312100130","6IpRRIBXP3fYj2JcmSjqQK"
"Potser","Marta Tolosa","Potser","Català","Playlist","QT6FJ2531814","6xJDDaUHy1A6Zurs8iKmKN"
"Llença't","Lax'n'Busto","Llença't","Català","Playlist","ES5309801376","4ggCyLHi9itGzHsUgYhnN4"
"Sense Tu","Teràpia de Shock","Escapa't Amb Mi","Català","Playlist","ES80A0800608","2WWBXo8SVGSi3Z4oB7yQDi"
"Camins","Sopa De Cabra","Plou I Fa Sol","Català","Playlist","ES5950200069","3XN9GOkJsXFALvfFbzTAN6"
"Serem ocells","Oques Grasses","Fans del sol","Català","Playlist","ES11D1800147","5yJJ16zQeNxoXSgelgILYp"
"Només amb tu","Animal","Més enllà de les paraules","Català","Playlist","QM6N21551703","6qpg2jV5IsPogBFjrHYrn2"
"Ho Tenim Tot","Joan Dausà","Ho Tenim Tot","Català","Playlist","ES51G2100015","7o2SpRs4oAIp4YK850ZeGg"
"T'he Trobat a Faltar","Buhos","T'he Trobat a Faltar","Català","Playlist","ES5952106542","2BVUoPbKlwxwUWgC1SUpNJ"
"Pa amb Oli I Sal","Blaumut","El Turista (Deluxe Edition)","Català","Playlist","ES5061209710","7mKkpSKp0Gba3aWSkcVvL2"
"Que Tremolin Els Arbres","Beth","Que Tremolin Els Arbres","Català","Playlist","ES17D2001244","3ziUO1vgsp9AKw0AnVjoaY"
"Com una bala","Itaca Band","Com una bala","Català","Playlist","ES11D2200723","0gbiCULUYiQ6jdE6tCEicE"
"Músic de carrer","Txarango","Som Riu","Català","Playlist","ES5301457793","6lkmBpnq8Xbz6VEXoC9UDG"
"Som Ocells","Nil Moliner","Som Ocells","Català","Playlist","ES5152100544","3QDHdhc0Xwo6GT9onss4Vc"
"Mil Batalles","Buhos","Mil Batalles","Català","Playlist","ES5952006423","1DIOetgxzkGPwQsZflZwbF"
"Tu Fas","Doctor Prats","Venim de Lluny","Català","Playlist","ES5951805915","3ctPgGrBfjWRiowL0Do8W5"
"A la deriva","Txarango","A la deriva","Català","Playlist","ES11D2000383","4n1umSITq8BUHmhSBtPh7i"
"La vacuna","Pepet I Marieta","La vacuna","Català","Playlist","ES26E2001601","3J4lOTIQifmwTYxUxXigA7"
"Si Et Quedes Amb Mi 30 Anys","Sopa De Cabra","Si Et Quedes Amb Mi 30 Anys","Català","Playlist","ES51G2100006","1235xoFDd8HmRXNUshxVv1"
"Des del Dia 1","31 FAM","Des del Dia 1","Català","Playlist","ES5062008701","650IOs6NWPZjUeFHHmmSMd"
"T'estimo","Belén Aguilera","T'estimo","Català","Playlist","ES71G1941341","7pOBWaARASS210FeetnT5y"
"Agafant l'Horitzó","Txarango","Agafant l'Horitzó","Català","Playlist","ES5301765227","5YB821pnkkytFH7CpZj9PV"
"Tant de bo","Suu","Ventura","Català","Playlist","ES11D1900261","4PUxQfRnxk0WIcdURld3du"
"Volcans","Buhos","La Gran Vida","Català","Playlist","ES5951805832","5AnPNGsEt7cOjSGmBDq8e2"
"Caminem Lluny","Doctor Prats","Venim de Lluny","Català","Playlist","ES5951805910","3eGOTosM8QRkgh8hm4lB1S"
"Tot Anirà Bé","Joan Dausà","Tot Anirà Bé","Català","Playlist","ES51G1800035","38brAbae4eGYFIGX6JmtXB"
"Vull Estar amb Tu","Els Catarres","Postals","Català","Playlist","ES5951304301","7qsLTU5K8pkzsAUIx4bobS"
"Compta amb mi","Txarango","Som Riu","Català","Playlist","ES5301457795","56X120A42AQEJ90rOKhM1N"
"Al mar!","Manel","Els Millors Professors Europeus","Català","Playlist","ES5300821814","4KQPAGQNStZaWiewr83fwM"
"Un Sant Jordi Diferent","Salva Racero","Un Sant Jordi Diferent","Català","Playlist","ES6102025711","1gQRlkcqUTR3thiS55u3qi"
"La Gran Eufòria","Joan Dausà","Ara Som Gegants","Català","Playlist","ES51G1800005","4Ews3V2EE9m2KmBxR0MNri"
"Barcelona S'il·lumina","Buhos","Lluna Plena","Català","Playlist","ES5951605244","45QIyRw4u7swlisLopddtX"
"Corren","Gossos","Oxigen","Català","Playlist","ES5950702208","05PSmIGYiyhu3h4woxunJz"
"Les Teves Pigues","Doctor Prats","Venim de Lluny","Català","Playlist","ES5951805916","0TIL4unJvSxvSYXePWgQQs"
"En Peu de Guerra","Els Catarres","Big Bang","Català","Playlist","ES5951504936","4yrP9i1qRx4tR16jH2MPm7"
"Fil de Llum","Andreu Rifé","Ping Pong","Català","Playlist","ES5301251812","0dGhSrwTAdfdVG1pDGiLJR"
"La Petita Rambla del Poble Sec","Cesk Freixas","La Mà dels Qui T'Esperen","Català","Playlist","FR2X41742498","46u4kbTD8MRQPWwOlEo3gT"
"Les Nits No Moren Mai","Doctor Prats","Les Nits No Moren Mai","Català","Playlist","ES5951705768","6MAyp12bbJz8zUUSPa6Ddg"
"Alegria","Antònia Font","Alegria","Català","Playlist","ES5300822325","1ia819gHWbLBBYHqK76Yg8"
"Jenifer","Els Catarres","Cançons 2011","Català","Playlist","ES5301150863","7hiceWoDGGP4RadNyGxRdm"
"Tintin","Els Catarres","Tintin i la Contorsionista","Català","Playlist","ES5301251801","1bzvpvkhOTzHeFPxAepFZt"
"Vull Estar amb Tu","Els Catarres","Postals","Català","Playlist","ES5951304301","2aOMXFcsyUiNc4X1hwLzzs"
"L'Empordà","Sopa De Cabra","Dies de Carretera","Català","Playlist","ES5250002501","1vzugDTXDgZCF0QQrzB5hX"
"Coti x Coti","The Tyets","Coti x Coti","Català","Playlist","ES84D2300002","6uwVwVdsXpOmq1BYY8rDtM"
"Jugular","Triquell","Entre fluids","Català","Playlist","ES11D2200823","5DAcnx1P9xVuBNtk5pV1dj"
"Una Lluna a L'Aigua","Txarango","El Cor de la Terra","Català","Playlist","ES5301764255","5ju5eWBU56D87aflOhyuR1"
"Escriurem","Miki Núñez","Amuza","Català","Playlist","ES5701900646","42dX767ZcsJN2hiBZkFCbh"
"Tant de Bo","Suu","Ventura","Català","Playlist","ES11D1900261","4IATwgahz94G3bIYX7o4TU"
"Fins Que Arribi L'alba","Els Catarres","Tots Els Meus Principis","Català","Playlist","ES5951805844","1pNVZYEWkQfZmYJ5se7XJ9"
"Músic de Carrer","Txarango","Som Riu","Català","Playlist","ES5301457793","60vXhecWLQ9wOwfYk12Gjh"
"Transmets Energia","Buhos","La Gran Vida","Català","Playlist","ES5951805836","1PN5u1HFeRKkl74aCmSg0K"
"Només amb Tu","Animal","Més Enllà de Les Paraules","Català","Playlist","QM6N21551703","2HVq3zbtKcMPOb0sasFtJj"
"Lligar No És Lo Teu","Suu","Natural","Català","Playlist","ES11D1800098","3YBjSSzSKTqflcKmWmtTH4"
"Desembre","The Tyets","Èpic Solete","Català","Playlist","ES84D2300005","3Tkw9VQ0a5eV7swbiJTx80"
"LA PLATJA","Stay Homas","LA PLATJA","Català","Playlist","ES11D2300912","4vGgXINwSDERPdlFk7OMMd"
"Jo Mai Mai","Joan Dausà","Jo Mai Mai","Català","Playlist","ES6101129404","0KTSV4NdrByhWXmuTOtcgK"
"Boig Per Tu","Sau","Quina Nit","Català","Playlist","ES5060620608","5gtwBFz91hNzSpSSiSmTvA"
"Compta amb Mi","Txarango","Som Riu","Català","Playlist","ES5301457795","5rHk6N15ELTSZ1sjxs8N7D"
"Agafant L'Horitzó","Txarango","El Gran Ball","Català","Playlist","ES5301765227","7McIJl4WBaSynRKQvHtrVO"
"Invencibles","Els Catarres","Postals","Català","Playlist","ES5951304305","1w7oNQFyiwexkUohLCDyu9"
"Tren De Mitjanit","Sau","El Mes Gran Dels Pecadors","Català","Playlist","ES5089100148","7o5pOePCS8wlnoxGPA6VHa"
"Bon Dia","Els Pets","Bondia","Català","Playlist","ES5300714475","3twYwf9MIPgQUgynBhrX0I"
"LA NÒRIA","Stay Homas","LA NÒRIA","Català","Playlist","ES11D2300830","1kB0FEDhRSeSGfK5G2QJvd"
"Stay Homa","Stay Homas","Stay Homa","Català","Playlist","ES5022000277","3GbyRmZVxkVpCGMs8qcqXz"
"Gotta Be Patient","Stay Homas","Gotta Be Patient","Català","Playlist","ES5022000403","7CVScZ51zJIJAxExWTgs62"
"Let it Out","Stay Homas","Agua","Català","Playlist","ES11D2000460","3AbOIsgNfIZzJ3yoOKa2nt"
"La nit està que crema","Buhos","La nit està que crema","Català","Playlist","ES11D2300825","4SdNsYl6CwRHvdDBHL8quh"
"El món de veritat","Buhos","La nit està que crema","Català","Playlist","ES11D2300844","5fLsyndIckz5xu2Sh8zNKF"
"Mil Batalles","Buhos","El Dia de la Victòria","Català","Playlist","ES5952006423","7EqgrrRbkT3KoSTK0msPHZ"
"Elefants","Oques Grasses","A Tope amb la Vida","Català","Playlist","ES11D2100566","7aMxgxCCbkmtRpNNB5OWgY"
"Ventiladors","ZOO","Raval","Català","Playlist","ES8021700043","0M25X6yEbmDd40kH7bxjLf"
"Som Ocells","Nil Moliner","Un Secreto Al Que Gritar","Català","Playlist","ES5152100544","6cX6NxkQfz67Zq0FtlnOJf"
"Serem Ocells","Oques Grasses","Fans del Sol","Català","Playlist","ES11D1800147","1OhTU9Vr08VrEAa0kJ98u8"
"Menorca","The Tyets","Menorca","Català","Playlist","ES84D2000029","6ktnF4Y4TNzaDTylC92DL8"
"Hamaking","The Tyets","Hamaking","Català","Playlist","ES84D1900012","03BLjM3W0tHayrIqWih42R"
"Quan Tot S'enlaira","Txarango","Benvinguts al Llarg Viatge","Català","Playlist","ES5301251451","5mKFMZpS49vKYImfjZPuWt"
"Mil Ocells","Txarango","El Cor de la Terra","Català","Playlist","ES5301764258","1ahqBdKQyHrDQcTpRvMrqy"
"Rock & Roll","Els Catarres","Postals","Català","Playlist","ES5951304302","0UcGhPiA8E5nmOl3f6pXVc"
"En Peu de Guerra","Els Catarres","Big Bang","Català","Playlist","ES5951504936","2Kslq7iBGvdn3Ry1qODREY"
"Les Coses Senzilles","Txarango","De Vent i Ales","Català","Playlist","ES11D2000386","0BnwoPXM88SdUwj5WwKvxc"
"Somriurem","Txarango","El Cor de la Terra","Català","Playlist","ES5301764266","3wqOUv28bzBM01kFIyDj9d"
"LA PLATJA","Stay Homas","HOMAS","Català","Playlist","ES11D2300912","4seVO1d3uzE3inbIHFhSKn"
"Ara!","Doctor Prats","Aham Sigah","Català","Playlist","ES5951605313","0ClzwmZXDQH9mlhYQiTjZ2"
"La pluja tropical","Buhos","La nit està que crema","Català","Playlist","ES11D2200801","77QfwjbgxUisOxjbtNntae"
"In The Night","Oques Grasses","Fans del Sol","Català","Playlist","ES11D1800149","4dG8lkQSrRdiQe89ZXx0sT"
"Creuant Tempestes","Doctor Prats","Venim de Lluny","Català","Playlist","ES5951805914","2KzbGELWrz93XGwIhEHn7w"
"Sta Guai","Oques Grasses","Fans del Sol","Català","Playlist","ES11D1800148","60pwtohz88VHEpAXtTGgYq"
"Petar-ho","Oques Grasses","A Tope amb la Vida","Català","Playlist","ES11D2100574","6uA2ws8LIx8zUMEsBwEWAA"
"Benvolgut","Manel","10 milles per veure una bona armadura","Català","Playlist","ES5151100192","6ADbZPiWZNsaCiIvsg5iq6"
"A la Deriva","Txarango","De Vent i Ales","Català","Playlist","ES11D2000383","7ufhRuLkC2hbXcUGEX9Djd"
"El Raïm Es Fa Pansa","Doctor Prats","Venim de Lluny","Català","Playlist","ES5951805918","3nCHTHm5rvLUo5EcQy4boF"
"Torno a Ser Jo","Oques Grasses","Fans del Sol","Català","Playlist","ES11D1800150","1x01aWidnuAXwmumSnuRwL"
"Mediterrània","La Fúmiga","Espremedors","Català","Playlist","AEA0D1801447","6PSa8yVwOCDUteo1trGtUm"
"T'Estimo Molt","Lax'n'Busto","Essencials & Rareses","Català","Playlist","ES80A1404517","3FY3W22KrDkkxintD2gpqk"
"La Gran Eufòria","Joan Dausà","Ara Som Gegants","Català","Playlist","ES51G1800005","65IHpYMXekTHuOMUv5QeqI"
"Ho Tenim Tot","Doctor Prats","Venim de Lluny","Català","Playlist","ES5951805912","3WR5DQIPwFZ4O1KMVsmssb"
"Junts Som Invencibles","Bipolar","Benvinguts","Català","Playlist","ES5951805977","2aExpCHKdfulEnTPoUvs8h"
"Quan Calla la Ciutat","Txarango","El Cor de la Terra","Català","Playlist","ES5301764267","64gy04ohFmwvjYb0W9aV4H"
"La Gran Vida","Buhos","La Gran Vida","Català","Playlist","ES5951805833","0DRYn3wMEho2VeLcJGbXQH"
"El Meu Poble","Txarango","Som Riu","Català","Playlist","ES5301457796","1Lma66u6qSHrgivTlkR4YH"
"SORT DE TU","Oques Grasses","Fruit del Deliri","Català","Playlist","ES71G2406653","7KhWQDShPj2MTLY6zTELKY"
"Elefants","Oques Grasses","A Tope amb la Vida","Català","Playlist","ES11D2100566","7rJmAdR5fswmcKH1TzV9fE"
"La Gent Que Estimo","Oques Grasses","A Tope amb la Vida","Català","Playlist","ES11D2100573","6ICP7POZL5wikU6rviCLF3"
"Torno a casa","Ernest Prana","Torno a casa","Català","Playlist","QMFMF2563578","6g49NNC5JqeE4dlPyvxgU2"
"COM ESTÀ EL PATI","Oques Grasses","Fruit del Deliri","Català","Playlist","ES71G2405952","0YN1QzUnUqbtW5faBDi5H7"
"BAMBI","Oques Grasses","Fruit del Deliri","Català","Playlist","ES71G2406644","6rtYQt9LadDhA1PEZtho7Q"
"GOSSEJAR","Oques Grasses","Fruit del Deliri","Català","Playlist","ES71G2406645","1d3DPqoEREz6183cOQDsJm"
"COM EL DIA I LA NIT","Oques Grasses","Fruit del Deliri","Català","Playlist","ES71G2406646","3OLbIFkOg2LbiSA9BmPqCb"
"CÓRRER PELS CAMPS","Oques Grasses","Fruit del Deliri","Català","Playlist","ES71G2406647","5MUkMnWbFJ2eONjQuk7tx2"
"JUBILAR-ME","Oques Grasses","Fruit del Deliri","Català","Playlist","ES71G2406648","4g2Peylir906x3OLl4smjm"
"MOLTA TRALLA","Oques Grasses","Fruit del Deliri","Català","Playlist","ES71G2406649","3wcxxR05yry7sLyugTRq7J"
"PINGPONG","Oques Grasses","Fruit del Deliri","Català","Playlist","ES71G2406650","56kwNz5PkqaVv5vx3yeWf2"
"CAP AMUNT","Oques Grasses","Fruit del Deliri","Català","Playlist","ES71G2406651","3pkqJ3WQvrsTVM19MdU5Z4"
"TOCA","Oques Grasses","Fruit del Deliri","Català","Playlist","ES71G2406652","2SeIg5c4s8FgpFNitpsdQy"
"CODA","Oques Grasses","Fruit del Deliri","Català","Playlist","ES71G2406654","28Bs8vEx8PoF28CAwufUKn"
"Wake Up","Oques Grasses","A Tope amb la Vida","Català","Playlist","ES11D2100567","3qarAoUFWLjkLQlYV4nc36"
"Goodline","Oques Grasses","A Tope amb la Vida","Català","Playlist","ES11D2100568","499M3sJtOV6Z40RI0J98WW"
"Talismà","Oques Grasses","A Tope amb la Vida","Català","Playlist","ES11D2100569","5HiI0huBl8LIS4ZqHuuco7"
"Bye Bye","Oques Grasses","A Tope amb la Vida","Català","Playlist","ES11D2100548","5w29CjYjHWf2VkEmo9XO1q"
"De Bonesh","Oques Grasses","A Tope amb la Vida","Català","Playlist","ES11D2100570","1IjOIVUM2JLL1mNuXmmL6D"
"Lakilove","Oques Grasses","A Tope amb la Vida","Català","Playlist","ES11D2100571","1ejKNaRyURUc4lhduerYQG"
"Vida D'oferta","Oques Grasses","A Tope amb la Vida","Català","Playlist","ES11D2100572","5zzpnOen3CCf5LtQtBLG4d"
"Petar-ho","Oques Grasses","A Tope amb la Vida","Català","Playlist","ES11D2100574","1sgYwBdUqLIXiQeXnLrUVa"
"Serem Ocells","Oques Grasses","Fans del Sol","Català","Playlist","ES11D1800147","0SMY6ZfmWnJY1MHuEYJ5fW"
"Sta Guai","Oques Grasses","Fans del Sol","Català","Playlist","ES11D1800148","1Q6yOGJpPA74MnCViZevfH"
"In The Night","Oques Grasses","Fans del Sol","Català","Playlist","ES11D1800149","2qMatzYKbVQakaHzgHvK0u"
"Torno a Ser Jo","Oques Grasses","Fans del Sol","Català","Playlist","ES11D1800150","0ZNacgUDEavsFgnILYtdgN"
"Bancals","Oques Grasses","Fans del Sol","Català","Playlist","ES11D1800151","1RsBCNUXei3DlWnZ29JyEA"
"Deixa","Oques Grasses","Fans del Sol","Català","Playlist","ES11D1800153","0Ak0XHmR3VDFYqHx5w0DWX"
"Escopinya","Oques Grasses","Fans del Sol","Català","Playlist","ES11D1800154","4ciCd9hVpDAg0sUQrIpXF7"
"John Brown","Oques Grasses","Fans del Sol","Català","Playlist","ES11D1800152","2AMPgdLPB1eyR7Y2JJgXeN"
"Cançó de L'Aire","Oques Grasses","Fans del Sol","Català","Playlist","ES11D1800156","49okHOZhroY1ACBbW48ncE"
"Més Likes","Oques Grasses","Fans del Sol","Català","Playlist","ES11D1800155","2EwTttJsps5wRCks5G1r9w"
"Inevitable","Oques Grasses","Fans del Sol","Català","Playlist","ES11D1800157","1TacaBYSX9w3KgbRh5IfUq"
"Cresta","Oques Grasses","Fans del Sol","Català","Playlist","ES11D1800158","4MK5B7lvuJSJ0eCo4GPCH4"
"Amiga de ningú","Oques Grasses","You Poni","Català","Playlist","ES6101629101","04nGqgmrKZXZYu7Yim66uq"
"Cara de cul","Oques Grasses","You Poni","Català","Playlist","ES6101629102","10vqDg1RtuTp9yBcJBbx1R"
"Fullar sempre","Oques Grasses","You Poni","Català","Playlist","ES6101629103","5HycUiOdaiWSLEHK3gS7uU"
"Rellotge de fang","Oques Grasses","You Poni","Català","Playlist","ES6101629105","06XjaYhPrTeU7YgqAlSUYw"
"Pedres als avions","Oques Grasses","You Poni","Català","Playlist","ES6101629106","1Z75m2PkEF0dJICNpwaegx"
"Ball de mànec","Oques Grasses","You Poni","Català","Playlist","ES6101629107","49nj7qyirVk34qLNufVUo5"
"Plora i riu","Oques Grasses","You Poni","Català","Playlist","ES6101629108","3IFIycDqdtNQiYlhJ020ox"
"Si un dia no hi som","Oques Grasses","You Poni","Català","Playlist","ES6101629109","46HppHbjI2hJKa0EP47r2f"
"Fer-te feliç","Oques Grasses","You Poni","Català","Playlist","ES6101629110","1knSK6gJJghesk59I1Jp4R"
"Passos importants","Oques Grasses","Un dia no sé com","Català","Playlist","ESA011303095","79oql4kPwicSUVR5FCAlvH"
"Senzilla","Oques Grasses","Un dia no sé com","Català","Playlist","ESA011303097","3xXwM3y4n9ZVUsxSutmZNG"
"Cul","Oques Grasses","Un dia no sé com","Català","Playlist","ESA011303098","0ZGlBDFcjPV7setISQh3sh"
"Celebrarem","Oques Grasses","Un dia no sé com","Català","Playlist","ESA011303099","27hTZMjIOSAalzo6a1JR6c"
"Ritme salvador","Oques Grasses","Un dia no sé com","Català","Playlist","ESA011303101","3EHJVrode1nJJQtbl0epnn"
"Mare de la ciència","Oques Grasses","Un dia no sé com","Català","Playlist","ESA011303102","1owAVqcHo4PkPIp4tOtmU1"
"El padrí","Oques Grasses","Un dia no sé com","Català","Playlist","ESA011303103","2QPLiyJdLBAkvl2WNBVwPo"
"Fàcil","Oques Grasses","Un dia no sé com","Català","Playlist","ESA011303104","6f9aK1oHljEVnhgDwfHiOQ"
"PRINCIPIS","La Fúmiga","TOT ESTÀ PER FER","Català","Playlist","ES11D2300899","1sbvsIfrQuwUJ6FlZZFWi7"
"COVARDS","La Fúmiga","TOT ESTÀ PER FER","Català","Playlist","ES71G2401696","3lQaPzpNFlXGZ3dRgTL8kJ"
"RÈCORD MUNDIAL","La Fúmiga","TOT ESTÀ PER FER","Català","Playlist","ES71G2401697","2qyDG3ffugcjq85KczOFLc"
"FOMO","La Fúmiga","TOT ESTÀ PER FER","Català","Playlist","ES71G2401698","6KbZJs3JaVRQAzMaaXxJWp"
"KOALES","La Fúmiga","TOT ESTÀ PER FER","Català","Playlist","ES71G2401699","72ATRm98cJNRSnBE5LyVeq"
"LA CASA PLENA","La Fúmiga","TOT ESTÀ PER FER","Català","Playlist","ES71G2401700","0fDHwwP7Saq1RXzxOLTdPC"
"TOT ESTÀ PER FER","La Fúmiga","TOT ESTÀ PER FER","Català","Playlist","ES71G2401701","0kBrz6FQoOfPgJAOsM8zeE"
"JA DORMIRÉ","La Fúmiga","TOT ESTÀ PER FER","Català","Playlist","ES71G2401702","6v3cZ9bz8neNaUxsIKxfct"
"TORNAR","La Fúmiga","TOT ESTÀ PER FER","Català","Playlist","ES11D2301031","6mCCljrH00TVrkMw0tSW7h"
"QUE TIA!","La Fúmiga","TOT ESTÀ PER FER","Català","Playlist","ES71G2401703","0wLB8NllLDF3wCgvsA40Ud"
"FINALS","La Fúmiga","TOT ESTÀ PER FER","Català","Playlist","ES11D2300926","2mYfouPMO1WivqMU4z2I6L"
"Primera Conjugació","La Fúmiga","Espremedors","Català","Playlist","RUA1H1800321","1q6OOFH4bserpQa8mEECsR"
"Cançó Que Mai S'acaba","La Fúmiga","Espremedors","Català","Playlist","AEA0D1927476","2r4DpGsMO1UZiG2H3OrgUL"
"El Preparat","La Fúmiga","Espremedors","Català","Playlist","ES11D1900238","08akL6NtCwiQ0AIgkikin3"
"Mediterrània","La Fúmiga","Espremedors","Català","Playlist","AEA0D1801447","1RY0VJwzxONgLTuTNMdoSq"
"Plàstic Àiland","La Fúmiga","Espremedors","Català","Playlist","ES11D1900239","6VAdLlP7HIhmxXfaGoLaW0"
"La Ferida","La Fúmiga","Espremedors","Català","Playlist","QM6N21997688","0SNjU1HSHvP6PhDoPbb5NE"
"Equilibrios Infinitos","La Fúmiga","Espremedors","Català","Playlist","ES11D1900240","0KlzX4WTfUh7clp1jzL4hq"
"Espremedors","La Fúmiga","Espremedors","Català","Playlist","ES11D1900241","6CqViQPV3OhGPAmngeufKM"
"Monstres i Gegants","La Fúmiga","Espremedors","Català","Playlist","QM6MZ1953290","0eGbomzuGEl7RVHMvHwq2g"
"Karrasketon - La Nit És Nostra","La Fúmiga","Espremedors","Català","Playlist","AEA0Q1816803","6YshDC5guAOHRfBzdodjjA"
"Fotosíntesi","La Fúmiga","Fotosíntesi","Català","Playlist","ES11D2100658","1xzEP65mNtaCoNmc4kCXwB"
"Her","La Fúmiga","Fotosíntesi","Català","Playlist","ES11D2100649","1Qzc12ZcyTFpuNAobCdc5H"
"Ja No Fa Mal","La Fúmiga","Fotosíntesi","Català","Playlist","ES11D2100582","3tuUWbbIniENSvZ5nXL7nv"
"Hora Blava","La Fúmiga","Fotosíntesi","Català","Playlist","ES11D2100660","1B71SVYN0UstYB5LED2f9e"
"Segona Conjugació","La Fúmiga","Fotosíntesi","Català","Playlist","ES11D2100659","4Ot5VqsDOhkeik438YEcdq"
"Mami","La Fúmiga","Fotosíntesi","Català","Playlist","ES11D2100653","1dNkoG4EhPNeiBJpRT15Dc"
"Addictes a Viure","La Fúmiga","Fotosíntesi","Català","Playlist","ES11D2100654","3W8LwezT5InFkPwKkAu85a"
"Comèdia Dramàtica","La Fúmiga","Fotosíntesi","Català","Playlist","ES11D2100535","7Ijv8cj75kJq217yWsaktr"
"L'orquestra del Titànic","La Fúmiga","Fotosíntesi","Català","Playlist","ES11D2100655","2BUyQWoWjCTaxlcBjI25ZU"
"Llavors","La Fúmiga","Fotosíntesi","Català","Playlist","ES11D2100656","242AJ8NifoFLzK2UKRnKVj"
"Llença't","Lax'n'Busto","Essencials & Rareses","Català","Playlist","ES80A1404501","6deepSOVnJ6iUM1et20TFh"
"Trepitja Fort","Lax'n'Busto","Essencials & Rareses","Català","Playlist","ES80A1404502","1lTgp0802T7EuC2lRl1zN7"
"Miami Beach","Lax'n'Busto","Essencials & Rareses","Català","Playlist","ES80A1404503","6DgpgbvkYzKudgjGqzGnR3"
"Que Boig El Món","Lax'n'Busto","Essencials & Rareses","Català","Playlist","ES80A1404504","0s37X2q6Iu8w1eY87kqEmQ"
"La Meva Terra És el Mar","Lax'n'Busto","Essencials & Rareses","Català","Playlist","ES80A1404505","3hPC5auJimlAfI0NCdkwsU"
"Més Que la Meva Sang","Lax'n'Busto","Essencials & Rareses","Català","Playlist","ES80A1404506","15H2Y6ngPqVNLSOfjz5Pe5"
"Tornarem","Lax'n'Busto","Essencials & Rareses","Català","Playlist","ES80A1404507","7h8n02SDd8JG6AFWr3Dut4"
"Tu Ets la Llum","Lax'n'Busto","Essencials & Rareses","Català","Playlist","ES80A1404508","4w0qJEbWjcWCEv08e4CzE2"
"Les Nits del Liceu","Lax'n'Busto","Essencials & Rareses","Català","Playlist","ES80A1404509","7g5iYqNoi7aFiLVVYzyq1y"
"Ara","Lax'n'Busto","Essencials & Rareses","Català","Playlist","ES80A1404510","1sGomTje7YGgxCTkoJpNaG"
"Creu-me","Lax'n'Busto","Essencials & Rareses","Català","Playlist","ES80A1404511","5HjhK5xGBF9MI28LsY6mHe"
"Amb Tu","Lax'n'Busto","Essencials & Rareses","Català","Playlist","ES80A1404512","6WRGJU4LCllaa4pbuuusSG"
"Blues del Diumenge","Lax'n'Busto","Essencials & Rareses","Català","Playlist","ES80A1404513","3ncoooh8yeViDgDqTivOsI"
"Cançó del Pagès","Lax'n'Busto","Essencials & Rareses","Català","Playlist","ES80A1404514","4UNTgayYAsf4sl31JVBUgF"
"Tinc Fam de Tu","Lax'n'Busto","Essencials & Rareses","Català","Playlist","ES80A1404515","53WgWw6M2fiP3xiRhcFDFk"
"Per una Copa","Lax'n'Busto","Essencials & Rareses","Català","Playlist","ES80A1404516","2jWIy7anCfB1JtGLdqEd8w"
"Ballo","Lax'n'Busto","Essencials & Rareses","Català","Playlist","ES80A1404518","2x2Lb8xV5r0fLbnuCj27Ss"
"Tic Tac","Lax'n'Busto","Essencials & Rareses","Català","Playlist","ES80A1404519","3W3uTso4031LCoTreQbq4c"
"Insomni","Lax'n'Busto","Essencials & Rareses","Català","Playlist","ES80A1404520","3e1a94235tQ41WpeBHiwek"
"Ella i el Seu Fill","Lax'n'Busto","Essencials & Rareses","Català","Playlist","ES80A1404521","5rMcX1TRJLFG2igGs0ZcKV"
"Però Saps Tu Que","Lax'n'Busto","Essencials & Rareses","Català","Playlist","ES80A1404522","6OjjdqBKseTMt71EFmI87H"
"Faran de Tu un Heroi","Lax'n'Busto","Essencials & Rareses","Català","Playlist","ES80A1404523","69tyzgbqE53Ah0t4FcY6ts"
"No Sé Pas Com","Lax'n'Busto","Essencials & Rareses","Català","Playlist","ES80A1404524","2Lalzq2NbvOf8pHMtpkqTJ"
"Maite Zaitut","Lax'n'Busto","Essencials & Rareses","Català","Playlist","ES80A1404525","1oo6eGx1cXENXjRakVNnlz"
"I Dream","Lax'n'Busto","Essencials & Rareses","Català","Playlist","ES80A1404526","69nAlJQ15B9yAVbAgNyjhC"
"Igadenko Blusa","Lax'n'Busto","Essencials & Rareses","Català","Playlist","ES80A1404527","7IuU9RFZxKHx4ENDVOW61t"
"M'Agrades Tu","Lax'n'Busto","Essencials & Rareses","Català","Playlist","ES80A1404528","3HSomrcYiVdsrfcKM0jBfx"
"Galdurik","Lax'n'Busto","Essencials & Rareses","Català","Playlist","ES80A1404529","18CPYm77O7DpEhG5qGnQEr"
"He Somiat","Lax'n'Busto","Essencials & Rareses","Català","Playlist","ES80A1404530","0WBhGL2Zecs4tyLiyiUB8i"
"Cada Cop","Lax'n'Busto","Essencials & Rareses","Català","Playlist","ES80A1404531","7fK38X8pX1rlGwo1uvEt0c"
"Fum","Lax'n'Busto","Essencials & Rareses","Català","Playlist","ES80A1404532","7F2rt1vOGn6564fD3bvqF9"
"Nen, Surt al Carrer","Lax'n'Busto","Essencials & Rareses","Català","Playlist","ES80A1404533","0yKjvt30uJS3oWBNUtLefn"
"Trepitja Fort","Lax'n'Busto","Llença't","Català","Playlist","ES5309801377","3C7A6R1QsrN5Oj881xNEVL"
"Mai Diguis Mai A Un Mai","Lax'n'Busto","Llença't","Català","Playlist","ES5309801378","2GMIKLb8SsgM1lisqJKoGu"
"Amb Tu","Lax'n'Busto","Llença't","Català","Playlist","ES5309801379","51Uk1xicVU0f2PUsg16NOG"
"No Ho Sé","Lax'n'Busto","Llença't","Català","Playlist","ES5309801380","2izpqeDrxk3EKH3uQbyOc1"
"Una Altra Vegada","Lax'n'Busto","Llença't","Català","Playlist","ES5309801381","24hvbFediI4WmtA0LEQPP3"
"Mai Més","Lax'n'Busto","Llença't","Català","Playlist","ES5309801382","5WzpA3yP2UXonmcYyYnLRP"
"Instant Fugaç","Lax'n'Busto","Llença't","Català","Playlist","ES5309801383","5ZdbZBsQc8Qr1Q05XAh09c"
"Sense Cobertura","Lax'n'Busto","Llença't","Català","Playlist","ES5309801384","2DrSkFmHIoW649CfEmI5Ay"
"Aquesta Nit","Lax'n'Busto","Llença't","Català","Playlist","ES5309801385","10uXPkh8t2a2l3OlOJLrZY"
"Obsessionat","Lax'n'Busto","Llença't","Català","Playlist","ES5309801386","7b7pvMHJthwcxxC0oNjnyz"
"Apareix-Te A Casa Meva","Lax'n'Busto","Llença't","Català","Playlist","ES5309801387","2tnu2ju9OTRi7pPwkfGpjS"
"La Meva Terra és el Mar","Lax'n'Busto","Sí","Català","Playlist","ES5300715112","2V58oh5emQj22lfn8xaP9I"
"Dolça és la Sal","Lax'n'Busto","Sí","Català","Playlist","ES5300715113","1vfLI5NKrJNQ2rRpm0f0eO"
"Clau de No","Lax'n'Busto","Sí","Català","Playlist","ES5300715114","0n19drCCEB5oa2gYYGLUcD"
"Cada Cop","Lax'n'Busto","Sí","Català","Playlist","ES5300715115","0iNwwsvxtn4L8uSVSrNgk1"
"Poder Tocar-te","Lax'n'Busto","Sí","Català","Playlist","ES5300715116","2EYouIa7sB67hYfJBbp6M8"
"Sota el cel Rogent","Lax'n'Busto","Sí","Català","Playlist","ES5300715117","6RwVnppTZuJ8S0poe6Q6EN"
"No és l'hora de Marxar","Lax'n'Busto","Sí","Català","Playlist","ES5300715118","37VB20Au1smsPN9bXGqj49"
"El que hi ha Dins Teu","Lax'n'Busto","Sí","Català","Playlist","ES5300715119","40t7FNqrWiaVXIVxwrJ0Fm"
"Tu","Lax'n'Busto","Sí","Català","Playlist","ES5300715120","2EFPFydZYZ0E91MiN9duSP"
"Els Teus Ulls Pregons","Lax'n'Busto","Sí","Català","Playlist","ES5300715121","00crYws1SQSN63Ki8guoKu"
"Emiliano Zapata","Lax'n'Busto","Sí","Català","Playlist","ES5300715122","0zFmAudo3fFIIo6VJnUdh2"
"Umba Parumba","Lax'n'Busto","Sí","Català","Playlist","ES5300715123","4EL4AwxmIe6nQYuHJjV0g2"
"Blau","Lax'n'Busto","Sí","Català","Playlist","ES5300715124","5VtCwEf4A24olv3aiC578w"
"Tinc Fam de Tu","Lax'n'Busto","Grans Èxits (Remasteritzat 2005)","Català","Playlist","ES5300714538","6yesQSnpGuds3ISmRa4II5"
"Mai Diguis Mai a un Mai - Versió Llença't","Lax'n'Busto","Grans Èxits (Remasteritzat 2005)","Català","Playlist","ES5300714539","3w75oOljC5cJBJHiKBNKbR"
"Miami Beach","Lax'n'Busto","Grans Èxits (Remasteritzat 2005)","Català","Playlist","ES5300714540","6hHBJPGcMxwOku2S4xr7OF"
"El Pagés","Lax'n'Busto","Grans Èxits (Remasteritzat 2005)","Català","Playlist","ES5300714541","0AFWysHzg2eavYpVCHz0ow"
"Més Que la Meva Sang","Lax'n'Busto","Grans Èxits (Remasteritzat 2005)","Català","Playlist","ES5300714542","6h1iTlEo18tb4DhNEQHSPl"
"Les Nits del Liceu","Lax'n'Busto","Grans Èxits (Remasteritzat 2005)","Català","Playlist","ES5300714543","2FaVpZXxc252LiUavLEwmg"
"Tu Ets la Llum","Lax'n'Busto","Grans Èxits (Remasteritzat 2005)","Català","Playlist","ES5300714544","6UQPWkkm0QZt56qI1KwIu7"
"No Vaig Triar","Lax'n'Busto","Grans Èxits (Remasteritzat 2005)","Català","Playlist","ES5300714545","1Ym6Zw1MXvFPqTzbzeqsqc"
"La Meva Terra és el Mar","Lax'n'Busto","Grans Èxits (Remasteritzat 2005)","Català","Playlist","ES5300714546","010M4IvhwUUNuuuRUTLWBm"
"Emiliano Zapata","Lax'n'Busto","Grans Èxits (Remasteritzat 2005)","Català","Playlist","ES5300714547","5kX4UwkUsYtYDhiTxRa7Dl"
"Llença't","Lax'n'Busto","Grans Èxits (Remasteritzat 2005)","Català","Playlist","ES5300714548","37A6vTQHofFDWiexelGLnl"
"Trepitja Fort","Lax'n'Busto","Grans Èxits (Remasteritzat 2005)","Català","Playlist","ES5300714549","1jwpTETzUIc156X6qiYlO5"
"Ara","Lax'n'Busto","Grans Èxits (Remasteritzat 2005)","Català","Playlist","ES5300714550","2qLzG4AH1kvx4W4YyMrauZ"
"Per Una Copa","Lax'n'Busto","Grans Èxits (Remasteritzat 2005)","Català","Playlist","ES5300714551","5wm1uniapWvkUrGlBWnDkF"
"Nena","Lax'n'Busto","Grans Èxits (Remasteritzat 2005)","Català","Playlist","ES5300714552","60f4wqQASwPlGMEPNVwK3P"
"Toc de Plor","Lax'n'Busto","Grans Èxits (Remasteritzat 2005)","Català","Playlist","ES5300714553","0BXIDLpVkvJmbBPmHS1Jzq"
"Cel Del Nord","Lax'n'Busto","Grans Èxits (Remasteritzat 2005)","Català","Playlist","ES5300714554","5QGBZd5ehJPGjFeOoKYJQQ"
"Faràn de tu un Heroi","Lax'n'Busto","Grans Èxits (Remasteritzat 2005)","Català","Playlist","ES5300714555","4RT5OpHaFnSzXeZSltw2hq"
"Han Trucat","Lax'n'Busto","Grans Èxits (Remasteritzat 2005)","Català","Playlist","ES5300714556","3lJGhiTnR2ZxBEbTnfcQo1"
"Toca'm Els Ous Maria - Versió Qui Ets Tu?, Remesclada de l'Inurted","Lax'n'Busto","Grans Èxits (Remasteritzat 2005)","Català","Playlist","ES5300714557","69RGioyxhXzE1zgyr2etW8"
"Pintor Visionari","Lax'n'Busto","Grans Èxits (Remasteritzat 2005)","Català","Playlist","ES5300714558","4laKQvPAYUoqs2DzuzZvAK"
"Ella I El Seu Fill","Lax'n'Busto","Grans Èxits (Remasteritzat 2005)","Català","Playlist","ES5300714559","1XigW2pOlPnThHwBSiyGry"
"Johnny El Melenes","Lax'n'Busto","Grans Èxits (Remasteritzat 2005)","Català","Playlist","ES5300714560","1AqYaH0dIyOdnRakFIvgZz"
"Nen Surt Al Carrer - Versió Acustica de l'Auditori","Lax'n'Busto","Grans Èxits (Remasteritzat 2005)","Català","Playlist","ES5300714561","22SedvwLcaeyTQrzPllksj"
"No Sé Pas Com - Versió Acustica de l'Auditori","Lax'n'Busto","Grans Èxits (Remasteritzat 2005)","Català","Playlist","ES5300714562","7CcFu2Lwhgf2acY0dAPy7h"
"Dolça es La Sal","Lax'n'Busto","Grans Èxits (Remasteritzat 2005)","Català","Playlist","ES5300714563","2qu6E2FkKUx5q74dZaAM4p"
"Cada Cop","Lax'n'Busto","Grans Èxits (Remasteritzat 2005)","Català","Playlist","ES5300714564","1Z0dOjEbN8bgbk0pRDEUP3"
"Una Altra Vegada","Lax'n'Busto","Grans Èxits (Remasteritzat 2005)","Català","Playlist","ES5300714565","1cWRKjQSAdiKiXm5rStSy4"
"Amb Tu","Lax'n'Busto","Grans Èxits (Remasteritzat 2005)","Català","Playlist","ES5300714566","0Plzknn1zYSmHyzQQU3Ds6"
"És Per Tu","Lax'n'Busto","Grans Èxits (Remasteritzat 2005)","Català","Playlist","ES5300714567","21UAx9AjLVXJjZVxEm9rj6"
"Vas Tot Sol","Lax'n'Busto","Grans Èxits (Remasteritzat 2005)","Català","Playlist","ES5300714568","22ZoTVFoaxPNePgTehWxzg"
"Fum","Lax'n'Busto","Grans Èxits (Remasteritzat 2005)","Català","Playlist","ES5300714569","2P7CcLWxj37Pawm7FbaGHw"
"T'estimo Molt","Lax'n'Busto","Essencials & Rareses","Català","Playlist","ES80A1404517","5FHcAaKGHu5MI0oN7FoJWg"
"La Vida És Per Cantar-La Junts","Teràpia de Shock","100.000 Històries","Català","Playlist","ES80A1506001","08SK23osuuA7yQkOhYfjJZ"
"I Jo Què?","Teràpia de Shock","100.000 Històries","Català","Playlist","ES80A1506002","2OeX9vgViH4K3ZolNfrnkR"
"Aquí Tothom S'Estima","Teràpia de Shock","100.000 Històries","Català","Playlist","ES80A1506003","31AvAQ6dXxayI1CHLLNINl"
"100.000 Històries","Teràpia de Shock","100.000 Històries","Català","Playlist","ES80A1506004","1xP8Al0mLMneQqpgGspY7n"
"Esperança En Temps De Por","Teràpia de Shock","100.000 Històries","Català","Playlist","ES80A1506005","4EyuHhWs2iKMo6k32niDNF"
"És La Nostra Història","Teràpia de Shock","100.000 Històries","Català","Playlist","ES80A1506006","71fVkxFCEeJH7Vb36cnGhj"
"Si Som Forts","Teràpia de Shock","100.000 Històries","Català","Playlist","ES80A1506007","53a8EKkA2T8hJcfOB6ftxs"
"Good Bye","Teràpia de Shock","100.000 Històries","Català","Playlist","ES80A1506008","6yvck8S3Dfyblz9fsyCQxX"
"No Teníem Pressa","Teràpia de Shock","100.000 Històries","Català","Playlist","ES80A1506009","7uGGYkUaEzcYMqQHQTxFlJ"
"Quan Marxis Lluny D'Aquí","Teràpia de Shock","100.000 Històries","Català","Playlist","ES80A1506010","5MhnO97O4Y9yFCZhoWgSrP"
"El So Que Mou El Món","Teràpia de Shock","100.000 Històries","Català","Playlist","ES80A1506011","4uNR4Tqr8lqURnpneCS659"
"Crida!","Teràpia de Shock","100.000 Històries","Català","Playlist","ES80A1506012","2yD2raoL84gnBwwcvAKLPq"
"Vagis On Vagis","Teràpia de Shock","100.000 Històries","Català","Playlist","ES80A1506013","1xazn6DwQUaF8ZzoCVk00V"
"Teràpia de Shock","Teràpia de Shock","Que Mai No Pari","Català","Playlist","ES5951304407","2X3We2yFdgknOdVhrjTv9i"
"Mira'm","Teràpia de Shock","Que Mai No Pari","Català","Playlist","ES5951304408","4U2x7XaAWYHBTTD5mevP6X"
"Parat a Mig Camí","Teràpia de Shock","Que Mai No Pari","Català","Playlist","ES5951304409","0UU1HCYVUUKSFEEx9wShJ9"
"Per Què ho Faria?","Teràpia de Shock","Que Mai No Pari","Català","Playlist","ES5951304410","2LGlmFRtH3p8NJWOELtptO"
"No és Massa Tard","Teràpia de Shock","Que Mai No Pari","Català","Playlist","ES5951304411","03w2PcQ3q61h6Mh4Qvygvq"
"SN. Francisco","Teràpia de Shock","Que Mai No Pari","Català","Playlist","ES5951304412","5VO6n8BtvZNkKVbsexotIf"
"Quan Ella Balla Rock And Roll","Teràpia de Shock","Que Mai No Pari","Català","Playlist","ES5951304413","5qcG6qa874BnFuBquRj7r4"
"Que Mai no Pari","Teràpia de Shock","Que Mai No Pari","Català","Playlist","ES5951304414","1HN7B6thsjAlNfkn2ZQtUy"
"Una Massa de Gent","Teràpia de Shock","Que Mai No Pari","Català","Playlist","ES5951304415","2UXOkicFax5KVmIZq9Fhc3"
"Sigui el Que Sigui","Teràpia de Shock","Que Mai No Pari","Català","Playlist","ES5951304416","4esySOLNV29ZcDuUQed2lv"
"Tot va Tan Ràpid","Teràpia de Shock","Que Mai No Pari","Català","Playlist","ES5951304417","5Pq3ljeOn0mHraViuUKwFB"
"El Show Dels Horrors","Teràpia de Shock","Que Mai No Pari","Català","Playlist","ES5951304418","0BVO2OvSMjbg0TrOznPGc0"
"El Circ Dels Deliris","Teràpia de Shock","Que Mai No Pari","Català","Playlist","ES5951304419","0MkhI7ub3gabnREDnk7LMg"
"La Festa de L'Àngel","Teràpia de Shock","Que Mai No Pari","Català","Playlist","ES5951304420","0rPwreaejw83Z8GUdfzyhX"
"No Miris Enrere","Teràpia de Shock","Tota la Nit","Català","Playlist","ES80A1001501","71U8bKrDIupyFYNOV2nk1r"
"Intenta-Ho","Teràpia de Shock","Tota la Nit","Català","Playlist","ES80A1001502","16E7rvqg1Ldp5u0sDv8Dta"
"Ja Es Veu Venir","Teràpia de Shock","Tota la Nit","Català","Playlist","ES80A1001503","7s01D9hdTEN0bDknPnGsvY"
"Espera'm","Teràpia de Shock","Tota la Nit","Català","Playlist","ES80A1001504","5wAEYwAPEUe7S0Qhh1OZJk"
"A la Primavera","Teràpia de Shock","Tota la Nit","Català","Playlist","ES80A1001505","2KMOJLftBqi17sur8M3A4s"
"Perduts","Teràpia de Shock","Tota la Nit","Català","Playlist","ES80A1001506","5Nud0Gj14sZaYTK5MsmJcM"
"Torna a Brillar","Teràpia de Shock","Tota la Nit","Català","Playlist","ES80A1001507","5BKKc5KiPyevTYHado9K1R"
"He Somiat","Teràpia de Shock","Tota la Nit","Català","Playlist","ES80A1001508","4dKi5BrITJCjdH3wMTC7yj"
"Congelador Gegant","Teràpia de Shock","Tota la Nit","Català","Playlist","ES80A1001509","7AMiwYVrzk7L2bjUKMCzV0"
"No Vull Que Surti el Sol","Teràpia de Shock","Tota la Nit","Català","Playlist","ES80A1001510","14UIZMbyYXJAYp8xGkJ1LW"
"Sota els Meus Peus","Teràpia de Shock","Tota la Nit","Català","Playlist","ES80A1001511","3KdJGeSC2RgFSQrQNp9dBn"
"Monòtona del Caos","Teràpia de Shock","Tota la Nit","Català","Playlist","ES80A1001512","1RQXdpz9vVgBzzgQV2cH4e"
"Tota la Nit","Teràpia de Shock","Tota la Nit","Català","Playlist","ES80A1001513","5yMXIatDgf1bBb2cmgMiVs"
"Compta Amb Mi","Teràpia de Shock","Escapa't Amb Mi","Català","Playlist","ES80A0800601","4kyvMynavqIjGvi5AMiw1J"
"Princesa","Teràpia de Shock","Escapa't Amb Mi","Català","Playlist","ES80A0800602","3t8ferblvvPVOTYFRraDXU"
"Només Ho Saps Tu","Teràpia de Shock","Escapa't Amb Mi","Català","Playlist","ES80A0800603","2hJJbeJK17eYpBW0dH6jgd"
"La Corrupció","Teràpia de Shock","Escapa't Amb Mi","Català","Playlist","ES80A0800604","4FNx9kgFFgdDILw3UqZpnZ"
"La Soledat","Teràpia de Shock","Escapa't Amb Mi","Català","Playlist","ES80A0800605","7ehKZKGHAbkVAvkd8Gl21p"
"20 Minuts d'Espera","Teràpia de Shock","Escapa't Amb Mi","Català","Playlist","ES80A0800606","579Ns1YPiGFqF8K1YlW6Ja"
"Pobres i Rics","Teràpia de Shock","Escapa't Amb Mi","Català","Playlist","ES80A0800607","42gO8NvgPOdLhnV0tAZcs7"
"Ara","Teràpia de Shock","Escapa't Amb Mi","Català","Playlist","ES80A0800609","4Hi9cJteIBfofE7ML5mikg"
"Seguint el Vent","Teràpia de Shock","Escapa't Amb Mi","Català","Playlist","ES80A0800610","0Wrr09wGIWRYij2ctK3wig"
"La Realitat","Teràpia de Shock","Escapa't Amb Mi","Català","Playlist","ES80A0800611","2J62S8BvnoOCIPhgDkbWN7"
"Volcans","Buhos","La Gran Vida","Català","Playlist","ES5951805832","6kp5vm0qtmsG6YTLaWcsoo"
"Escales Fins al Cel","Buhos","La Gran Vida","Català","Playlist","ES5951805834","5GDzxv7hjrRMQA87KVPrfa"
"L'estiu és Llibertat","Buhos","La Gran Vida","Català","Playlist","ES5951805835","3SqKU31Nyl6GSamrwwNrnZ"
"Transmets Energia","Buhos","La Gran Vida","Català","Playlist","ES5951805836","0KgMBD1JpkaZyBYpKeE0L9"
"La Bala del Temps","Buhos","La Gran Vida","Català","Playlist","ES5951805837","67IBooeW3YISFRkIfk1qlC"
"Els Nostres Tambors","Buhos","La Gran Vida","Català","Playlist","ES5951805838","5F1FHZPtZv1zZzVqBCilzO"
"La Trama","Buhos","La Gran Vida","Català","Playlist","ES5951805839","60BfGwJomhoSXEox5RROMe"
"Tu I Jo Som Aire","Buhos","La Gran Vida","Català","Playlist","ES5951805840","1q9pt3tFpKrDKr8r6w2J2n"
"Cómplices del Mal","Buhos","La Gran Vida","Català","Playlist","ES5951805841","05Xja3ko8dKkBQepgw2BXG"
"La Darrera Colònia","Buhos","La Gran Vida","Català","Playlist","ES5951805842","5fnhZy1BzmcT32U8xqQoXl"
"Nos Vamos Pa'l Festi","Buhos","La Gran Vida","Català","Playlist","ES5951805843","6J5gRkVkO6D9z1c1P8MRoI"
"Sempre dempeus","Buhos","Sempre dempeus","Català","Playlist","ES71G2432684","5hhO3FZ0x7uLXWA5w5ioMd"
"Foc","Buhos","Sempre dempeus","Català","Playlist","ES71G2432686","51B6MyVuv2zEql5IUvtDTx"
"Actitud","Buhos","Sempre dempeus","Català","Playlist","ES71G2412686","3BTzz8cCsaMEwWq8WIaLD3"
"Hem vingut a jugar","Buhos","Sempre dempeus","Català","Playlist","ES71G2432685","1ePgmmXGV4CtnIruzcLRpZ"
"Fins al final","Buhos","Sempre dempeus","Català","Playlist","ES71G2432689","4P4ttwEGHJD3r1EJ69oRto"
"Today is the day","Buhos","Sempre dempeus","Català","Playlist","ES71G2405476","1Hw3MN4rXKQqep8BmcjThb"
"Diumenges","Buhos","Sempre dempeus","Català","Playlist","ES71G2423073","5xFFUTAP9RWFew0cWNiuNR"
"Amb tu","Buhos","Sempre dempeus","Català","Playlist","ES71G2420516","4vIquWuEEbZbuzn21cCYMz"
"Milers d’espurnes","Buhos","Sempre dempeus","Català","Playlist","ES71G2405129","0oYXoa9nCLzqlcVY2yRLvF"
"La última y Nos Vamos","Buhos","Lluna Plena","Català","Playlist","ES5951605242","2oPhNaJDhvrfUnb1ATu0ib"
"El Temporal","Buhos","Lluna Plena","Català","Playlist","ES5951605243","7yeRndWon8wcSIioE9wBYR"
"Barcelona S'il·lumina","Buhos","Lluna Plena","Català","Playlist","ES5951605244","5ngkgIsSU1Cp0mlBQq71lj"
"Ha Sido Ramón","Buhos","Lluna Plena","Català","Playlist","ES5951605245","1JiRYdnCa065w8YgTL5yzb"
"Prenent la Lluna","Buhos","Lluna Plena","Català","Playlist","ES5951605246","5IS0F4ZQZWM5JRy7sxgd0S"
"El Cor M'apreta","Buhos","Lluna Plena","Català","Playlist","ES5951605247","4zJwGdZuPbBEBif1cbElhF"
"El Soneto de Geppetto","Buhos","Lluna Plena","Català","Playlist","ES5951605248","728RQRtHtbfIwVFUBU8hh7"
"Mentides de Plàstic","Buhos","Lluna Plena","Català","Playlist","ES5951605249","5pHTZyjDnNQsIuPdlEPVBp"
"Mi Vida Es Como un Pogo","Buhos","Lluna Plena","Català","Playlist","ES5951605250","5nHeZ7nXSYYEf7BAsFWxjw"
"Ens Ballem Aquesta Nit","Buhos","Lluna Plena","Català","Playlist","ES5951605251","5biI2tcyaPwSMWCmF0Fafp"
"Tornem al Penedès","Buhos","Lluna Plena","Català","Playlist","ES5951605252","1Q1CnESJ5XhJiema1gqK1Y"
"Estoy Quemao (Bonus Track)","Buhos","Lluna Plena","Català","Playlist","ES5951605291","5RFvilIhwZhVAif4MPWtf0"
"Birres (Bonus Track)","Buhos","Lluna Plena","Català","Playlist","ES5951605292","0rgpnz1K7kTNCyWCdls36G"
"El món de veritat","Buhos","La nit està que crema","Català","Playlist","ES11D2300844","3Kz1eX5CurRXH2E5yPaUXE"
"Millors moments de la vida","Buhos","La nit està que crema","Català","Playlist","ES11D2300845","2SyyVzZIslqf0geiqIlPmh"
"Cerca de ti","Buhos","La nit està que crema","Català","Playlist","ES11D2300826","7C2fnc6qcwnaDJaTSTgQfN"
"La nit està que crema","Buhos","La nit està que crema","Català","Playlist","ES11D2300825","7ITsJxZQ3tJ2xj10luCZw1"
"Arc de Sant Martí","Buhos","La nit està que crema","Català","Playlist","ES11D2300847","2gZKPcR6JnvEIkfVZWCHKN"
"Quan ho sents","Buhos","La nit està que crema","Català","Playlist","ES11D2300848","7hsoezAW5fUUHgdbpMUsm1"
"Si em tornes a mirar","Buhos","La nit està que crema","Català","Playlist","ES11D2300849","2zoJjCO6qGjbyGEAP3cV5G"
"Pura vida","Buhos","La nit està que crema","Català","Playlist","ES11D2300850","0qHdPeZ84IWbVlUuZg9PBG"
"La pluja tropical","Buhos","La nit està que crema","Català","Playlist","ES11D2200801","5oZ4satnKtIdJ9DxEho9Ck"
"Podem volar","Buhos","La nit està que crema","Català","Playlist","ES11D2300880","70SND0JpG2V5vUONWAMZjg"
"Una Veu Que Crida","Buhos","El Dia de la Victòria","Català","Playlist","ES5952006427","0UGco8H48IP6CSOpFw3In3"
"Mil Batalles","Buhos","El Dia de la Victòria","Català","Playlist","ES5952006423","6ByKiM9xvn5IFRdUGNNjRt"
"A Prop dels Déus","Buhos","El Dia de la Victòria","Català","Playlist","ES5952006360","0IojJGyeIQWhelTkVCcoEf"
"Vuela Aunque Duela","Buhos","El Dia de la Victòria","Català","Playlist","ES5952006430","3mubZYFq2yAGF3FuEq2jzx"
"Se Acelera","Buhos","El Dia de la Victòria","Català","Playlist","ES5952006431","0hNaZykyxvcCa17ec4U1t3"
"Fem Que Surti el Sol","Buhos","El Dia de la Victòria","Català","Playlist","ES5952006432","76ufg3z3GM4y93nVJ4BA0v"
"Cada Cop","Buhos","El Dia de la Victòria","Català","Playlist","ES5952006433","3ycHofu1av5w0eWOA9jwhR"
"Pa Per Avui I Gana Per Demà","Buhos","El Dia de la Victòria","Català","Playlist","ES5952006434","0S5CwugYiLursyQrA1eHen"
"Cada Divendres","Buhos","El Dia de la Victòria","Català","Playlist","ES5952006435","553FXb7x7T4xgsGn2qlMDt"
"Donde Se Arrodillan los Ateos","Buhos","El Dia de la Victòria","Català","Playlist","ES5952006422","4sPK1BRVsjEJYBfUB8ovBA"
"La Casa de David","Buhos","El Dia de la Victòria","Català","Playlist","ES5952006437","7t0NaEywlHhfz3cFvPKxVN"
"A Galopar","Buhos","El Dia de la Victòria","Català","Playlist","ES5952006438","4jmOUpYnmXsnCpvc4MLmPi"
"Mi Calle Favorita","Buhos","El Dia de la Victòria","Català","Playlist","ES5952006439","2CGZYbEEGMj66eQ0OU0mVk"
"Àvia","Buhos","El Dia de la Victòria","Català","Playlist","ES5952006440","7iS1rBGirWFWLSJFZpG2DW"
"El Dia de la Victòria","Buhos","El Dia de la Victòria","Català","Playlist","ES5952006409","4vBmIeI9iJZYMiP6BxTjG6"
"180º","Buhos","Natura Salvatge","Català","Playlist","ES5951304626","5QHD4LarevOaj60vWCKGSx"
"Brama","Buhos","Natura Salvatge","Català","Playlist","ES5951304615","2iPhcU0gZYR03oKCnqxojY"
"El Vaso","Buhos","Natura Salvatge","Català","Playlist","ES5951304616","17SwEwyfS2EyBHmaszInR5"
"Toca Hamelin","Buhos","Natura Salvatge","Català","Playlist","ES5951304617","5SnePU44h8p15OnBioMeXU"
"Volem Guanyar","Buhos","Natura Salvatge","Català","Playlist","ES5951304618","4QleXaiNpbG7O2uheuEseb"
"Som una Melodia","Buhos","Natura Salvatge","Català","Playlist","ES5951304619","5FCwbfIObXRc8oZHI8dVMq"
"Chingao","Buhos","Natura Salvatge","Català","Playlist","ES5951304620","6fSbnOrvkwwU5WCpjDNMSc"
"Res a Les Butxaques","Buhos","Natura Salvatge","Català","Playlist","ES5951304621","35RVx3CMqZRXH4p62bFKXe"
"No Serà Etern","Buhos","Natura Salvatge","Català","Playlist","ES5951304622","6xp74qGnnbXsvKnShffCi7"
"Ales Noves","Buhos","Natura Salvatge","Català","Playlist","ES5951304623","58qKFEH2xJXpStvYFGf6fs"
"Sol Naixent","Buhos","Natura Salvatge","Català","Playlist","ES5951304624","3uARa9TS7OEH3wvLsCJaub"
"L'Affaire Sofia","Els Amics De Les Arts","Espècies Per Catalogar","Català","Playlist","ES61A1600592","1sArc8KulSe1bowEF2JQV4"
"L'Home Que Dobla En Bruce Willis","Els Amics De Les Arts","Espècies Per Catalogar","Català","Playlist","ES61A1600593","57Xa6Q5hun6l93cg4IeMpQ"
"Monsieur Cousteau","Els Amics De Les Arts","Espècies Per Catalogar","Català","Playlist","ES61A1600594","5p1urQoFdXQ8BtoooKdRBl"
"Els Ocells","Els Amics De Les Arts","Espècies Per Catalogar","Català","Playlist","ES61A1600595","3OjWo50T3PPLkB6jGYWAAg"
"Louisiana O Els Camps De Cotó","Els Amics De Les Arts","Espècies Per Catalogar","Català","Playlist","ES61A1600596","5KBBltUxBSk58WiTszBdQB"
"Carnaval","Els Amics De Les Arts","Espècies Per Catalogar","Català","Playlist","ES61A1600597","3jFWP9nKi0CjEKfWZBPMb7"
"A Aquestes Alçades De La Pel·lícula","Els Amics De Les Arts","Espècies Per Catalogar","Català","Playlist","ES61A1600598","7o7yV5EYuFgxgISI1vn2Pn"
"Ciència-ficció","Els Amics De Les Arts","Espècies Per Catalogar","Català","Playlist","ES61A1600599","7ogb6tqFkjVhwvfXshTdbh"
"Miracles","Els Amics De Les Arts","Espècies Per Catalogar","Català","Playlist","ES61A1600600","4HCR881VTG3WDwmNMnzjFq"
"L'Arquitecte","Els Amics De Les Arts","Espècies Per Catalogar","Català","Playlist","ES61A1600601","5TTaqboDEopZ5z5vZkyeei"
"El Matrimoni Arnolfini","Els Amics De Les Arts","Espècies Per Catalogar","Català","Playlist","ES61A1600602","7DznnLW6ETPsF808Omy55B"
"Tots Els Homes D'Escòcia","Els Amics De Les Arts","Espècies Per Catalogar","Català","Playlist","ES61A1600603","79b3buhUoaFoz2kQRnKItu"
"Tothom es separa","Els Amics De Les Arts","Les paraules que triem no dir","Català","Playlist","ES60E2300009","3aheXEyxKjQU1SyMylcjVp"
"Jean-Luc","Els Amics De Les Arts","Bed & Breakfast","Català","Playlist","ES61A1500034","5KLRR7qPSJH4XHd6DrjOgQ"
"4-3-3","Els Amics De Les Arts","Bed & Breakfast","Català","Playlist","ES61A1500035","323PjX8cYvIP7fTistOUVZ"
"Les Meves Ex I Tu","Els Amics De Les Arts","Bed & Breakfast","Català","Playlist","ES61A1500036","2ITNSxHNBvC7sbBQ9RWGiS"
"Liverpool","Els Amics De Les Arts","Bed & Breakfast","Català","Playlist","ES61A1500037","51l7otSY2olG4YH5pfhih3"
"L'Home Que Va Matar Liberty Valance","Els Amics De Les Arts","Bed & Breakfast","Català","Playlist","ES61A1500038","5P5F52dOhBiuGnE8YgjC5n"
"La Merda Se'ns Menja","Els Amics De Les Arts","Bed & Breakfast","Català","Playlist","ES61A1500039","6oQpiKRfZ3c7doDbUo30C0"
"L'Home Que Treballa Fent De Gos","Els Amics De Les Arts","Bed & Breakfast","Català","Playlist","ES61A1500040","36yV4rgw4Gl4VCFBRCd0iM"
"Reikjavik","Els Amics De Les Arts","Bed & Breakfast","Català","Playlist","ES61A1500041","1bWvDWUcFMZTUi19arvrqa"
"Els Binocles D'en Pere","Els Amics De Les Arts","Bed & Breakfast","Català","Playlist","ES61A1500042","1FxhQC8egY4CL5285XLXPL"
"Super Bon Noi","Els Amics De Les Arts","Bed & Breakfast","Català","Playlist","ES61A1500043","1sHG0aPd6sRusxgLWcIiGN"
"Armengol","Els Amics De Les Arts","Bed & Breakfast","Català","Playlist","ES61A1500044","6FUGgjmRK5DeyS8epqk80w"
"Bed & Breakfast","Els Amics De Les Arts","Bed & Breakfast","Català","Playlist","ES61A1500045","2RojkrvIp8LmmuyX9uuWwu"
"Per Mars I Muntanyes","Els Amics De Les Arts","Bed & Breakfast","Català","Playlist","ES61A1500046","5s0FbNZxbINowp7BIiASe4"
"Amics, Tiets i Coneguts","The Tyets","Amics, Tiets i Coneguts","Català","Playlist","ES84D2100034","0rmUYtY05iEgbOoeWgxL0t"
"T'estimo Molt (Live)","Lax'n'Busto","A L'Apolo (Live)","Català","Playlist","ES5950903287","1WFtrR8vfb77y3hIoSkNh2"
"Connectats","Buhos","Connectats","Català","Playlist","ES5951906159","1vWxrsHUVcQRtfpA20NwGo"
"El Temporal","Buhos","Lluna Plena","Català","Playlist","ES5951605243","1q3kE73l75KG40R22AQYPC"
"Una Cançó Que Parla de Tu","Els Catarres","Tots Els Meus Principis","Català","Playlist","ES5951805845","3mUonXr6ECjJs2XPDYxWhG"
"Invencibles","Els Catarres","Postals","Català","Playlist","ES5951304305","42yFmT6lc2kOBqooibIX08"
"Bona Nit","Els Pets","Bondia","Català","Playlist","ES5300714486","4G9uB4lMcQRvDgtkWBsbPd"
"No vull que t'agradi aquesta cançó","Els Pets","Som","Català","Playlist","ES80A1812004","2KuzLo3h5MKhZQEjt2VbWG"
"La vida és molt avorrida sense el teu cos","Els Pets","Som","Català","Playlist","ES80A1812002","6RXC23Zrd4jEFjtXL1ZsZp"
"Blue tack","Els Pets","L’àrea petita","Català","Playlist","ES80A1303805","6qYo7Fi9sbJO8gfHe3VkDz"
"Més Que la Meva Sang","Lax'n'Busto","Qui Ets Tu?","Català","Playlist","ES5309800592","4ZKM5pGuElWso0kYdn7YXY"
"Boomerang","Manel","10 milles per veure una bona armadura","Català","Playlist","ES5151100195","0XvMkmumjGH3SamZpwt8H5"
"És Inútil Continuar","Sau","El Millor dels Millors...de Sau","Català","Playlist","ES5060620601","034Q3CNe2gZbm0nFy122Nm"
"Envia'm un Àngel","Sau","El Millor dels Millors...de Sau","Català","Playlist","ES5060620603","75HUZ2cIg02Mojty1tWiwS"
"Només Ho Faig Per Tu","Sau","El Millor dels Millors...de Sau","Català","Playlist","ES5060620711","6Z7offb3tFr7YiOTvClUlk"
"Quan Somrius - Versió 2013","Enric Verdaguer","Altres Cançons de Nadal 5","Català","Playlist","ES5951304567","2raAFye3f1k7NNRhkzqZGC"
"A Prop","Teràpia de Shock","10 Anys","Català","Playlist","ES80A1607601","3nDXsWRmEzMvVnd5UktJJG"
"Dia Gris I Trist","Fora des sembrat","...altres Herbes I Amebes...","Català","Playlist","ES5950200802","43vfYl7OQCw2ij5MOTdAci"
"El Nom Dels Estels","Fora des sembrat","...altres Herbes I Amebes...","Català","Playlist","ES5950200803","3PflYhS1mUpMQ1KYUU3hj1"
"S'espectacle (o Na Maria Del Richard's Club)","Fora des sembrat","...altres Herbes I Amebes...","Català","Playlist","ES5950200806","3f60b9NoX2AHzoZRm9ehlx"
"Mira La Mar","Fora des sembrat","Història D'un Home-llibre","Català","Playlist","ES5950200981","4GZvU7JA56KafnMU0PTA1P"
"Història d'Espanya (Explicada pels Espanyols)","Brams","Anem Tancant les Portes a la Por","Català","Playlist","TCABW1410296","7bRA9BXy3nNpTOvABDD6EM"
"Dilluns Que Ve","Brams","Tot És Possible","Català","Playlist","ES5300714964","6Fb3bkBwfzD3Wjmaj7Eke4"
"Un Secret Que T'havia de Dir","Brams","Oferta de Diàleg","Català","Playlist","ES5951103713","4ZtAHLYdlEIqrc2u55Pqfv"
"Brindis","Brams","Sempremés","Català","Playlist","ES5300510778","6UBWUXQidPYQd5ESdgCPei"
"Sóc D'un País","Brams","Tot És Possible","Català","Playlist","ES5300714963","3UlBqViLJLueYzEKw0u891"
"Avui fas anys","Dijous Paella","Dijous Paella","Català","Playlist","ES8020600297","3fRcvnxXF9OmDdepqhG3CE"
"Dijous paella","Dijous Paella","Dijous Paella","Català","Playlist","ES8020600288","0LZVfrc4kQvM7vgFl4EyXw"
"Escolta-Ho en el Vent (”Blowin' In The Wind”)","Gerard Quintana","Sense Reina Ni As","Català","Playlist","ES5950702288","4CIDXMJA74bPEwib2PDUXA"
"La Nioa Del Pais Del Nord","Gerard Quintana","Els Miralls de Dylan","Català","Playlist","ES5950200518","0BSIkGU8rg3CqC15pZNPhj"
"Aquelles Nits de Nadal","Cris Juanico","Altres Cançons de Nadal 3","Català","Playlist","ES5950501810","0NVDTpA5KfgHlqsN51rtp7"
"Els Teus Ulls Glaucs","Glaucs","Antologia","Català","Playlist","ES5950702437","7w1Qmlit4MG9SBpMpxt1Iq"
"Ho Tornaria a Fer","Glaucs","Si Vols Venir","Català","Playlist","ES80A1404005","66QTxOrhNTvZKNrjETQUkX"
"Històries Curtes","Glaucs","Antologia","Català","Playlist","ES5029601081","7GVhjbfGPVsxlg3IcNPGEx"
"Creus","Glaucs","Antologia","Català","Playlist","ES5029601078","28f640tgvJm9K17DRoQg7v"
"Miralls Trencats","Glaucs","Antologia","Català","Playlist","ES5029601080","2CXidlGWQFlpK10TcYUhaC"
"Si Véns","Ja T'ho Dire","Historia D'un Viatge","Català","Playlist","ES5950200100","2Y5p4EeVSa97QhBPaOdYAH"
"Torna, Serrallonga","Mesclat","Mesclat","Català","Playlist","ES5300203854","738JXfkPcE4BDLRvsElEG5"
"El Rei Vol Corona","Mesclat","Mesclat","Català","Playlist","ES5300203862","6rZCtMi6Q0bCHHMBSShZpI"
"Què Volen Aquesta Gent?","Mesclat","Mesclat","Català","Playlist","ES5300203859","5Br2IpV7lPc2PzOFJA81MA"
"Mesclat","Mesclat","Mesclat","Català","Playlist","ES5300203860","2Xx2W6ktjusWK3aJcSsIMD"
"Herois Del Segle XXI - Cançó exclusiva per Polseres Vermelles 2a Temporada","Miquel Abras","Herois Del Segle XXI (Cançó exclusiva per Polseres Vermelles 2a Temporada)","Català","Playlist","ES5951304311","6oQCT6e3nQpXiY7qCkoZt4"
"L'Onze de Setembre 2014 - Versió per l'Assemblea Nacional Catalana 2014","Pep Sala","Ops! Mireu què he fet","Català","Playlist","ES11B1400201","3sNqXv9Phu743irs02orT6"
"La Força de Les Armes","Pep Sala & La Banda Del Bar","Fins Que Calgui","Català","Playlist","ES5060864313","3uMLuolSMKtyDcgD4hEcEl"
"La Taverna D'Old John","Pep Sala & La Banda Del Bar","Paranys de la Memòria (Històries D'Old John) [Vol. 1]","Català","Playlist","ES5060623601","3PFOrLaHmbtncGpRicRIBM"
"La Balada de la Banda del Bar","Pep Sala & La Banda Del Bar","Fins Que Calgui","Català","Playlist","ES5060864302","5dmd2pGVoJm38Hza1dzH1n"
"Ningu Ens Moura D'aqui","Pep Sala & La Banda Del Bar","Fins Que Calgui","Català","Playlist","ES5060864303","160qcZYMSWq6bGzGFf69DF"
"El Vol de L'Home Ocell","Sangtraït","Els Senyors de Les Pedres","Català","Playlist","ES5060610804","33Hi5iQNivK6Q198d60u16"
"Somnis Entre Boires","Sangtraït","L'Últim Segell","Català","Playlist","ES5060607204","3CkuAWExqP1qYUEVibEEpg"
"El Vol de L'home Ocell - En Directe","Sangtraït","Al Palau Sant Jordi (En Directe)","Català","Playlist","ES5060603612","4qHGMnpJRCTd4R9Tma75MV"
"El Senyor de Les Pedres","Sangtraït","Els Senyors de Les Pedres","Català","Playlist","ES5060610801","001I9iXPNwN0HlHfdQjDIX"
"Freddie Memorium","Sangtraït","Entre Amics","Català","Playlist","ES5060306001","26qovMJVCe0pIVzFrdR5bP"
"La Iaia","Sangtraït","Entre Amics","Català","Playlist","ES5060306009","6TteIdtTLDwy1fQGHabV9T"
"El Far del Sud","Sopa De Cabra","Bona Nit Malparits! (En Directe)","Català","Playlist","ES5950200059","5BJUPXEuhz6jEFdvmEXdof"
"El Boig de la Ciutat","Sopa De Cabra","Bona Nit Malparits! (En Directe)","Català","Playlist","ES5950200067","53ma0qT2Ht33bsB6Z6at25"
"Els Teus Somnis","Sopa De Cabra","Plou I Fa Sol","Català","Playlist","ES5950201016","45QrLeTp1UeT8pfWPLikgB"
"L'Home Que Treballa Fent De Gos","Els Amics De Les Arts","Bed & Breakfast","Català","Playlist","ES61A1500040","4znP8CTxKfkbUEoW4ujin6"
"El teu tresor","Lluís Cartes","Camina Descalç","Català","Playlist","ES5060627206","0LeNrqXFHFbpzUn1HoFOBm"
"Puc Ser Jo","Whiskyn's","De La Nit Al Dia","Català","Playlist","ES5309800931","3uYm2b81OiVtrX8g1L1jX9"
"Sense tu","Teràpia de Shock","Escapa’t Amb Mi","Català","Playlist","ES80A0800608","3TD9R5aG9GVwOc5S9jD0lF"
"La realitat","Teràpia de Shock","Escapa’t Amb Mi","Català","Playlist","ES80A0800611","3ioqV8wXgl5L9TiHLcUfDU"
"A Fora","Whiskyn's","Bàsic","Català","Playlist","ES5300716662","7xLWIUlKvRr2GfZRKTEtcv"
"Por","Els Pets","Sol","Català","Playlist","ES5309800118","3tGRd6cUlAxnSGZ1dLXJNZ"
"Portaavions","Antònia Font","Coser I Cantar","Català","Playlist","ES5300717036","1UxMcH3EDoV5zaMUUEpBef"
"Por","Els Pets","Sol","Català","Playlist","ES5309800118","3tGRd6cUlAxnSGZ1dLXJNZ"
"Silencis","Lluís Gavaldà","Rock & Cat Més Enllà De Les Cançons","Català","Playlist","ES5950601850","07ZwZzxBHEHDA8iyceqq7r"
"Vivim la nit","Ivette Nadal","A l'esquena d'un elefant","Català","Playlist","ES80A1001303","4rDcJiz4xcvtwLK6UmcMQ0"
"Dins aquest iglú","Antònia Font","Alegria","Català","Playlist","ES5300822326","7iHsuX2jCJxuVnT1bXN03P"
"Caic","Gerard Quintana","Porca Misèria","Català","Playlist","USA560614764","5kzCaJzFMwecPoli6diEUH"
"El Senyor Del Castell","Ivette Nadal","Guerres Dolcíssimes","Català","Playlist","ESA030901405","0w1nQ3wihPWL2nPnUd3IO3"
"Fora De Temps","Ivette Nadal","Guerres Dolcíssimes","Català","Playlist","ESA030901406","5f6k1Oi2M0bGpruY9JYJlb"
"L'espantaocells","Bikimel","Stat Jònic","Català","Playlist","ES8511001360","0Gord9oaieURtOanISAaVp"
"Jo I Ningú","Els Pets","Fràgil","Català","Playlist","ES5301027527","5EtB5eXObFfbPZ3fHwfHd1"
"Camina descalç","Lluís Cartes","Camina Descalç","Català","Playlist","ES5060627201","6OH6dIxiAvVdbnv7guyAL9"
"Junts","Jofre Bardagí","Jo Faig Cançons","Català","Playlist","ES5950602091","4XpOE7LxJ17ngB8oDrPEW4"
"L'Illa","Gossos","Oxigen","Català","Playlist","ES5950702219","50iczgZuJZAmWgAHTggKQZ"
"Nits De Glòria","Gossos","Oxigen","Català","Playlist","ES5950702216","598rVhBTQv9Shh5wBmt7Gr"
"Els Teus Somnis","Sopa De Cabra","Plou i fa sol","Català","Playlist","ES5950201016","56kYW0Onbf12x8VbfmP9uX"
"Mandolines Tralarí","El Petit De Cal Eril","I Les Sargantanes Al Sol","Català","Playlist","ES40B0900003","2uZysXWaFTaECURl6U0YXs"
"Compta Amb Mi","Dept","Sensacions","Català","Playlist","ES5950201259","59QsFqJthqHp5kB8nyoJ90"
"No tinc força","Leds","Després De Tot","Català","Playlist","ES5060906112","2I0lYMO9vxJNqnORh3GQtY"
"Bruna","Kibo","Racons","Català","Playlist","ES5950903250","6IAC2shU6VHyjpbKWnpBqN"
"Tornarem","Vuit","Un dia qualsevol","Català","Playlist","ES5060913202","3xFdFA2WVxgiJV5gcbRjCi"
"El Lament","Bikimel","Stat Jònic","Català","Playlist","ES8511001357","79ItP8kAXPybAXst3iH99r"
"Sota Una Estrella","Sopa De Cabra","Bona nit malparits!","Català","Playlist","ES5950200060","125RziojXFIy69IeD2q38J"
"L'Illa","Gossos","Oxigen","Català","Playlist","ES5950702219","50iczgZuJZAmWgAHTggKQZ"
"Boig per tu","Sau","Sant Jordi, Amor I Poesia","Català","Playlist","ES5060701205","75JIqtsEdc2PPcIkJ3xAXT"
"El Meu Racó","Bikimel","Stat Jònic","Català","Playlist","ES8511001359","2P6AfBFxqSScMrUN5CpyKz"
"En Una Altra Vida","Ivette Nadal","Guerres Dolcíssimes","Català","Playlist","ESA030901407","0kTXoZZgm9dBdpt6cnFHkB"
"Un dia més","Gossos","Dia 1","Català","Playlist","ES5951003363","0inFfz2XJni4MbgjC050Wn"
"Entre Mil Vidres Trencats","Miquel Abras","Entre Mil Vidres Trencats","Català","Playlist","ES5950601950","69vtIPboYYLZx6ThBFUAjS"
"Camins","Sopa De Cabra","Plou i fa sol","Català","Playlist","ES5950200069","4wElpwdq6YwG8x6Aw5GViu"
"Tu tens","Vuit","Un dia qualsevol","Català","Playlist","ES5060913210","4LXoVVu3zIKDr0oC2QoDMg"
"Que Boig El Món","Lax'n'Busto","Objectiu la Lluna","Català","Playlist","ES5950802807","3zooLH6PcMqiGAxSfzcPDH"
"No Puc Oblidar","Lexu's","La Vida Perfecta","Català","Playlist","ES5060812509","1ZwLhSjrEsyHdTaxLQDpZV"
"Actitud","Buhos","Sempre dempeus","Català","Playlist","ES71G2412686","0lVJxMzM3RVHj3dOBKc3oq"
"Milers d'espurnes","Buhos","Milers d'espurnes","Català","Playlist","ES71G2405129","1ugY10rwQd49kAGTis19qn"
"QUE NO S'ACABI","Figa Flawas","LA CALÇOTADA","Català","Playlist","ESA092211701","6jGRVhTB3P0306pQHpFcF8"
"Queda't Així","Joan Dausà","Queda't Així","Català","Playlist","ES51G2200039","4kRf6OvAeUcomdg6EyvVLS"
"Bolero d'Olga","Gracià Pedro","Bolero d'Olga","Català","Playlist","ESA092315222","5PzaiqT51hlBzwHPBlaZhI"
"Compta amb Mi","Txarango","Som Riu","Català","Playlist","ES5301457795","3wGM9XxGu10oQUxJt0oOfT"
"Elefants","Oques Grasses","A tope amb la vida","Català","Playlist","ES11D2100566","7ffa3hboccVAKl1eCvIcyf"
"Aire Salat - Versió Duet","Jaume Busoms","Aire Salat (Versió Duet)","Català","Playlist","ES86D2000120","2ACTrPUKDB6HMfCkfpMJOm"
"Un sostre fet d'estrelles","Els Catarres","Un sostre fet d'estrelles","Català","Playlist","ES11D2301002","4sMtMRirg7rJnCfQE8YAqM"
"Fèiem l'Amor","Gracià Pedro","Avui És l'Endemà","Català","Playlist","ESA092200603","7KYVBBW1t146UZmgKJx3WN"
"De Veritat","Blaumut","De Veritat","Català","Playlist","ES5952006302","11XqjUFlr07i3NjZ2iiSzm"
"Adéu","Els Amics De Les Arts","El Senyal Que Esperaves","Català","Playlist","ES5952006296","4gMnQXV0CKSNOEiIJquXBy"
"Torna a Començar","Isaak Aguilà","Viatge D'anada I Tornada","Català","Playlist","ES56S2200076","3dDe9JhvYscbiWVTqHemt3"
"L'Endemà","Gracià Pedro","Avui És l'Endemà","Català","Playlist","ESA092200601","3id0qM88ThGEiTtN3wDfdi"
"Inventari","Pau Alabajos","Una Amable, una Trista, una Petita Pàtria","Català","Playlist","ES5061103309","7dsdGzVxkzLhVokUmF0FPB"
"Cançons Lentes","Éxtasis","Cançons Lentes","Català","Playlist","ES86D2100190","7Mx7C0DP73SGhEg8224QeF"
"Els Rosers","Gracià Pedro","Avui És l'Endemà","Català","Playlist","ESA092200600","2vCIE3nfZaaQEm7fzDPJh4"
"La República De La Tramuntana","Macaco","El Murmullo Del Fuego","Català","Playlist","ESD011200035","4mXdiFzT9nWWuiwuEDODv1"
"Tot","Isaak Aguilà","Viatge D'anada I Tornada","Català","Playlist","ES56S2200070","71lNJErmfubejyv2BDLC6E"
"Wake Up","Oques Grasses","A tope amb la vida","Català","Playlist","ES11D2100567","6zUuY5iXPw23omQZCnGnIK"
"Sagrada Família","Pau Alabajos","Les Hores Mortes","Català","Playlist","ES80A2014103","7AFuCm9YfVl1zlVlHJeGr3"
"La Petita Rambla del Poble Sec - XL","Cesk Freixas","La Petita Rambla del Poble Sec (XL)","Català","Playlist","ES17D2000980","2b8eZFIfoV68lYrVQrOzp2"
"Demà I Per Sempre","El Senyor Peix","Demà I Per Sempre","Català","Playlist","ES5062007201","76ypAwD1Dd1cA8G3USnEMz"
"Darrere la Mirada","Èxta6","Darrere la Mirada","Català","Playlist","ES80A2013806","67fWMItlttmhUIkZZxxlrk"
"Aquest Matí","Gracià Pedro","Respiració Branquial","Català","Playlist","ESA011711699","6LiT1IRFSuJpZkiyTdokn8"
"Tot Està Bé","Èxta6","Darrere la Mirada","Català","Playlist","ES80A1913803","1i501CKFNfqZ5L3CdBKu3Q"
"La Dansa del Vestit","Txarango","Benvinguts al Llarg Viatge","Català","Playlist","ES5301251461","415FshSBRtCi7GR8kE54Ob"
"Mil Ocells","Txarango","El Cor de la Terra","Català","Playlist","ES5301764258","4BMItmcmxrSvrmBnhh3tpG"
"Ja No Ens Passa","Els Amics De Les Arts","Només d'Entrar Hi Ha Sempre el Dinosaure","Català","Playlist","ES5301457915","62bn2mZWzTkTlXqjmP7bOo"
"Louisiana o Els Camps de Cotó","Els Amics De Les Arts","Espècies per Catalogar","Català","Playlist","ES5301251240","3IeZmxji42gTJ781YVezCp"
"Benvolgut","Manel","10 milles per veure una bona armadura","Català","Playlist","ES5151100192","0x9RPIsmo2mU1orXolbpEe"
"El primer arbre del bosc","Blaumut","El primer arbre del bosc","Català","Playlist","ESA031503901","5DmZgEwHSyECU8V5KO0Kve"
"Boomerang","Manel","10 milles per veure una bona armadura","Català","Playlist","ES5151100195","17BWuH6JRUNpxACYKblB8H"
"Quan Tot s'enlaira","Txarango","Benvinguts al Llarg Viatge","Català","Playlist","ES5301251451","7cFSVDWmoFTOiR5QiW6kny"
"De moment","Blaumut","El primer arbre del bosc","Català","Playlist","ESA031503911","3J9Ef1Qpo6BPwXIfaU9SHX"
"Aniversari","Manel","10 milles per veure una bona armadura","Català","Playlist","ES5151100197","1mmaYXKNMnxGgk3iHCTF9R"
"En la que el Bernat se't troba","Manel","Els Millors Professors Europeus","Català","Playlist","ES5300821807","6H86gna5KDoPurwLxb6pIV"
"Tanca els Ulls","Txarango","Tanca els Ulls","Català","Playlist","ES5301868051","2hoxBso1VWz61IB4uIrJWD"
"Cara de cul","Oques Grasses","You Poni","Català","Playlist","ES6101629102","2FFrYTZjyby3j0xaEn5RNZ"
"Ull Per Ull - Versió del Rock&Cat","Adrià Puntí","Vinc D'un Silenci Massa Curt...","Català","Playlist","ES5950601851","2Uy25KbH4TyerRTptz7AFh"
"La Vida (Entre Amics - 2013)","Bonobos","Animalànima","Català","Playlist","ES80A1404814","1fR9omxE1sYtKZJfyOjEcM"
"De Veritat","Blaumut","0001","Català","Playlist","ES5952006302","3WdvXJlBVTk2HHJ8d2LZzm"
"Tots Els Botons","Beth","Segueix-me el Fil","Català","Playlist","ES5951000791","4seYBOHaAoiocDq7CjXdO0"
"La Llibertat","Sopa De Cabra","La Gran Onada","Català","Playlist","ES51G2000002","0B7KSxXDq0A1KZRUOOCiEE"
"Semblava Que Fossis Tu","Els Amics De Les Arts","Semblava Que Fossis Tu","Català","Playlist","ES5952006294","3owV5MZQLzyaH5sSGUwL0S"
"Les meves mans","Seikos","Les meves mans","Català","Playlist","ES62D2000001","1JYrbVtUpKy69MfmhSLZCr"
"Avui Canviem el Món","Gertrudis","Avui Canviem el Món","Català","Playlist","ES51G2000010","0Qddwe9JoqTHke4OqQTe5s"
"Aquelles Tardes","Segonamà","Aquelles Tardes","Català","Playlist","ES5952006350","5y9PDS9WyuyX8mwP0RqcHO"
"Cel Estranger","Blaumut","0001","Català","Playlist","ES5952006330","3RANqu02dJlhNVcByAP898"
"Tant de bo","Suu","Tant de bo","Català","Playlist","ES11D1900261","1qeqeegbqaKGkF1xfTHoJb"
"In the night","Oques Grasses","Fans del sol","Català","Playlist","ES11D1800149","2Q9ExjJVBxSIXmuFnkt54v"
"Valentina","31 FAM","TR3TZE","Català","Playlist","ES5061808201","5bs5tYbTt8XkRKZkc2TDXd"
"Escriurem #joemcorono","Miki Núñez","Escriurem #joemcorono","Català","Playlist","ES5952006361","3UV0cJnT4bQhjQVPbn8pmb"
"Botero","Gracià Pedro","Respiració Branquial","Català","Playlist","ESA011711700","6ppWhKJNKPAqCudZT69KHA"
"Junts","Jofre Bardagí","Jo Faig Cançons","Català","Playlist","ES5950602091","4zIRuODD9LjUdBVg2Ktlab"
"Meravellós Regal","Txarango","El Cor de la Terra","Català","Playlist","ES5301764259","5h6a5zLMMm4haQkS6ytmZF"
"Amb Tu Sóc Jo","Miquel Abras","M'agrada Sentir El Que Tu Sents","Català","Playlist","ES5950802728","0T1rWuLHMAJ7LJDXbRUcxV"
"Fills del Mar","Miquel Abras","Punt de Partida","Català","Playlist","ES17D1800569","6hAqmD33XD2z7mVk0wu9wJ"
"Crema La Nit","Alfred García","1016 / El Círculo Rojo","Català","Playlist","ES5701901123","0uPnSgMNu6wOqwYQTrNHK9"
"The Bright Side","Stay Homas","The Bright Side","Català","Playlist","ES5022000398","4FT39hcPLSrP02YDBqOGLe"
"Farem que Surti el Sol","Sopa De Cabra","La Gran Onada","Català","Playlist","ES51G1900005","0rEUGnGFakwxI2LxaMx9rY"
"Desenterrar gotes d'amor","Gerard Aledo","Desenterrar gotes d'amor","Català","Playlist","ES11D2200724","5qMU796r1nDB88wRcGCCZe"
"L'altra Fase","Joan Garrido","L'altra Fase","Català","Playlist","ES5952006395","6S3f5lCYtfUChjbM41YVWQ"
"La gent que estimo","Oques Grasses","A tope amb la vida","Català","Playlist","ES11D2100573","32gDCz7vdl44dVBiApkse2"
"Millor amb tu","Marcel i Júlia","En òrbita","Català","Playlist","ES11D2100521","33eJfsJG9PmkKNMNai6ozS"
"No M'ho Esperava","Miki Núñez","Iceberg","Català","Playlist","ES5702002228","1vWvHjvmZozcUdJDGJ1K9y"
"No Vam Saber Tornar","Els Amics De Les Arts","No Vam Saber Tornar","Català","Playlist","ES5952006292","3WuUV21FU3L2TP6Yi5WZtG"
"Així I Tot","Ja T'ho Dire","Historia D'un Viatge","Català","Playlist","ES5950200097","2BDtDQhd5EmTlls0wuzW8y"
"Home Is Where the Heart Is","Ramon Mirabet","Home Is Where the Heart Is","Català","Playlist","ES5151503542","2OYc6PVjKtv6mW3qk2mvkn"
"Ara Que Ets Ocell","Miquel Abras","Ara Que Ets Ocell","Català","Playlist","ES17D2001242","2CpW6LG2qKp5wct7cyMgpr"
"Si puc (només si tu vols)","El Diluvi","Present","Català","Playlist","ES11D2200694","5G6W7fk5jzGqoSd6BZzlld"
"Barcelona Tropical","Suu","Barcelona Tropical","Català","Playlist","ES11D2100547","2ErHtz3KH5W8OEpnXFagC6"
"Lligar no és lo teu","Suu","Lligar no és lo teu","Català","Playlist","ES11D1700097","6hWht76QHRpX20mdTY5Cce"
"Una Cançó","Julen","Una Cançó","Català","Playlist","ES5952206652","3aWNzrEasuDXtqCqEpxplv"
"Com estimar","Mariona Escoda","Com estimar","Català","Playlist","ESA011531512","2rpwiKtweYYyuJUqEKvaYx"
"Supermercat","Lildami","Supermercat","Català","Playlist","ES11D2200794","1xWL9bMf3z7zBTaSv8BLOd"
"Firenze","Pau Alabajos","L'amor I la Ferocitat","Català","Playlist","ES5061505907","5kENFwxrl1ojaSDGcYq3Oh"
"Kintsugi","Pau Alabajos","Les Hores Mortes","Català","Playlist","ES80A2014101","0OpwyCZWzEmgitNjvzYOCl"
"Seguirem Ballant","Doctor Prats","Pel Cantó Bo","Català","Playlist","ES5952206710","6a2xtuMfsgEqdbaHhXCzsh"
"T'estimo Bastant","Xiula","Dintríssim","Català","Playlist","ESA011820463","5bLt6wMxwocOwXV9fNrOkA"
"Te Vendré a Cercar","Xanguito","Beix","Català","Playlist","ES17D1700265","5qJYu8e4mqAdXTl5xsHh9V"
"Quan Somrius","Josep Thió","Quan Somrius. el Millor Nadal","Català","Playlist","ES5950200914","2N17DhCeraAbluNJGwJesQ"
"Roses","Auria Franch","Roses","Català","Playlist","GX3Q92469725","5XDd03V3iYiUexQzqgkZ5K"
"Els teus ulls","Alfred García","Els teus ulls","Català","Playlist","ES5952306924","1BubwHEPWKvfjcB7GgYaJB"
"Corren","Gossos","Gossos 15 Anys a L'Auditori","Català","Playlist","ES5950802848","3AwrupwECMr3H41QrxEqKR"
"El Tren De Mitjanit","Sau","El Mes Gran Dels Pecadors","Català","Playlist","","1TLNtRWJcifDoyBEQOALLh"
"Tens Un Amic","Ràdio Hits","Èxits En Català","Català","Playlist","ES5060862104","4IzC1OcC8wxcBEmtN8YcoD"
"Bon dia","Els Pets","Rock & Cat Més Enllà De Les Cançons","Català","Playlist","ES5950601852","1wS9Fh0T9BPmb4kpQa52EG"
"L'empordà","Sopa De Cabra","Rock & Cat Més Enllà De Les Cançons","Català","Playlist","ES5950200399","54gSy29f3JqayWXkKlHfUi"
"Que Tinguem Sort","Dani Flaco","En Català","Català","Playlist","ES7330600108","67gBrfXfQeaMG5NRu1b5Gq"
"No És Nou (Nacho Chapado Love Dogs Remix)","Gossos / Beth","Remixes Global 06 En Català","Català","Playlist","ES5950501856","7yRNrhrPw9CRj1fYbEuh0b"
"La Flama","Obrint Pas","La Flama","Català","Playlist","ES8020600127","0R1dlMORh6eVjwVV8ZCA08"
"Al mar!","Manel","Els Millors Professors Europeus","Català","Playlist","ES5151100934","6TPBALgLTGIthwdYi4WIGe"
"Pau","Els Pets","Agost","Català","Playlist","ES5300407655","0DiYxE4c66yPMHgEpD1qt6"
"Caic","Gerard Quintana","Les Claus de Sal","Català","Playlist","ES5950401586","6RWLB1cGqbPycWZgl6fX9v"
"Músic de Carrer","Txarango","Som Riu","Català","Playlist","ES5301457793","5Eor8sbZNUxwd3GFZiFfQw"
"Fins Que Arribi L'alba","Els Catarres","Fins Que Arribi L'alba","Català","Playlist","ES5951805844","2uSdiVnNcFFGI8oCn8XAtX"
"Que Tot et Vagi Bé","Txarango","El Cor de la Terra","Català","Playlist","ES5301764264","5zjh95AOH9pcDRu5IrnJRP"
"Som Foc","Txarango","El Cor de la Terra","Català","Playlist","ES5301764257","0Ts9pYRmCiyAEF1yqNtgfa"
"Sota la Llum del Sol","Els Catarres","Big Bang","Català","Playlist","ES5951504938","0YodSfteVFkfxghOFwtZwT"
"El Setge","Els Catarres","Big Bang","Català","Playlist","ES5951504945","4tm8KmXfTiHtAKHrhChHQ7"
"Seguirem Lluitant","Els Catarres","Postals","Català","Playlist","ES5951304307","5SJ0LoA6Nwul2fgXtj3TvY"
"Una Lluna a l'Aigua","Txarango","Una Lluna a l'Aigua","Català","Playlist","ES5301764255","0g74iBrYqT1L67KTtUJMaT"
"Quan caminàvem","Aspencat","Essència","Català","Playlist","GB5EA1300577","3dx71UjqkLL9RuMCSQciFa"
"Correfoc","ZOO","Raval","Català","Playlist","ES8021700050","5zAnwhgWdOy3lPwCB5DslU"
"Qualsevol nit pot sortir el sol","Sisa","Qualsevol Nit Pot Sortir El Sol","Català","Playlist","ES6100618208","0bc5LmSoDEy3DVw4T1QV5p"
"Viu-La","Filippo Landini","Primer Primera","Català","Playlist","ES5300826282","4UDgKbZ6Ijs2PS2NNGrJmj"
"Tot Està per Fer","Acció","Tot Està per Fer","Català","Playlist","ES80A1506501","17IrhV0fINXu3GCA3Ssz4Y"
"Seguirem Somniant - Inèdita","Sopa De Cabra","Les Millors Cançons (En Directe)","Català","Playlist","ES5950602129","4IcWi1ZV4LLYpTukkjcgBc"
"Tant de Bo","Txarango","Som Riu","Català","Playlist","ES5301457804","3tQpxITA91y3rJY5z7O3QU"
"Sta guai","Oques Grasses","Fans del sol","Català","Playlist","ES11D1800148","7i7WjK294klUzNjPGIgiyI"
"La Nit No Em Fallarà","Siderland","La Nit No Em Fallarà","Català","Playlist","ES21S1900048","30msL4DDoSP0ZemAQvyIhT"
"En Tres Minuts - Remastered","Manu Guix","En Tres Minuts (Remastered)","Català","Playlist","ES52G1600352","3TjBk7WMArCTgt4ri6wBI8"
"Cançons Lentes","Èxta6","Darrere la Mirada","Català","Playlist","ES80A1913802","3s6MFZ7c8d5QowgAb9byUf"
"Les coses senzilles","Txarango","De vent i ales","Català","Playlist","ES11D2000386","2krEXlkVN5D301UDQot82t"
"A la deriva","Txarango","De vent i ales","Català","Playlist","ES11D2000383","35OtRBOdzCjBVx1Rdn5UNw"
"Torno a ser jo","Oques Grasses","Fans del sol","Català","Playlist","ES11D1800150","5j3fnsOb6qydXTOkBII8Tm"
"Tarragona M'esborrona","Els Pets","Bàsic","Català","Playlist","ES5300716634","6oBjGlYqPrrTz9Yb012edB"
"Jo Vull Ser Rei","Els Pets","Bàsic","Català","Playlist","ES5300716643","1Kiy2wACpPKHgofUxt1Y6t"
"Últim Ball","Gertrudis","Ara Volo Alt","Català","Playlist","ES51G1600002","7D8TWo215drKqKLHNSQXSX"
"L'estiu és Llibertat","Buhos","La Gran Vida","Català","Playlist","ES5951805835","6M1KFYAcHMrRGZw1WPW3Vs"
"Lligar no és lo teu","Suu","Natural","Català","Playlist","ES11D1700097","75i0xSwWwRoaKX43NGokyo"
"Gat Rumberu","La Pegatina","Via Mandarina","Català","Playlist","ES7310900003","5Lf6RG1wOomzOZLYZuB3XK"
"Apropa't","Itaca Band","La Lengua de los Pájaros","Català","Playlist","ES11D1800165","31tUlKsxFexxWa8VAZyAQ0"
"Com si no hi hagués demà","Itaca Band","La Lengua de los Pájaros","Català","Playlist","ES11D1700102","4Zs08WzR1Y4yv7Seqz7YNO"
"Cul","Oques Grasses","Un dia no sé com","Català","Playlist","ESA011303098","5XQAGMtbOnraTYJjSerHmn"
"Ara (Les Merdes II)","Stay Homas","Agua","Català","Playlist","ES11D2000466","5Fw3nLHe7yakWkxX76T7C2"
"Txarango al Canet Rock","The Tyets","El Pipeig","Català","Playlist","ES84D2000049","6bZ8H2j6MdrXYicMbfaUew"
"Cap. 2: Havia de passar (feat. The Tyets)","La Fúmiga","Cap. 2: Havia de passar (feat. The Tyets)","Català","Playlist","ES11D2000415","6rWIGRZVT5fdI2xhlMq9Ai"
"Milionària","ROSALÍA","Fucking Money Man","Català","Playlist","USSM11904174","2K3bjojp1sCLdMMoO5lJ2p"
"DIABLA","Figa Flawas","LA CALÇOTADA","Català","Playlist","ES11D2300903","5zfVQFZ6T20uTip2mti2pn"
"MUSSEGU","Figa Flawas","LA CALÇOTADA","Català","Playlist","ES11D2300876","1S8Cu24XXELLe4g4Hgz2m2"
"4 KISSUS","Figa Flawas","LA CALÇOTADA","Català","Playlist","ES11D2301045","3jxYfL3JImYgVYUwDgSueU"
"COM EL DIA I LA NIT","Oques Grasses","Fruit del Deliri","Català","Playlist","ES71G2406646","4oITtKgZh6lPRM1JSEb4sX"
"JUBILAR-ME","Oques Grasses","Fruit del Deliri","Català","Playlist","ES71G2406648","5NnVYDzchKktmiDCGZgvtd"
"MOLTA TRALLA","Oques Grasses","Fruit del Deliri","Català","Playlist","ES71G2406649","3WqsYnIplEVhnsPp9oUnIf"
"Èpic Solete","The Tyets","Èpic Solete","Català","Playlist","ES84D2300008","0WkgubhQqDmVDat3seOuQB"
"et vull x sempre","JULS","et vull x sempre","Català","Playlist","QZWFM2337253","4R1yAJ5vuJJJ8evjrB9rWg"
"Mai Més","JULS","Mai Més","Català","Playlist","QZDA52426254","3ywzBQ3uB0w0xO3re8TTQE"
"Cari","Julieta","5AM","Català","Playlist","QM4TX2348151","6mLPkvnKqIuFZRl3dtIPxq"
"Ja No Fa Mal","La Fúmiga","Fotosíntesi","Català","Playlist","ES11D2100582","1cIiGsppYv1pkDPfcuIkDA"
"PETONS","Stay Homas","HOMAS","Català","Playlist","ES11D2300906","4rn3il95GKNJ1HCOz9ZN4K"
"Les Teves Pigues","Doctor Prats","Venim de Lluny","Català","Playlist","ES5951805916","26lEECCpxSARDo4aDLuJPc"
"Wake Up","Oques Grasses","A Tope amb la Vida","Català","Playlist","ES11D2100567","2jFX7KfdsikRQRzdqKGvqw"
"Fullar sempre","Oques Grasses","You Poni","Català","Playlist","ES6101629103","2ud3FzT13glRPIp2p6fgd6"
"Lamine Yamal","Sexenni","Joc de nens","Català","Playlist","ES5062500104","6WL39rlC5iLZKwa4BfCmXA"
"Si ho deixéssim tot","The Tyets","Si ho deixéssim tot","Català","Playlist","ES84D2500013","1mCKeztD2s1FJLRAWw1xVk"
"Cafè pels més cafeteros","The Tyets","Cafè pels més cafeteros","Català","Playlist","ES84D2500015","4w04fsMYukU7TUutzBmIeD"
"Fa Dies","The Tyets","Cafè pels més cafeteros","Català","Playlist","ES84D2400039","5yNlI0mOTg9qOfZ3Ryyjva"
"Esbarzers","La Gossa Sorda","La Polseguera","Català","Playlist","ES8241427204","7tiu52iT5YeFY7QhOCpmOs"
"Cul","Oques Grasses","Un dia no sé com","Català","Playlist","ESA011303098","5Jk9ijZSVa8Z2Xr07hpuBR"
"Rumba catalana","Alfred García","T'estimo es te quiero","Català","Playlist","ES5952407045","3fskayJqrK1G9Cg8iZbIUQ"
"L'estaca","Lluis Llach","Les Seves Primeres Cançons","Català","Playlist","ES5060702507","6V6p3kX685TlL51aeSgzpa"
"Senyoreta","Indie Pop Velvet","Indie Pop en Català","Català","Playlist","QT3EZ2534179","1DFdQ5hjZcEDeDAW4L1Puq"
"Truca'm","Joan Dausà","Jo Mai Mai","Català","Playlist","ES6101129405","7AKvMxA16IYVt9i0jsJHKz"
"Ja No Ens Passa","Els Amics De Les Arts","Només d'Entrar Hi Ha Sempre el Dinosaure","Català","Playlist","FR2X41900726","6z3NB9O0qa1dVx7rMB9ygm"
"Senyoreta 2","Indie Pop Velvet","Indie Pop en Català","Català","Playlist","QT3EZ2534180","7fAU3BMRKOlo0z8uoZZvs3"
"Cada Cop Que Rius - Acustic","Strombers","Cada Cop Que Rius (Acustic)","Català","Playlist","ES71G2054565","7I0jyc1Uom6BeTBpNPcR3F"
"Nomes el Cel","Sergi Boal","Nomes el Cel","Català","Playlist","FR59R2642834","6haPvbVpDZNaGzzTFU8VE0"
"Final Feliç","Joan Miquel Oliver","Bombon Mallorquin","Català","Playlist","ES8570752504","79VZJbDYiJ48yqLECDknjQ"
"Fer Camí","Alicia Rey","Fer Camí","Català","Playlist","ES5952106508","4nOCcVChsmzvvWUfK0aYHm"
"Serem l'aire","Gerard Aledo","Serem l'aire","Català","Playlist","ES11D2000370","4b8OPPZmJZ7uR6DhtXgPbn"
"Cada Cop","Buhos","El Dia de la Victòria","Català","Playlist","ES5952006433","6iHg53sp2cNHcAoyf45nvy"
"Anna","Gerard Aledo","Obrint els ulls","Català","Playlist","ES11D2000371","7x3UayvLWwwy27PKFMjldF"
"No Puc Oblidar","Lexu's","La Vida Perfecta","Català","Playlist","ES5060812509","3cR9MVx9ciLkGQaIgQQasH"
"El senyor del castell","Ivette Nadal","Guerres dolcíssimes","Català","Playlist","ES08C0800514","78ubxdf2tWrRYN1g21rqLo"
"Tot és més fàcil","Sara Roy","(A)MAR","Català","Playlist","ES11D2100540","6e9NSzjvwp6Bntmm9mxAJv"
"Aire","Èxta6","Darrere la Mirada","Català","Playlist","ES80A2013808","1SkV8EBcdTsEPeDSINRvyd"
"Sempre Balla","Txarango","Benvinguts al Llarg Viatge","Català","Playlist","ES5301251458","5GgYjkFIWJfVhYXLEqlax4"
"Les coses senzilles (feat. Ramon Mirabet)","Txarango","El Gran Ball","Català","Playlist","ES11D2100519","2Se7qwTRPrg4CvY2m3at7O"
"Que Et Vagi Bé","Manel Navarro","Que Et Vagi Bé","Català","Playlist","ES5952006424","2U7rSgx1jp2qchKScZ8tNq"
"Que No Et Falli Mai la Sort","Cesk Freixas","Tocats pel Foc","Català","Playlist","FR2X41742455","2Os0UGGN8J25NynuJwPBaV"
"Tu Tens","Vuit","Un Dia Qualsevol","Català","Playlist","ES5060913210","3AqKiJ94Duwaug7uV23oAs"
"Ja Saps Com Sóc","Júlia Blum","Ja Saps Com Sóc","Català","Playlist","ES5062100301","5Vpt77dzFOrkxyhRyI9p40"
"Ales en Sang","Èric Vinaixa","La Famosa Gemma de Galveston (Bonus Version)","Català","Playlist","ES5061003906","0RMWZsKDekhzqrPHI2ZiXM"
"Aquest Cop","Èxta6","Viure Ràpid","Català","Playlist","ES80A1709205","1jQ9HZrDFpThS7WF7I8NT4"
"En una altra vida","Ivette Nadal","Guerres dolcíssimes","Català","Playlist","ES08C0800516","4dTQ6wQYUXUXHVoAlvLyYj"
"Que tinguem sort","Lluis Llach","I si canto trist","Català","Playlist","ES5079100044","6Ss2hzEaDrOTh9CBuWNUrp"
"Cançó per tu","Massaviu","Dies de Sol","Català","Playlist","QZFZ21923275","6MXFY1dvJQNIhuzFTJUPpW"
"Volves de neu","Smoking Souls","Translúcid","Català","Playlist","ES8021900317","4nqNtjwntlsHknfP4ICtbP"
"Un Dia Més","Gossos","Dia 1","Català","Playlist","ES5951003363","6ucbBL3k6i4g0t5EJxYt6t"
"Camina Descalç","Lluís Cartes","Camina Descalç","Català","Playlist","ES5060627201","2ELlJkQDPUDe21PtXRVs20"
"Entre Mil Vidres Trencats","Miquel Abras","Entre Mil Vidres Trencats","Català","Playlist","ES5950601950","6wiGPj3JrNUBsHToywAwDO"
"Santa Nit","Damià Olivella","Un Nou Sentit","Català","Playlist","ES7581210046","5TlxsMyaknPZ6ooU3EjIPq"
"Vencerem","Pau Alabajos","Les Hores Mortes","Català","Playlist","ES80A2014102","4p1VqJIKkRYFnIwELlGh9F"
"Futur Incert","Sanjosex","Al Marge d'un Camí","Català","Playlist","ES40B1000002","4aUZov0tM1QD0mLX04GlQl"
"El Món en un Cafè","Quart Primera","El Món en un Cafè","Català","Playlist","ES6101027707","0Uu1TW6dGg0z0G3DC2faLe"
"Aniversari","Manel","10 milles per veure una bona armadura","Català","Playlist","ES5151100197","3rn7vtyiRGTexwbkYfnEn9"
"Fes-me petons","Manel","Atletes, baixin de l'escenari","Català","Playlist","ES5151300379","77zkT3VC7TfJghdINEBLp3"
"Navegants","Les Montses","Papallones Al Cap","Català","Playlist","ES09C1900076","09gi5cFF15CWlsfNONPyvq"
"Famílies","Lavanda","Famílies","Català","Playlist","QM7282077011","7wiQi3cgzSTBiqIpcQk6gt"
"Res Tornarà a Ser Igual (Polseres Vermelles 2a Temporada)","Gossos","Res Tornarà a Ser Igual (Polseres Vermelles 2a Temporada)","Català","Playlist","ES5951304255","4ccVfWlXi396a2fkvT9PJ6"
"Que Boig El Món","Lax'n'Busto","Objectiu: La Lluna","Català","Playlist","ES5950802807","1wCQ4n39sZCvBkPm7zj2W4"
"Voler L'Impossible","Cesk Freixas","Memòria","Català","Playlist","ES17D2101295","629XiFfrPY3br648xFHz1W"
"País petit","Lluis Llach","Verges 50","Català","Playlist","ES34B0900023","1Ucj967zGgwoSEPCqlzQRJ"
"Com la lluna mirant-te des de lluny","Indie Pop Velvet","Indie Pop en Català","Català","Playlist","QT3EZ2534181","3A8mFPjim9oBg36bQoDF5g"
"Sóc Català, El Meu Cor És Lliure","Indie Pop Velvet","Indie Pop en Català","Català","Playlist","QT3EZ2534182","2eI95BCyIDFbuU5ovSQ81x"
"Demano Somnis","Indie Pop Velvet","Indie Pop en Català","Català","Playlist","QT3EZ2534184","6zWafvX5ZnwezirHyNFui5"
"Hi Ha Batalles","Indie Pop Velvet","Indie Pop en Català","Català","Playlist","QT3EZ2534185","58xjDKpxdk4QEUP0lAlpxW"
"Intentant Trobar La Sortida","Indie Pop Velvet","Indie Pop en Català","Català","Playlist","QT3EZ2534186","75LdIMmiolQzfkqo4DN82i"
"Vaixell Sense Rumb","Indie Pop Velvet","Indie Pop en Català","Català","Playlist","QT3EZ2534187","48CMZa5tvnAqx2Xm4E6npI"
"Tots Els Meus Somnis","Indie Pop Velvet","Indie Pop en Català","Català","Playlist","QT3EZ2534188","4roKenOfu1IG3QQfJ8CsNA"
"Més Malament","Indie Pop Velvet","Indie Pop en Català","Català","Playlist","QT3EZ2534189","6pq7GuPbsKAn4IqLXxj0BB"
"Més Malament 2","Indie Pop Velvet","Indie Pop en Català","Català","Playlist","QT3EZ2534190","7gNo8etq4TfFcQS6J9eQ0v"
"Quan tot s'enlaira","Txarango","Benvinguts al llarg viatge","Català","Playlist","ES5301251451","3kbxEJZxJYOtw8rYEmy4p3"
"Univers","Ferran Palau","Kevin","Català","Playlist","QM6N21973297","6bx4OZkmaL3HkBawBXjpl4"
"El Cim","MAER","Llunàtics Ambulants","Català","Playlist","ES52G2300043","1cAHjw3lBM4nB5qWQP57eT"
"Truca'm","Joan Dausà","Jo Mai Mai","Català","Playlist","ES6101129405","4eoqEV6V0zXTfxvp5QEPBC"
"Viure Sense Tu","Antònia Font","Antònia Font","Català","Playlist","ES8570732603","6t18lS4oVhqSgPTBAB1QES"
"Ai, Dolors","Manel","Els Millors Professors Europeus","Català","Playlist","ES5300821809","0Glt1F8CjYER9OksWxUTVv"
"La cançó del soldadet","Manel","10 milles per veure una bona armadura","Català","Playlist","ES5151100193","68OkUpUP90lHzv2EPRbE3p"
"La dansa del vestit","Txarango","Benvinguts al llarg viatge","Català","Playlist","ES5301251461","4cNIHzm8lHgUlBFJMftXYA"
"El miquel i l'Olga tornen","Manel","10 milles per veure una bona armadura","Català","Playlist","ES5151100200","2IeIckLDdKO7lVlIrOuXhf"
"El Far del Sud","Sopa De Cabra","Nou","Català","Playlist","ES5950200059","2TUeogCC2yzy2yN6QRJ8bd"
"Vespre","Els Pets","Els Pets","Català","Playlist","ES5309800566","4P9fsKZpfOWmYG4GMbkbYh"
"Desenfocat","MAER","Llunàtics Ambulants","Català","Playlist","ES52G2300044","2noEJamnXSpPrlDCtA85Dt"
"Si Et Quedes amb Mi","Sopa De Cabra","Dies de Carretera","Català","Playlist","ES5250002508","6z8oPcLH9Wyd7X5TRq8Vt2"
"Mort d'un heroi romàntic","Manel","Atletes, baixin de l'escenari","Català","Playlist","ES5151300374","2AKnsRHRxIoYMlV1aOfhSW"
"Podré Tornar Enrere","Sopa De Cabra","Les Millors Cançons (En Directe)","Català","Playlist","ES5950200395","0csh3ZRxU4bCXs9eD4HgcG"
"Je t'aime","Anna Roig i L’ombre de ton chien","Anna Roig i L’ombre de ton chien","Català","Playlist","ES6100926102","0s84gp2a6L2oKRvoAUZUAm"
"Caure No Feia Mal (with Santi Balmes)","Joan Dausà","Ara Som Gegants","Català","Playlist","ES51G1800004","56kl39mP1eo6ZcmJaiC2RS"
"Metres per segon","Da Souza","Salsa agredolça","Català","Playlist","ES09S1900467","3q5zVNUXgR3BUjFHiZAIfX"
"Kilòmetre 3","Ginestà","Ginestà","Català","Playlist","ES7311900099","595f4KQIc4EelsDYAy7CPy"
"Serà un abisme","Ferran Palau","Blanc","Català","Playlist","QM6P41764150","3aOOrqZAsM5v8x21aWpfJI"
"Tant de bo","Txarango","Som Riu","Català","Playlist","ES5301457804","3oN46xEETuAIo8WoG8watO"
"Declaració De Principis","La iaia","Les Ratlles Del Banyador","Català","Playlist","ES5951103760","5Fyer3Bfi1oRz43IZ81atV"
"Amb tot","El Petit De Cal Eril","La figura del buit","Català","Playlist","ES40B1300002","07FzVa6sw5CJhpRV0Bef42"
"Batega","Txarango","Som Riu","Català","Playlist","ES5301457800","4Jn1yhb0eMiS1MVs5KsNOb"
"Quan tot hagi acabat","Gerard Aledo","Quan tot hagi acabat","Català","Playlist","ES11D2000338","6jc6CKRA8YRcTEOhM0Stfl"
"Àngel de la guarda","Le Terrier","Àngel de la guarda","Català","Playlist","QZDA82087717","6IbcFkbIMZ3ONlNnKyYXxP"
"Espigues d'Or","EBRI KNIGHT","Foc!","Català","Playlist","ES8241554713","0eqQTAhbKMXUpQ4bIxDu6S"
"Al Final Tot Anirà Bé","Doctor Prats","Venim de Lluny","Català","Playlist","ES5951805913","6Uq9p5eAhwWPt9rL12mY57"
"Avui l'únic que vull","Pau Vallvé","Abisme cavall hivern primavera i tornar","Català","Playlist","ES52G1700388","4TAM0Z8uAOQ3zqkQH6htFG"
"L'illa","Gossos","Oxigen","Català","Playlist","ES5950702219","7IDniPRzZyBubXhiRr2a25"
"Deixa","Oques Grasses","Fans del sol","Català","Playlist","ES11D1800153","7yN1noFdDEzHzybPeuv2RZ"
"Nevar a València","Tardor","Patraix","Català","Playlist","GB5EA1704015","7H6X5eL9uOhjQmvLHHaxr4"
"Aquest Matí","MAER","Llunàtics Ambulants","Català","Playlist","ES52G2300046","68kuEqU3jP9K0j8vcZkffg"
"No He Nascut Per Militar","Sau","Bàsic","Català","Playlist","ES5060603502","6mEtmfIacpAYRvU6rxg89i"
"La millor flor del balcó","La iaia","Tornar a ser u","Català","Playlist","ES52G1700417","2EJ03XhGW1hOCtjvUldF2z"
"Som transparents","El Petit De Cal Eril","△","Català","Playlist","ES40B1800002","2KvGEnHvaCH7Es3qL3LmET"
"Cel clar","Ferran Palau","Cel clar","Català","Playlist","QM4TX2096437","5Tb3zT9vHrKVLcJaH2sru5"
"Agost","Els Pets","Agost","Català","Playlist","ES5300407654","05cL2TWpCIRtF601wHUCO7"
"Calgary 88","Antònia Font","Lamparetes","Català","Playlist","ES21I1100007","3JVnENbLG8glzbsHipzO2K"
"Llunàtics Ambulants","MAER","Llunàtics Ambulants","Català","Playlist","ES52G2300045","1W5qpYVFVbtD3VfIimBUjz"
"Déja-Vu","Els Amics De Les Arts","Bed & Breakfast (Edició Especial)","Català","Playlist","ES61A1500047","7kZoPysLuNg0YAfEPYB7DJ"
"T'estimo","Belén Aguilera","Como Ves, No Siempre He Sido Mía...","Català","Playlist","ES71G1941341","70hnZ6l7yowwMFeOUmu2hK"
"Quan ens tornem a abraçar (des de casa)","Xavi Sarrià","Quan ens tornem a abraçar (des de casa)","Català","Playlist","ES8022000214","4RQzTrUzrYm9DJ5bPp2uMn"
"sol","xicu","sol","Català","Playlist","ES6102122504","2d7tlqzWe9GmRuMiS5BUPW"
"Dies D'estiu","Ariox","Dies D'estiu","Català","Playlist","QZHZ62021618","5TahPYaHH5Wz3mASGk1c4w"
"El Senyor Fleming","MAER","Llunàtics Ambulants","Català","Playlist","ES52G2300047","0cFoW7ZyiJdEsDXIsCFkbc"
"Mirant al cel","Agatha K","Mirant al cel","Català","Playlist","ES75E2410071","1zKP0olXEE6EK5kjGrCkzV"
"Riu Avall","MAER","Riu Avall","Català","Playlist","ES52G2300056","7o6UKXxDspnRcujv43incE"
"Camals Mullats","La Gossa Sorda","Saó","Català","Playlist","ES8240803605","67UBfh8VMGQTCRGGFCMnik"
"Rock & Roll","Els Catarres","Postals","Català","Playlist","ES5951304302","0baUWE0swA0J5OP5c0vAHs"
"Res Tornarà a Ser Igual","Gossos","Batecs","Català","Playlist","ES5951304341","1oSRKpUc9x3pIiabWnxD4I"
"Tant de bo","Txarango","Som Riu","Català","Playlist","ES5301457804","6yYixGuDpcet4EsDQf3SeH"
"Pol Petit","N'Gai N'Gai","Barres I Birres","Català","Playlist","ES5300409001","1JKXGIm7yjmmaAs88wexnR"
"Benvinguts","Txarango","Benvinguts al llarg viatge","Català","Playlist","ES5301251448","7I26Ap0cnJskWuaCaFJjW8"
"Em dones força (feat. La Escolanía de Montserrat)","Sergio Dalma","Todo Vía Dalma","Català","Playlist","ES5151102383","6ny4YGCrpzFrXzXgKd31Tu"
"Amagada Primavera","Txarango","Benvinguts al Llarg Viatge","Català","Playlist","ES5301251450","3xWjpBGU69S1D6QMvh1L8k"
"Tokyo","Els Catarres","Postals","Català","Playlist","ES5951304299","0pktk1OOeJBEbWrqKB2cEs"
"El Meu Avi","Els Pescadors De L'escala","Entre Xarxes I Cançons","Català","Playlist","ES5060501213","3oVKaYv3ooA9RKMmHh8rgI"
"En Peu de Guerra","Els Catarres","Big Bang","Català","Playlist","ES5951504936","54dBWgkB70BAinfPQzr1cK"
"El Far del Sud","Sopa De Cabra","Nou","Català","Playlist","ES5950200059","2nZ2shb6iuB1vzoV2mFMxf"
"Avui Va De Bo","Anegats","Paraules","Català","Playlist","ES8570753610","0BkB8cvvkMfrwHr3ah6Hho"
"Cada Nit (Live) - En Directe","Anegats","Brou - Es Directe (Live)","Català","Playlist","ES8570762114","2ZkV7emwnkSn7ruh2Lbcex"
"Es missatge és clar","Anegats","Illenc","Català","Playlist","ES8570737903","620jpzEDYSqPOwBTnWaqfc"
"Vacasiones a Mallorca","Ossifar","20 Anys 50 Cansiones","Català","Playlist","ES8570757405","5upIGv8HJ1pFRSBochcHcg"
"En s'estiu","Antònia Font","Antònia Font","Català","Playlist","ES8570732605","5dpoGuFGb01syYB4ZXcgk8"
"Tramuntana (Live) - En Directe","Anegats","Brou - Es Directe (Live)","Català","Playlist","ES8570762104","4bwz1Z1j5As9chALLuoEds"
"Mai Trobaràs","Sopa De Cabra","Dies de Carretera","Català","Playlist","ES5250002510","7mkoPXYGglz7c7Q3gpGirL"
"Pa Amb Oli Nacional","Ocults","Bàsic","Català","Playlist","ES8570747302","4Fw8TocGKhHwTG92dpKPYP"
"Sa porsella i es sivil (en directe)","Ossifar","En Directe","Català","Playlist","ES8570711005","2buNZ39i4p7O9H0boaiY8d"
"Paraula (Live) - En Directe","Anegats","Brou - Es Directe (Live)","Català","Playlist","ES8570762112","0xDqo5W11aGa37lIcIklNv"
"Wa Yeah!","Antònia Font","Batiscafo Katiuscas","Català","Playlist","ES5300611819","0BPIknt0SyI873a6N5QDBI"
"L'amo en Pep de sa Sínia (en directe)","Ossifar","En Directe","Català","Playlist","ES8570711011","6IabA1sbzXWGSCf72onenM"
"Me Sobren Paraules","Antònia Font","Lamparetes","Català","Playlist","ES21I1100001","0HHuNEwFNbbbSWEKn8FAkk"
"Un Minut Estroboscòpica","Antònia Font","Un minut estroboscòpica","Català","Playlist","ES66S2100068","2tqVxiv5vBHs8bT83VisSJ"
"Oh la la","Antònia Font","Un minut estroboscòpica","Català","Playlist","ES66S2100069","1viuuuIRWtYP5Chx6MBpDD"
"wa yeah!","Antònia Font","Coser I Cantar","Català","Playlist","ES5300717028","4W8EolcA3IJC5SBGFcNYfY"
"Wa yeah! - En Directe 3Cat","Lluís Sánchez","Wa yeah! (En Directe 3Cat)","Català","Playlist","ES6092400601","17xWsp3CprmvEkA6JAFDoR"
"Sa Vida Passa","Antònia Font","Antònia Font","Català","Playlist","ES8570732613","0guaK8lmMF2CWZdMkRmlhq"
"La Balanguera","Maria del Mar Bonet","Bellver","Català","Playlist","ES5060918514","6MZiF6d6gTOwG9hWmB05Eh"
"S'Univers És una Festa","Antònia Font","Antònia Font","Català","Playlist","ES8570732604","3EyccmS6MKX0Wjjo6UwKIG"
"Caramel·let","Antònia Font","Un minut estroboscòpica","Català","Playlist","ES66S2100075","1Y5oOuO76UweG42A5f9uC7"
"Fent voltes per Palma","Xanguito","Fent voltes per Palma","Català","Playlist","ES71G2405189","4o74SiK7fhERbirZYnVCJF"
"La Canción Del Verano","OR (O-ERRA)","La Canción Del Verano","Català","Playlist","ES8572204401","0u7LrzUXLKr12MF1zTDRfK"
"Jirafa Pirulo","David Ordinas","Jirafa Pirulo","Català","Playlist","QZNWX2472155","0cOU1CeUbw8WnzfPUAsunz"
"TOCA","Oques Grasses","Fruit del Deliri","Català","Playlist","ES71G2406652","62E6Lo5E3E3y21oQqPwdpD"
"Milions D'Estrelles","Xanguito","Milions D'Estrelles","Català","Playlist","ES17D2001024","2LAuBXg68LrTDr9UGKmybm"
"Tu d'on véns?","CABOT","Ofici","Català","Playlist","ES8572076501","0388AUUEkbfVL5yaikALbn"
"S'Arquitecte","CABOT","Ofici","Català","Playlist","ES8572176503","6LFbVq8EKXKbD9EfgTGxTC"
"Bamboo","Antònia Font","Batiscafo Katiuscas","Català","Playlist","ES5300611827","3qvipkgdU4RpbQseegta8v"
"Història d'estiu","CABOT","Ofici","Català","Playlist","ES8572076502","0MATKdXNqH7cmR0TsYE9Db"
"Llaüt","CABOT","Ses mogudes que duc dins es cap","Català","Playlist","ES8572510901","3Ag7Al78PrTSzgtrMUZV4J"
"Es concert","CABOT","Ofici","Català","Playlist","ES8572276506","1A6b0VuT9m3DVkoQniRhQb"
"Islas Baleares","Antònia Font","Lamparetes","Català","Playlist","ES21I1100003","1jbnamXv1skDSXsg8TC3Ao"
"Tramuntana","Anegats","Mons Diferents","Català","Playlist","ES8570740702","6vooRekzb25vJEoSJIaNaI"
"Se'ns Ha Fet Tard","CABOT","Llengües","Català","Playlist","ES8571871504","5roplr0EIYpLPW1NMRVraM"
"Llengües","CABOT","Llengües","Català","Playlist","ES8571871501","6sXYAgN5DA3wHRNqWORbZq"
"TOT","Xanguito","EUFÒRIA","Català","Playlist","ES11D2200776","5joNi8vSe34F6Aadp9QMWY"
"La Canción Del Verano","OR (O-ERRA)","Focs Artificials","Català","Playlist","ES8572204401","2qMV5rRYKof93Sl3dFhI5X"
"Purpurina","OR (O-ERRA)","Purpurina","Català","Playlist","ES8572408702","6GsBFtwpcQ8wItC3wZbHTu"
"Cada nit","Anegats","Mons Diferents","Català","Playlist","ES8570740703","0nmWetPONCq8SLUmEHofvi"
"Com?","CABOT","Ses mogudes que duc dins es cap","Català","Playlist","ES8572584101","7eaFql9x28olLMwo1wDKv9"
"Fent voltes per Palma","Xanguito","Bon Rotllo","Català","Playlist","ES71G2405189","5s0N9Zoh2whYUuhXapWmBO"
"El dimoni dins jo","Tomeu Penya","Antologia","Català","Playlist","ES8570719604","1VqYuMjtMvcUgbqIyY4Gdr"
"Illes Dins d'un Riu","Tomeu Penya","Una Aclucada d'Ull","Català","Playlist","ES8570708607","3fPuZeRTy3dpNxRg7DFWNq"
"Camins","Sopa De Cabra","Plou I Fa Sol","Català","Playlist","ES5950200069","7JaD4wn9s5zEaSyw3KtNxZ"
"R.D.I. Comunitat des Pla","Tomeu Penya","R.D.I. Comunitat des Pla","Català","Playlist","ES8571972604","0c2WMCqMU6ix6NN5POU5Ff"
"A Campos","Tomeu Penya","Sa vida són dos dies","Català","Playlist","ES8572378903","2suDGligXT2YTT2VBQoIBo"
"Irreals","Anegats","Mons Diferents","Català","Playlist","ES8570740701","3z0nBKObd4lIEZIm2szW3f"
"Viatjarem","Xanguito","Milions D'Estrelles","Català","Playlist","ES17D2001010","12yMxz1jxHhsxS0DPQcUFl"
"En Veu Baixa","OR (O-ERRA)","En Veu Baixa","Català","Playlist","ES8571972502","6hPafokbNmztZOfaluCjKy"
"NENA CATALANA","Ceaxe","NENA CATALANA","Català","Playlist","ES5952407033","5YReQQ7NBlZK7g1LfOwLAJ"
"Això és Mel","OR (O-ERRA)","Carretera i Manta","Català","Playlist","ES8571871102","2AHAPLvz8II4V2gM06IIGE"
"Llengües - Amb Amics","CABOT","Llengües (Amb Amics)","Català","Playlist","ES8571971514","4F4c9l59uy9ZV5xnTx0zb9"
"Tornam a Europa","Anegats","Tornam a Europa","Català","Playlist","ES8572306001","7DQNNJVy1hBNA3etkHIX4I"
"Torno a Ser Jo","Oques Grasses","Torno a Ser Jo","Català","Playlist","ES11D1800150","4iYuMjNvdHSrmAwsjaLcLD"
"ReSidEntS gO hOMe","Xanguito","ReSidEntS gO hOMe","Català","Playlist","QMBZ92547605","3B6ZXjpuFBQd5FYK1hIkpq"
"4-3-3","Els Amics De Les Arts","Bed & Breakfast (Edició Especial)","Català","Playlist","ES61A1500035","24z8tMGMpwbVG4USfjBFGL"
"Es mirall","CABOT","Ses mogudes que duc dins es cap","Català","Playlist","ES8572510902","15CvrfrMqhe5BXigKp7sCZ"
"Això Vol Dir Que Ja És Nadal","CABOT","Això vol dir que ja és Nadal","Català","Playlist","ES8572002701","30XXJbtkTP2DHm2BZGr4Id"
"Una Lluna a L'Aigua","Txarango","El Cor de la Terra","Català","Playlist","ES5301764255","3kTNMShsRKLbonQuDkXhN7"
"Somriurem","Txarango","El Cor de la Terra","Català","Playlist","ES5301764266","2C2PdZRsZHHfkdNWWk8WLV"
"De l'1 al què","The Tyets","Èpic Solete","Català","Playlist","ES84D2200003","79Bm7OPyRKmgbY3Z8nU4PJ"
"Cuida'm","Jaime Anglada","Cuida'm","Català","Playlist","ES8572510601","0DmQl0uSvD74mbgDfYv65a"
"Llums de Ciutat","OR (O-ERRA)","En Veu Baixa","Català","Playlist","ES8571972506","2nmresyB3jN8LcZInMB56R"
"Terra i sal","Pèl De Gall","Forces d'atracció","Català","Playlist","ES80A2217504","1XXHFRbF80WEQQ4uYLmooG"
"Que Tot Et Vagi Bé","Txarango","El Cor de la Terra","Català","Playlist","ES5301764264","2jawuGKBa0xEYzg4QMPjAx"
"A Fora Plou","The Tyets","Cafè pels més cafeteros","Català","Playlist","ES84D2500011","0fYhMttPeZwWxZtIo88U8i"
"XALALÀ","Figa Flawas","LA CALÇOTADA","Català","Playlist","ES11D2300929","49fut7mQcEqm3d3uzNqgka"
"Supermercat","Lildami","Supermercat","Català","Playlist","ES11D2200794","3UKyVUJ9BoQCC0Zxu6Ae2b"
"Caminem Lluny","Doctor Prats","Caminem Lluny","Català","Playlist","ES5951805910","3rJe03lS69ESsKNdJPL3G7"
"El món de veritat","Buhos","El món de veritat","Català","Playlist","ES11D2300935","5pfj3WkFiJLW2eGLmpvfbc"
"Fins que arribi l'alba","Els Catarres","Tots els meus principis","Català","Playlist","ES5951805844","0yKpCxm7S2QYkxbssgxmsx"
"Caminem Lluny","Doctor Prats","Venim de Lluny","Català","Playlist","ES5951805910","2IDv55ZrwsjayTHJgh5vEC"
"Ho sento","Beret","Ho sento","Català","Playlist","ES5152001058","0TLzVv3mSGznP0jipePgeE"
"Paradís","Pèl De Gall","A Sa Vostra Salut","Català","Playlist","ES80A1914003","5RZNOfCnhURjTFqacuAijj"
"Jenifer","Els Catarres","Invencibles","Català","Playlist","ES11D2301013","5w0FYsvzrDzZ3x8RncVOel"
"Paraula de senyor","Anegats","Mons Diferents","Català","Playlist","ES8570740710","5mKd9IeUPqLGhSQpLCAPI2"
"MUSSEGU","Figa Flawas","LA CALÇOTADA","Català","Playlist","ES11D2300876","7eahzMatDuRqYecgunKD1Q"
"LA NÒRIA","Stay Homas","HOMAS","Català","Playlist","ES11D2300830","4qNRcs8fWnvVIwmeAmKMSl"
"XTRATERRESTRES (na de na)","Figa Flawas","LA CALÇOTADA","Català","Playlist","ES11D2300995","2x8W4FVLMs5ep5CamE7Vuv"
"No ho entenc","CABOT","Ses mogudes que duc dins es cap","Català","Playlist","ES8572510903","1hbZwGb7Ppl8pmOHCPvGws"
"Digue’m Tan Sols Si Has Pensat - Versió en Català","DePol","Digue’m Tan Sols Si Has Pensat (Versió en Català)","Català","Playlist","ES6702409002","0UpDgkU5NSTS9qAmkK9xhx"
"TOSSUDA PT. 2","31 FAM","R31","Català","Playlist","BK4DA2512658","5VFQ2WarGuzkdg5TLST6tW"
"MASSA FUM","31 FAM","MASSA FUM","Català","Playlist","ES5062303702","2BWomqPdCDDglD1Mxmvq4b"
"Nens Del Barri","31 FAM","JETLAG","Català","Playlist","ES5062101309","6VWT3UkKZaFABmtxnJmHso"
"Ferran Adrià","31 FAM","TR3TZE","Català","Playlist","ES5061904201","6w6yCgdoJynKb4f9g56obz"
"Bailoteo","The Tyets","Bailoteo","Català","Playlist","ES84D2200053","6ZwiumLIwT05zwF4gB385A"
"Sweet Caroline","Buhos","Sweet Caroline","Català","Playlist","ES11D2300846","6Mgbo6paVnKHSHTUQkTlgn"
"QUAN TORNIS","Quimo","A 1400 KM DE TU","Català","Playlist","QMFMF2516261","7xGqd9161rqvPbwHbkbYo1"
"Mallorca ets tu","Pepet I Marieta","Vola","Català","Playlist","ES26E2100404","7o9tdjyH47sLVzMgt8KQdB"
"La Dama de Mallorca","Pitxorines","Un so qui no es gasta","Català","Playlist","ES8572482104","26aPA9YcqP1YCgrQv55oQg"
"Has vist ploure mai? - Have you ever seen the rain","Tomeu Penya","Has vist ploure mai? (Have you ever seen the rain)","Català","Playlist","ES8572410401","0H2CDMjDNEJoFPHEPFPPRG"
"Havanera","Tomeu Penya","Balades","Català","Playlist","ES8570710502","6Bq7S096orAYSdd9CHACOT"
"Les Nits No Moren Mai","Doctor Prats","Les Nits No Moren Mai","Català","Playlist","ES5951705768","6f2TbjMgw6vhII3BbmbHHj"
"No m'estima +","Mushkaa","No m'estima +","Català","Playlist","QZPLR2376774","78NzYFBsYY78qeazgKZCoc"
"Dorayakis","Flashy Ice Cream","Dorayakis","Català","Playlist","ES5062602201","531muL88wgzZPwqRD4eXmJ"
"Tornarem","Xanguito","Milions D'Estrelles","Català","Playlist","ES17D2001005","4B7ySIHSMyWApcuorpeCLE"
"Lu d Sempre","Døls","Lu d Sempre","Català","Playlist","QZNWU2602357","4a1gczxUOYRxv8hpRj2QWl"
"Rock & Roll","Els Catarres","Postals","Català","Playlist","ES5951304302","35g0jh3U6x63NZgq8zKX2m"
"SI TU M'HO DEMANES","Figa Flawas","LA CALÇOTADA","Català","Playlist","ES11D2301050","41mOBGjrhpdvdwS0K7yh6c"
"Pa amb Oli I Sal","Blaumut","El Turista","Català","Playlist","ES5061209710","0fRBum2aUKFLoeoDTjkOj8"
"Bicicletes","Blaumut","El Turista","Català","Playlist","ES5061209701","6YphK8GfmzFAKFpHEFv98E"
"Inseparables","Llini","Inseparables","Català","Playlist","ES17D2603123","4wqlPsBw2wEma7sOF2gRuC"
"Llença't - Remix","K-ZU","Llença't (Remix)","Català","Playlist","ES17D2603122","4G4BCFdXXxPCvVGp6hcs9n"
"Tokyo","Els Catarres","Postals","Català","Playlist","ES5951304299","3cVRacvzb6fwQoPRh4tjKF"
"Quan Tot S'enlaira","Txarango","Benvinguts al Llarg Viatge","Català","Playlist","ES5301251451","4xutaaS16LIGdEob91oG8P"
"Ventolà (125 Km)","Serko","125 Km","Català","Playlist","USA2P2507394","2uWr6jccYSjmHyuCZYRKpF"
"PETONS","Stay Homas","HOMAS","Català","Playlist","ES11D2300906","1rwPBnZBM6QhRD6le2eArC"
"T'has colat a una festa","Pèl De Gall","Forces d'atracció","Català","Playlist","ES80A2318901","4FIsKYvHV3eLIpejvI7qGo"
"Invencibles","Els Catarres","Postals","Català","Playlist","ES5951304305","4wncydyDr0YLttVc40lFq1"
"Clar que t’he trobat a faltar","The Tyets","Èpic Solete","Català","Playlist","ES84D2300003","3GboiOxbJD3Y0uKmfjF4Ip"
"Corren","Gossos","Oxigen","Català","Playlist","ES5950702208","0vofzna9wXtyY7eHKSnmdt"
"DIABLA","Figa Flawas","DIABLA","Català","Playlist","ES11D2300903","4JZstDNMRRMJWr6bbDzbPw"
"CATALANA PT2","Døls","CATALANA PT2","Català","Playlist","QZTB62688980","6u09sbHTnvNkMIRBnrTS1B"
"Divinize","ROSALÍA","LUX","Català","Playlist","USSM12504031","2JH26hQtnqWUNnQET8o2N1"
"4 KISSUS","Figa Flawas","LA CALÇOTADA","Català","Playlist","ES11D2301045","410lVmS9xwzbR2sc56U8h5"
"Uh baby, one more time","Xanguito","Bon Rotllo","Català","Playlist","ES71G2405194","5d1yGclgv90ldnbN44eK7i"
"Pus Mai Més","Plan-ET","PLANETOSKY S.A","Català","Playlist","USY242483735","2OYiLCDnhBSuuC4tZ8xMBH"
"De Res","Plan-ET","BEN VIU","Català","Playlist","USDY42658216","1g0lUl8UMYObMJ2SauqSO6"
"FRIKIS","FADES","METALLIX","Català","Playlist","QZTBA2470442","5FcTv6faNsBQ5KcJDGKGFT"
"SPEED, Pt. 2","Plan-ET","Amor Blindat","Català","Playlist","USCGJ2403566","4ncfZznAniErophBDCabrF"
"T'he Trobat a Faltar","Buhos","T'he Trobat a Faltar","Català","Playlist","ES5952106542","0Pub20AwouQspBTdtFKa55"
"BBY","Plan-ET","Kepler-454","Català","Playlist","ESA012220913","7DCtNl9hmi1lw72rguErAo"
"Tant d'Amor","Plan-ET","PLANETOSKY S.A","Català","Playlist","USDY42505633","2cWiwDEYtz5cZH3hRf4ow8"
"SUPERGLUUU","Plan-ET","Kepler-454","Català","Playlist","QM4TX2290658","3zg4bYgD1g9VTqWeX8vdEF"
"Serà perquè t'estimo","Buhos","Serà perquè t'estimo","Català","Playlist","ES11D2300970","122tHsiZq7EhDrNfkFsVxJ"
"wow!","Riki Recto","wow!","Català","Playlist","ES75E2507717","0xiiXZfmeKM9VCRiYDrN30"
"Can Lliro","Plan-ET","Solucionam Mogudes","Català","Playlist","ESA011677142","2FNMznWxflCvkODLLSspRc"
"Una Foto Teva","Plan-ET","PLANETOSKY S.A","Català","Playlist","USCGH2575140","6RmXhNiTNOvcCq83DmPGGT"
"NO ME CONEIX","Plan-ET","PLANETOSKY S.A","Català","Playlist","USL4R2417691","0PzqjxXb0p3GepmW3jAAM1"
"Fred","Anegats","Caminar Entre Gegants","Català","Playlist","ES8570745802","4xEkebdSVcA4XP8RaLS1H0"
"Hola Què Tal?","Plan-ET","Solucionam Mogudes","Català","Playlist","ESA011657012","5pFWVE3WhOpFOUa42eSUey"
"100 graus d'estiu","Plan-ET","100 graus d'estiu","Català","Playlist","USHM82595609","1PBJcHDpLXbwJEvwVF1tOO"
"Boig per Tu","Shakira","Shakira. (Expanded Edition) [Spanish Version]","Català","Playlist","USRC11400459","4XkajNf3Z2zDW5WcTjmPLh"
"De Bonesh","Oques Grasses","A Tope amb la Vida","Català","Playlist","ES11D2100570","5ObiVsgtKaynGBIVwjzhGb"
"Sota els focus","Ginestà","VIDA MEVA","Català","Playlist","ES71G2401391","4oerqt0Is4fhPhIaRXcPpF"
"Berenar sopar","Pau Vallvé","Berenar sopar","Català","Playlist","ES26E2210006","34MYSosUBKbgnCdORiMvxm"
"gust de sal","Svetlana","gust de sal","Català","Playlist","ES62D2300037","3TJLQeXwdZxXb7VOUQJHLj"
"La bola de cristall","Manel","10 milles per veure una bona armadura","Català","Playlist","ES5151100196","6XrFR1xsYej13dSnfgd9Vj"
"Aquest cop sí","Pau Vallvé","Aquest cop sí","Català","Playlist","ES26E2210003","1i6Dv3S2nb03JGElmK75uX"
"Flor groga","Manel","10 milles per veure una bona armadura","Català","Playlist","ES5151100198","3J9TQ7DlZaRffSMYWUrUZ0"
"Vull saber de tu","Ginestà","Suposo que l'amor és això","Català","Playlist","ES7312100133","606xKikgrFlFZe8mi9i0Qb"
"Qualsevol nit pot sortir el sol","Sisa","Qualsevol nit pot sortir el sol","Català","Playlist","ES6100618208","2i1Z5dHZAhLDsu8UU5N4bh"
"Una sola manera","Mishima","Ara i res","Català","Playlist","ES5151700470","49UUU2vi0Bo9Q1rZGZuXdN"
"De tot el món","Ginestà","De tot el món","Català","Playlist","ES11D2300921","2laiOPVTgHUhOOqBJXnrCn"
"Torno a ser jo","Oques Grasses","Fans del Sol","Català","Playlist","ES11D1800150","778BdPQYhhnDxsu55W65TF"
"MIL CARES","Jo Jet i Maria Ribot","MIL CARES","Català","Playlist","ES17D1900915","3yKhXw7WCLcUXnEpGiNsn9"
"Em bategues","Ginestà","Em bategues","Català","Playlist","ES11D2300982","1lIsCPfVlbIzAnUGbFofM5"
"Aviam què passa - Estrella Damm 2021","Rigoberta Bandini","Aviam què passa - Estrella Damm 2021","Català","Playlist","ESA011750374","7b0Hoz7115EQavRSkdf9ua"
"t’enviaria una carta (però potser no cal)","Svetlana","t’enviaria una carta (però potser no cal)","Català","Playlist","ES62D2200037","5CYNaSX0ppOiZ78SDmAytC"
"jardí de flors","Eloi Sayrach","jardí de flors","Català","Playlist","ESA092316152","6pgIUtYsDlWmZ8ASevXqqP"
"Criticarem les noves modes de pentinats","Manel","10 milles per veure una bona armadura","Català","Playlist","ES5151100199","7nSJ0oOe2MzyhCIfm3wJW3"
"El Metec","Marina Rossell","Marina Rossell Canta Moustaki","Català","Playlist","ES6101320301","4bTcVvtEJMrkhU0a0NeoXR"
"Life Vest Under Your Seat","Pau Vallvé","Life Vest Under Your Seat","Català","Playlist","ES52G1900672","1ktibzOQ6KUwJOQixONunD"
"Això ja està","Pau Vallvé",": )","Català","Playlist","ES26E2210001","70w1AtOrWJ518CMVEWcMmK"
"cap amunt","xicu","SOL","Català","Playlist","ES6102122503","5OBtrjXS0PjvfhzvE2HLdF"
"Mode avió","Maio","Suau","Català","Playlist","ES8022300112","5eragbTMGSNsSzQlH4k2i8"
"Suc de Síndria","Nico Roig","Yo Siempre Sueño Que Sí","Català","Playlist","ES17D2001092","3KCKL3Ubxto3EvWwX0l9Uf"
"sant llorenç","Jo Jet i Maria Ribot","sant llorenç","Català","Playlist","ES17D2001053","3uVSYW5PviFsTdSadKSAuf"
"Fotogrames","Da Souza","Fotogrames","Català","Playlist","ES40B2200024","3d4wog3eYdmbAPsw2tIDtb"
"Molts estius queden per viure","Ginestà","Molts estius queden per viure","Català","Playlist","ES7312000231","2GWesqh99XEA75hnUCpQ70"
"I Tu, Sols Tu","El Diluvi","Alegria","Català","Playlist","QM4TW1577062","6zEalal8yQMDXf5TqADTtm"
"Progresso adequadament","Maio","Des dels marges","Català","Playlist","ES8022100030","3fT4Z3MNuzPPZ9rdGSaU0n"
"Mama","Ginestà","Mama","Català","Playlist","ES11D2301038","3CxeJ23YnUCJLedV4uISCu"
"Que vingui l’hivern","Pau Vallvé","Abisme Cavall Hivern Primavera i Tornar","Català","Playlist","ES52G1700390","3ZtXgujVJq2pB0CvQ8mw0k"
"I jo pensant en quan vindràs - Costa-Roja Sessions","Pau Vallvé","Costa-Roja (Sessions d'assaig al mig del no-res)","Català","Playlist","ES52G1800638","0uyUi8H9MQWT8XbjLUutav"
"En un somni estrany","Pau Vallvé","Abisme Cavall Hivern Primavera i Tornar","Català","Playlist","ES52G1700391","3QnYTC2YfF9qsO7wfdJWb6"
"MIRA LLUNY","Jo Jet i Maria Ribot","MIRA LLUNY","Català","Playlist","ES73F2300150","3jFlpu1tbpxIHs2YHv0bU8"
"La Petita Rambla del Poble Sec","Cesk Freixas","La Mà dels Qui T'Esperen","Català","Playlist","FR2X41742498","13LZZFISgFTQDaiHtaHdtw"
"El misteri de qui matà el nostre amor (?)","miquel","l·l","Català","Playlist","QZK6P2265826","52XKzCF2Pvd3cRQkp5nKs1"
"Em Dius Que el Nostre Amor","Jordi Soler","Liebeslied","Català","Playlist","ES5061003108","0i9kMW29cOaJyOwUHoCnIN"
"Amor Particular","Lluis Llach","T'estimo","Català","Playlist","ES34B0900030","4DBYhdltl62fQccoSf3v6F"
"JA HE PLORAT PROU","xicu","BLAU","Català","Playlist","ES6102125201","3GUnlLp0YwZ1HUeHyFlbig"
"Avui","Maio","Suau","Català","Playlist","ES8022300115","5bi5xleG60fFBJBhJAT0CE"
"Història de vagó","Maio","Suau","Català","Playlist","ES8022300118","7knEm9HFCTNt7kp1uPhtqc"
"Suau","Maio","Suau","Català","Playlist","ES8022300111","4H0Tsem6B6QxaZYRX9MCH5"
"Super lesbiana","Svetlana","Super lesbiana","Català","Playlist","ES62D2200043","3CiQPOhg4cXSBvm3kOyj3b"
"Ens vam esfum. (abrv.)","miquel","l·l","Català","Playlist","QZRP52203449","42Cz7FoJxM8Q8F556A5IFl"
"El destí","Ginestà","VIDA MEVA","Català","Playlist","ES71G2401393","5bzmamGuWf2K5HIGvrtrMJ"
"Un piset amb tu","Ginestà","VIDA MEVA","Català","Playlist","ES71G2401390","2F2wKfKXKTLihpHgP2Uevw"
"La meva sort","Ginestà","VIDA MEVA","Català","Playlist","ES71G2400575","2VOwxQnBFyAYRsRKtO9zbm"
"M'agrada el Nadal","miquel","M'agrada el Nadal","Català","Playlist","QZTBD2302055","3saHL6IvUr06tWvo8p3bA8"
"Ara Que Tinc Vint Anys","Joan Manuel Serrat","Ara Que Tinc Vint Anys","Català","Playlist","ES5020000176","3sbFL6MOViiY2cmVeRLTWY"
"Vestida De Nit","Sílvia Pérez Cruz","Vestida De Nit","Català","Playlist","ES5701700214","0Tkkb29yC5WvXOwjgFZCLZ"
"Signat, el teu padrí","Pau Vallvé","Life Vest Under Your Seat","Català","Playlist","ES52G1900669","0Qm8kfkxNsJSofnua3079m"
"Com un Puny - En Directe el 2006","Raimon","Raimon a L'Olympia","Català","Playlist","ES5060602709","4manbD656XQAU9C1xBbHqq"
"No sé què fer amb la meva vida","La iaia","Tornar a ser u","Català","Playlist","ES52G1700415","3Q27u7UGMl8EeRlyLJ2XQi"
"Viure Junts","Raimon","Les Cançons D'amor","Català","Playlist","ES5061707204","6MT66jYFbxwwGN2xevOys8"
"Si Miraves L'aigua - Directe","Raimon","L'Últim Recital","Català","Playlist","ES5061801103","6XdERQ7hl5Bu27gqln05h9"
"Paraules D´Amor","Mayte Martin","Cantares. Los Artistas Flamencos Cantan A Serrat","Català","Playlist","ES5701100867","3VaBYlEWaEN5yyN7zFYIVk"
"Ls Delegada","Macedònia","Posa'm Un Suc","Català","Playlist","ES5300819397","7L30Kd0NMbF7ZJCTaTWj5V"
"No Em Vull Fer Gran","Macedònia","Posa'm Un Suc","Català","Playlist","ES5300409093","3UkT0mwYGFcOVlv76TZ4fg"
"Cor Costella","Macedònia","Posa'm Un Suc","Català","Playlist","ES5300409094","03Zr621Kqzu9zqa1Lb7iUP"
"Amics dels Cirerers","Pau Vallvé","2010","Català","Playlist","ES5951003578","1wk65HwqQmAToe8MbOVYJG"
"La vida és ara","Pau Vallvé","La vida és ara","Català","Playlist","ES52G2000806","53nSrp8yttr8qxb2ugIURd"
"Cert clar i breu","Mishima","Trucar a Casa Recollir Les Fotos Pagar La Multa","Català","Playlist","ES5300409549","5QZYa10nuaUoZ30FwpgphX"
"Abril 74","Sílvia Pérez Cruz","Granada","Català","Playlist","ES5701400179","0MRHaxP6rm0QvyHcyq4ezJ"
"Vestida De Nit","Sílvia Pérez Cruz","Vestida De Nit","Català","Playlist","ES5701700214","0lMd8MhLRcbKwSjYT26LEV"
"Sento","El Petit De Cal Eril","Energia fosca","Català","Playlist","ES40B1900025","03lldQFlvc7AqV2HErPT7I"
"Entre la Nota I el So - En Directe el 2006","Raimon","Raimon a L'Olympia","Català","Playlist","ES5060602702","3ST37lWczDwyIU7Lp88nQP"
"Parlant-me de Tu - En Directe el 2006","Raimon","Raimon a L'Olympia","Català","Playlist","ES5060602708","7bnudjsokDam7QxF8mP51j"
"Ànima de Corall","Guillem Ramisa","Ànima de Corall","Català","Playlist","ESA011626764","5eQkUBDWLu9ObEgA4N5SBV"
"L'Adela i el marge","Manel","Per la bona gent","Català","Playlist","ES14E1900005","2GkNRJ5ADnGD2Bui5sfKT7"
"El Meu Cos","Els Amics De Les Arts","El Senyal Que Esperaves","Català","Playlist","ES5952006299","3aTqKAVTMqklCRy7vS96Ap"
"Èpoques glorioses","Pau Vallvé","La vida és ara","Català","Playlist","ES52G2000804","4Cls2cLCOb3cEcGo0eGCoa"
"La jungla","Manel","L'amant malalta","Català","Playlist","ES14E2000002","1JDfbF2DWzbNkyE1ZCInwx"
"Cercavila","Cesk Freixas","Festa Major","Català","Playlist","ES17D1800579","5UI8cCqgNxAF1MgpjOEvT0"
"Quin dia feia, amics...","Manel","Atletes, baixin de l'escenari","Català","Playlist","ES5151300378","3oVbmjT5sAwbyPDbynqA7A"
"Com troncs baixant pel riu","Pau Vallvé","La vida és ara","Català","Playlist","ES52G2000810","0UExb32Mypzv4aT0r9GvZp"
"Deixa","Oques Grasses","Fans del Sol","Català","Playlist","ES11D1800153","2ajg5EOwpG8wDjgUY5dpeV"
"Fes-me petons","Manel","Atletes, baixin de l'escenari","Català","Playlist","ES5151300379","3y0hEfKMH44Ur2KUuqNXBq"
"Rumba De Barcelona","Gato Pérez","Carabruta","Català","Playlist","ES6109713101","37enJgsRqIrhOlEFniMd7j"
"QUÈ M'ESTÀ PASSANT?","Ariox","CONSTANT REPEAT","Català","Playlist","ES84D2200037","1RJxhVaAxU9hph78qgE4IP"
"L'estiu amb tu","Ariox","L'estiu amb tu","Català","Playlist","ES84D2100052","4YbiIpagdsLBGnWR20Ev2F"
"Calor Calor","La Troba Kung-Fú","Clavell Morenet","Català","Playlist","ES6100618804","2av3uaPJmdyxtiFS1ggM0w"
"La Platja","La iaia","Les Ratlles Del Banyador","Català","Playlist","ES5951103762","3CEPkrkHdrX9Yv6AQmoQiU"
"El Petit Príncep","Manu Guix","El Petit Príncep","Català","Playlist","ES5951605498","0AvH6jEpbXjeiT0Sm5aCB0"
"Dibuixa'm un Xai","Manu Guix","El Petit Príncep","Català","Playlist","ES5951404853","1LbUiN4e2fwpzFKREDfzbz"
"Quan tot s'enlaira (feat. Andrea Motis)","Txarango","El Gran Ball","Català","Playlist","ES11D2100513","7dlpTDHfanAmB4tRYLGjaK"
"La Meva Rosa","Manu Guix","El Petit Príncep","Català","Playlist","ES5951404865","2vzY0KkDkKaM1QOhv2jKtK"
"Vaig Aprendre","Manu Guix","El Petit Príncep","Català","Playlist","ES5951404866","7lmQkID7Edx6DlFPGHBErz"
"Comiat","Manu Guix","El Petit Príncep","Català","Playlist","ES5951404867","7z04KZRdRp4pYGHObsAJ8t"
"Ciutat Pintada","Una Llum Tímida","Una Llum Tímida","Català","Playlist","CH6542115125","0RwFP5UwS2OfNNxBgN55Hg"
"Si tu hi ets","Una Llum Tímida","Una Llum Tímida","Català","Playlist","CH6542115127","0fTkYlmrQUTgl6qZmFQmIE"
"Com ningú ho ha vist mai","Una Llum Tímida","Una Llum Tímida","Català","Playlist","CH6542115129","7wLU3b9Dk2t4fH7YePK9sz"
"L'ombra","Una Llum Tímida","Una Llum Tímida","Català","Playlist","CH6542115131","7FUTI0pefeezYBNPB8554K"
"Jo seré feliç també","Una Llum Tímida","Una Llum Tímida","Català","Playlist","CH6542115138","17NO4eYlXnrRxolI7PHlBN"
"Perquè He Plorat","Dagoll Dagom","Mar I Cel (Original Off-Broadway Cast)","Català","Playlist","ES5060851805","5vRHAzn01j14aBPc19fJAW"
"Repartim la Vostra Sort","Dagoll Dagom","T'estimo Si He Begut","Català","Playlist","ES5302171266","0wrYPtp4Vl4dPH3ssOThQm"
"Quan Es Faci Fosc","Sopa De Cabra","Plou I Fa Sol","Català","Playlist","ES5950201024","6kW17klbzYaceXj2P7hTwB"
"Oceanes","Clara Peya","Oceanes","Català","Playlist","ES8511706202","75psNjb4n7iUoy4dqlSR6K"
"L'Aguila Negra - L'Aigle Noir","Maria del Mar Bonet","L'Aguila Negra","Català","Playlist","ES5107100052","475JRORKGO2kWMrLiQPeOp"
"No penso en res","Renaldo & Clara","L'amor fa calor","Català","Playlist","QMFME1969031","47qh701S6gEYxhn9yYP4sS"
"El Cant Dels Ocells","Sílvia Pérez Cruz","Granada","Català","Playlist","ES5701400187","5Go4RSgAdp49X1rU4rGQFf"
"Envia'm un Àngel","Sau","Quina Nit","Català","Playlist","ES5060620603","6Yrz7uqmYQBPQ02bZdtdNg"
"S'ha acabat","Els Pets","Calla i Balla!","Català","Playlist","ES5300714686","4HMmLuV21JOPv9RnK1WpAM"
"L'Empordà","Sopa De Cabra","Sopa de Cabra","Català","Playlist","ES5259100202","2j77GJfPNZBAlIDKyG8Tgq"
"Un Gran Riu de Fang","Pau Vallvé","De Bosc","Català","Playlist","ES5951204114","7MUkwEL3yQ47TUprOngGCR"
"De Bosc II","Pau Vallvé","De Bosc","Català","Playlist","ES5951204124","1XWTIEr3XdXbwdHeWDu250"
"Ara, Aquí, Present","Blaumut","0001","Català","Playlist","ES5952006329","5QnpX5U5878eMARp04TJNv"
"No passa res","La Corda Fluixa","Mirant endins","Català","Playlist","ES16E2100367","3662N6sZv6w5IqnFeZdgLf"
"Casa Meva","Clara Peya","Declaracions","Català","Playlist","ES5301027731","4SyAREnTr7GLEEwcYxr0eX"
"Ni el mar","Clara Peya","Perifèria","Català","Playlist","QMFME2010575","0mvTUQVu3jS3mWuzwnkJrP"
"Pixapins","Socunbohemio","Les coses que no et diré mai","Català","Playlist","GBSMU8549360","6FQcO3csZxXg6NV60nk6qX"
"Fotogrames","Da Souza","Dies d'Attrezzo","Català","Playlist","ES40B2200024","4tlSjJwUgJeBzN7t73MQWA"
"Et Confesso","Elena Gadel","Et Confesso","Català","Playlist","ES5952206810","022fWEjzPAnar4ra05IAHv"
"Diamants","Els Catarres","Diamants","Català","Playlist","ES11D2100672","2nl5qpV7DFuX86Wb4KZb5t"
"Amor del Bo","Rozalén","Matriz","Català","Playlist","ES5022202406","1NnS6dLeFEervQQVNEDn7D"
"Gossos","Yung Rajola","COR TRENCAT","Català","Playlist","ES11D2000361","6wePDkFNNLem5TsHKN1NFL"
"Me'n Vaig a Peu","Joan Manuel Serrat","Ara Que Tinc Vint Anys","Català","Playlist","ES5020000184","5odJJSIOCDYrpB5ZaF08ue"
"Estimant Salvatge","David Ros","Estimant Salvatge","Català","Playlist","ES17D2101525","7p0pz8KCiOAhEGynaIJqpP"
"Res no és important i tot ho és molt","Pau Vallvé","Pels dies bons","Català","Playlist","ES6491496006","5UM55bLTiY9BrYiuE9pXln"
"Que es fonguin els ploms","Pau Vallvé","Pels dies bons","Català","Playlist","ES6491496010","56nerR8jqrP04zZd6xe9fP"
"Tots Som Molt Millors","Pau Vallvé","De Bosc","Català","Playlist","ES5951204125","0LpSQV5rnXVFw4ETADducx"
"Paisatge de Postal","Al·lèrgiques al pol·len","De Sobretaula","Català","Playlist","ES56S2100680","7nwg9eHN58X27pyJNpfGCe"
"Les Floristes de la Rambla","Joan Manuel Serrat","D'un Temps D'un Pais","Català","Playlist","ES5029600228","7xadvEI3cXryKRuutE9cWk"
"Meteorit ferit","Maria Arnal","Clamor","Català","Playlist","ES55G2000041","6fVscnFeDvU9k2zIEFer9o"
"Llimona i Sal","Coco","Llimona i Sal","Català","Playlist","ES17D2302121","3Ua3IDrScL3m8bXy73wu0m"
"Conte de les 4 estacions","Socunbohemio","Contes de les Quatre Estacions","Català","Playlist","QMFME2230057","6GCBCFeIXhDMKAXFGMB3uF"
"Que Esclati Tot","Siderland","Que Esclati Tot","Català","Playlist","ES17D2201946","0s5z3E05VLYxYEUqENX1EH"
"Vull sortir i no puc","GUINEU","Una sacsejada","Català","Playlist","ES8022200520","5bmg2RhgCOgwPjI4GVNaPI"
"Tu Juru Ju","Julieta","Tu Juru Ju","Català","Playlist","QMBZ92184013","6IkzkfMzOWy8Bm7RnvAM9H"
"Raspall de dents","Ginestà","VIDA MEVA","Català","Playlist","ES71G2401395","4T7f8VshYCZDUFS8r1iHxu"
"Cançó per a mi","Ginestà","VIDA MEVA","Català","Playlist","ES71G2401397","2TKoGRLMDmetH5ceiAR12m"
"Els ocells","Ginestà","VIDA MEVA","Català","Playlist","ES71G2401392","3aL3DPH3UHsekni3VeKHdL"
"MERCURI I MART","MARIA HEIN","TOT ALLÒ QUE NO SAP NINGÚ","Català","Playlist","ES97D2311202","3o1mktdOcnVf17ZqfiHVU0"
"La cançó","Socunbohemio","Les coses que no et diré mai","Català","Playlist","GBSMU8549358","6Uv6TBTnjIwBTJgSaO4W21"
"Dies Bons","Reïna","Arts Marcials","Català","Playlist","ES17D2101485","5wrzGJf5M6EUhy0ysIb0cm"
"Estira-i-arronsa","Neisha","Anime en català","Català","Playlist","ES5062301501","3vOPMjIBpSh19w87Z1lQN0"
"Ciutadella","Pau Vallvé",": )","Català","Playlist","ES26E2210008","5ejNtOAlBM3ka4O64rQnhq"
"Verd avellaner","Mar Pujol","Cançons de rebost","Català","Playlist","ES97D2311502","0bDCGR3BynUqExE3HbOhRs"
"L'hora justa","Mar Pujol","Cançons de rebost","Català","Playlist","ES97D2311506","0aQeMyr6cz7VM4WEtwsohl"
"Miquel a l'accés 14","Mishima","Trucar a Casa Recollir Les Fotos Pagar La Multa","Català","Playlist","ES5300409557","4AAdQ5U3vtQhmQ0SenRB1R"
"Una Sola Paraula","Figa Flawas","Joves Tendres","Català","Playlist","ESA012256254","1hVGkAQd0px8njB95RsWwI"
"Estiu","ZOO","Tempestes Vénen del Sud","Català","Playlist","ES8021400134","2IFTKzkdw6XmFlJQiWvHVk"
"La Nostra Sort","La Gossa Sorda","La Polseguera","Català","Playlist","ES8241427205","6qdJM1cIyy398DHLhPRHrZ"
"La Polseguera","La Gossa Sorda","La Polseguera","Català","Playlist","ES8241427201","4fYlOOlY2vt50wWPbeEhuX"
"Naixen primaveres","Aspencat","Naixen primaveres","Català","Playlist","QMDA61585832","3xTWhzfQNcrskZLCuyfPPU"
"Jotes per la Defensa de l´Ebre - Remasteritzada","Quico El Célio, El Noi I El Mut De Ferreries","20 Anys","Català","Playlist","ES5301354739","4HXPjI2k85dG5CokqElMo3"
"La Rambla","Quimi Portet","Hoquei Sobre Pedres","Català","Playlist","GBAHT1324326","7uF85jCkumh849rFIGK21a"
"Ens hem guanyat l'estiu","Pau Vallvé","Ens hem guanyat l'estiu","Català","Playlist","ESA092495426","37f2Z15cIq7yW43sALpxhZ"
"El meu amor se n’ha anat de vacances","La Ludwig Band","Gràcies per venir","Català","Playlist","ES14E2300012","4QnuZMMWB7g2l5DWA9VHIS"
"FIU FIUUU","MARIA HEIN","TOT ALLÒ QUE NO SAP NINGÚ","Català","Playlist","ES97D2311203","6UQzXHvkNeUbSUR21E87ew"
"Deixar-te Enrere","Caldo","Deixar-te Enrere","Català","Playlist","QZTBD2479522","1cQcmiq5DiHYJqG7cjsT6J"
"ES PERFIL D'ES TEU COS","MARIA HEIN","TOT ALLÒ QUE NO SAP NINGÚ","Català","Playlist","ES97D2311201","71NBjU3xyeoiQaFO38PQRT"
"Júlia","Ginestà","VIDA MEVA","Català","Playlist","ES71G2401398","6GPb9LLDIu8vD5rjo32utA"
"Nunca Estoy (Mai Estic)","Laborde","Nunca Estoy (Mai Estic)","Català","Playlist","ES6642000104","3h3livnc7AAgk6TdDKjhrx"
"Cada cop que em mires","Julieta","Juji","Català","Playlist","QMDA72189063","4ZoHQ0c3GxF71y1lLJiPzF"
"Ses paraules s'emporta el vent","Socunbohemio","Ses paraules s'emporta el vent","Català","Playlist","QMFME2230062","46ZzM0y5yxxlqlWl6YAdke"
"Putu amor de merda (!)","miquel","l·l","Català","Playlist","QZK6J2210526","3pzh8zr5stl55wOoElwuei"
"Tot el que ens agrada","Maio","Tot el que ens agrada","Català","Playlist","ES8022400073","6ibUfhghdEHwEvwCyy6Bx9"
"La gent que estimo - Remix","vi:ve","La gent que estimo (Remix)","Català","Playlist","ESA092411693","4EzEpLI1SwrAfDvwgMJxJb"
"Per cada u","Mar Pujol","Cançons de rebost","Català","Playlist","ES97D2311508","2ZIsvv9QPcy1Y3RkABHcqc"
"Flor de nit","Mar Pujol","Cançons de rebost","Català","Playlist","USHM22347834","64SWEgy5e0OpMl1Mb1gfsl"
"Me desplom","Maria Jaume","Voltes i voltes","Català","Playlist","ES40B2200006","6KWWMpx77b6UT8RLNHziBt"
"Ei! sents com refila l'òliba?","El Petit De Cal Eril","La figura del buit","Català","Playlist","ES40B1300010","0CxlS7iWFTmcm1mqcIQ1yz"
"Ets una idea","El Petit De Cal Eril","Energia fosca","Català","Playlist","ES40B1900023","638QeUZSgJFVjB4TaFgNPI"
"Quan estic amb tu","El Petit De Cal Eril","N.S.C.A.L.H.","Català","Playlist","ES40B2100026","3VaWKFfBIbDFww0ffBT1aJ"
"Tots els racons","Mar Pujol","Cançons de rebost","Català","Playlist","ES97D2311503","32SmPboBvWzuWotnPJwrBy"
"Lent","Els Pets","1963","Català","Playlist","ES80A2217104","5ik53UXSUb1d6suXtJqgWO"
"Sa teva presència","MARIA HEIN","Continent i contingut","Català","Playlist","ES97D2109203","6fymPOqc4tJD3F333C8dHW"
"Metres per segon","Da Souza","Salsa agredolça","Català","Playlist","ES09S1900467","59lsrMMzO6eHEVDiwuOzfC"
"Conte d'Estiu","Socunbohemio","Contes de les Quatre Estacions","Català","Playlist","QZK6K2114981","7BBxmtFFMaaM8K8vtbxTCa"
"Aquí no hi ha truc","Ferran Palau","Plora aquí","Català","Playlist","ES97D2311605","4UzPRPnGjKPPSzyvir5rGv"
"Deixar-se anar la mà","Ginestà","Deixar-se anar la mà","Català","Playlist","ES71G2433499","6TzRYx9HpEreO87ZxgsEZ4"
"I cantar!","Pau Vallvé","Agorafília","Català","Playlist","ESA092495429","4BpfOhBHaF4qbu0eeS4lDS"
"Em bategues","Ginestà","VIDA MEVA","Català","Playlist","ES11D2300982","0Ur9BUh0VRQ8IRA6XP7gKI"
"La Padrina","Ladilla Rusa","Costumbrismo Mágico","Català","Playlist","ES11C2201367","6LNHetXtbXyJFAPr2J2dzx"
"FORÇA","Bikôkô","FORÇA","Català","Playlist","GBMA22484909","7H9LkQ8UBDIdGXFiM11xnQ"
"ZiG ZaG (intro)","Mushkaa","NOVA BOSSA","Català","Playlist","UYB282535414","7G9jSvGlXVE6304a89jLBg"
"HA FLORIT","Eloi Duran","El Bon Nen","Català","Playlist","ES62D2400023","3GKSY5A2GbAaGoaw8SKLrH"
"Bon Dia Vida","Gertrudis","Bon Dia Vida","Català","Playlist","ES51G1900001","3gvO67PZ4VIEfeSi68Cc46"
"La Pluja d'Ahir","Marc Parrot","Els Fets i l'Atzar","Català","Playlist","ES17D2201700","2D2yCeWuibak1Hvl0SyWFq"
"L'himne","Arribar i ploure","El primer discu","Català","Playlist","ES11D2300874","3QfPyKe3D0L5AgBmI8boXZ"
"Ales al vent","Gemma Humet","Màtria","Català","Playlist","ES6102021202","4HAno265iKd2qfV511EZp5"
"Un Dia Perfecte","Caïm Riba","Llunes de Plutó","Català","Playlist","ES80A2115201","7EdTGaediSkNw1rG9a730V"
"sant llorenç","Jo Jet i Maria Ribot","sant llorenç","Català","Playlist","ES17D2001053","0TLIZcxS8ZiZJNatOCCA2R"
"Vinc d'un poble","Judit Neddermann","Nua","Català","Playlist","ES6101822607","1Pj6HUhyUD82LGMkb30B9H"
"L'amor en tu","miquel","L'amor en tu","Català","Playlist","QZHN32543826","1Ec4BjHeG8Lxokv6sb39AL"
"freda com la neu","Eloi Sayrach","freda com la neu","Català","Playlist","ESA092413491","44xBFVIbBEs2fFqijWV0og"
"Alenar","Maria del Mar Bonet","Alenar","Català","Playlist","ES5027700172","3qJ59mWO5Fk9k6WkZsw5ld"
"Una Cançó","Julen","Caiguda Lliure","Català","Playlist","ES5952206652","3jlGvwf5MXcuuLZ0R1e3kB"
"mama, no vull anar a dormir","Eloi Duran","El Bon Nen","Català","Playlist","ES62D2400029","0GrmvRfdu8N6sxeZp5XsSN"
"XALALÀ","Figa Flawas","LA CALÇOTADA","Català","Playlist","ES11D2300929","4EIx8f8OJRnhorvdd21DYs"
"No Hi Haurà Manera","Mushkaa","NOVA BOSSA","Català","Playlist","UYB282555519","5mgf0WgewWIbptfkivZyfV"
"1 CUMBIA AMB EL GUILLEM (1vs1)","Mushkaa","NOVA BOSSA","Català","Playlist","UYB282546014","51BvyHeefQi1yPGRx181A6"
"No estic per mi","Triquell","Paco Deluxe","Català","Playlist","QMDA62536238","4TqdfOjHw6ueOrkYhLJJUP"
"Ivysaur","Ouineta","Ivysaur","Català","Playlist","ESA092320223","0Zyv8GZ8thX1wmv6r9mHAT"
"Cada dia surt el sol","El Petit De Cal Eril","N.S.C.A.L.H.","Català","Playlist","ES40B2100030","5nYwSnadmBUejPSsRWmo3o"
"Ressaca a sa platja","Maria Jaume","Nostàlgia Airlines","Català","Playlist","ES40B2300065","6TMsPIBih5mb6phJiRZ4ee"
"Un plat més a taula","Habla de Mí en Presente","Un plat més a taula","Català","Playlist","ES71G2430153","4MCMCSqyjRg7XoqyXY8jVQ"
"Menjar De Fer Culleres","Quico El Célio, El Noi I El Mut De Ferreries","No Es Pot Viure","Català","Playlist","ES5300408495","7afvuRpbhkWO1opUO5lHqc"
"A Vegades","Els Amics De Les Arts","Bed & Breakfast (Edició Especial)","Català","Playlist","ES61A1500048","5mZ42RNCQdlII1I0EMujG6"
"PARAUL·LES D'AMOR","Al·lèrgiques al pol·len","PARAUL·LES D'AMOR","Català","Playlist","BK4DA2463273","0Ce5PcEoMCtSKWEga9vBxj"
"AMB CALMA","Roba Estesa","AMB CALMA","Català","Playlist","ES71G2401830","0LEVtsXKWV4iAu0V367xPS"
"MABO (LA CANÇÓ)","Andana","Glow Up","Català","Playlist","ESA092317086","1M7P7ABAfSpNKJJhYL2yux"
"Brama","okdw","Brama","Català","Playlist","ES97D2511804","7DwM9vDWhDZ1WuPssZcsxr"
"Hivern Etern","miquel","Hivern Etern","Català","Playlist","QZZ7V2432120","77bRPHu4jDgMIG5BIJv93c"
"Més Enllà","miquel","Més Enllà","Català","Playlist","QZK6Q2519366","5QBa5bPIygrc6py7Ca6GEm"
"ROSSINYOL","Jo Jet i Maria Ribot","ROSSINYOL","Català","Playlist","ES73F2600000","52qwtTmQCFVSGhoRWC4Oqr"
"Idò un cafè","MARIA HEIN","Idò un cafè","Català","Playlist","ESA011851038","3rpx7uAwdYh4ZSy9CjR2Qh"
"Vespres de Bohèmia","Mama Dousha","Vespres de Bohèmia","Català","Playlist","ES51G2400029","0W0w7nfcYkihgGU8HBAiLP"
"als ulls","guillembautista","als ulls","Català","Playlist","QZTB62306001","0fzIzmbmE4XLvOeGlkgC46"
"Marxar Corrents (Remix)","Oliver Over","Marxar Corrents (Remix)","Català","Playlist","uscgh2383216","3XfK74HhmLYxQ0a2eai4IK"
"Batec","Romàntic Dimoni","Osca / Batec","Català","Playlist","ES8022600008","4uWs1zN25EgpIQXteWqFhn"
"Tot allò que vaig sentir","Dan Peralbo i El Comboi","Dan Peralbo i El Comboi","Català","Playlist","ES94E2410602","6SVFEcVgksR4K6agJfO6kQ"
"on volíem estar","dani6ix & IZZKID","on volíem estar","Català","Playlist","ES84D2500042","5BsGayJf3faiOKs3iSDJTh"
"Res és tan difícil","Javito","Res és tan difícil","Català","Playlist","ES84D2600001","1QhhYsdbZUtgPfECpjadow"
"Aseregé","Svetlana","Aseregé","Català","Playlist","ES8022500150","04f2tTJjVwknNobTRPm4iT"
"XALALÀ","Figa Flawas","XALALÀ","Català","Playlist","ES11D2300929","0ZEIGkG2rc6mEu6DFX76Dw"
"Petons","Oliver Over","Petons","Català","Playlist","usdy42243947","4dvwatCZArmiUXHtHuK2xI"
"Mamipuladora","Mushkaa","Mamipuladora","Català","Playlist","UYB282589013","5QghOReCdRE2nKdT9Mrqky"
"Boig X Tu","Flashy Ice Cream","Sempre Joves x10","Català","Playlist","ES5062409601","1ECjtBKeOS6rV7exnE5fYG"
"QUI SOC JO","Javito","QUI SOC JO","Català","Playlist","ES84D2400055","38QHlcrUHt3jdTPzTyDCOv"
"DIUMENGES","Buhos","DIUMENGES","Català","Playlist","ES71G2423073","0RJ6jIC6QjOqRHcd1MHUhj"
"tota la vida","Iglú","tota la vida","Català","Playlist","ES5062400101","7ofUma7jeWAAc7AWMnvagX"
"Cap. 2: Havia de Passar","La Fúmiga","Pròxima Parada","Català","Playlist","ES11D2000415","1pNNfZlSlIPTQOfoPhgdAf"
"PARAUL·LES D'AMOR","Al·lèrgiques al pol·len","AL·LARMA","Català","Playlist","BK4DA2463273","5a1Z8buhrysaqn6MYCFW4T"
"Fantàstic shine","Sexenni","Fantàstic shine","Català","Playlist","ES5062412201","3Bxm6JgfWbGCzqvSeXT1v7"
"CHANEL","Caldo","CHANEL","Català","Playlist","QZNWW2289145","7D2pyr4h2a1frHAaXSlL1K"
"No Vull Pensar (Remix)","Oliver Over","No Vull Pensar (Remix)","Català","Playlist","ushm82154450","2A8bsnoOXvfVdheVqi72mg"
"Rudosteady","Juantxo Skalari & La Rude Band","Radical Park - Episodio 1","Català","Playlist","ES71G2336419","3oXhixIz7AQvAoigHDcDvU"
"LA NÒRIA","Stay Homas","HOMAS","Català","Playlist","ES11D2300830","4NCWulNhPBrEvNicGxx4kl"
"Un Estiu Perfecte","Flashy Ice Cream","Un Estiu Perfecte","Català","Playlist","ES5062206801","0VQWhZ1xDs8dvLNliwtJpB"
"Estiu","Oliver Over","Fake Bad Boy Mixtape","Català","Playlist","ushm22290259","0w0fNbevYZPjmZZl2mZOlU"
"Esperança","Txarango","Som Riu","Català","Playlist","ES5301457792","1EPQ2OcdshHjp3NfpixuxO"
"Som un Riu","Txarango","Som Riu","Català","Playlist","ES5301457798","6FXmJdGS5uNEmU3eS6ge5o"
"Governant","Txarango","Som Riu","Català","Playlist","ES5301457799","6eS2JZIFJ7VjW0IzfmyfKR"
"Alegre i Encantada","Txarango","Som Riu","Català","Playlist","ES5301457797","5SMAEmLhDv4h52Htba6WuH"
"Vola","Txarango","Benvinguts al Llarg Viatge","Català","Playlist","ES5301251460","4jFoAHaZtbEoZ6OlfvKgTJ"
"Fullar sempre","Oques Grasses","You Poni","Català","Playlist","ES6101629103","6JXNeypjzzan6VoMP0Q5Qm"
"El Meu Poble","Txarango","Som Riu","Català","Playlist","ES5301457796","28tHAt6OoY64W4EZeWzoRL"
"Batega","Txarango","Som Riu","Català","Playlist","ES5301457800","4n4eyXhlZcuA87xzHCs5Zq"
"La flama","Obrint Pas","En Moviment","Català","Playlist","ES8020600209","4jJGiNGzoUV4uacldNW5Qb"
"Cresta","Oques Grasses","Fans del sol","Català","Playlist","ES11D1800158","3FSP2mqzwnhszgHj38oJXE"
"Jo Vinc de Lluny","Doctor Prats","Venim de Lluny","Català","Playlist","ES5951805917","0o1wWdE0NTEB8m6wpEgHkM"
"Gat rumberu","La Pegatina","Via Mandarina","Català","Playlist","ES7310900005","67gRrJD0CjBdcYZwsNUmsE"
"Esbarzers - Remix","ZOO","Esbarzers & Camins","Català","Playlist","ES8021500601","1OjC5wo6DkB41B71sGwKmO"
"No T'encantis","Doctor Prats","Aham Sigah","Català","Playlist","ES5951605316","1jhDxPPCO8ciq5zQxnnaeb"
"Obriu les Portes","Txarango","El Cor de la Terra","Català","Playlist","ES5301764254","1y0BKFyFA6qmmtE66RQELq"
"Tokyo","Els Catarres","Postals","Català","Playlist","ES5951304299","6h5ANVxWsILl6vRy3e30Yt"
"Inevitable","Oques Grasses","Fans del sol","Català","Playlist","ES11D1800157","4n8Mah3rJOgBHnrkHhQ3Z1"
"El Miquel i l'Olga tornen","Manel","10 milles per veure una bona armadura","Català","Playlist","ES5151100200","07fwzkSoaG5WuM6SsPj5Mq"
"Ara Ve Ara Se'n Va","Doctor Prats","Venim de Lluny","Català","Playlist","ES5951805920","6QAp2tTzVRMxdBms8X3CmN"
"Si tot va bé","Animal","La melodia del foc","Català","Playlist","QMDA61838235","6oezjuh9GuM9NeswHstVq1"
"La Vuelta al Mundo","Txarango","Som Riu","Català","Playlist","ES5301457794","18LM2vUC16I8TWFcUMPxQe"
"Bancals","Oques Grasses","Fans del sol","Català","Playlist","ES11D1800151","0q1TD0i8SaMHUw7Zfp9hKN"
"Ventiladors","ZOO","Raval","Català","Playlist","ES8021700043","2bYdFvFow6fNIJL3XpvDbo"
"Petxina Lliure","Oques Grasses","Digue-n'hi com vulguis","Català","Playlist","ESA081650269","0IvkkV2NDFtUCJ6mc5h4RK"
"Resiste y Grita","Txarango","El Cor de la Terra","Català","Playlist","ES5301764260","6oDI2Ik0MxULSmrGQ7vMNu"
"Escopinya","Oques Grasses","Fans del sol","Català","Playlist","ES11D1800154","08UnibT603KVIfxcvzV10z"
"La Sortida","Sense Sal","La Sortida","Català","Playlist","ES5951906162","0DtPiYyNbMoZWtfYHbqZ0P"
"Serrallonga","Lildami","Flors mentre visqui","Català","Playlist","ES11D1800142","0dd95HhOJwjCqG6TzCRTux"
"Mira-la","Doctor Prats","Aham Sigah","Català","Playlist","ES5951605314","2Q38z19OAcuGaAhHQI1VML"
"Voy a Celebrarlo","Lágrimas De Sangre","Si uno no se rinde","Català","Playlist","ES7311500103","7Dd5p5mFpkZlEllO4Y7pCI"
"Més Likes","Oques Grasses","Fans del sol","Català","Playlist","ES11D1800155","5dVpKRWB8mCiET4hb7YzeB"
"Vengo","Itaca Band","La Lengua de los Pájaros","Català","Playlist","ES11D1800169","0ZQRMMlnhX86utvc7sQOKH"
"Cançó de l'aire","Oques Grasses","Fans del sol","Català","Playlist","ES11D1800156","3Z2MdfVNPD8JvIvDthhwUH"
"Si Tothom Calla","Gertrudis","Si Tothom Calla","Català","Playlist","ES51G1900003","3qHsmpg7dDIsHX0s5Q15Ke"
"Temerario","Itaca Band","Temerario","Català","Playlist","ES8021500001","1nO2vGrP18kP5ok92k3MOH"
"Sexy","Oques Grasses","Digue-n'hi com vulguis","Català","Playlist","ESA081650267","61KlUNjlQDMbtyPyVLWMvR"
"L'únic Que Vull és Cantar","Doctor Prats","Venim de Lluny","Català","Playlist","ES5951805921","6Q2limwW5DJ3EHgRyAxDfZ"
"La dels Manel","Lildami","Flors mentre visqui","Català","Playlist","ES11D1800143","752Kmdy90iL2iB7uVNv1zr"
"El Raïm Es Fa Pansa","Doctor Prats","Venim de Lluny","Català","Playlist","ES5951805918","1uU0hJNLKoMIvnOhAEwn4U"
"Torna'm","Itaca Band","Temerario","Català","Playlist","ES8021500005","1NzY8ZgJxVKpqUXTfGFhH0"
"T'espero","Txarango","El Cor de la Terra","Català","Playlist","ES5301764265","3fWO2i8ZtZ8Pctcs5AeCb5"
"Tu ets el sol","Lildami","Flors mentre visqui","Català","Playlist","ES11D1800145","7COXq0TO6p017yb6XtxN4K"
"Lliure","Doctor Prats","Venim de Lluny","Català","Playlist","ES5951805911","45YP8rDBbwelgCkRs8kFrG"
"Bailaremos","Itaca Band","La Lengua de los Pájaros","Català","Playlist","ES11D1800164","0OyFAQzFtdQrHMZoQbQbBe"
"Crida","Segonamà","Respira","Català","Playlist","ESA011792564","4ws298MFn7GudNqrGcXCRV"
"En Son de Guerra","Itaca Band","La Lengua de los Pájaros","Català","Playlist","ES11D1800170","7K59YY0BFAay0ZJevn0DjJ"
"Quan caminàvem","Aspencat","Essència","Català","Playlist","GB5EA1300577","4DT0LPAOwvN8vKXsKHeRLn"
"180","Itaca Band","Temerario","Català","Playlist","ES8021500006","2UiSGcM0uHDtrCkDKhrIFe"
"Vull","ZOO","Tempestes Vénen del Sud","Català","Playlist","ES8021400133","61DmSdlgmsomp0FNxHVQCQ"
"Mari Carmen","La Pegatina","Xapomelön","Català","Playlist","ES7311100021","4KOIPoWgg56YkP12E1aFoQ"
"Amagada Primavera","Txarango","Benvinguts al Llarg Viatge","Català","Playlist","ES5301251450","14TT5KhvA2hfw0OhXsPDUo"
"Ahora y Aquí","Itaca Band","Explosiva","Català","Playlist","QM4TX1727966","5HQruci59jgaN1l3BToc0J"
"Eres un Temazo","Suu","Ventura","Català","Playlist","ES11D1900262","1pfbNOFDohc4ptQ2eI9mTv"
"Somriurem","Txarango","El Cor de la Terra","Català","Playlist","ES5301764266","5gTs68fRAAesOt5NrwLEgf"
"Ser Diferent","Acció","On Sóc Ara","Català","Playlist","ES80A1303501","1U3y83redck6XbTEaBR3Ur"
"Eterno Verano","Miki Núñez","Amuza","Català","Playlist","ES5701900647","2QOtabBloSf7iti6MndGIs"
"El Boig de la Ciutat","Sopa De Cabra","Ben Endins","Català","Playlist","ES5259100404","34UJlqqDOncGP9rY5ClGzP"
"El combat","Txarango","De vent i ales","Català","Playlist","ES11D2000396","05aMuYaDsLyVenwV1vOyMb"
"Tantes Coses a Fer","Els Pets","Sol","Català","Playlist","ES5309800117","5LOLWkhyyWV4OVXZiugtdF"
"Quan cau el sol","Txarango","De vent i ales","Català","Playlist","ES11D2000385","74Vdl9dm1nqnjpYPVn400I"
"Per Tu","Miki Núñez","Amuza","Català","Playlist","ES5701900649","2XtCUV9KiOqXXZBLTESkhT"
"In The End","Stay Homas","In The End","Català","Playlist","ES5022000378","4PrYq1x0pv5WSMCiy6rp9o"
"De bonesh","Oques Grasses","A tope amb la vida","Català","Playlist","ES11D2100570","5HDrK4W1iSiDk8gkGdzX05"
"Entre Poetas y Presos","La Raíz","Entre Poetas y Presos","Català","Playlist","ES8021600032","7LQLbChhh7aURz53yOTLAr"
"Plora i riu","Oques Grasses","You Poni","Català","Playlist","ES6101629108","2Ue8D5UtFuYAvuh0YVpjYt"
"El Dia de la Victòria","Buhos","El Dia de la Victòria","Català","Playlist","ES5952006409","1Qj18zBIcvQ5iEVqrI56IX"
"Let it Out","Stay Homas","Let it Out","Català","Playlist","ES11D2000460","5oA0E7pgEwVK04tMzpAILh"
"La Casa de Tothom","Arnau Griso","Revolución Bananera","Català","Playlist","ES5021800610","6A4ThVuJCtxDtMUfHFSmuJ"
"Volveremos","Txarango","Benvinguts al Llarg Viatge","Català","Playlist","ES5301251452","7EHbQLFkHGz3vqp6taG2jr"
"+=","Stay Homas","Agua","Català","Playlist","ES11D2000464","0xbfUXsFM6fgY4GA81uARR"
"Aguacero","Txarango","De vent i ales","Català","Playlist","ES11D2000387","5phNkMgUq1tOosUyH3iOmI"
"Intro","La Sra. Tomasa","Nuestra Clave","Català","Playlist","DEZ651706405","3YHziwQB8kD3gKV62AmSEK"
"El Ratolí","The Tyets","Animalari Urbà","Català","Playlist","ES84D2100039","1YdwyOZBtnUD1gJbd4dCPK"
"Jo Soc el Teu Amic","Els Pets","Bondia","Català","Playlist","ES5300714484","7to3amoxOwzfskyI6B8Snd"
"Lakilove","Oques Grasses","A tope amb la vida","Català","Playlist","ES11D2100571","6D9mGTrxyWvaUif3SUhEme"
"Amor climàtic","Marcel i Júlia","En òrbita","Català","Playlist","ES11D2100525","53z4pSreQVUS8CMbivJ6O3"
"A la deriva","Bivac","A la deriva","Català","Playlist","QZHN42301958","0JfylsJ61elqOxokt82wCZ"
"Camaleón","Itaca Band","Temerario","Català","Playlist","ES8021500003","49M50npOOTtikgi30nEHlV"
"Bye bye","Oques Grasses","Bye bye","Català","Playlist","ES11D2100548","6TgdFcWhSVauyXsuwvwBBt"
"Espremedors","La Fúmiga","Espremedors","Català","Playlist","ES11D1900241","6PAspDwn6UFPJWLYBxpcDc"
"Talismà","Oques Grasses","A tope amb la vida","Català","Playlist","ES11D2100569","2KWekGyMhrSt0ravpnL65E"
"Se Acelera","Buhos","Se Acelera","Català","Playlist","ES5952106523","139ddeTyeWIbkeXdWIQicp"
"Quan Calla la Ciutat","Txarango","El Cor de la Terra","Català","Playlist","ES5301764267","32np8NFtGTDsUT26LKxHfx"
"Apropa't","Itaca Band","La lengua de los pájaros","Català","Playlist","ES11D1800165","5ZFowPKADRtgmRg99JXof6"
"Pau Gasol (feat. Sr. Chen)","Lildami","Flors mentre visqui","Català","Playlist","ES11D1800135","5qoFNFSu4N95pkVC4XIUT5"
"Com una bala","Itaca Band","Mil tormentas y un sol","Català","Playlist","ES11D2200723","3YaMPrNfzt9oa6Z1Vg55CA"
"A Poc a Poc","Doctor Prats","Pel Cantó Bo","Català","Playlist","ES5952206699","6G7R5stFsH3TxdM6rC2chs"
"Hospital Del Mar","Els Pets","Respira","Català","Playlist","ES5300002725","3wCqs3vZ1c1q2Ae9vgJccl"
"Salsa Boloñesa","Lágrimas De Sangre","Vértigo","Català","Playlist","ES16E1900003","1b0psBZ5Z2qedCvM2KkNDl"
"Una Mica Més","Quiròfan","Una Mica Més","Català","Playlist","TCAER2048839","5wE1IHmdVOKXkBZ8ZkruSn"
"Let Me Alive","The Tyets","Èpic Solete","Català","Playlist","ES84D2300009","1C0Hsm8BYhkroSD0w5mxdv"
"Bona Vida","Flashy Ice Cream","Aftersun","Català","Playlist","ES5062207303","60NiTRZhf2nhmgghPRbNET"
"Quan em tornes a mirar","Flashy Ice Cream","Quan em tornes a mirar","Català","Playlist","ES5062305001","0xIAUUb8lvF1gVfg1BsOUB"
"Xuculatina - Remix","Figa Flawas","Xuculatina (Remix)","Català","Playlist","QMBZ92253062","1xxJOsGzjysfZR48yAKmGG"
"Bomba de fum","The Tyets","Èpic Solete","Català","Playlist","ES84D2300007","6J5WnxvBBAgBZFVcwZk5g4"
"DIABLA","Figa Flawas","DIABLA","Català","Playlist","ES11D2300903","5lDRfQXgTA985GAb0ngSHi"
"A Poc a Poc - Remix","Lo Puto Cat","A Poc a Poc (Remix)","Català","Playlist","ES5952206781","7AwbXNjPKQ4qfj7PbbQ6eu"
"Coti x Coti - Mon DJ & DJ Capde Oficial remix","The Tyets","Coti x Coti (Remix)","Català","Playlist","ES84D2300033","4czUFK1w94SOlIRVF0qn1C"
"Nens Del Barri","31 FAM","JETLAG","Català","Playlist","ES5062101309","5zFjjyI7zZipsNcteOtFCB"
"El Mambo","Mushkaa","El Mambo","Català","Playlist","QZNWQ2304618","5GjKmTQY3ANW1QzvMU0W1l"
"FINALS","La Fúmiga","FINALS","Català","Playlist","ES11D2300926","73UTXnczm0vPlBsLVOB06s"
"PRINCIPIS","La Fúmiga","PRINCIPIS","Català","Playlist","ES11D2300899","40Lus6yy0pMCQG6DFBsyWb"
"Comèdia Dramàtica","La Fúmiga","Fotosíntesi","Català","Playlist","ES11D2100535","19BWT9p7BBqOKJFR1Sllyq"
"Vull estar amb tu","Els Catarres","Invencibles","Català","Playlist","ES11D2300989","6jx5dDUZJoTC8Of2TcAphY"
"Joc de mans","Marcel i Júlia","Joc de mans","Català","Playlist","ES84D2300051","6vB1s5Kh5xz9Boz7wHE8Cd"
"Quina Calitja","La Gossa Sorda","Saó","Català","Playlist","ES8240803609","4AoTyNZ5Y8v0D9WyzxzESJ"
"Avions volant","Julieta","5AM","Català","Playlist","QM6P42375062","3UI1B4h91XMAv5U5y7S95O"
"PINGPONG","Oques Grasses","Fruit del Deliri","Català","Playlist","ES71G2406650","51dp4qTtM4DuAKcmkU8dxi"
"Aquell moment","Bivac","Aquell moment","Català","Playlist","QZK6M2485933","5gn2kdmp342QZ5cSy3wxhP"
"COVARDS","La Fúmiga","TOT ESTÀ PER FER","Català","Playlist","ES71G2401696","19herHhe8mbbOMYILYWGnw"
"SECR3T","Julieta","SECR3T","Català","Playlist","QMDA72213393","3Rch2FyIqqoyNKfFO7mB83"
"Si ha de ser serà","Julieta","Juji","Català","Playlist","QMDA72189053","5LX3hqlz4IYEtaxEKkYqpx"
"La Faràndula","Sexenni","La Faràndula","Català","Playlist","ES5062407001","061GP3myKZzbztHmOivT7Q"
"Que Vinguis","The Tyets","Que vinguis","Català","Playlist","ES84D2400026","6Mk1sd1iixmQC6CxaWsnEb"
"KOALES","La Fúmiga","TOT ESTÀ PER FER","Català","Playlist","ES71G2401699","4IrUj03q2ouHvqXVdLEuiX"
"RÈCORD MUNDIAL","La Fúmiga","TOT ESTÀ PER FER","Català","Playlist","ES71G2401697","45PRSTOnYzdo8Zgk0ldtUx"
"Mercenario","Edu Font","Mercenario","Català","Playlist","QZTB22429243","3I6WKnSWRfSWAVApGWjrW8"
"SexeSexy","Mushkaa","SexySensible","Català","Playlist","UYB282411007","2uuMValcORiLp44OIOIoL5"
"Atracció Magnètica","Flashy Ice Cream","Atracció Magnètica","Català","Playlist","ES5062409101","6HGRLNyJ4cgsDmwDUawQQc"
"Xarnega","Mushkaa","SexySensible","Català","Playlist","UYB282411003","4ABmdW0G3oDlanLL5rTbjq"
"XTRATERRESTRES (na de na)","Figa Flawas","XTRATERRESTRES (na de na)","Català","Playlist","ES11D2300995","3TVAiqUY4HsoFiK4kZQJw6"
"Mistos","Calagher","Mistos","Català","Playlist","CALVP2074225","6zp8Y43jDZrxL8Xdm6crsQ"
"Només façana","Doctor Prats","F5","Català","Playlist","ES71G2508709","6DwVXK5deq4zCUxWaLxFt7"
"Señal de Respeto","Mushkaa","SexySensible","Català","Playlist","UYB282411002","556iuX1C4CMLq29To3qHAp"
"Tots els llocs són lluny (caminant amb Clopixol)","Minibús Intergalàctic","Música Humana: Thalassa","Català","Playlist","USA2P2507528","31obERNBqzcs9QOTN19Y6p"
"Espurna","Stay Homas","Espurna","Català","Playlist","ES71G2500160","3shpWQGvDKZh9IufXGxqjd"
"QUE NO S'ACABI","Figa Flawas","LA CALÇOTADA","Català","Playlist","ESA092211701","2GwrUTD1fCrJAdzQD8Y0Cl"
"SOLUCIONS i NO PROBLEMES","Figa Flawas","LA CALÇOTADA","Català","Playlist","ES11D2301047","2bMUbAFoVl66DWRkDjgtRC"
"Cul i Merda","The Tyets","Cafè pels més cafeteros","Català","Playlist","ES84D2500017","6MCLjGvI7Mo2gXpagEZarZ"
"Només viure","Ginestà","Només viure","Català","Playlist","ES71G2422387","5IetPJXFyb9J9aiMjCMlJq"
"M'oblido d'oblidar-te","Julieta","23","Català","Playlist","ES5022500504","7AXFrgcthsVQeKJl5sW5BI"
"T'enxules","Julieta","5AM","Català","Playlist","QM6P42316841","4B1lhMZOGjSabNRjfR7wN9"
"Deixar-se anar la mà","Ginestà","Deixar-se anar la mà","Català","Playlist","ES71G2433499","5iQXwqwnZHHm9yGe5aYEBI"
"estaré millor demà","MARLENA","entre cuatro paredes y una verdad","Català","Playlist","ES05I2400003","5Iqlweh4ibz1itUOrWHaxo"
"Bona Vida","Flashy Ice Cream","Aftersun","Català","Playlist","ES5062207303","0bHiIaaLBYMD4DK9AzkIrO"
"LA GENT DE LA MEDITERRÀNIA","La Fúmiga","LA GENT DE LA MEDITERRÀNIA","Català","Playlist","QM6MZ2613358","0PgShO3sPV1Nr9fDwrIEnc"
"ARTIFICIAL REMIX","FADES","METALLIX: Afterparty","Català","Playlist","ES6102528602","1xi88cfy0nfuSZHXsmng7S"
"HE PERDUT EL NORD","Kelly Isaiah","HE PERDUT EL NORD","Català","Playlist","FR2X42625719","7pi0HLhoOZoWJouubcD72Q"
"Ara és estiu cada desembre","Ginestà","Suposo que l'amor és això","Català","Playlist","ES7312100135","3RMUObLiWZURBCg2hDE8sz"
"CARINYU MEU","Al·lèrgiques al pol·len","CARINYU MEU","Català","Playlist","BK4DA2407563","5INsY8yLxzvP3pjCNT65hE"
"Captatio benevolentiae","Manel","Els Millors Professors Europeus","Català","Playlist","ES5300821812","5JUXJ7nzuLjMVBhm1RRgAU"
"Llum fluorescent","Oques Grasses","Digue-n'hi com vulguis","Català","Playlist","ESA081650272","10tccF6wqm6jyYDl4Hw4S5"
"Els guapos són els raros","Manel","Els Millors Professors Europeus","Català","Playlist","ES5300821815","2hmbvr9HAmq9KOirdMDp6j"
"Amiga de ningú","Oques Grasses","You Poni","Català","Playlist","ES6101629101","7mILkJdHA3ksBGu5xvbc57"
"La Porta del Cel","Els Catarres","Postals","Català","Playlist","ES5951304310","6Q1EHFxrRtQ7d8EESngQfB"
"Llavors","La Fúmiga","Fotosíntesi","Català","Playlist","ES11D2100656","3Q1wQqrkhwhGLFjcAbVQvn"
"Trenca'm el cor","Julieta","Trenca'm el cor","Català","Playlist","QM6P42202880","4lT3u24QgLyJTsJMLFviM4"
"Roma","Manel","Els Millors Professors Europeus","Català","Playlist","ES5300821811","1TI9AHfzImK6B1ZYZc8Nr5"
"Cara de cul","Oques Grasses","You Poni","Català","Playlist","ES6101629102","42a9IfN7PYFNg3dnlm1vnm"
"Cada Cop Que Rius","Strombers","Cada Cop Que Rius","Català","Playlist","ES71G1914521","4EfeSSiuuQSUmKeZcBsxMD"
"Et deixo la mà","Mariona Escoda","D'una altra manera","Català","Playlist","ES5952206841","4q9PKYXFCUDk4aj3qZKEce"
"Plora i riu","Oques Grasses","You Poni","Català","Playlist","ES6101629108","0kreP3Wa04atVW5jnvr9dW"
"Alguna Cosa Més","SX3","Uh! Oh! No Tinc Por!","Català","Playlist","ES6091504248","5bgt3Fj0DEojXgq8ttRydW"
"Mai Més Serem","Clara Bauvi","Mai Més Serem","Català","Playlist","GX5MY2300139","1FF2wz0enaUxNiPy7xMMAR"
"Exèrcit Silenciós","Raikk","Exèrcit Silenciós","Català","Playlist","ESA092235245","51e9v2RQkmz0lywXhuLrNo"
"Una altra manera de viure - Estrella Damm 2019","Joan Dausà","Una altra manera de viure - Estrella Damm 2019","Català","Playlist","ESA011935137","7kkPyhcaiVvYyYDcjIypOJ"
"La Dansa del Vestit","Txarango","Benvinguts al Llarg Viatge","Català","Playlist","ES5301251461","4bIdxMI72u1D84zJpz0hAN"
"Som","Cybee","CyBee","Català","Playlist","ES52G1300160","23lNsyN6etpTmR3kN5b1YI"
"El millor dels Estius","SX3","Anem a Veure Món","Català","Playlist","ES6091501015","1xZBxHkC1tggMh020NNRsA"
"Desaprenent","Sergi Carbonell","Refugi","Català","Playlist","ES11D2200812","4aYwq3ojpWnTrIFVaDTfGl"
"La meva sort","Ginestà","La meva sort","Català","Playlist","ES71G2400575","01q7SgslZuHOGFkuzcIZgS"
"No Estàs Sola","Elena Gadel","Dagoll Dagom - Mar i Cel","Català","Playlist","ES5300409597","0SdNMNiwEy5u86vyXyOQyA"
"Mirada Estràbica","Xiula","Descontrol MParental","Català","Playlist","QMEU32024531","4IPN2ZrzpCavy6Alm9FPLA"
"La Rosa","Manu Guix","El Petit Príncep","Català","Playlist","ES5951404855","1t3KKxExWyqXvkElTvFSti"
"Quan Et Sentis de Marbre","Gossos","En Privat","Català","Playlist","ES5950602160","3dDYq8QTfH0DDK8hM8uhcN"
"Fem un Salt","SX3","Anem a Veure Món","Català","Playlist","ES6091501013","5t9z1H8C7pQ52WJDlIMfo0"
"Que Tot Et Vagi Bé","Txarango","El Cor de la Terra","Català","Playlist","ES5301764264","5FXdyQboJUYoxkopoHC8Kz"
"Escriurem","Miki Núñez","Escriurem","Català","Playlist","ES5701901523","6miGTy0cIiaNYznYct2eEN"
"Talismà","Oques Grasses","A Tope amb la Vida","Català","Playlist","ES11D2100569","4EbnByg9l8NEqBqEkA3Ur1"
"Road Trip","Triquell","Entre fluids","Català","Playlist","ES11D2200824","3Y6xNsj9oH5eZcmRX0EHLq"
"SEGURAMENT","Ven'nus","SEGURAMENT","Català","Playlist","ES71G2420515","2t6Fjch0gAIoqAhfmSCODJ"
"Quan Somrius, el Món Somriu Amb Tu","Xanguito","Milions D'Estrelles","Català","Playlist","ES17D1900839","3twuIX6oWvYcRKlo9SUKcq"
"Pla quinquennal","Manel","Els Millors Professors Europeus","Català","Playlist","ES5300821810","5KcXtRKkl6pzEyw8GBkdHd"
"Saturn","Albi","Saturn","Català","Playlist","ESA092405400","6NqRUUZ7sEcdADgUF22CWi"
"CODA: ensenya'm a estimar","miquel","ç","Català","Playlist","QZNWR2193236","5PjHWVbuYQeFrxVHJl7VNn"
"A la voreta del foc","Alosa","A la voreta del foc","Català","Playlist","ESA092335893","4k4VS8YL0zO9AZvgFWTJ5u"
"Una Nova Casa","Alosa","Oh Lai L'Om","Català","Playlist","GBMJG2417108","7IXvhToQ0kNuzC717WnSFn"
"Me'n Vaig al Camp","Els Catarres","Cançons 2011","Català","Playlist","ES5301150867","6XdNPLjXrBbUJOKGHO4F0q"
"Avui l’únic que vull","Pau Vallvé","Abisme Cavall Hivern Primavera i Tornar","Català","Playlist","ES52G1700388","7ivvCLw3vJ27Bab0lNXOGG"
"Camps de cirerers","Roger Torné","Dr. Pearson","Català","Playlist","ES73F2500481","0wXqdY64ZgjM8UCb3vCnDn"
"Per què he plorat?","Figa Flawas","Per què he plorat?","Català","Playlist","ES11D2300999","2JIQlpLkIIwQ9dmCwjbRh4"
"Protagonistes","Pau Vallvé","2010","Català","Playlist","ES5951003574","6Rb5GvTGNspDFOhRq27i1v"
"Quina Sort","Sixtus","Quina Sort","Català","Playlist","USHM82581248","4KcOckPisD410XrVMQjf2u"
"No poder refer-me","Clara Bauvi","El cercle s'ha acabat","Català","Playlist","ESA092509895","6zn9MkkPIKUFA5BTZke7rh"
"El cercle","Clara Bauvi","El cercle s'ha acabat","Català","Playlist","ESA092509896","6xLFWt7P85ToKNofwdV7WB"
"L'Amor No Té Cap Ni Peus","SX3","Benvinguts Al Club","Català","Playlist","ES6091501026","4vwMFFMYSbAUvqrYI8jv4Q"
"Endavant","Pau Vallvé",": )","Català","Playlist","ES26E2210011","5sCNFNTgZxVxgdfm4b060X"
"S'ha acabat","Clara Bauvi","El cercle s'ha acabat","Català","Playlist","ESA092509897","4ytStunz5u5zForRZHmHhU"
"Buguenvíl·lies","Pau Vallvé","La vida és ara","Català","Playlist","ES52G2000803","3J6XTkKfgZDP6HlXk3gE0s"
"Bombolles (feat. Maria Jaume)","Al·lèrgiques al pol·len","Cants, crits, baralles","Català","Playlist","QM4TW2387323","5dZaWCLJ479JiSOcZuxsFZ"
"HO TORNARIA A FER","Stay Homas","HOMAS","Català","Playlist","ES11D2300913","4WkZ6nkJjQNoZJDqIIhoYB"
"Nit freda per ser abril","Manel","Els Millors Professors Europeus","Català","Playlist","ES5300821813","2Hjl1hTJTSubmZz5lR0xnK"
"Hi ha algú que em va dir","Joan Dausà","Hi ha algú que em va dir","Català","Playlist","ESA012226146","5d9mA79aHUZkC4d7H2Nwox"
"Avui he anat a Cal Coix","La Ludwig Band","Al límit de la tonalitat","Català","Playlist","ESA012063252","3YIN1gCeNoqVYKD0WmjYNQ"
"Es teus ulls davant la mar","MARIA HEIN","Es teus ulls davant la mar","Català","Playlist","ES97D2109201","1Y8yLQOXxCzCdJDsUcbhnn"
"M’he Enamorat","Julen","Caiguda Lliure","Català","Playlist","ES5952206704","0xFTLZEjSjpLchJ6P2cMu6"
"Desembre","La Ludwig Band","Desembre","Català","Playlist","ESA092295390","2tGNu8X6xtsI14HadO7gcC"
"Nou Camí","Assekes","Un Nou Camí","Català","Playlist","QMDA71551403","2K2Q1M3W2GNt4oqqBLTdk3"
"GRÀCIES","Cristina Díaz","GRÀCIES","Català","Playlist","QZHNB2312091","3Y2lTBH8V2KHQcvsWd4ibO"
"El petit vailet","Judit Neddermann","Present","Català","Playlist","ES6101927405","54hV0ppncfmzZlOaBKdKVy"
"El senyal que esperaves","Els Amics De Les Arts","20 anys d'Amics","Català","Playlist","ES60E2400023","5RIsRiZ1u2gfVREW1FPSD3"
"De Gran Vui Se","Vici Maurici","Despatxus","Català","Playlist","GXH2J2579799","2nHlkv8YcvTBvir1pFviz7"
"Castanyes per setembre","Partiperes","Mixtape sense ceba","Català","Playlist","QZTAS2573678","5cqSIeUJMtAsVAYnqnyemL"
"Desig","Abril.","Instruccions per estimar una cirera","Català","Playlist","ES71G2422252","44KHs3pUBBRaMXPGwM7mrP"
"Càmera Lenta","Xisk","Viu en Pau","Català","Playlist","ES5062407301","5ZU1eNR2uVYu7F0sh2eIJ9"
"LA TEVA OLOR","Alvert","CORS","Català","Playlist","ES5062307101","3F9sLRNe8toOxWS8iPAbj0"
"aquelles nits d'estiu <3","Andrea Grau","aquelles nits d'estiu <3","Català","Playlist","QM6N22485185","5hapuDmbAMeSl0LdxCuRDV"
"ALTER EGO","Sara Roy","ALTER EGO","Català","Playlist","ES71G2422385","3SvcOVPFNAswc2NioQLw3Y"
"Ningú com tu","CLASSE B","Ningú com tu","Català","Playlist","ES6102520201","4XVujt572aACvpRLkHmZQy"
"Tot té el seu temps","LAIALAIA","Tot té el seu temps","Català","Playlist","QZHNA2594300","70etTMD00vBGdOVNdh4MsU"
"Hora Blava","La Fúmiga","Fotosíntesi","Català","Playlist","ES11D2100660","6jVsytBl4Ett3dRrTUYlRE"
"Mai més","JULS","Mai més","Català","Playlist","QZDA52426254","5VtNzmJqPguvsANGCSkq9H"
"Sempre t’estim","Xanguito","Bon Rotllo","Català","Playlist","ES71G2404717","4S8l05eSdxWNHPQxYPZ6Wl"
"Les mosques","Ginestà","Només viure","Català","Playlist","ES71G2505329","5UC43c7RBHqupP0kLXHwqU"
"El cant dels ocells","Alosa","El primer cant del matí","Català","Playlist","ES14E2500009","21yP7ezvQkF3PFjgS3cK27"
"Moviment","Carolina Alabau","Primera Mirada","Català","Playlist","ES56S2000061","6fmTyO5XxbNlz09QCC8UZ0"
"QUAN MORI EL COS","gavina.mp3","MOLTS OSSOS, MOLTS ESTELS","Català","Playlist","ESA092332886","4xemYP2TcDszLiDXqICL2B"
"Dol i Fa Sol","Xiula","Dol i Fa Sol","Català","Playlist","ESA092332367","0FEpAiqfLKkR1nRmFJA29U"
"Muntanyes de Canigó","Quartet Mèlt","Maletes","Català","Playlist","ES80A1607707","2UpTmTuQwPXJIoNrDCFuX7"
"Casa, avió, gat","K-ZU","Casa, avió, gat","Català","Playlist","ES17D2502883","0qcdbKnFiwvdu3iK9VVdaE"
"Sempre t’estim","Xanguito","Bon Rotllo","Català","Playlist","ES71G2404717","1K6eNXbQk3zmLMtKFwSE1z"
"Casa nostra","Cor","Casa Nostra","Català","Playlist","ES73F2400851","2xWONZoeBFf2pWY9igre8D"
"Menteix la primavera","Mishima","Ara i res","Català","Playlist","ES5151700473","1IA0vlikPuSOgPTNsAW7f0"
"Ens en Sortirem","OBESES","Fills de Les Estrelles","Català","Playlist","ES5951805897","6mSvCBRnQpnyl0hOxkVnK8"
"Riptide","Vance Joy","Dream Your Life Away (Deluxe Edition)","Català","Playlist","AULI01385760","2uXlHCUbq9OMUwx3hrk06o"
"Jenifer","Els Catarres","Invencibles","Català","Playlist","ES11D2301013","2WOTHXKXl7iQGyvNj2g5kV"
"Jo Sóc Com Tu","Els Catarres","Jo Sóc Com Tu","Català","Playlist","ES5951605421","6sOvTjINbWqsiclgLWsT8w"
"El Maresme","The Tyets","Cafè pels més cafeteros","Català","Playlist","ES84D2500019","4YGzTWu8gvInMdFqAJohEa"
"Inevitable","Oques Grasses","Fans del Sol","Català","Playlist","ES11D1800157","3C3eBAihFEehucnBUo1tfn"
"Sushi Poke","The Tyets","Cafè pels més cafeteros","Català","Playlist","ES84D2400056","1QvLkhsBtpBFHEz9GxX2zb"
"El cul del món","The Tyets","Cafè pels més cafeteros","Català","Playlist","ES84D2500014","2OsBaXLtgKSzL0KNRqrSLG"
"Si em tornes a mirar","Buhos","La nit està que crema","Català","Playlist","ES11D2300849","4u9SKtlpH2pzSvD7F0vAtg"
"Arc de Sant Martí","Buhos","La nit està que crema","Català","Playlist","ES11D2300847","1R7Uo6aC6Odm9QOTnkVeOt"
"En peu de guerra","Els Catarres","Invencibles","Català","Playlist","ES11D2301017","3ygm5eu3ZMo2rCQWd0outQ"
"MORIR VIVIENDO","Stay Homas","HOMAS","Català","Playlist","ES11D2300910","1J6zWCdR2tLFAze8OBgz8r"
"Ocells de Llum","Doctor Prats","Pel Cantó Bo","Català","Playlist","ES5952206714","6yTCcUa1RLhTqIMMw9Y5by"
"Mai Trobaràs 30 Anys","Sopa De Cabra","Mai Trobaràs 30 Anys","Català","Playlist","ES51G2200040","3lJK1l2fqEBrxIfFcqZnCo"
"Super Freak","Rick James","Street Songs (Deluxe Edition)","Català","Playlist","USMO18100048","2dCmGcEOQrMQhMMS8Vj7Ca"
"Que el terra tremoli","Sardines en Llauna","Que el terra tremoli","Català","Playlist","ESA092503790","2NJJfrOGftnmpaRQw5YEy6"
"Las Chicas Son Guerreras","COZ","Locos Por La Tele","Català","Playlist","ES5110002843","3A58rEqzY7fwWSOnlB2AxB"
"BAMBI","Oques Grasses","Fruit del Deliri","Català","Playlist","ES71G2406644","5rpFMC1gxCXJpV24QzDRCi"
"Barcelona S'il·lumina","Buhos","Barcelona S'il·lumina","Català","Playlist","ES5951605244","5vBNGe0bQ5sHALzulQCD7C"
"HEM VINGUT A JUGAR","Buhos","HEM VINGUT A JUGAR","Català","Playlist","ES71G2431370","381uhXd2a52f6WiLtjiCZs"
"Girasoles","Rozalén","Cuando el Río Suena...","Català","Playlist","ES5021701667","569wwTXGm6Ujk1HeJjH6fj"
"Un món més real","La Clika","La Clika i amigues","Català","Playlist","QMFME2015759","2gdmRcxeFSh9A6LI6wPbb5"
"Somni","La Clika","La Clika i amigues","Català","Playlist","QMFME2015767","61anAlgpC5I9N6ht2IIQ6h"
"Els amics","La Clika","La Clika i amigues","Català","Playlist","QMFME2015761","4UkVwIARS3QR6NesvUPc2z"
"No el deixis sol","La Clika","La Clika i amigues","Català","Playlist","QMFME2015765","6huiXNaksm3PyiCQXX2PZE"
"Cançó Pòstuma","ZOO","Llepolies","Català","Playlist","ES71G2101299","2wDGsd5qoUqT3sJQ67cbPi"
"Impresentables","ZOO","Raval","Català","Playlist","ES8021700044","1oumohrgUQCuklap89QlLQ"
"Amb tu - En directe","Buhos","Penedès sempre dempeus (En directe)","Català","Playlist","QMDA72522737","2uMS2OjNFa58YFfnl63Ovt"
"Judit","Joan Dausà","Jo Mai Mai 10 Anys","Català","Playlist","ES51G2300013","0d7NF6IXjKcidQZpOUG9MP"
"Salta!!!","Tequila","Confidencial/New Booklet","Català","Playlist","ES5109900073","0M2tanh26PWePnaGVV3h3y"
"El Vol de L'Home Ocell","Sangtraït","Els Senyors de Les Pedres","Català","Playlist","ES5060610804","4EHXJdXzXACUvZBAOcxRZo"
"La Perla","ROSALÍA","LUX","Català","Playlist","USSM12504035","4oVO4fGNRRvEn0CRuFO4qv"
"Capità","La Clika","La Clika i amigues","Català","Playlist","QMFME2015760","0wiA25WNKOzmYlQpNELAp3"
"Nadal de colors","Xavi González Cabré & Anna Llopart Mestres","Un Hivern de Colors","Català","Playlist","ES5231607347","5xGsrYhzbMpLiuLBiQzALQ"
"Redemption","RAWPUBLIK","Redemption","Català","Playlist","ES71G2336701","3Y4t0Digkzkjv69DQMKn4z"
"Per Què","RAWPUBLIK","Redemption","Català","Playlist","ES71G2336705","4k1CilhtGVRCd9cRjYmJhv"
"La Vida Pirata","RAWPUBLIK","Redemption","Català","Playlist","ES71G2336706","6MnIpmdqeLSybCsRqx16CC"
"El timbaler","Dàmaris Gelabert","M'agrada el Nadal","Català","Playlist","ES5301039718","0YUBCQ49KIZrVG7Vh1S9PK"
"AURORA","Figa Flawas","LA CALÇOTADA","Català","Playlist","ES11D2300980","5lAu3QBWqE2O5pFHEnBGAp"
"Crush","SX3","Crush","Català","Playlist","ES6092600759","1T4VSnzYSeS3AmeEarEMeB"
"Festa Major","La Clika","Festa Major","Català","Playlist","QMBZ92528892","36cuFOqm3zDzeoCNGtnx0l"
"Guapíssima","Banda Neon","Guapíssima","Català","Playlist","ES5952507195","6yXfa5OsSJc1Tp0drOmEKE"
"Zoo - De ""Zootrópolis 2""","Disney","Zoo (De ""Zootrópolis 2"")","Català","Playlist","USWD12538420","7r6VRptvDW823qScHTHBN6"
"Jolene","Dolly Parton","Jolene","Català","Playlist","USRN19600096","2SpEHTbUuebeLkgs9QB7Ue"
"Ara!","Doctor Prats","Aham Sigah","Català","Playlist","ES5951605313","09wWPBTgab1stsBjtqoEga"
"Piratas del Caribe","Antoine Barry","Piratas del Caribe","Català","Playlist","ARG791200094","5IXm926BIDseqJxZqZNPg1"
"He's a Pirate","Klaus Badelt","Pirates Of The Caribbean Original Soundtrack","Català","Playlist","USWD10321341","4AD2dterIUjNt1LFNI9Bvi"
"Bricoheroes","OBESES","Bricoheroes","Català","Playlist","ES5952006468","0LnoZXr47Mj7MYZdRMfQUo"
"Waiting For Love","Avicii","Stories","Català","Playlist","CHB701400134","2P4OICZRVAQcYAV2JReRfj"
"Macarrisme Català 4","Baya Baye MGT Los Sosis","Macarrisme Català 4","Català","Playlist","US6R22536063","6j206sp3KaR4hCghxAtFVf"
"Pura vida","Buhos","La nit està que crema","Català","Playlist","ES11D2300850","7Dsp6CBrbhRpQ4MMORGt5G"
"Em sembla bé - Beta","SX3","Em sembla bé (Beta)","Català","Playlist","ES6092600768","0iaijWautvEwtpGcAuSwwx"
"Per Molts Anys","SX3","Clubifaximàtic","Català","Playlist","ES6090900393","2T9QuOraLKyF26tZd3RizX"
"Ventiladors","ZOO","Raval","Català","Playlist","ES8021700043","32ZpKHVbjtK5NZDKRZkbVq"