name,artist,totalMatches,foundWords,unplayableWords,matchedLines,track_id
Vielleicht,Rowli,1,nacht,immer,,7FuwizV4bAUFBhyNB5dCxm
Liebe zu dritt,Provinz,1,sommer,"sonntag, bald",,1CeL9v59rZeFX63hYI4eAO
Hals über Kopf,frytz,1,immer,nacht,"Alles easy, aber irgendwie nicht immer einfach",6na2BbMxVT9ZXFX5JHns6Q
Kippen  Schlechter Wein,Ritter Lean,1,immer,nie,"Immer unterwegs mit Jungs, wo immer jemand schaden geht | Dann sagt sie immer: „Ganz okay“ | Jedes Lächeln immer fake und keiner von den'n wirklich echt | Ich will die Zeit zurück, wo mein Arm immer noch ihr Kissen ist",6WrxkzUIrCUfKXo6DxKibh
liebesbeweis,Rrotzer,1,immer,,"Sie macht das immer, fühlt sie sich wieder allein' | Deshalb wacht sie immer als erstes auf | Sie macht das immer, fühlt sie sich wieder allein' | Deshalb wacht sie immer als erstes auf | Sie macht das immer, fühlt sie sich wieder allein' | In der Disco stehen die immer auf GL | Sie macht das immer, fühlt sie sich wieder allein' | Deshalb wacht sie immer als erstes auf | Sie macht das immer, fühlt sie sich wieder allein' | Sie macht das immer, fühlt sie sich wieder allein' | Deshalb wacht sie immer als erstes auf | Sie macht das immer, fühlt sie sich wieder allein'",79kMwRNa5TzMU02A65vDF6
Weinbrand,Amaru,1,heute,"tag, morgen, nacht, morgen","Wer wеiß, wo wir heute Abend landen | Wer weiß, wo wir heute Abend landen | Ich hab' Schutt unter den Füßen und ich schütt' mich heute zu | Morgen werd' ich büßen, dafür geht's mir heute gut | Wer weiß, wo wir heute Abend landen | Wer weiß, wo wir heute Abend landen",50Ap2wslYhEhIdoAp6jwQz
Theater,Ski Aggu,1,heute,"august, nacht, immer, nie","Schrei laut, heute machen wir Theater | Schrei laut, heute machen wir Theater | Schrei laut, heute machen wir Theater | Schrei laut, heute machen wir Theater | Schrei laut, heute machen wir Theater",3mXLCPmEwNPOll1BZedEA9
vielleicht in einem jahr,Kasi,1,heute,"jahr, monat, tag","Vielleicht gar nicht heute, aber vielleicht in ei'm  Jahr | Vielleicht doch nicht heute, aber vielleicht in ei'm Jahr, ah, ah",3ooxYFx0gfdj4eqSmCtoh1
Break my heart,Rrotzer,1,immer,"tag, nacht","Niemals sober, wir sind immer high | Ich will, dass du immer bleibst | Niemals sober, wir sind immer high | Ich will, dass du immer bleibst | Niemals sober, wir sind immer high | Ich will, dass du immer bleibst | Niemals sober, wir sind immer high | Ich will, dass du immer bleibst | Niemals sober, wir sind immer high | Ich will, dass du immer bleibst | Niemals sober, wir sind immer high | Ich will, dass du immer bleibst | Niemals sober, wir sind immer high | Ich will, dass du immer bleibst | Niemals sober, wir sind immer high | Ich will, dass du immer bleibst | Du bist immer so weit weg | Du bist immer so weit weg | Immer faded, immer dizzy | Niemals sober, wir sind immer high | Ich will, dass du immer bleibst | Niemals sober, wir sind immer high | Ich will, dass du immer bleibst | Niemals sober, wir sind immer high | Ich will, dass du immer bleibst | Niemals sober, wir sind immer high | Ich will, dass du immer bleibst",3z0XA6usBDO0hVNoRpIFPg
Cider,01099,1,immer,"tag, nacht, heute","Aber ich mach' immer weiter | Aber ich mach' immer weiter | Und was wir haben, versteht keiner, erklären macht mich immer heiser | Aber ich mach' immer weiter | Gibt es was, was ich nicht weiß? Ich war immer da | Wenn du weißt, aber ich mach immer weiter | Aber ich mach' immer weiter | Aber ich mach' immer weiter",3Dwpw7G06KapVKxZAwPzNR
Powerade,BHZ,1,tag,"nacht, heute, bald",,20l2YWgtEXAAAEzoWs3gkE
Changes,Rowli,2,"heute, immer",,"Und ich wünsch', dir geht es gut, aber heute bin ich weg | Immer viel zu oft am Zug, aber heute bin ich blessed, ja | Ich wünsch', dir geht es gut, aber heute bin ich weg | Immer viel zu oft am Zug, aber heute bin ich blessed, ja | Mach' zwar bis heute nur Kleingeld mit der Mucke und Shit | Bin am machen, doch bis heute noch kein Ende in Sicht | Und ich wünsch', dir geht es gut, aber heute bin ich weg | Immer viel zu oft am Zug, aber heute bin ich blessed, ja | Ich wünsch', dir geht es gut, aber heute bin ich weg | Immer viel zu oft am Zug, aber heute bin ich blessed, ja | Fühl' mich besser in 'nem Stu, früher war ich immer leş | Fühl' mich besser in 'nem Stu, früher war ich immer leş | Fühl' mich besser in 'nem Stu, früher war ich immer leş | Fühl' mich besser in 'nem Stu, früher war ich immer leş",3FaWMH0C3VxY5fDknvr5zB
Ihre Sachen,Strob,1,nie,"morgen, gestern, morgen","Warum lässt sie ihre Sachen da, wenn sie nie wiederkommt? | Warum lässt sie ihre Sachen da, wenn sie nie wiederkommt? | Warum lässt sie ihre Sachen da, wenn sie nie wiederkommt? | Warum lässt sie ihre Sachen da, wenn sie nie wiederkommt?",5ShgVsE6BKrejtIiqP5DOv
Bags,Rowli,1,heute,"gestern, immer","Ich mach' Bags, aber heute nur alleine | Früher war'n sie mad, aber heute sind sie leise | Ich mach' Bags, aber heute nur alleine | Früher war'n sie mad, abеr heute sind sie lеise | Doch ich weiß, heute hören sie's auch | Mache Bags, aber heute nur alleine | Ich mach' Bags, aber heute nur alleine | Früher war'n sie mad, aber heute sind sie leise | Ich mach' Bags, aber heute nur alleine | Früher war'n sie mad, aber heute sind sie leise | Ich mach' Bags, aber heute nur alleine | Früher war'n sie mad, aber heute sind sie leise | Ich mach' Bags, aber heute nur alleine | Früher war'n sie mad, aber heute sind sie leise",6FfKS7iz7t2Vv3p2rqOoe9
EINFACH,Rrotzer,1,immer,,"Ich laufe immer weiter, doch ich dreh' mich im Kreis | Ich laufe immer weiter, doch ich dreh' mich im Kreis | Und ich weiß selber, dass' mit mir nicht immer lеicht war | War mit mir nicht immer einfach | Ich laufe immer weiter, doch ich dreh' mich im Kreis | Ich laufe immer weiter, doch ich dreh' mich im Kreis | Ich laufe immer weiter, doch ich dreh' mich im Kreis | Ich laufe immer weiter, doch ich dreh' mich im Kreis | (Ich laufe immer weiter, doch ich dreh' mich im Kreis)",730aVUGfYZyBM21EeazMPV
FÜHL NICHTS,moi,1,tag,nie,,4KNmhUzBPgrnSAl9rhuSXI
Küssen,01099,1,sommer,"mitternacht, heute",,0XAED1f5jCJ14plqbry8yf
Auf  Ab,Rowli,1,immer,tag,"Denn ich lag immer nur Nächte wach von dem Schmerz | Denn ich lag immer nur Nächte wach von dem Schmerz | Denn ich lag immer nur Nächte wach von dem Schmerz | Denn ich lag immer nur Nächte wach von dem Schmerz | Und bitte stell keine Fragen, ich bleib' immer ich | Denn ich lag immer nur Nächte wach von dem Schmerz | Denn ich lag immer nur Nächte wach von dem Schmerz",0jXghnhNGDEtgcRlnErvxv
Leben ist zu kurz um Angst zu haben,makko,1,tag,,,6PI0ckgQc7yuVfALKtZkBq
mietfrei,Ski Aggu,1,immer,tag,"Hab' gehofft, Erinnerung ist weg, doch sie bleibt immer noch | Hab' gehofft, Erinnerung ist weg, doch sie bleibt immer noch | Hab' gehofft, Erinnerung ist weg, doch sie bleibt immer noch | Hab' gehofft, Erinnerung ist weg, doch sie bleibt immer noch | Hab' gehofft, Erinnerung ist weg, doch sie bleibt immer noch",0fq2RzyyUoqELsONRF8ZzP
Einmal um die Welt,CRO,3,"morgen, morgen, nie","tag, heute","Gib mir nur deine Hand, ich kauf' dir morgen die Welt | Denn ab heute leb' ich jeden Tag, als ob ich morgen tot wäre | Gib mir nur deine Hand, ich kauf' dir morgen die Welt | Gib mir nur deine Hand, ich kauf' dir morgen die Welt | Gib mir nur deine Hand, ich kauf' dir morgen die Welt | Gib mir nur deine Hand, ich kauf' dir morgen die Welt | Denn ab heute leb' ich jeden Tag, als ob ich morgen tot wäre | Gib mir nur deine Hand, ich kauf' dir morgen die Welt | Gib mir nur deine Hand, ich kauf' dir morgen die Welt | Gib mir nur deine Hand, ich kauf' dir morgen die Welt | Baby, bitte mach dir nie mehr Sorgen um Geld | Baby, bitte mach dir nie mehr Sorgen um Geld | Sie kann sich kaufen, was sie wollte, doch nie hatte | Baby, bitte mach dir nie mehr Sorgen um Geld | Baby, bitte mach dir nie mehr Sorgen um Geld",7qiUjLVo6zLj8WmxPMqoXD
Bad Chick,CRO,1,immer,"monat, nacht, gestern, heute","Ey, egal, wie viel Uhr, ich bin immer zu spät | Der Typ aufm Sofa, der immer nur schläft | Immer nur gähnt, immer nur fehlt | Und immer wenn ich bei ihr penn', mache ich kein Auge zu | Stellt meinen Wecker immer drei Stunden nach | „Oh, man, kann doch nicht dein Ernst sein. Alter, kotzt echt an, dass du immer zu spät bist.“ | „Nee, nee, immer so blöde Ausreden, irgendwelche Mädchen, dir fällt immer irgend'n Quatsch ein.“",1hkne8FgcV3ChQq13G9mQ2
61 Grad Deep House RMX,Endzone,1,nie,,"Mach' diesen Beat nie wieder leiser | Mach' diesen Beat nie wieder leiser | Mach' diesen Beat nie wieder leiser (Ey, ey-ja) | Mach' diesen Beat nie wieder leiser",5HsrYtb503rCCWyZvGtf4v
LiEBE AUF DER RÜCKBANK,FiNCH,1,nie,immer,"Ich hoff', wir werden nie mehr nüchtern | Ich hoff', wir werden nie mehr nüchtern | Ich hoff', wir werden nie mehr nüchtern | Ich hoff', wir werden nie mehr nüchtern | Hab' nie an Schlaf gedacht, mit dir wirkt jede Farbe krass | Ich hoff', wir werden nie mehr nüchtern | Ich hoff', wir werden nie mehr nüchtern | Ich hoff', wir werden nie mehr nüchtern | Ich hoff', wir werden nie mehr nüchtern | Ich hoff', wir werden nie mehr nüchtern | Ich hoff', wir werden nie mehr nüchtern | Ich hoff', wir werden nie mehr nüchtern",2FiJGvN3fiXMwms9IftNV0
TABU,Yung Yury,1,nie,,"Mache Fehler, ja, ich weiß das, aber alles, was ich brauche und nie hatte, das bist du | Mache Fehler, ja, ich weiß das, aber alles, was ich brauche und nie hatte, das bist du | Mache Fehler, ja, ich weiß das, aber alles, was ich brauche und nie hatte, das bist du | Mache Fehler, ja, ich weiß das, aber alles, was ich brauche und nie hatte, das bist du | Ich war wenig nüchtern, blick' nie mehr zurück | Ja, Gefühle und Schmerz machen mich nie mehr verrückt",42Ztw2ZtZR3mtWjXpg0R5I
Goldmarie,Tream,1,tag,,,0j0gyIMlVkrpA98rGxyud8
Komet,Udo Lindenberg,1,immer,,"Dann immer dort, wo der Applaus tobt | Doch will auf Nummer sicher geh'n, dass ich für immer leb' | Doch will auf Nummer sicher geh'n, dass ich für immer leb' | Doch will auf Nummer sicher geh'n, dass ich für immer leb' | Doch will auf Nummer sicher geh'n, dass ich für immer leb'",7oQepKHmXDaPC3rgeLRvQu
LEBENSLANG  HBz Remix,Tream,2,"tag, nie",,Ich bin nie wieder allein | Ich bin nie wieder allein | Ich bin nie wieder allein | Ich bin nie wieder allein | Ich bin nie wieder allein,3VezyVVENyPQ5u2DIJsITb
HEY PUPPE  Remix,Tream,2,"nacht, heute","morgen, morgen","Puppe, wir müssen uns heute noch seh'n (Heut Nacht) | Ich sag': „Hey, Puppe, ich will dich heute Abend bei mir“ (Bei mir) | Puppe, bitte lass es heute passier'n (Einmal) | Puppe, wir müssen uns heute noch seh'n (Heut Nacht) | Ich sag': „Hey, Puppe, ich will dich heute Abend bei mir“ (Bei mir) | Puppe, bitte lass es heute passier'n (Einmal) | Puppe, wir müssen uns heute noch seh'n (Heut Nacht) | Ich sag': „Hey, Puppe, ich will dich heute Abend bei mir“ (Bei mir) | Puppe, bitte lass es heute passier'n (Einmal)",064cML9vfFJ0vlH8b0EVhO
Küssen,01099,1,sommer,"mitternacht, heute",,2FbTZrdW0KGqH7TOdZRHiP
Sehnsucht,Miksu  Macloud,1,nie,"tag, heute","Doch hab' mit dir so viel vor, war noch nie so verlor'n | Doch hab' mit dir so viel vor, war noch nie so verlor'n | Doch hab' mit dir so viel vor, war noch nie so verlor'n | Doch hab' mit dir so viel vor, war noch nie so verlor'n | Doch hab' mit dir so viel vor, war noch nie so verlor'n | Doch hab' mit dir so viel vor, war noch nie so verlor'n",7xaqxUl08zOg0YNUHokQpq
Hin und her,Yung Yury,1,tag,"immer, nie",,7MCS8omROXkciIVOzS9YcQ
Der Rest meines Lebens  Live aus der Wuhlheide,KUMMER,1,früh,"samstag, woche","Irgendwann ist es zu spät, um zu früh draufzugeh'n | Irgendwann ist es zu spät, um zu früh draufzugeh'n | Irgendwann ist es zu spät, um zu früh draufzugeh'n",0A9AWAY2WlJZTmSDPRlmKK
Chemie Chemie Ya,Kraftklub,1,nacht,immer,,3eb1Qq8uqSDoRKib8z7vf3
21 Nächte wach,Edwin Rosen,2,"nacht, nie",,Jede Nacht lag ich wach und du hast nie an mich gedacht | Du hast nie an mich gedacht | 21 Nächte wach und du hast nie an mich gedacht | Jede Nacht lag ich wach und du hast nie an mich gеdacht | Du hast nie an mich gedacht,77clSTvlbXYs0ZTvPzmJF3
Aperol im Glas,LEA,1,tag,"september, sommer",,7CBXOpFYUCfRjtQ1wMLMYR
Halligalli,01099,2,"immer, bald","nacht, gestern, heute","Ich bin 'ne Ratte, ich bleib' für immer in der Stadt drin | Suff ist immer sportlich, mach' 'n Kickflip auf 'nem Kasten (Wouh) | Mittlerweile macht das gar nichts, grade ist das üblich und bald immer so (Yeah, yeah) | Mittlerweile macht das gar nichts, grade ist das üblich und bald immer so | Gang immer um mich rum, weil ich weiß, das' Full Love | Mittlerweile macht das gar nichts, grade ist das üblich und bald immer so (Yeah, yeah) | Mittlerweile macht das gar nichts, grade ist das üblich und bald immer so (Yeah) | Nur mit Brüdern und Schwestern, ey, das ist, was ich brauch' (Das schon immer) | Mittlerweile macht das gar nichts, grade ist das üblich und bald immer so (Oh-oh, oh) | Mittlerweile macht das gar nichts, grade ist das üblich und bald immer so (Oh-oh, oh) | Mittlerweile macht das gar nichts, grade ist das üblich und bald immer so (Yeah, yeah) | Mittlerweile macht das gar nichts, grade ist das üblich und bald immer so | Mittlerweile macht das gar nichts, grade ist das üblich und bald immer so (Yeah, yeah) | Mittlerweile macht das gar nichts, grade ist das üblich und bald immer so (Yeah) | Mittlerweile macht das gar nichts, grade ist das üblich und bald immer so (Oh-oh, oh) | Mittlerweile macht das gar nichts, grade ist das üblich und bald immer so (Oh-oh, oh)",167qodTKwnZUeRc1f6Nlke
Pistazieneis,01099,1,tag,"sommer, heute",,0O1LqLDF2mQmWVlSrC4Mwn
Endlos_demo,Mayberg,1,nie,,Ich war nie so verliebt | Ich war nie so verliebt | Ich war nie so verliebt | Ich war nie so verliebt | Ich war nie so verliebt | Ich war nie so verliebt,4tQA4uDHh6iPaQLWaxeQqH
Dior 2001,RIN,2,"nacht, immer","mitternacht, heute",Alle sind heute und für immer wach (Wach),6WusSsncC0Oo9sFHKwQii6
HERZ MACHT BAMM,Tream,1,nacht,"morgen, morgen",,5uiokPQwUgidgRBPEQPImc
Secco Maracuja,SIRA,1,nacht,immer,,3iATVzRm0E8scMQ7aWoAmh
Traumhaft,KXXMA,1,heute,immer,"Ja, doch heute bin ich auf der Jagd nach dem Herz was du mir geklaut hast, geklaut hast | Ja, doch heute bin ich auf der Jagd nach dem Herz was du mir geklaut hast, geklaut hast | Ja, doch heute bin ich auf der Jagd nach dem Herz was du mir geklaut hast, geklaut hast | Ja, doch heute bin ich auf der Jagd nach dem Herz was du mir geklaut hast, geklaut hast | Ja, doch heute bin ich auf der Jagd nach dem Herz was du mir geklaut hast, geklaut hast | Ja, doch heute bin ich auf der Jagd nach dem Herz was du mir geklaut hast, geklaut hast | Ja, doch heute bin ich auf der Jagd nach dem Herz was du mir geklaut hast, geklaut hast | Ja, doch heute bin ich auf der Jagd nach dem Herz was du mir geklaut hast, geklaut hast",5K42hxjahy96fXiTYNBU9Y
Was du Liebe nennst,Bausa,2,"nacht, heute",,"Ich park' mein Herz bei dir heute Nacht, yeah | Ich park' mein Herz bei dir heute Nacht, heute Nacht, Baby | Ich park' mein Herz bei dir heute Nacht, yeah (Baby, gib mir mehr) | Ich park' mein Herz bei dir heute Nacht, heute Nacht, Baby | Ich park' mein Herz bei dir heute Nacht, yeah (Baby, gib mir mehr) | Ich park' mein Herz bei dir heute Nacht, heute Nacht, Baby | Ich park' mein Herz bei dir heute Nacht, yeah | Ich park' mein Herz bei dir heute Nacht, wouh",2hIY4sjfMeKwXXh2LvhrMo
photosynthese,Dilla,2,"immer, nie","nacht, heute, früh","Sagte Mutter immer, kam ich erst um fünf wieder zurück | Der Himmel immer rot wie bei gute Bolognese | Der Himmel immer rot wie bei gute Bolognese | Der Himmel immer rot wie bei gute Bolognese | Wenn die Sonne weg ist, sind wir immer noch zusamm'n | Wenn die Sonne weg ist, sind wir immer noch zusamm'n | Der Himmel immer rot wie bei gute Bolognese | Der Himmel immer rot wie bei gute Bolognese | Vollgas, linke Spur, es wird nie wieder dunkel | Vollgas, linke Spur, es wird nie wieder dunkel | Vollgas, linke Spur, es wird nie wieder dunkel | Vollgas, linke Spur, es wird nie wieder dunkel",7aaeOKbjLe1zah55isgqdC
Moment,Nicolas Binder,1,immer,,Es müsste immer Musik da sein | Und du hörst immer nur - | Es müsste immer Musik da sein | Und du hörst immer nur -,4rGKCr6pj3tKNWJvICbOaZ
Ein Teil,CRO,1,immer,,"Für immer ist noch ganz schön lang, ich glaub', das war's, leb wohl, bis dann | Du bist nicht mehr intressant, aber hängst noch immer an der Wand | Für immer ein Teil von mir | Für immer ein Teil von mir | (Für immer ein Teil) | Für immer ein Teil von mir | Für immer ein Teil von mir | (Für immer ein Teil)",0U6X8jiH7iHREOZKo8yajq
Schüsse in die Luft,Kraftklub,1,nacht,"tag, stunde, immer, nie",,0eLYvViVpIkau96EI76L6z
morgen,Mayberg,1,tag,"jahr, morgen, morgen",,1Ks5tlTGMwitXxDD05PSl3
Balancieren,Edwin Rosen,1,immer,tag,,2awuTIPUCMhTEkfIh5XiS8
Großstadt,Provinz,1,nie,stunde,"Abgeholt, doch nie bestellt, ne-e-ein | Der Himmеl war noch nie so klar | Der Himmel war noch nie so klar (Noch nie so klar)",1DMqi5u54embkRDMgqBW4o
tau mich auf,Zartmann,1,tag,nacht,,6j8OrKDQHxXakjA7KKbWzj
Nur geträumt,Nena,1,heute,immer,Ich hab' heute nichts versäumt | Ich hab' heute nichts versäumt | Ich hab' heute nichts versäumt | Ich hab' heute nichts versäumt | Ich hab' heute nichts versäumt,0ukySDr4uEzZE36s7t7X8E
Ski Aggu Typebeat,Ski Aggu,1,bald,"heute, immer","Ein Diamond, bald Logo wie Volcom | Dass sie bald aussterben wie das Fernseh'n | Hitt' den Jibbit und die Hits auf meinem Handy kommen bald | Habe bald viel Klicks",6RqAIV8SprEo2B4Q4sGsN8
STREIT,makko,1,immer,,"Mein Fit ist clean, mein Kopf gefickt, sag mir, bleibt das für immer? | Immer, immer | Mein Fit ist clean, mein Kopf gefickt, sag mir, bleibt das für immer? | Immer, immer",2uj2UZwhooohVKQREM7Wx8
Kunst und Musik,Joost,1,woche,,,6pDVyh6jCAablXFc6yc2bJ
Im Fluss,Buntspecht,2,"tag, heute","morgen, morgen","Heute ist es schön, ja, heute ist ein guter Tag | Heute ist es schön, ja, heute ist ein guter Tag | Heute ist es schön, ja, heute ist ein guter Tag | Heute ist es schön, ja, heute ist ein guter Tag | Heute ist es schön, ja, heute ist ein guter Tag | Heute ist es schön, ja, heute ist ein guter Tag",1iJtxphXfQfN0azjjcHLBu
Herz über Kopf,JORIS,1,immer,,"Und immer, wenn es Zeit wär, zu geh'n | Trägst deine Haare immer noch wie früher | Musik ist aus und du kommst immer näher | Und immer, wenn es Zeit wär, zu geh'n | Und immer, wenn es Zeit wär, zu geh'n | Lass' ich dich immer noch nicht geh'n | Lass' ich dich immer noch nicht geh'n | Und immer, wenn es Zeit wär, zu geh'n | Und immer, wenn es Zeit wär, zu geh'n",2krwNGlAHQuClcMw0WMUiz
Wir Sind Groß,Mark Forster,1,immer,"morgen, morgen, früh","Man sagt, nix hält für immer, doch ey, warum denn nicht? | Für immer bunteste Zeiten | Für immer jung und zeitlos | Für immer bunteste Zeiten | Für immer jung und zeitlos | Für immer jung und zeitlos | Für immer jung und zeitlos",7AraSdlKIOoPCLRKkI3WjP
Oft gefragt,AnnenMayKantereit,1,immer,nacht,Es endet mit einem Verweis auf Für immer und Dich von Rio… Read More [Songtext zu „Oft gefragt“] | Zuhause bist immer nur du | Zuhause bist immer nur du | Zuhause bist immer nur du | Zuhause bist immer nur du | Du bist Zuhause für immer und mich | Du bist Zuhause für immer und mich | Du bist Zuhause für immer und mich | Du bist Zuhause für immer und mich | Du bist Zuhause für immer und mich | Du bist Zuhause für immer und mich | Du bist zu Hause für immer und mich,6J07Aeq7fOW5Xx9mFtwyoH
Auf uns,Andreas Bourani,2,"tag, immer",nacht,Wird das auch immer so sein | Der immer bleibt | Der immer bleibt (Oh) | Der immer bleibt (Oh),6dXt4t5jgySnVTeTpT4C0l
Nicht so schnell,Max Giesinger,1,immer,frühling,Es schlägt mit der Zeit immer langsamer | Es schlägt mit der Zeit immer langsamer | Es schlägt mit der Zeit immer langsamer | Es schlägt mit der Zeit immer langsamer | Es schlägt mit der Zeit immer langsamer,7fHNd0Qvk7zwlU12dkVfOP
Auf Tour,Deine Freunde,1,immer,"tag, morgen, nacht, morgen","Deine Freunde raten dir wie immer dringend ab | Denn Freunde haben immer, immer recht | Denn Freunde haben immer, immer recht | Denn Freunde haben immer, immer recht | Denn Freunde haben immer, immer recht | Denn Freunde haben immer, immer recht | Denn Freunde haben immer, immer recht",7tCPjQIsgiuIg2lQImHxaV
Zusammen feat Clueso feat Clueso,Die Fantastischen Vier,1,heute,"tag, nachmittag, nacht",Wir feiern heute bis zum Morgengrau'n | Wir feiern heute bis zum Morgengrau'n | Wir feiern heute bis zum Morgengrau'n | Wir feiern heute bis zum Morgengrau'n,0eV2yonbivxFUtGm8RrGd8
Einmal,Mark Forster,2,"immer, nie","tag, heute","Nicht immer wenn 'n großer Moment vorbei ist | Doch was ich weiß, ich trag' ihn für immer bei mir | Nicht immer wenn 'n großer Moment vorbei ist | Doch was ich weiß, ich trag' ihn für immer bei mir | Nicht immer wenn 'n großer Moment vorbei ist | Doch was ich weiß, ich trag' ihn für immer bei mir | Nicht immer wenn 'n großer Moment vorbei ist | Doch was ich weiß, ich trag' ihn für immer bei mir | Manches kommt und geht und kommt nie mehr, nie mehr | Einmal, einmal, das kommt nie zurück | Weiß ich auch gleich: „Mann, es kommt nie mehr so“ | Weiß ich auch gleich: „Mann, es kommt nie mehr so“ | Einmal, einmal, das kommt nie zurück | Einmal, einmal, das kommt nie zurück | Weiß ich auch gleich: „Mann, es kommt nie mehr so“ | Weiß ich auch gleich: „Mann, es kommt nie mehr so“",4MshU1BZjRZjXtoSpaOJlL
Zuhause,Max Giesinger,1,immer,nie,"Wollt ich's nicht immer so? | Mein Kopf will immer nur weiter | Wo auch immer das ist | Wo auch immer das iiist, iiist | Mein Kopf will immer nur weiter | Wo auch immer das ist | Wo auch immer das iiist, iiist | Will mein Kopf immer weiter | Wo auch immer das ist | Wo auch immer das ist | Mein Kopf will immer nur weiter | Wo auch immer das ist | Wo auch immer das iiist, iiist",692xWZOZbh3HDmfk6aIXX0
Ich Will Jetzt Gleich Konig Sein,Manuel Straube,1,nie,"immer, bald",Dein Vater würde sowas nie verzeih'n,6fkcf27MCcnDLBm2e6SL23
Wenn ich Mensch bin,Cassandra Steen,1,bald,nacht,Klingelt das Glück bald an der Tür,3vai4gHiOJDXXrL8ZOaVzi
Feuerwerk,Wincent Weiss,1,nie,"morgen, heute, morgen, immer","„Ey, wir warten nie auf morgen!“ (Hey!) | Denn dieser Augenblick kommt nie zurück | „Ey, wir warten nie auf morgen!“ (Hey!) | Denn dieser Augenblick kommt nie zurück | Denn dieser Augenblick kommt nie zurück",3GRoxbBauU8Ui1zUJwn9aD
Pyramiden,Sido,1,immer,heute,"Irgendwas, das für immer bleibt (Für immer bleibt), für immer und ewig | Irgendwas, das für immer bleibt (Für immer bleibt), für immer und ewig | Und das bleibt für immer und ewig",7BQPDR1Zze52cysgBnUC3X
Troy,Die Fantastischen Vier,1,immer,"heute, nie","Und immer wieder diese Popstar-Show | Doch irgendwie hat irgendwo immer irgendwas gefehlt | Scheint, als wären wir immer jung geblieben | Doch immer trafen wir den richtigen Ton",6QRng4ZFJxeRnjcnquKlx2
Ich will nur  Live,Philipp Poisel,1,immer,,"Ich will nur, dass du weißt: Ich hab' dich immer noch lieb | Ich will nur, dass du weißt: Ich hab' dich immer noch lieb | Ich will nur, dass du weißt: Ich hab' dich immer noch lieb | Ich will nur, dass du weißt: Ich hab' dich immer noch lieb",5r6IuFP35RG8fKryrWnHoX
Das Herz schlägt bis zum Hals,Revolverheld,1,nacht,"morgen, morgen, immer",,2kKTY7WuTl5XZ31mROTDYv
In meiner City feat Mr Reedoo,Culcha Candela,1,nie,"nacht, immer","In meiner City ist die Party nie over | So gut hier, eigentlich muss ich nie raus | In meiner City ist die Party nie over | In meiner City ist die Party nie over | In meiner City ist die Party nie over",44i66GAqQkQTqSd9Fr0LS8
Trostpreis,Alligatoah,1,immer,"nacht, heute","Und immer, wenn der Mond scheint | Und immer, wenn der Mond scheint | Und immer, wenn der Mond scheint | Und immer, wenn der Mond scheint | Und immer, wenn der Mond scheint | Und immer, wenn der Mond scheint",3OGlLa9RnR55xOoNOzTgDp
Ohne Dich,Anstandslos  Durchgeknallt,1,nacht,,,1DTw1NsSVV9G2F8BMdVX6U
Wenn jetzt für immer wär  Radio Mix,Fabian Wegerer,2,"morgen, morgen",immer,,6JV3ifBzQUfJnW9TIULFA4
Soldaten 20,Kontra K,1,immer,nie,"Denn immer mein Freund, für immer mein Blut | Loyalität, immer da für die Jungs",5RddxRDhCIcp8u8P5sV6n2
Bedingungslos,Sarah Connor,1,immer,sommer,,2GsApGGaZ8nyBE5kahG2VO
Liebe Liebe,Nisse,1,nie,,Und ich hab mich noch nie so frei gefühlt | Und ich hab mich noch nie so leicht gefühlt | Und ich hab' mich noch nie so reif gefühlt | Und ich hab mich noch nie so alleine gefühlt,1dUUVXxFbXikl5pi2tLX0T
Nur noch schlafen,Fabian Römer,1,nacht,"tag, mitternacht",,7IMyRZEYh11VndjkfAAZMU
Rosarot zu schwarz,Adesse,3,"monat, tag, immer",woche,Ist es dieses Mal für immer oder Schema F | Ist es dieses Mal für immer oder Schema F | Ist es dieses Mal für immer oder Schema F | Ist es dieses Mal für immer oder Schema F,7gWx1rtaxtWtXkOrxNt4jV
Bis der Himmel sich dreht  Radio Mix,about barbara,1,nacht,"morgen, morgen, immer",,15DvXoYkIJ633EdNqcLfpO
Du bist mein Highlight  No puedo estar sin ti,Vanessa Mai,1,tag,mai,,5VnkwgQkO96t5OczSs687H
Die guten Zeiten,Wincent Weiss,4,"morgen, gestern, morgen, nie",,"Ich denke viel zu oft an morgen | Ich laufe durch den Schnee von gestern | Ich denke viel zu oft an morgen | Ich hoff', dass du es nie vergisst | Ich hoff', dass du es nie vergisst | Ich hoff', dass du es nie vergisst (Ich hoff', dass du es nie vergisst)",62d30BdDeSz8D9TFc3wx6m
Das kann uns keiner nehmen,Revolverheld,1,immer,"morgen, heute, morgen","Wir haben alle viel erlebt und sind immer noch da | Und in der Kneipe an der Ecke brennt noch immer das Licht | Und in der Kneipe an der Ecke brennt noch immer das Licht, immer das Licht und es ändert sich nicht",4xONI8LFfRPm7OSBKsFYqj
Einmal um die Welt,CRO,3,"morgen, morgen, nie","tag, heute","Gib mir nur deine Hand, ich kauf' dir morgen die Welt | Denn ab heute leb' ich jeden Tag, als ob ich morgen tot wäre | Gib mir nur deine Hand, ich kauf' dir morgen die Welt | Gib mir nur deine Hand, ich kauf' dir morgen die Welt | Gib mir nur deine Hand, ich kauf' dir morgen die Welt | Gib mir nur deine Hand, ich kauf' dir morgen die Welt | Denn ab heute leb' ich jeden Tag, als ob ich morgen tot wäre | Gib mir nur deine Hand, ich kauf' dir morgen die Welt | Gib mir nur deine Hand, ich kauf' dir morgen die Welt | Gib mir nur deine Hand, ich kauf' dir morgen die Welt | Baby, bitte mach dir nie mehr Sorgen um Geld | Baby, bitte mach dir nie mehr Sorgen um Geld | Sie kann sich kaufen, was sie wollte, doch nie hatte | Baby, bitte mach dir nie mehr Sorgen um Geld | Baby, bitte mach dir nie mehr Sorgen um Geld",2L6hCTpUlR2p7Su3hiSB0s
Wovon sollen wir träumen,Frida Gold,1,immer,"nacht, nie","Dann fängt es immer so an, ich schlafe immer zu lang | Und deine Hand, die meine Hand für immer festhält | Wir wachen dann auf bei immer andern Geliebten",1uKubXaFxoYl5KYiLAa0aw
Du,CRO,1,nie,"tag, bald","Und jeder Club spielt ihr Lieblingslied, sie will nie wieder heim, yeah | Ich will nie wieder weg, denn es ist cool | Ich will nie wieder weg, denn es ist cool | Ich will nie wieder weg, denn es ist cool | Ich will nie wieder weg, denn es ist cool | Ich will nie wieder weg, denn es ist cool | Ich will nie wieder weg, denn es ist cool",4K9WfO5lYNlBpBugIak98k
Lieder,Adel Tawil,2,"tag, immer","minute, nie",Whitney wird mich immer lieben | Whitney wird mich immer lieben | Whitney wird mich immer lieben | Whitney wird uns immer lieben,1KXDbhj8PUnHnBbPHDZdBV
Stimme,EFF,1,immer,,"War da nicht immer diese Stimme | Die dir hilft und zwar immer? | Sie war immer da, komm, hör auf ihren Rat | Alles offen und immer wieder neu | War da nicht immer diese Stimme | Die dir hilft und zwar immer? | Sie war immer da, komm, hör auf ihren Rat | Sie war immer da, komm, hör auf ihren Rat | Da ist noch immer diese Stimme | Die dir hilft, immer | Sie war immer da, komm, hör auf ihren Rat",1dB19ppPm5cMuLaEm9jbDD
Bad Chick,CRO,1,immer,"monat, nacht, gestern, heute","Ey, egal, wie viel Uhr, ich bin immer zu spät | Der Typ aufm Sofa, der immer nur schläft | Immer nur gähnt, immer nur fehlt | Und immer wenn ich bei ihr penn', mache ich kein Auge zu | Stellt meinen Wecker immer drei Stunden nach | „Oh, man, kann doch nicht dein Ernst sein. Alter, kotzt echt an, dass du immer zu spät bist.“ | „Nee, nee, immer so blöde Ausreden, irgendwelche Mädchen, dir fällt immer irgend'n Quatsch ein.“",5UFbfXuj4TjirzmcvTFBBy
Musik sein,Wincent Weiss,1,immer,nacht,"Ey, da müsste Musik sein, wo auch immer du bist | Endlich mal raus aus unserer Heimat, sie wird im Spiegel immer kleiner | Ey, da müsste Musik sein, wo auch immer du bist | Ey, da müsste Musik sein, wo auch immer du bist | Ey, da müsste Musik sein (Ey, da müsste Musik sein; Oh, oh, oh, oh-oh), wo auch immer du bist (Wo auch immer du bist; Oh, oh, oh, oh-oh)",00ZoztotP7jEoezTPNMjvm
Das ist dein Leben  Radio Edit,Philipp Dittberner,2,"immer, nie",heute,"Und wir immer wieder aufstehen und anfangen zu gehen | Wird's immer wieder neu riskiert | Und wir immer wieder aufstehen und anfangen zu gehen | Und wir immer wieder aufstehen und anfangen zu gehen | Ja, genau, das ist dein Leben und du wirst es nie verstehen | Du sagst, wir haben uns nie verlaufen | Ja, genau, das ist dein Leben und du wirst es nie verstehen | Ja, genau, das ist dein Leben und du wirst es nie verstehen",7zEiFyFtv5H0sfvFxPSXrU
Perfekte Welle,Juli,1,tag,"juli, nie",,2LV5joNDrsyuXEh4FBARVK
Pflaster,Ich  Ich,1,sekunde,immer,,2y9woPM180Da3Tgf1bBE2K
Elektrisches Gefühl,Juli,2,"tag, heute",juli,"„Heute wird ein guter Tag, heute wird ein guter Tag“ | „Heute wird ein guter Tag, heute wird ein guter Tag“ | „Heute wird ein guter Tag, heute wird ein guter Tag“ | (Oh-oh-oh, oh-oh-oh-oh) „Oh, heute wird ein guter Tag“ | (Oh-oh-oh, oh-oh-oh-oh) „Woah-oh-oh, heute wird ein guter Tag“",3mtTc2I7SACbviaR8yvlvv
Bauch und Kopf,Mark Forster,1,immer,,"Du tust immer so, als wär's ganz leicht | Weil ich immer was such' und immer was fehlt | Ich hab' immer was vor, bin immer verplant | Weil ich immer was such' und immer was fehlt (Ahh) | Es ist niemals genug und immer zu wenig",1n3pxPZ5LXUkCbuyR9S3wc
Glücksmoment,Prince Damien,1,nie,,"Hör auf dein Herz, Herzen lügen nie | Und fühl'n uns frei, so high wie noch nie | Hör auf dein Herz, Herzen lügen nie | Hör auf dein Herz, Herzen lügen nie",1QleddKv5OZcFSDvszJr20
Ich will nur  Live,Philipp Poisel,1,immer,,"Ich will nur, dass du weißt: Ich hab' dich immer noch lieb | Ich will nur, dass du weißt: Ich hab' dich immer noch lieb | Ich will nur, dass du weißt: Ich hab' dich immer noch lieb | Ich will nur, dass du weißt: Ich hab' dich immer noch lieb",5GejYj1O6ppdHNdhzuagNu
Das ist dein Leben,Philipp Dittberner,2,"immer, nie",heute,"Und wir immer wieder aufstehen und anfangen zu gehen | Wird's immer wieder neu riskiert | Und wir immer wieder aufstehen und anfangen zu gehen | Und wir immer wieder aufstehen und anfangen zu gehen | Ja, genau, das ist dein Leben und du wirst es nie verstehen | Du sagst, wir haben uns nie verlaufen | Ja, genau, das ist dein Leben und du wirst es nie verstehen | Ja, genau, das ist dein Leben und du wirst es nie verstehen",2f0V01TGQbZbuPWzpKnOjC
1000 und 1 Nacht Zoom  Remastered 2011,Klaus Lage,1,nie,nacht,"Was war eigentlich los? Wir hab'n nie was gefühlt | Wär nie drauf gekomm'n, denn das warst ja du | Hätt ich nie geahnt, du warst der Schlüssel dazu | Doch so aufgewühlt hab' ich dich nie geseh'n",50brQMN8OxkmYUb1LyOsnQ
Die Da,Die Fantastischen Vier,1,nie,"freitag, samstag, sonntag, nachmittag, bald","Nein, freitags ist sie nie da | Nein, freitags ist sie nie da | Hey, freitags ist sie nie da | Hey, freitags ist sie nie da",0LFq9xNDSgspBQlmaFfpat
Melodie,CRO,1,nie,"jahr, tag, immer","Doch dann kommt diese Melodie, dieses Lied, ich war nie so verliebt | War noch nie so verliebt | Doch dann kommt diese Melodie, dieses Lied, ich war nie so verliebt | War noch nie so verliebt",26IboJpHTQp9LEfHCfxwfZ
Schlechtes Vorbild,Sido,1,immer,nie,"Ich geb' schon immer 'n Fick drauf, was richtig ist (Eh) | Denn deins ist langweilig, du bist brav wie immer (Hah) | Ich bin all das, wovor deine Eltern dich immer gewarnt hab'n (Oh) | Doch ich hab' Geld, hab' Frau'n, hab' Spaß und du musst immer noch Bahn fahr'n (Oh) | Ich bin immer ehrlich und ja, ich bin gefährlich | Ich bin der, vor dem sie dich immer gewarnt hab'n (Oh) | Ich bin all das, wovor deine Eltern dich immer gewarnt hab'n (Oh) | Doch ich hab' Geld, hab' Frau'n, hab' Spaß und du musst immer noch Bahn fahr'n (Oh) | Ich bin all das, wovor deine Eltern dich immer gewarnt hab'n (Oh) | Doch ich hab' Geld, hab' Frau'n, hab' Spaß und du musst immer noch Bahn fahr'n (Oh)",0LmfeuPjr6wdmh7jeXgKaI
Tanz aus der Reihe,SDP,1,immer,tag,In der Schule hatt' ich immer Langeweile | Weil ich immer übertreibe! | In der Schule hatt' ich immer Langeweile | Weil ich immer übertreibe! | In der Schule hat ich immer Langeweile | Weil ich immer übertreibe! | In der Schule hat ich immer Langeweile | Weil ich immer übertreibe! | In der Schule hat ich immer Langeweile | Weil ich immer übertreibe! | In der Schule hatt' ich immer Langeweile | Weil ich immer übertreibe! | Doch ich erinnere mich immer | In der Schule hatt' ich immer Langeweile | Weil ich immer übertreibe! | In der Schule hatt' ich immer Langeweile | Weil ich immer übertreibe!,3DB60PbfXFbnKbL8h9Ihrp
Ein Teil,CRO,1,immer,,"Für immer ist noch ganz schön lang, ich glaub', das war's, leb wohl, bis dann | Du bist nicht mehr intressant, aber hängst noch immer an der Wand | Für immer ein Teil von mir | Für immer ein Teil von mir | (Für immer ein Teil) | Für immer ein Teil von mir | Für immer ein Teil von mir | (Für immer ein Teil)",2DPg80egZBPTf3q7tKrtwA
Cello feat Clueso  MTV Unplugged Radio AtmoVersion,Udo Lindenberg,1,immer,heute,Ich saß immer in der ersten Reihe | Wir wollten immer zusammen bleiben | Ich saß immer in der ersten Reihe,67UtSTImmThuQAxv1iEgGF
Übermorgen,Mark Forster,3,"morgen, heute, morgen","tag, immer","Heute, morgen und übermorgen | Heute, morgen und übermorgen | Heute, morgen und übermorgen | Heute, morgen und übermorgen | Heute, morgen und übermorgen | Heute, morgen und übermorgen | Heute, morgen und übermorgen | Heute, morgen und übermorgen | Heute, morgen und übermorgen | Heute, morgen und übermorgen | Heute, morgen und übermorgen | Heute, morgen und übermorgen | Heute, morgen und übermorgen | Heute, morgen und übermorgen",1Z3244VwvAV0TymMYYoHXt
Pflaster,Ich  Ich,1,sekunde,immer,,0gIQb6fbCPllnyeJcSUHqa
Terra Titanic,Peter Schilling,1,nie,,SOS kommt nie an | SOS kommt nie an | SOS kommt nie an | SOS kommt nie an,752q3k1ds8JckA7tIakICn
Rosemarie,Hubert Kah,1,nacht,,,4LYvl2jiB2EkCpZzTA8vxS
Dschinghis Khan  2007 Version,Dschinghis Khan,1,immer,"nacht, früh",He Männer - Ho Männer - Tanzt Männer - So wie immer! | He Männer - Ho Männer - Tanzt Männer - So wie immer!,0ksebE6LrZocf2L5f4N1q7
Eisbär,Grauzone,1,nie,,Eisbär'n müssen nie weinen | Eisbär'n müssen nie weinen | Eisbär'n müssen nie weinen | Eisbär'n müssen nie weinen,6dO3t1e3pb7sxyDQbDyVNX
Griechischer Wein,Udo Jürgens,1,immer,"nie, bald","Dass ich immer träume von daheim, du musst verzeih'n | Werd' ich immer nur ein Fremder sein und allein | Sie sagten sich immer wieder: „Irgendwann geht es zurück“ | Dass ich immer träume von daheim, du musst verzeih'n | Werd' ich immer nur ein Fremder sein und allein",2f8Hc0w7BpDtzwoa6BHKec
Helden 2008,Revolverheld,1,jahr,,,4iyshfXSQnB0yhQr4Uoyqp
Dieses Leben,Juli,1,tag,"juli, nacht, bald",,138of8Or62lWDzlT6C5i7I
Und wenn ein Lied  Radio Edit,Söhne Mannheims,1,nacht,tag,,4lUelqeMNvuaxio1hdyyGS
Das Geht Ab  Rock Version,Die Atzen,1,nacht,"heute, nie",,2fgttvvrcwpXlunL7xdGMO
Ein Teil von mir,Sido,1,tag,nie,,6UHgwFwUKsbNO3N2Rlhb4l
Staatsfeind Nr 1,Bushido,1,tag,"woche, gestern, heute",,1LyZK5iVxo78Urd8xpcqcm
Nur zu Besuch,Die Toten Hosen,1,immer,"tag, bald","Und so red' ich mit dir wie immer | Und es kommt immer noch Post, ganz fett adressiert an dich | Und so red' ich mit dir wie immer",54wROe2gNU8EMxCme0lprb
Bayern,Die Toten Hosen,1,nie,immer,Wir würden nie zum FC Bayern München gehen! | Wir würden nie zum FC Bayern München gehen! | Wir würden nur nie zu den Bayern gehen | Wir würden nie zum FC Bayern München gehen! | Wir würden nie zum FC Bayern München gehen! | Wir würden nie zum FC Bayern München gehen! | Wir würden nie zum FC Bayern München gehen! | Wir würden nie zum FC Bayern München gehen! | Wir würden nie zum FC Bayern München gehen!,3ruhF8pnMaQHtCqSE8rilf
Das hat die Welt noch nicht gesehen  MTV Unplugged,Söhne Mannheims,1,jahr,"immer, früh",,5MO3FHxZB0D1tQ2Uz7Ok33
Mama ist stolz,Sido,2,"immer, nie","stunde, heute","Nur meine Mutter hat immer hinter mir gestanden | Nur meine Mutter hat immer hinter mir gestanden | Hält sie immer noch zu mir, als wär' sie mein Zuhälter | Dass die Frauen mich nicht stressen und ich immer genug esse | Nur meine Mutter hat immer hinter mir gestanden | Nur meine Mutter hat immer hinter mir gestanden | Du warst immer für mich da, wieg' das auf in Geld | Nur meine Mutter hat immer hinter mir gestanden | Nur meine Mutter hat immer hinter mir gestanden | Ich wollte nie sein wie ihr - Keiner hat’s verstanden | Ich wollte nie sein wie ihr - Keiner hat’s verstanden | Ich wollte nie sein wie ihr - Keiner hat’s verstanden | Ich wollte nie sein wie ihr - Keiner hat’s verstanden | Ich wollte nie sein wie ihr - Keiner hat’s verstanden | Ich wollte nie sein wie ihr - Keiner hat’s verstanden",1cdJI7KavbADJ2NRDZ5d7t
Gheddo Reloaded,Eko Fresh,1,heute,"morgen, gestern, morgen, immer, nie","Schaut uns heute an, wir sind Kanaks, die was haben! | Dieser Sido von gestern ist heute leider gestorben | Aus'm Gheddo raus, heute Business im Penthouse",2QMrfgN36isdsUza2tUSOE
Gheddo feat Bushido,Eko Fresh,1,tag,"heute, nie",,6cuRgeAOdWbCpqcq29UlLo
Manchmal haben Frauen,Die Ärzte,1,immer,nie,"Immer, ja wirklich immer | Immer, ja wirklich immer",27OJUnbZqw93098SawYP0Y
Irgendwie irgendwo irgendwann  Live,Jan Delay,1,nacht,nie,,0Iq9uA5F1zaae9Xz5F5tph
Isch liebe disch,Tic Tac Toe,2,"immer, nie","nacht, gestern","Oh mon cherie, es soll für immer sein | Oh mon cherie, es soll für immer sein | Oh mon cherie, es soll für immer sein | Oh mon cherie, es soll für immer sein | Oh mon amour, isch lass disch nie mehr allein | Oh mon amour, isch lass disch nie mehr allein | Oh mon amour, lass mich nie mehr allein | Oh mon amour, ich lass dich nie mehr allein",2b9gLF6yCN7Q4OBGvxm91u
Weinst du,Echt,1,nacht,nie,,2RjnnOuAvosOSAZhZQ50kO
Liebe ist,Nena,1,immer,nacht,Uns immer wieder zu begegnen | Und ich werd immer für dich da sein | Sind wir trotzdem immer da,4WHMHiJpBcNlpVfQkadK0o
Abschied nehmen,Xavier Naidoo,1,nie,"gestern, immer","Warum hab' ich dich nie selbst danach gefragt? | Das werde ich mir nie vergeb'n | Jetzt soll ich dich nie mehr seh'n | Das werde ich mir nie vergeb'n | Jetzt soll ich dich nie mehr seh'n | Das werde ich mir nie vergeb'n | Jetzt soll ich dich nie mehr seh'n | Das werde ich mir nie vergeb'n | Jetzt soll ich dich nie mehr seh'n, hey | Das werde ich mir nie vergeb'n | Jetzt soll ich dich nie mehr seh'n | Jetzt soll ich dich nie mehr seh'n",7CO9TfvhJXNf4hSkBg1GNn
Großer Bruder  Single Mix,Zlatko,1,immer,nie,"Bist mein großer Bruder, du bist immer da | Großer Bruder, du bist immer da | Du bist immer für mich da, egal was auch passiеrt | Wir zwei sind immer ehrlich, wir lügen uns nie an | Bist mein großer Bruder, du bist immer da | Großer Bruder, du bist immer da | Du bist immer für mich da, egal was auch passiert | Bist mein großer Bruder und du bist immer bei mir | Bist mein großer Bruder, du bist immer da | Großer Bruder, du bist immer da | Du bist immer für mich da, egal was auch passiert | Bist mein großer Bruder und du bist immer bei mir | Bist mein großer Bruder, du bist immer da | Großer Bruder, du bist immer da | Du bist immer für mich da, egal was auch passiert | Bist mein großer Bruder und du bist immer bei mir",4Rx40k8wqRzxTiJTWKrbge
Kein Zurück,Wolfsheim,2,"immer, nie",heute,"Was auch immer jetzt getan | Was jetzt ist, wird nie mehr ungescheh'n | Was jetzt ist, wird nie mehr so gescheh'n | Was jetzt ist, wird nie mehr ungescheh'n | Was jetzt ist, wird nie mehr so gescheh'n (geschehen) | Hätt' ich lieber nie geseh'n | Was jetzt ist, wird nie mehr ungescheh'n | Was jetzt ist, wird nie mehr so gescheh'n | (Was jetzt ist, wird nie mehr ungescheh'n) | Hätt' ich lieber nie geseh'n | (Was jetzt ist, wird nie mehr so gescheh'n)",5NGsvd9Wf6fzu3Dux4DQAu
wofür es sich zu leben lohnt,Esther Graf,1,sommer,nacht,,0lhvWUPpRFqP6ySKAU0qd6
Wenn das Liebe ist,Nina Chuba,1,nacht,mitternacht,,1E7xmNFzqkkh1DMwBomBg3
SOMMER,Gregor Hägele,1,jahr,"mai, sommer, winter, frühling",,3sYlzPHOgTkxljflx9znBQ
Pfeil und Bogen,Mathea,1,immer,,"Du hast mir gesagt, das wird immer so bleiben | Und dass am Ende von all dem immer wir zwei sind | Du hast mir gesagt, das wird immer so bleiben | Und dass am Ende von all dem immer wir zwei sind | Nichts bleibt für immer, es hat nicht gereicht | Du hast mir gesagt, das wird immer so bleiben | Und dass am Ende von all dem immer wir zwei sind | Du hast mir gesagt, das wird immer so bleiben | Und dass am Ende von all dem immer wir zwei sind | Nichts bleibt für immer, es hat nicht gereicht | Du hast mir gesagt, das wird immer so bleiben | Und dass am Ende von all dem immer wir zwei sind | Du hast mir gesagt, das wird immer so bleiben | Und dass am Ende von all dem immer wir zwei sind",3hxKz56t0LmiRhrWSO3sVg
Mit Dir,Sean Ok,1,nie,"morgen, nacht, morgen, immer",Will die augen nie mehr schliessen mit dir | Will die augen nie mehr schliessen mit dir | Will die augen nie mehr schliessen mit dir,6TyQQqKQpaBCXPkhM7QmGq
Boomboompow,Mathea,1,immer,heute,"Ich würd mich freu'n, wenn du ab heute einfach immer bei mir schlafen würdest",4hsteXGiwcwhsTkTlxiPzD
Stück für Stück,Eli Preiss,1,immer,tag,"Es kommt immer back | Fang' immer wieder an von vorn | Ich will es lassen, doch mein Suchthirn findet immer 'nen Grund",37adQclvGrLqK21mZD8kym
nightjet 457,YOSU,1,nie,,Ich wusste nie | Ich wusste nie | Ich will nie nach Wien,1arPzzEbKCZhOdG1yxmhXd
Mir nichts dir nichts,Lika Doss,1,nacht,"morgen, morgen",,0PSWSaU424YkEgJonVdcLn
Homeoffice,RIAN,1,heute,"donnerstag, tag, immer",Ich mach' heute Homeoffice | Ich mach' heute Homeoffice | Ich mach' heute Homeoffice | Ich mach' heute Homeoffice | Ich mach' heute Homeoffice,3NpyAqRGkJDVZheN2TjrZC
Glück auf den Strassen,Max Giesinger,1,nie,bald,"Es war noch nie so leicht, noch nie so leicht | Es war noch nie so leicht, noch nie so leicht | Es war noch nie so leicht, noch nie so leicht",1JhgkOq7lPevlLV2wtxJCT
Wir feiern,Stereoact,1,nie,immer,"Ich will nie, nie wieder weg von dir | Ich will nie, nie wieder weg von dir | Ich will nie, nie wieder weg von dir",1eIHxFmJIabkL0OOGokJBV
Morgen,Apache 207,1,heute,"monat, morgen, morgen","„Junge, denk mal an morgen“, aber was ist mit heute? | Und trotz Panoramablick fühl' ich mich so, als wäre ich heute in ei'm Gefängnis drin | Alle Angebote dankend abgelehnt, damit ich hier heute mit meinen Freunden bin (Ah) | „Junge, denk mal an morgen“, aber was ist mit heute?",4YHB7lnoeFEHWtL0KtSklh
Minimum,Clueso,1,nie,immer,"Oh, nie wieder Minimum (Uh) | Oh-ho, nie wieder Minimum | Ey-hey, nie wieder Minimum | Uh-huh, nie wieder Minimum | Uh, nie wieder Minimum",3yBj8i8CwSThNNtWVqwje9
Dein Leben,Mike Leon Grosch,1,nie,,Ich hab mich nie geschont | Ich hab mich nie geschont | Bekomm vom Leben nie genug | Ich hab mich nie geschont,2RXru3guTEqScWmmnCheg2
Rücken an Rücken,Das Lumpenpack,1,tag,"morgen, nacht, morgen",,0DyysCKspBPkZhl3T9dwSr
Scherben,Mijo,1,immer,"nacht, heute, nie",,4c3jYX6opljCLGWWhJzza5
MEiNE GESCHiCHTE,Whorensohn,1,nie,"heute, früh","Ich war nie, wiе man mich haben wollte | Denn für manche bist du nie genug | Nie richtig, nie passend, nie das, was sie erwarten | Nie genug (Nie genug, nie genug) | Denn für manche bist du nie genug | Nie richtig, nie passend, nie das, was sie erwarten | Nie genug (Nie genug, nie genug) | Nie genug (Nie genug, nie genug)",3dzDSMHU0AKBB84VhNtyG3
4 akkorde,Ella Stern,1,nie,immer,"Ich hab's noch nie so erlebt, mir hat doch nie was gefehlt | Ich schreib' dir keine Ballade, war noch nie so mein Ding | Ich schreib' dir keine Ballade, war noch nie so mein Ding | Und ein—, ich schreib' dir keine Ballade, war noch nie so mein Ding",6TzlxYCPjUAs0f2dbgWAiy
Flieg,Herbert Grönemeyer,1,immer,"morgen, nacht, heute, morgen",Und immer wieder lande ich bei dir | Doch immer wieder lande ich bei dir | Und immer wieder lande ich bei dir | Doch immer wieder lande ich bei dir | Und immer wieder lande ich bei dir | Doch immer wieder lande ich bei dir | Und immer wieder lande ich bei dir | Doch immer wieder lande ich bei dir | Ich flieg' immer wieder hoch | Und immer wieder lande ich bei dir,0eMZLYOjO2exv90CuER4B7
Du zeigst mir die Sterne,Freude,1,nacht,heute,,38IMQUrWDu7ezQ2HENbM7m
Walzer,Provinz,1,immer,nie,"Bin nach Hause gerannt, den gleichen Weg wie immer | Für immer, so lang (Da-da-da-da) | Und immer wenn du lachst, lache ich auch | Und immer wenn du lachst, lache ich auch",605G7F1FEjm60IdXmLhlNN
Narben aus Gold,Mijo,1,immer,"heute, nie","Denn diese Narben sind für immer | Denn diese Narben sind für immer, immer | Diese Narben sind für immer, immer | Und meine Brüder, sie war'n immer dabei | War in der Kindheit nie allein und hab' gedacht, es wird für immer so sein | Denn diese Narben sind für immer (diese Narben sind für immer) | Denn diese Narben sind für immer (diese Narben sind für immer) | Diese Narben sind für immer (diese Narben sind für immer ) | Denn diese Narben sind für immer | Denn diese Narben sind für immer, immer | Diese Narben sind für immer, immer",1upuERj6jiCviTnsMBoj3c
Nur so ein Gefühl,DIEBE,2,"nacht, nie",,"Nur ein Blick, ein Hallo das hab ich so noch nie erlebt | Und dann lass ich dich nie mehr gehn | Und dann lass ich dich nie mehr gehn | Und dann lass ich dich nie mehr gehn | Und dann lass ich dich nie mehr gehn",4IrMUM2NOGpXGG0tnXxaWC
was ich fühl,Esther Graf,1,nie,,"Glaub', ich sah noch nie so schön aus | Und ich sag' das wirklich nie laut | Glaub', ich sah noch nie so schön aus | Und ich sag' das wirklich nie laut",450Msk6LSW4yhRdtcedx03
1000 zu 1,Lemo,1,immer,nie,"Und es gibt uns immer noch, immer noch | Oh, es sah nicht immer bestens aus | Ganz egal, was auch immer es war | Wir sind oft gefallen, doch wir sind immer noch da, oh yeah | Und es gibt uns immer noch, immer noch | Wir haben nie geprahlt, immer unser Ding gemacht | Und siehe, siehe da, es gibt uns immer, immer noch | Und es gibt uns immer noch, immer noch",2Y2U03aYcbnNZsY1C4kWT7
Hey Papa,MYLLER,2,"jahr, immer",nie,Ich schlaf immer mit dir ein | Das Gefühl für immer daheim | Jedes Jahr und immer wieder | Jedes Jahr und immer wieder | Wir kommen immer wieder zu dir | Jedes Jahr und immer wieder | Jedes Jahr und immer wieder,3nkqJfmh88Hyloc2ocaTEP
1975,Kaprice,3,"morgen, nacht, morgen","tag, gestern, heute, immer, früh, bald",,6A6maoc5Cia5IfDK0Ji5AH
Butterfly Effect,Max Giesinger,1,nie,,Dann hätten wir uns nie entdeckt | Hätten wir uns nie entdeckt | Dann hätten wir uns nie entdeckt | Hätten wir uns nie entdeckt,7iOA51rpaylurUUCugIB3C
Mit besten Wünschen,YOSU,2,"immer, nie",,Wenn du mir immer nur sagst was mir fehlt | Von dir immer ein Teil | Wenn du mir immer nur sagst was mir fehlt | Von dir immer ein Teil | Und nie: “Du bist eigentlich auf nem guten Weg” | Hab ich nie rеpariert | Wird das nie funktioniern | Und nie: “Du bist eigentlich auf nem guten Weg” | Hab ich nie repariert | Wird das nie funktioniern,6q4MDW9XtKc0ZgPsDnmhim
Ich verlier mich in dir,Daniel Ceylan,1,immer,"tag, heute","Ich wusste schon immer, man muss nur fest an sich glauben | Ich wusste schon immer, man muss nur fest an sich glauben | Und werd' besiegen, wer auch immer kommt und mich angreift | Ich wusste schon immer, man muss nur fest an sich glauben | Ich wusste schon immer, man muss nur fest an sich glauben",7ADKjSfakhNxMp2OPSZNIc
Riskieren,PAULA,3,"nacht, heute, immer","mai, woche, sekunde, morgen, morgen","Denn ab heute sind wir eins, eins, eins | Denn ab heute sind wir eins, eins, eins | Denn ab heute sind wir eins, eins, eins | Denn ab heute sind wir eins, eins, eins | Die Konsole bleibt aus heute | Denn ab heute sind wir eins, eins, eins | Denn ab heute sind wir eins, eins, eins | Denn ab heute sind wir eins, eins, eins | Denn ab heute sind wir eins, eins, eins | Denn immer wenn wir spiel’n, dann bis tief in die Nacht | Ein Kämpfer gibt nicht auf, er probiert’s immer wieder | Mieser Tunnel, immer wieder Gefummel, kein Petting | Denn immer wenn wir spiel’n, dann bis tief in die Nacht | Er trainierte ganz alleine, immer wenn die ander’n feiern war’n | Denn immer wenn wir spiel’n, dann bis tief in die Nacht | Denn immer wenn wir spiel’n, dann bis tief in die Nacht",5N65mdmBTJLiwv9Z88rWlA
Schief in jedem Chor,Kraftklub,1,immer,,"Ich hab' noch immer Bock auf Streit, ich singe schiеf in jedem Chor | Ich hab' für immer Bock auf Streit, ich singe schief in jedem Chor | Ich hab' noch immer Bock auf Streit, ich singe schief in jedem Chor | Ich hab' für immer Bock auf Streit, ich singe schief in jedem Chor | Ich hab' für immer Bock auf Streit, ich singe schief in jedem Chor",4FSWg1YKFu0XN3oli8RisN
Naiv,Lika Doss,2,"morgen, morgen","tag, sekunde, nacht, immer",Auch wenn du morgen nicht mehr hier bist | Auch wenn du morgen nicht mehr hier bist | Auch wenn du morgen nicht mehr hier bist | Auch wenn du morgen nicht mehr hier bist | Auch wenn du morgen nicht mehr hier bist | Auch wenn du morgen nicht mehr hier bist,1ZVma1QVbh5qhlbBTDXWc9
Warum ich,Kauta,2,"immer, nie",,"Warum immer ich? Warum? | Ich such' dafür immer den Grund bei mir | Davon, dass ich es immer wieder versuch' | Warum immer ich? Warum? | Ich such' dafür immer den Grund (Oh no) bei mir | Oh yeah, warum immer i-i-ich? | Warum immer i-i-ich? | Warum immer i-i-ich? | Warum immer i-i-i-i-, i-i-i-ich? | Alles, was ich habe, bleibt nie so | Alles, was ich habe, bleibt nie so | Alles, was ich habe, bleibt nie so | Alles, was ich habe, bleibt nie so",57vsdwAovYIYg6EqrPF4kH
arsch der welt,anaïs,1,immer,nie,"Egal wo ich lande, immer reist du mir nach | Egal wo ich lande, immer reist du mir nach (Mh) | Sie­ben­mei­l'n­stie­fel an, suche noch immer das Niemandsland | Egal wo ich lande, immer reist du mir nach",5Biw0sdkjcyNxBRdA2gkvy
Vergangenheit,Bosse,1,nie,,"Was war, war wahr, wird nie mehr so sein | Es wird nie mehr so sein | Es wird nie mehr so sein | Was war, war wahr, wird nie mehr so sein | Es wird nie mehr so sein | Es wird nie mehr so sein | Es wird nie mehr so sein",2jxLOgxLd8QRbD9VdKWAnL
Capri Sonne,KAFFKIEZ,1,sommer,"winter, morgen, morgen",,5biCRSNDhZvHSuLosdlJm5
Verwandtschaftstreffen,RIAN,1,immer,"samstag, sonntag, heute","Dann ist alles so wie immer, wie gewohnt (Wie gewohnt) | Dann ist alles so wie immer, wie gewohnt (Wie gewohnt) | Dann ist alles so wie immer, wie gewohnt (Wie gewohnt) | Dann ist alles so wie immer, wie gewohnt (Wie gewohnt)",69yw1KhYUuGwUbOImS0jju
Safe Space,MYLLER,1,heute,,Ich bleib' heute bei mir selbst | Ich bleib' heute bei mir selbst | Ich bleib' heute bei mir selbst | Ich bleib' heute (Ey) bei mir selbst,3aA9IDMgKCFQOBXMqE3Jit
Dann war er weg,Sandra Hesch,1,nie,"morgen, morgen",Wir hab'n uns nie wieder geseh'n | Wir hab'n uns nie wieder geseh'n | Wir hab'n uns nie wieder geseh'n | Wir hab'n uns nie wieder geseh'n | Wir hab'n uns nie wieder geseh'n | Wir hab'n uns nie wieder geseh'n,6TD7LLVWnxq4ZQKOqESclB
Fata Morgana,Nina Chuba,1,nie,,"Ich schau' in die Augen, die nie für mich da war'n | Ich schau' in die Augen, die nie für mich da war'n | Ich schau' in die Augen, die nie für mich da war'n | Ich schau' in die Augen, die nie für mich da war'n | Ich schau' in die Augen, die nie für mich da war'n",1v1cijv1qjMJ5o9OvMWACS
Vorhang Auf,KAFFKIEZ,2,"nacht, heute",immer,"Nicht mehr allein, allein für heute Nacht | Nicht mehr allein, allein für heute Nacht | Nicht mehr allein, allein für heute Nacht | Nicht mehr allein, allein für heute Nacht | Bist nicht allein, allein für heute Nacht",1lL0UyhGyv4cLglooF3rNc
kann schon sein,frytz,1,heute,"sommer, woche, tag, stunde, immer","Feiern heute, bis es spät ist | Aber machen uns heute nichts mehr daraus | Feiern heute, bis es spät ist | Feiern heute, bis es spät ist",73aTGd9Gd1JHKa74eGiKGG
Wunder,AYLIVA,1,immer,"tag, nacht","Ich glaub' dir kein Wort, weil du immer lügst | Ich weiß, dass du immer allein bist | Und immer, wenn du heimgehst | Eh-heh, ist doch immer das Gleiche | Ich glaub' dir kein Wort, weil du immer lügst | Doch immer, wenn du heimgingst | Ich weiß, dass du immer allein bist | Und immer, wenn du heimgehst",16f4ZN6XOfrIO8fJkm28HM
Schwerelos,Finder,1,immer,,"Du hast immer gesagt, immer wieder gesagt | Ich hab' mich immer gefragt, mich immer wieder gefragt | Du hast immer gesagt, immer wiеder gesagt | Ich hab' mich immer gefragt, mich immer wieder gefragt",18umr4kL9riEOMzsvXUwaP
Diadem,MERO,1,nacht,"winter, immer",,5my01OPtKE7EbyBiyjfRvy
schönhauser feat Gustav,Zartmann,1,nie,"tag, nacht","Viel gеsagt, doch hör'n nie zu, vielleicht war'n wir ja nie genug | Viel gesagt, doch hör'n nie zu, vielleicht war'n wir ja nie genug",0jsnXwAKMBZ455LiT5ovGj
Vergesslich,NESS,1,immer,nie,"Du hast mir immer gesagt, dass ich der Fehler bin | Du hast immer gеsagt, ich bin vergesslich | Du hast immer gesagt, ich bin vergesslich | Du meintest, ich schau' immer nur auf mich, nie auf dich | Du hast immer gesagt, ich bin vergesslich | Du hast immer gesagt, ich bin vergesslich | Du meintest, ich schau' immer nur auf mich, nie auf dich",04NLl6Sws65yuSxn1s1T0r
Brich mich,Magda,2,"morgen, morgen",,"Morgen, ja, morgen bin ich wieder ganz | Morgen, ja, morgen (Es ist mir egal) bin ich wieder ganz | Morgen, ja, morgen bin ich wieder ganz | Morgen, ja, morgen (Es ist mir egal) bin ich wieder ganz",2r67sBB5WQWUdrVKz8sFnU
heimweh_demo,Elias,1,immer,"heute, nie","Ein Raum, der immer kleiner wird, egal, wie viele Zimmer | Auch wenn du grad nicht bei mir bist, sag mir, sind wir für immer? | Der Raum wird immer kleiner, ganz egal, wie viele Zimmer | Auch wenn du grad woanders bist, sag mir, sind wir für immer?",2K8mcs3oC7T23lArGehWwQ
Pinky Promise,Tom Twers,1,immer,,"Mit dem es sich so anfühlt „Sind wir für immer?” | Mit dem es sich so anfühlt „Sind wir für immer?” | Mit dem es sich so anfühlt, dann sind wir für immer | Wo auch immer du mich findest | Mit dem es sich so anfühlt „Sind wir für immer?” | Mit dem es sich so anfühlt, dann sind wir für immer",1lgs8jzOj1YAg0NxLFvhpG
Ich Erinnere Mich,Musikcafe Prenner,1,immer,tag,"Die Musik ist immer da - die Musik ist immer da! | Die Musik ist immer da und rеttet mir den Tag | Die Musik ist immer da - die Musik ist immer da! | Die Musik ist immer da und rettet mir den Tag | Die Musik ist immer da - die Musik ist immer da! | Die Musik ist immer, die Musik ist immer da",6c1CqPI9oc0DkXRYlCzjlx
HALB VOLL,badchieff,1,immer,,,1VRl10yA4ZKQTbEUvAKDjU
Miami,Apache 207,1,nacht,,,5N1C1ii0IsKp1Ux3OXUM8C
Weiße Haare,Florian Künstler,1,immer,nie,Will ich noch immer in dein'n Arm'n schlafen | Ich würd immer wieder ja sagen zu dir | Werd' ich noch immer deinen Nam'n sagen | Will ich noch immer in dein'n Arm'n schlafen | Ich würd immer wieder ja sagen zu dir | Werd' ich noch immer deinen Nam'n sagen | Will ich noch immer in dein'n Arm'n schlafen | Ich würd immer wieder ja sagen zu dir | Werd' ich noch immer deinen Nam'n sagen,1MUMsiZAZ4qAEVKb51uKst
Garten vorm Haus,CIVO,1,immer,"tag, nie","Müsst ich einen Shot nehm'n, immer wenn ich dich vermiss' grad (Mhh) | Würd ich mir deinen Nam'n tätowier'n, immer dann | Würd ich ein Sandkorn mit nach Haus nehm'n, immer wenn ich deinen Nam'n sag' (Mh)",6NOtUjLWOJdXLqB08t62uI
glaubst du,Provinz,1,immer,nie,"Will, dass еs für immer ist | Will, dass es für immer ist | Adrenalin treibt immer weiter auf die Straße hinaus | Adrenalin treibt immer weiter auf die Straße hinaus",1kFxAJ9jW1mbTTitWlVkH7
Hübsche Mädchen,Liser,1,immer,,Hab nicht immer so viel Mut | Songs schreibt er immer nur über hübsche Mädchen | Songs schreibt er immer nur über hübsche Mädchen | Die werden immer tougher | Songs schreibt er immer nur über hübsche Mädchen | Songs schreibt er immer nur über hübsche Mädchen,3a9Mz7MuO7zB6lwpzfEAGm
Pfeil im Herz,ELEHA,1,nie,,"Bin auf einmal verliebt, das war vorher noch nie so | Bin auf einmal verliebt, das war vorher noch nie so | Ich könnte nie vergessen | Bin auf einmal verliebt, das war vorher noch nie so",0pBDHJFnlMzKBUvchbpaCT
Einmal zu oft,Anni Perka,1,immer,,"Ich komm' noch immer nicht drauf klar | Einmal zu oft, einmal zu oft und ich würd's immer wieder tun | Einmal zu oft, einmal zu oft und ich würd's immer wieder tun | Einmal zu oft, einmal zu oft und ich würd's immer wieder tun",3wcSK955RcXXYrB30Vs70D
Gänsehaut,Julia Meladin,2,"frühling, nie",immer,"Ich hab' mir versprochen, dass ich nie mehr wieder fühl' | Ich hätte gedacht, es wird nie mehr wieder Frühling | Es wird nie mehr wieder Frühling | Ich hätte gedacht, es wird nie mehr wieder Frühling | Es wird nie mehr wieder Frühling",1oZFgsKtzrqKxwHUjmdROu
Mama hat gesagt,SDP,1,heute,"tag, immer, nie","Und heute singen alle mit | Und heute singen alle mit | Und heute sagt sie: „Junge, Mama ist stolz“ | Und heute singen alle mit | Und heute singen alle mit",086edN2nz8TjB3zddIdlPn
Herzschlag,1986zig,1,immer,,"Bin für dich immer da, weil ich dich so sehr brauch'",2ghJKdYVe12wPq5gDAC7yB
Ich glaub ich will heut nicht mehr gehen,Nina Chuba,1,nie,"tag, heute, immer","Ich glaub', ich will nie mehr nach Haus (Nie mehr) | Ich glaub', ich will nie mehr nach Haus (Nie mehr)",5iD3wryE1crHM4J2C2omW9
liebe das,TJARK,1,immer,"nacht, nie","Ich für dich immer alles steh'n und liegen lass' | Ich für dich immer alles steh'n und liegen lass' | Immer dann, wenn ich atme, immer dann, wenn ich atme",2fiGJgDY0OamG8wX0WaMnO
Vielleicht Vielleicht,AnnenMayKantereit,1,immer,"winter, tag","Für immer so bleibt | Für immer so bleibt | Für immer so bleibt | Für immer so bleibt | Und ich will, dass es für immer so bleibt | Und ich will, dass es für immer so bleibt",17lu3VOOdnuf6fvtj6TDL5
paris syndrom  dach session,Blumengarten,1,nie,immer,Ich war noch nie in meinem Leben so verliebt | Ich war noch nie in meinem Leben in Paris | Ich war noch nie in meinem Leben verliebt | Ich war noch nie in meinem Leben in Paris | Ich war noch nie in meinem Leben so verliebt | Ich war noch nie in meinem Leben in Paris,4cvfB6n4wfSXIvND88VRc1
Ich wünschte du wärst verloren,Schmyt,1,heute,immer,"Ich sitze zuhaus und frag' mich, wo du heute pennst (Wo du heute pennst) | Ich sitze zuhaus und frag' mich, wo du heute pennst (Wo du heute pennst)",5HelvHUpgmjB6i91wp0syw
Küss mich,Ivo Martin,1,nie,,"Ich will nie mehr was anderes spür'n | Ich will nie mehr was anderеs spür'n | Ich will nie mehr (Hm, hm, hm, hm) | Und ich hoff', du hörst nie damit auf, ich | Ich will nie mehr was anderes spür'n | Ich will nie mehr was anderes spür'n",5cKOROElbZXQHLdKKlJ7eJ
Angst,ENNIO,1,immer,nie,Ich hab’s mir nicht immer leicht gemacht | Hab‘ ich wirklich immer alles versucht? | Ich hab’s mir nicht immer leicht gemacht | Hab‘ ich wirklich immer alles versucht?,2kpjewloUvShW8HjRdfoEQ
Griechischer Wein,Udo Jürgens,1,immer,"nie, bald","Dass ich immer träume von daheim, du musst verzeih'n | Werd' ich immer nur ein Fremder sein und allein | Sie sagten sich immer wieder: „Irgendwann geht es zurück“ | Dass ich immer träume von daheim, du musst verzeih'n | Werd' ich immer nur ein Fremder sein und allein",452WSSzuklpg0w4RKTlkvn
Ich geh heut nicht mehr tanzen,AnnenMayKantereit,2,"heute, immer","gestern, nie","Ich bin heute am Start | Will ich heute nicht hin | Ich glaub', ich rauche heute Pflanzen | Ich glaub', ich rauche heute Pflanzen | Ich glaub', ich rauche heute Pflanzen | Ich glaub', ich rauche heute Pflanzen | Ich glaub', ich rauche heute Pflanzen | Weil da immer die gleichen Leute sind | Ich bin noch immer so müde von gestern | Ich warte noch immer darauf, dass ich wieder fühlen kann | Ich bin noch immer so müde von gestern | Ich warte noch immer darauf, dass ich wieder fühlen kann",13Fo5bvBmmDDaMGtLlAqB5
Es ist schon ok,fiora,1,immer,tag,"Und ich halt' immer fest, wenn was zu Ende geht | Auch wenn ich immer noch Angst hab' | Aber was bringt es, immer wieder dein'n Nam'n zu erwähn'n? | Auch wenn ich immer noch Angst hab'",5EU1QWDyRlaJEUDl8TfgUp
so als ob,fiora,1,nie,,Als ob du nie neben mir eingeschlafen wärst | Als ob wir nie zusamm'n heimgegang'n wär'n | Ich konnt noch nie versteh'n | Als ob du nie neben mir eingeschlafen wärst | Als ob wir nie zusamm’n heimgegang'n wär'n,6Cy2aCQUeJy3aTAI7P9ZwJ
Pazifik,Provinz,1,immer,"stunde, nacht","Ich dachte, du und ich, wir sind für immer | Ich dachte, du und ich, wir sind für immer | Ich dachte, du und ich, wir sind für immer | Ich dachte, du und ich, wir sind für immer | Ich dachte, du und ich, wir sind für immer | Ich dachte, du und ich, wir sind für immer",4fN5EqbujPeFn07ZqurHwz
Wenn du weinst,Berq,4,"morgen, morgen, immer, früh",,"Dir morgen früh wieder zu schreiben | Dir morgen früh wieder zu schreiben | Dir morgen früh wieder zu schreiben | Dir morgen früh wieder zu schreiben | Dir morgen früh wieder zu schreiben | Dir morgen früh wieder zu schreiben | Dir morgen früh wieder zu schreiben | Dir morgen früh wieder zu schreiben | Dass immer noch alles okay ist | Dass immer noch alles okay ist | Dass immer noch alles okay ist | Und du hast immer geahnt, dass | Ich war nicht immer ganz fair, du | Hast uns schon immer viel mehr zu | Dass immer noch alles okay ist | (Dass immer noch alles okay ist) | (Dass immer noch alles okay ist) | Dir morgen früh wieder zu schreiben | Dir morgen früh wieder zu schreiben | Dir morgen früh wieder zu schreiben | Dir morgen früh wieder zu schreiben",4P3DSLxQLg0il3pEBKsPTJ
Himmel für Atheisten,okdanketschüss,1,gestern,nie,"Doch gestern, als wir uns küssten, war ich im Himmel für Atheisten | Doch gestern, als wir uns küssten, war ich im Himmel für Atheisten | Und gestern, als wir uns küssten, war ich im Himmel für Atheisten | Ja, gestern, als wir uns küssten, war ich im Himmel für Atheisten",1a6dMtpjUiViD6aLAH7UaU
Joel,okdanketschüss,1,nacht,"gestern, heute, immer",,7A2MVRdwPy1PKiF5euhNK6
Draußen ist Krieg feat OHO BANI,Provinz,1,nie,immer,"Wach' nie wieder auf, Melatonin | Wenn der Hass seine Grenze verschiebt? (Wach' nie wieder auf) | Wach' nie wieder auf, Melatonin | Wach' nie wieder auf, Melatonin",29jJpr1fiVqw28bBMezX0o
Soldat,okdanketschüss,1,nie,,"Soldat, kehr Heim und komm nie wieder | Soldat, kehr Heim und komm nie wieder | Soldat (kehr Heim und komm nie wieder, was willst du deinen Kopf riskieren) | Soldat, kehr Heim und komm nie wieder",5aUA7Y5yZj9yJb55Xra6Yj
Jana,SOFFIE,1,immer,,Du musst immer weiter geh’n | Es muss immer weiter | Du musst immer weiter | Du musst immer weiter geh'n | (Du musst immer weiter geh'n) | (Du musst immer weiter geh'n),0NJ8C0C3ZXldUELdBKloX5
Seifenspender,SOFFIE,1,immer,"sommer, tag","Könnten wir so tun, als wär der Seifenspender, wo er immer war | Könnten wir so tun, als wär der Seifenspender, wo er immer war | Da, wo er immer war?",3i4JuEQQ9EuSzWH8QIjZHy
Reicht dir das,Provinz,1,immer,,"Der letzte Zug brennt so wie immer | Warum endet das immer und immer? | Ah, der letzte Zug brennt so wie immer | Und mit der Zeit bin ich immer schon gerannt | Der letzte Zug brennt so wie immer",0OFpYVks7KSA4YIhQ5t8nx
Angscht,To Athena,1,nie,woche,Dass öppis brecht wo nie meh chläbt | Dass öppis brecht wo nie meh chläbt | Ich ha mech sälber no nie troffe ond wäg dem glaubi a Beschrieb | Dass öppis brecht wo nie meh chläbt | Es Urteil öber mech han ech mer sälber no nie gfällt | Dass öppis brecht wo nie meh chläbt,0UkZDbVM7DQL2sIoIFZjXu
Niemand,Panda Lux,1,nie,,"Was noch nicht ist, wird auch nie sein | Was nicht ist, wird auch nie sein | Was noch nicht ist, wird auch nie sein | Was nicht ist, wird auch nie sein",27ZZfeQ1j6yXH7YZpVK3xg
Heute Sterben,SOFFIE,1,tag,"juli, heute",,6Hw6pJk8XouQzOBivMTv29
Ein andermal,Nun flog Dr Bert Rabe,2,"nacht, heute",stunde,"Und ich sag': ""Ne, danke, heute bleib' ich hier | Nicht heute Nacht! | Aber nicht heute Nacht | Nicht heute Nacht! | Aber nicht heute Nacht | Aber nicht heute Nacht",0lSLqXObqRrp1noTnKOaD5
Die Sonne Scheint,KAFFKIEZ,2,"immer, nie",,"Ich kann's immer noch nicht fassen und du lachst | Ich kann's immer noch nicht fassen und du lachst | Ich kann's immer noch nicht fassen und du lachst | Ich kann's immer noch nicht fassen und du lachst | Sagst, wir beide waren nie dafür gemacht | Sagst, wir beide waren nie dafür gemacht | Sagst, wir beide waren nie dafür gemacht | Sagst, wir beide waren nie dafür gemacht",37IlJq4E5cViaCUApA0Xp6
Zum Ersten Mal Nice,KAFFKIEZ,1,immer,"morgen, heute, morgen","Wer hat Angst vor „Ab jetzt für immer“? | Und wenn es kommt, lauf' ich davon, ich lauf' schon immer | Ich fänd's zum ersten Mal nice, wenn das für immer so bleibt | Wenn das für immer so bleibt | Ich fänd's zum ersten Mal nice, wenn das für immer so bleibt | Wenn das für immer so bleibt | Wenn's für immer so bleibt | Ich fänd's zum ersten Mal nice, wenn das für immer so bleibt | Wenn das für immer so bleibt | Ich fänd's zum ersten Mal nice, wenn das für immer so bleibt | Wenn das für immer so bleibt | Wenn's für immer so bleibt | Kann's nicht immer so sein? Ich will immer so sein | Kann's nicht immer so sein, wie wenn ich bei dir bin | Kann's nicht immer so sein? Ich will immer so sein | Kann's nicht immer so sein, wie wenn ich bei dir bin | Ich fänd's zum ersten Mal nice, wenn das für immer so bleibt | Wenn das für immer so bleibt | Ich fänd's zum ersten Mal nice, wenn das für immer so bleibt | Wenn das für immer so bleibt",0UOyi6w0vNGASTmFeYqssV
HEIMWEG,Berq,1,immer,,Der Platz in mei'm Bett gehört immer noch dir | Der Platz in mei'm Bett gehört immer noch dir | Der Platz in mei'm Bett gehört immer noch dir | Der Platz in mei'm Bett gehört immer noch dir | Der Platz in mei'm Bett gehört immer noch dir,6nEigFDrOeqU0bDJbg51jJ
Energie,SOFFIE,1,heute,"nacht, immer",,5JCINGbIQ097r6OnrzrgyW
Mitte Zwanzig,Mayberg,2,"heute, nie",immer,"Seit heute | Bis auf heute, nein | Bis auf heute, nein | Bis auf heute, nein | Nein, ich hab' dich noch nie betrogen | Nein, ich hab' dich noch nie betrogen | Und ich schwör', ich lass' dich nie allein | Nein, ich hab' dich noch nie betrogen | Und ich schwör', ich lass' dich nie allein | Nein, ich hab' dich noch nie betrogen | Und ich schwör', ich lass' dich nie allein",1sJ3mOLaRQDVlvF9fqxIz6
meer,JEREMIAS,1,nie,"tag, früh","Ich hattе nie die Worte, dir das zu еrklär'n | Und du hast mich umarmt, jetzt gib mich nie mehr her | Ich hatte nie die Worte, dir das zu erklär'n | Und du hast mich umarmt, jetzt gib mich nie mehr her | Ich hatte nie die Worte, dir das zu erklär'n | Und du hast mich umarmt, jetzt gib mich nie mehr her",5iKCHabbaxpyPt1IXceuE7
Es hört nicht auf,JEREMIAS,1,nie,"sekunde, immer","Ich bin mir sichеr nie genug | Tausend km/h, ich kriege nie genug | Ich bin mir sicher nie genug | Ich bin mir sicher nie genug",0Uc0m7ThckGvaT0TFG7snX
Ein letztes Liebeslied,Marlo Grosshardt,1,bald,,"Ja, lass uns trinken, auf dass es bald vorbei ist | Und was noch steht, wird von uns bald zerbombt | Ja, lass uns trinken, auf dass es bald vorbei ist | Und was noch steht, wird von uns bald zerbombt | Wenn wir bald alle krepier'n? | Ja, und so trink' ich, auf dass es bald vorbei ist | Und was noch steht, wird von mir bald zerbombt",1n687zRzAK3Nmoc7oykQZb
Ausgehen,AnnenMayKantereit,2,"heute, früh",immer,"Würdest du heute mit mir ausgeh'n? | Würdest du heute mit mir ausgeh'n? | Würdest du heute mit mir ausgeh'n? | Würdest du heute mit mir ausgeh'n? | Würdest du heute mit mir ausgeh'n? | Ich weiß, du musst früh aufsteh'n | Ich weiß, du musst früh aufsteh'n | Ich weiß, du musst früh aufsteh'n | Ich weiß, du musst früh aufsteh'n",1uEQkaqiykbvR91UAHYGpk
Es geht mir gut,AnnenMayKantereit,1,immer,"morgen, gestern, heute, morgen",Es geht mir eigentlich immer gut | Es geht mir eigentlich immer gut | Es geht mir eigentlich immer gut | Es geht mir eigentlich immer gut | Es geht mir eigentlich immer gut | Es geht mir eigentlich immer gut,2pyIlLXXcTLfx92JXOzOAN
Rosie,okdanketschüss,2,"immer, nie",,"Rosie, die Lichter sind hier immer an | Oh, Rosie, das klappt doch so nie | Ich mach' nachts nie die Augen zu | Oh, Rosie, das klappt doch so nie | Oh, Rosie, das klappt doch so nie | Doch Zuhause wird nie mehr wie früher (früher) | Oh Rosie, das klappt doch so nie",55rdolFwBAsYwPsbh58QHH
Perplex,herbst,2,"immer, nie","herbst, nacht","Schaust du mich an, schlägt mein Herz immer schneller | Unsere Flamme sie strahlt immer greller | Schaust du mich an, schlägt mein Herz immer schneller | Unsere Flamme sie strahlt immer greller | Halt dich an mir fest und lass nie wieder los | Ja, halt dich an mir fest und lass nie wiеder los | Ich will dich nie verliern' —liern' | Halt dich an mir fest und lass nie wieder los (lass nie wieder los) | Ja, halt dich an mir fest und lass nie wieder los | Halt dich an mir fest und lass nie wieder los | Ja, halt dich an mir fest und lass nie wieder los",1l6RdGLpQgfxx83tvpabgD
Ich bin zu müde um Schlafen zu gehn,Hildegard Knef,1,nacht,"tag, stunde, immer",,6chJeDPBhdixooFqIYPftL
Morgen,Apache 207,1,heute,"monat, morgen, morgen","„Junge, denk mal an morgen“, aber was ist mit heute? | Und trotz Panoramablick fühl' ich mich so, als wäre ich heute in ei'm Gefängnis drin | Alle Angebote dankend abgelehnt, damit ich hier heute mit meinen Freunden bin (Ah) | „Junge, denk mal an morgen“, aber was ist mit heute?",2GlNRA4icPfqAIWPNsMfgz
Das Beste,Emma Rose,1,immer,,Das Beste in mir bist immer nur du | Das Beste in mir bist immer nur du | Das Beste in mir bist immer nur du | Das Beste in mir bist immer nur du,5dholWRj5q0lQUxHS5hRWh
Radio,Rammstein,1,nacht,,,5vZ4IeUenK2cHub2d7yfWk
hausnummer_16_v7,Kasi,2,"morgen, morgen","immer, nie","Ab morgen Abend bin ich raus | Ich sag' all'n: „Ich bin fine“, aber morgen hau' ich rein | Ich sag' all'n: „Ich bin fine“, aber morgen hau' ich rein | (Ich sag' all'n: „Ich bin fine“, aber morgen hau' ich rein) | Ab morgen Abend bin ich raus | Ich sag' all'n: „Ich bin fine“, aber morgen hau' ich rein | Ich sag' all'n: „Ich bin fine“, aber morgen hau' ich rein | (Ich sag' all'n: „Ich bin fine“, aber morgen hau' ich rein)",4zh37HtLQZ3ieN2CBLIvPa
Leon,Faber,1,immer,,,6pVGzLVct8E5LqT9LDSYBx
Sushi,Von Wegen Lisbeth,1,immer,,Und du immer so wunder-wunderschön | Und du immer so wunder-wunderschön | Und du immer so wunder-wunderschön | Und du immer so wunder-wunderschön | Und du immer so wunder-wunderschön | Und du immer so wunder-wunderschön | Und du immer so wunder-wunderschön | Und du immer so wunder-wunderschön,7mnl4Lj12hllf83OAtyJpv
Oft gefragt,AnnenMayKantereit,1,immer,nacht,Es endet mit einem Verweis auf Für immer und Dich von Rio… Read More [Songtext zu „Oft gefragt“] | Zuhause bist immer nur du | Zuhause bist immer nur du | Zuhause bist immer nur du | Zuhause bist immer nur du | Du bist Zuhause für immer und mich | Du bist Zuhause für immer und mich | Du bist Zuhause für immer und mich | Du bist Zuhause für immer und mich | Du bist Zuhause für immer und mich | Du bist Zuhause für immer und mich | Du bist zu Hause für immer und mich,3TeuBnVsmXcoapr3SlBFIy
Chérie,Von Wegen Lisbeth,1,nie,,Schöner wird es nie | Schöner wird es nie | Schöner wird es nie | Schöner wird es nie,13FlxJxlFrtgphJb94sFAM
Himmel für Atheisten,okdanketschüss,1,gestern,nie,"Doch gestern, als wir uns küssten, war ich im Himmel für Atheisten | Doch gestern, als wir uns küssten, war ich im Himmel für Atheisten | Und gestern, als wir uns küssten, war ich im Himmel für Atheisten | Ja, gestern, als wir uns küssten, war ich im Himmel für Atheisten",5SHx1JvChnZDVFUdwZTuZh
Fliegengewicht,frytz,1,tag,,,0UR8A2AiE056bRTWOsel22
sommernacht,Kasi,2,"donnerstag, nie","jahr, nacht, gestern, heute, immer","Ist vorbei, ich weiß, wird nie wieder, wie es war | Es ist heiß, wir zwei werden nie mehr, was wir war'n | Ist vorbei, ich weiß, wird nie wieder, wie es war | Es ist heiß, wir zwei werden nie mehr, was wir war'n",3DVzkUswIOPp9NqGP3LmdC
Schlaf gut,Betterov,4,"stunde, morgen, nacht, morgen","tag, mitternacht, immer, früh","Ich zähle die Stunden, wieviel es noch wären bis morgen früh | Ich zähle die Stunden, wieviel es noch wären bis morgen früh",7F1tsrQG6qkTU0J33oJULz
von dir geträumt,Liebestrunken,1,nie,immer,"Du warst so crazy, hattest nie so richtig Zeit | Man wusste nie, wie lang du bleibst, dann warst du plötzlich wieder weg | Wenn du da warst, wolltst du dir nie helfen lassen | Nur Gefühle konntst du nie so gut versteh'n",7xHcOAeui7OO0JF2gZH5zN
1000 Nächte,Provinz,1,immer,"nacht, nie","Du sagst: „Für immer? Ja, vielleicht ja irgendwann“ | Ich wollte nur, dass sie für immer bleibt | Weil nichts für immer bleibt, fängst du mich ein | Wenn ich jetzt nach oben schau', bist du für immer da | Ich hab' gefragt: „Für immer?“ Und du meintest: „Irgendwann, irgendwann“ | Ich hab' gefragt: „Für immer?“ Und du meintest: „Irgendwann“",3SnJOzoiRBooZdEno7BHYd
Julia,JEREMIAS,1,frühling,"heute, immer",,7r9NCIrR6ZRHX1jfjAASVv
Hals über Kopf,frytz,1,immer,nacht,"Alles easy, aber irgendwie nicht immer einfach",0bJET87Db6DDCGEbvaChdg
Oma,Marlo Grosshardt,1,nie,immer,Doch ich habe gerade so große Angst wie nie | Doch ich habe gerade so große Angst wie nie,0yLJ87t5QJAaYXilo0vi04
Shoutout,frytz,1,tag,"immer, nie",,4uaj1cSrmvtBXjh0NUsIOo
Lala,Carlo5,1,nacht,jahr,,1JKg6fNYI2MvettB4UoV4q
Fliegengewicht,frytz,1,tag,,,03ADpV2GfahBPHyFvD5hfB
Sommer Mit Dir,KAFFKIEZ,1,nie,"sommer, immer","Das Leben ist 'n Spiel, doch ich wollt nie verlier'n | Ich wollt nie verlier'n | Das Leben ist 'n Spiel, doch ich wollt nie verlier'n | Ich wollt nie verlier'n | Das Leben ist 'n Spiel, doch ich wollt nie verlier'n | Das Leben ist 'n Spiel, doch ich wollt nie verlier'n | Das Leben ist 'n Spiel, doch ich wollt nie verlier'n",5AuuIJDxMAIqb8WEEUXhJc
Stille,JEREMIAS,2,"nacht, immer",nie,Ich liege immer wieder wach die Nacht | Ich liege immer wieder wach die Nacht | Ich liege immer wieder wach die Nacht | Ich bin immer lost und dann komm' ich heim,3sau7JOh37m3SNXeQyHY1U
arsch der welt,anaïs,1,immer,nie,"Egal wo ich lande, immer reist du mir nach | Egal wo ich lande, immer reist du mir nach (Mh) | Sie­ben­mei­l'n­stie­fel an, suche noch immer das Niemandsland | Egal wo ich lande, immer reist du mir nach",6EleyrN8CUQpxwZw2Rqp3m
leicht,JEREMIAS,1,immer,"juli, nie","Und ich glaube immer mehr | Du wirst laut und ich werd' immer leiser | Und ich dacht, wir sind für immer | Und ich dacht, wir sind für immer | Du wirst mir für immer fehl'n",11reqIzoHjabDRgj1oMXTB
einsamkeit zu zweit,Rosenrausch,1,immer,,"Aber Einsamkeit zu zweit ist immer noch besser als allein (Lass uns die Einsamkeit teilen) | (Einsamkeit zu zweit ist immer noch besser als allein) | Aber Einsamkeit zu zweit ist immer noch besser als allein (Lass uns die Einsamkeit teilen) | (Einsamkeit zu zweit ist immer noch besser als allein) | Aber Einsamkeit zu zweit ist immer noch besser als allein (Lass uns die Einsamkeit teilen) | Warum ist mein Herz immer nur am Schlagen, wenn es schmerzt (Wieso tut das immer weh?) | Aber Einsamkeit zu zweit (Einsamkeit zu zweit ) ist immer noch, immer noch, immer noch besser als allein",2tkyx2fqaagXTw6sVRwvBC
All die schönen Worte feat Faber,Kraftklub,1,nie,heute,Ich hätte nie gedacht | All die Worte nie gesagt | All die Worte nie gesagt | All die Worte nie gesagt,3YqUyQWHCjQ4JSoiJsoBpe
Clown zum Freak,JEREMIAS,1,immer,"tag, nie","Für mich immer Tag eins, mit zwölf Jahren allein | Und ich mache immer weiter, weil mein Kopf sonst explodiert | Ist nicht immer einfach, Babe, ich hab' Schiss | Denn sie woll'n immer mehr, ich mein', wir woll'n das ja auch | Alle bauen immer höher, ich hab' Angst, ich fall' raus | Immer wieder drauf und dann immer wieder runter",2Xam1sL5Mkib0UPCHX75KM
So lang gewartet,herbst,1,immer,herbst,Und immer wieder die Gefühle an den Tränen nah | Warum jagen Menschen immer wieder Hochmut nach? | Und sitze immer noch hier,2KYjBisHqkeqRaHYJgYkYi
All die schönen Worte feat Faber,Kraftklub,1,nie,heute,Ich hätte nie gedacht | All die Worte nie gesagt | All die Worte nie gesagt | All die Worte nie gesagt,6d7QE9925lkSV8IxaNC55s
Milano,okdanketschüss,1,sommer,"jahr, woche, immer",,4oflCTFHTdImVQ77v48hPr
EScooter,okdanketschüss,2,"nacht, gestern","tag, bald",Doch die haben gestern nacht gezockt | Aber gestern Nacht hab ich was gemacht | Doch die haben gestern nacht gezockt,2J9fyIxEIzl9WsuXUtfVzl
cabrio,frytz,1,immer,heute,,1LvPgJNlSot2QwgCL0kJfk
Als ich ein Kind war,AnnenMayKantereit,1,tag,heute,,57w8ngBt0dIqRDiIHY5j46
Diese Nacht,Provinz,1,nie,"freitag, nacht, immer","Hat dich die Angst nie verlassen? (Ey, ey, ey yo) | War noch nie so verliebt, ja (Ja, ja) | Noch nie so verliebt (Ich war noch nie so verliebt) | Noch nie so verliebt (Ich war noch nie so verliebt) | Nein, war noch nie so verliebt (Ich war noch nie so verliebt) | Noch nie so verliebt (Ich war noch nie so verliebt)",6CWr033ZS8JwfKfhuMavWp
Ein letztes Liebeslied,Marlo Grosshardt,1,bald,,"Ja, lass uns trinken, auf dass es bald vorbei ist | Und was noch steht, wird von uns bald zerbombt | Ja, lass uns trinken, auf dass es bald vorbei ist | Und was noch steht, wird von uns bald zerbombt | Wenn wir bald alle krepier'n? | Ja, und so trink' ich, auf dass es bald vorbei ist | Und was noch steht, wird von mir bald zerbombt",5QqW9HYSyXPi66MCMTxGVC
tau mich auf,Zartmann,1,tag,nacht,,1prNhzt3DdgRoxKoALTEYo
Von hier an blind,Wir sind Helden,1,nie,,"War ich noch nie, war ich noch nie“ | War ich noch nie, war ich noch nie“ | (War ich noch nie, war ich noch nie) | (War ich noch nie, war ich noch nie) | War ich noch nie, war ich noch nie | War ich noch nie, war ich noch nie“ | (War ich noch nie, war ich noch nie) | (War ich noch nie, war ich noch nie) | War ich noch nie, war ich noch nie",6XYydpbZMrgQbZdv5J31oU
juli,anaïs,1,tag,"juli, winter, monat, gestern",,0rbvydYLBS92meYf6S0b7D
Wenn ich liebe,Siggi,1,immer,"nacht, gestern","Irgendetwas zieht mich immer runter, wenn ich oben bin | Doch es zieht mich runter, immer wenn's am schönsten ist | Irgendetwas zieht mich immer runter, wenn ich oben bin | Irgendetwas zieht mich immer runter, wenn ich oben bin | Ich mich entscheid' zu sein, ich würd' immer nur diesen Fight verlier'n | Denn immer wenn ich fliege, verbrenn' ich mir meine Flügel | Irgendetwas zieht mich immer runter, wenn ich oben bin",3H5BfyY0AcgvMbI4O8pHRz
Evolution,Von Wegen Lisbeth,1,nacht,,,3ghEZvcOWZbyzEIMrWJzri
Sieben Jahre,AnnenMayKantereit,1,immer,,"Du fragst dich immer noch, du fragst dich immer noch | Für dich noch immer wunderschön | Und du erzählst noch immer so viel von ihr | Und du erzählst noch immer so viel von ihr",7BMwxhGSz3KFikWxcg4Ak5
Jenny Jenny,AnnenMayKantereit,1,immer,"tag, morgen, morgen",Lächelt einfach immer weiter | Lächelt einfach immer weiter | Lächelt einfach immer weiter | Lächelt einfach immer weiter | Lächelt einfach immer weiter | Lächelt immer weiter,0gXHJarUwEMQjpFeS4QMMO
Wolken,Bukahara,1,immer,,"Denn immer, wenn die Wolken ziehn, denk ich daran mitzugehn | Ich weiß es nicht, ich bin ja immer noch hier. | Denn immer, wenn die Wolken ziehn, denk ich daran mitzugehn | Denn immer, wenn die Wolken ziehn, denk ich daran mitzugehn | Ouh immer, wenn die Wolken ziehn, denk ich daran mitzugehn | Ouh immer, wenn die Wolken ziehn, denk ich daran mitzugehn",2iYq7QAXjVKjui0UDHlZf2
Blaue Augen,JEREMIAS,1,immer,nie,"Grüne Augen werden blau, doch ich bin immer noch allein | Grüne Augen werden blau, doch ich bin immer noch allein | Warum will ich immer weg? Ich konnt nie so lange bleiben | Grüne Augen werden blau, doch ich bin immer noch allein (Ja) | Grüne Augen werden blau, doch ich bin immer noch allein | Grüne Augen werden blau, doch ich bin immer noch allein | Grüne Augen werden blau, doch ich bin immer noch allein",045Qp5DqFXTqUuMMBR81iS
Hier,JEREMIAS,1,immer,heute,"Mein Platz ist hier, wo das auch immer grade ist | Mein Platz ist hier, wo das auch immer grade ist | Mein Platz ist hier, wo das auch immer grade ist | Mein Platz ist hier, wo das auch immer grade ist | Mein Platz ist hier, wo das auch immer grade ist | Mein Platz ist hier, wo das auch immer grade ist",0xWzJEY53d3HZDGsWVgbYC
Vergangenheit,AnnenMayKantereit,1,immer,,Der Traum ist immer nur gelieh'n | Der Traum ist immer nur gelieh'n | Der Traum ist immer nur gelieh'n | Der Traum ist immer nur gelieh'n | Der Traum ist immer nur gelieh'n | Der Traum ist immer nur gelieh'n | Der Traum ist immer nur gelieh'n | Der Traum ist immer nur gelieh'n,4IrQGARu10Lwdke1L39Ry4
So wies war,AnnenMayKantereit,1,nie,,So wird es nie wieder sein | So wird es nie wieder sein | So wird es nie wieder sein | So wird es nie wieder sein | So wird es nie wieder sein | So wird es nie wieder sein | So wird es nie wieder sеin | So wird es nie wiedеr sein | So wird es nie wieder sein,6xbWxJdawXShqu0bp7ZDvN
Warum,Juli,2,"nacht, heute",juli,Denn heute Nacht sind nur wir zwei wichtig | Denn heute Nacht sind nur wir zwei wichtig | Denn heute Nacht sind nur wir zwei wichtig | Denn heute Nacht sind nur wir zwei wichtig,726MUob4MFWryuyBPm4tgY
Atmen,ALLESS,2,"immer, nie",,"Will nicht mehr gehen, würd gern für immer bleiben | Will nicht mehr gehen, würd gern für immer bleiben | Will nicht mehr gehen, würd gern für immer bleiben | Will nicht mehr gehen, würd gern für immer bleiben | Will nicht mehr gehen, würd gern für immer bleiben | Will nicht mehr gehen, würd gern für immer bleiben | Es war noch nie so leicht, so frei zu sein | Hab' das Gefühl, ich kann mich nie verlaufen | Mein Leben war noch nie so hell | Es war noch nie so leicht, so frei zu sein | Hab' das Gefühl, ich kann mich nie verlaufen | Es war noch nie so leicht, so frei zu sein | Hab' das Gefühl, ich kann mich nie verlaufen",4dvvUH98XgjXSMuJYqQnDU
Wer wir sind,ALLESS,1,nie,nacht,"Es fängt an zu träumen, doch wird nie wieder wach | Ich hab' mal geträumt und wurd' nie wieder wach | Es fängt an zu träumen, doch wird nie wieder wach | Ich hab' mal geträumt und wurd' nie wieder wach",5re0eFs3IE5i18XhGYmV82
König der Nachbarschaft,ENNIO,1,heute,,„Alle meine Freunde rebellieren heute“ | „Alle meine Freunde rebellieren heute“ | „Alle meine Freunde rebellieren heute“ | „Alle meine Freunde rebellieren heute“ | „Alle meine Freunde rebellieren heute“,5NN5yCExaaQdYLWXWQ9d65
GWHF,Apache 207,1,nacht,"tag, stunde, immer",,4iHNppjYAYJ5cJzFSnM4za
7 Tage,Tigermilch,1,immer,nacht,"Und doch sind Kopf und Bauch, nicht immer kompromissbereit | Dich zu verstehen versucht' ich immer, Verständnis blieb mir doch verwehrt | Alles was ich hab, hab ich immer doch nur jetzt | Dich zu verstehen versucht' ich immer, Verständnis blieb mir doch verwehrt | Dich zu verstehen versucht' ich immer, Verständnis blieb mir doch verwehrt",4V0YVrs4kYzJgjKyWYfwvC
kommst du mich trösten,freddy,1,immer,,"Mama, ich bin immer so allein | Mama, ich bin immer so alleine | So alleine, immer so alleine | Mama, ich bin immer so allein | Mama, ich bin immer so alleine (So allein) | So alleine (So allein), immer so alleine (So allein) | Mama, ich bin immer so alleine (So allein) | So alleine (So allein), immer so alleine (So allein) | Mama, ich bin immer so allein",6XfkZ7ncvPUuk80kpPmaEH
ein Stück meiner Angst,frytz,1,immer,,Ich verlier' hin und wieder immer noch mеin'n Verstand | Das war schon immer so und das ist gut so | Ich verlier' hin und wieder immer noch mein'n Verstand | Das war schon immer so und das ist gut so,36S9Ac981FdvaZpTMTJ0SA
Mädchen,Haller,1,nie,immer,"Ich hab’ ein Mädchen, das mich nie vergisst | Ich hab’ ein Mädchen, das mich nie vergisst | Ich hab’ ein Mädchen, das mich nie vergisst | Ich hab’ ein Mädchen, das mich nie vergisst",4DOgawUgUEjX8T4VYgAA8U
wie es war,OSWALD,1,nacht,heute,,6GItLfbLMM8Weu099G46qx
kommst du mich trösten,freddy,1,immer,,"Mama, ich bin immer so allein | Mama, ich bin immer so alleine | So alleine, immer so alleine | Mama, ich bin immer so allein | Mama, ich bin immer so alleine (So allein) | So alleine (So allein), immer so alleine (So allein) | Mama, ich bin immer so alleine (So allein) | So alleine (So allein), immer so alleine (So allein) | Mama, ich bin immer so allein",6Kc5IHSE54g8wIE1hXYTNe
Wenn Blätter fallen,JEREMIAS,1,immer,"tag, nacht",Bist Du dann immer noch dabei? | Bist Du dann immer noch dabei? | Bist Du dann immer noch dabei? | Bist Du dann immer noch dabei? | Bist Du dann immer noch dabei? | Bist Du dann immer noch dabei? | Bist du dann immer noch dabei? | Bist du dann immer noch dabei? | Bist du dann immer noch dabei?,01EarvP5TaP2tiNlbqOIoS
Vielleicht,jaschu,1,immer,,Vielleicht bleibt's ja immer so wie jetzt | Vielleicht bleibt's ja immer so wie jetzt | Solang es zwischendurch immer mal wieder genauso wird wie jetzt | Dass diese Flügel auf mei'm Rücken eigentlich schon immer da war'n | Vielleicht bleibt's ja immer so wie jetzt | Vielleicht bleibt’s ja immer so wie jetzt,6SdNtgmRMqLORL388GtIw4
Mandala,Liaze,1,heute,"stunde, gestern","Smoken heute Cali-Strains in irgendeiner Suite, früher Stanni auf der Bank im Park | Lass' mich rumkutschier'n im Shuttle, gestern war's leer Flaschen, heute sind es goldne Platten (Ich meine Platin) | Smoken heute Cali-Strains in irgendeiner Suite, früher Stanni auf der Bank im Park",5AWt5AhNDKYUUQh8JgqA1N
für immer kind bleiben,jaschu,1,nie,"tag, immer","Ich werd' mein Leben leben, als ginge das nie vorbei | Ich werd' mein Leben leben, als ginge das nie vorbei | Ich werd' mein Leben leben, als ginge das nie vorbei | Ich werd' mein Leben leben, als ginge das nie vorbei",7qAnJ6dSXymBTYEinAFvmt
Unbequem,jaschu,1,immer,,Ich verlier' mich immer wieder neu | Doch mittendrin immer noch alleine | Ich verlier' mich immer wieder neu | Ich verlier' mich immer wieder neu,4z5HVYYNapQZajh4jA0UyP
Es wäre okay,jaschu,1,nacht,immer,,2uVqkqQSqsOIqENtx1KhU2
Der Zeit bist du egal,Kraftklub,1,immer,"jahr, gestern, heute, nie",In allem Schlechten liegt immer etwas Gutes | Es fällt mir immer noch nicht leicht (Nicht leicht) | Es fällt mir immer noch nicht leicht (Nicht leicht),1z5LafD0rwz4fDFJgplW22
Du musst an den Frühling glauben,JEREMIAS,1,winter,frühling,,3HxPzPZJSTjPU2VYugEeCV
art attack,YUNG SAINT PAUL,2,"immer, nie",,"Die Stimme sagt mir: „Du wolltest doch immer werden, was du bist“ | Ich will immer mehr, so als gäb es kein „Zu viel“ für mich | Doch mein Herz ist immer noch da, wo meine Familie ist | Ich würd's genau so immer wieder tun, ich, heh | Ich würd's genau so immer wieder tun, ich, heh | Hab' noch nie was bereut, ist sowieso schon passiert | Ich hab' nie aufgehört zu laufen, weil | Hab' noch nie was bereut, ist sowieso schon passiert | Ich hab' nie aufgehört zu laufen, weil",5BlflGhvAxyr8dC8eoJ97Y
Rennen,Apsilon,1,nie,"winter, tag, immer","Damit die Sonne nie untergeht? | Damit die Sonne nie untergeht? | Damit die Sonne nie untergeht? | Damit die Sonne nie untergeht? | Damit die Sonne nie untergeht? (Ja, ja) | Damit die Sonne nie untergeht? (Ja, ah) | Damit die Sonne nie untergeht? (Ja, ja) | Damit die Sonne nie untergeht?",6uMA4BZKZ4B6VSVZ7GsqiQ
Neu verliebt,Pablu,1,nie,"september, sommer","Ich würd gern nie wieder woanders sein und | Vielleicht so lang wie noch nie | Hätt nie gedacht, dass mir mal sowas passiert | Vielleicht so lang wie noch nie | Hätt nie gedacht, dass mir mal sowas passiert",3yb9jwPk1G3lfXVZtgwcN5
wie du,Blond,1,immer,"nacht, nie","Wollte immer, dass еs schiebt | Wollte immer, dass es schiebt | Wollte immer, dass es schiebt | Wollte immer, dass es schiebt | Wollte immer, dass es schiebt | Wollte immer, dass es schiebt",5SEBN0W4tm1w8ZpMx19PU4
Wieso,Magda,1,immer,,Warum tut Abschied immer so weh? | Sind deine Haare schon immer grau? | Sind deine Haare schon immer grau? | Warum tut Abschied immer so weh? | Sind deine Haare schon immer grau? | Warum tut Abschied immer so weh? | Sind deine Haare schon immer grau?,5EVTMTPMNTyKQg55hVOhqF
Du und Ich,Blond,2,"immer, nie",samstag,Du und ich für immer | Du und ich für immer | Für immer und ewig | Und ich bleib' dir für immer treu | Du und ich für immer | Du und ich für immer | (Du und ich für immer) | Du und ich für immer | Ich lass' dich nie mehr los | Ich lass' dich nie mеhr los | Ich lass' dich nie mehr los | Ich lass' dich nie mehr los | Dass du sie nie erzählst bei deinen Eltern | Ich lass' dich nie mehr los | Ich lass' dich nie mehr los,1mIXsr8Kq3lEJt47UdQqfY
Junkie,Yu,1,immer,nie,,421pMbVNbXVDtSzNynVlop
Siegfried  Roy,error,3,"morgen, morgen, nie","nacht, immer","Ich sag' so viel Zeug, das ich morgen schon bereu' | Ich sag' so viel Zeug, das ich morgen schon bereu' | Ich sag' so viel Zeug, das ich morgen schon bereu' | Ich sag' so viel Zeug, das ich morgen schon bereu', ha | Ich sag' so viel Zeug, das ich morgen schon bereu' | Ich sag' so viel Zeug, das ich morgen schon bereu' | Ich sag' so viel Zeug, das ich morgen schon bereu' | Ich sag' so viel Zeug, das ich morgen schon bereu', ha | Bitte stell' ihn nie wieder her, ah | Bitte stell' ihn nie wieder her | Bitte stell' ihn nie wieder her | Bitte stell' ihn nie wieder her, ah (Bitte stell' ihn nie wieder her)",48JQZEdveC9jCUDhlGFk1x
ciao bb,anaïs,1,sommer,"morgen, heute, morgen, immer",,5gbcw4QBRYTa2k84kEFHiA
Rimini,ENNIO,1,nie,"gestern, immer","Und sie sagt mir, sie macht das nie | Erst seit gestern da und will nie weg von hier | Und sie sagt mir, sie macht das nie | Erst seit gestern da und will nie weg von hier | Und sie sagt mir, sie macht das nie | Erst seit gestern da und will nie weg von hier",2JNIWfyUG8AXC2staqyay5
Moje Sve,Hava,1,nacht,immer,,1LBWVVGfTCr8EYNSd92W81
Au Revoir,Milano,1,nie,,"Au revoir, wir seh'n uns nie wieder | Wir beide nie wieder | Ich glaub' dir nie wieder | Ich glaub' dir nie wieder | Will dich nie wieder mehr seh'n | Bin nie mehr da für dich | Au revoir, wir seh'n uns nie wieder | Wir beide nie wieder | Ich glaub' dir nie wieder | Ich glaub' dir nie wieder | Hab' geschwor'n, ich werd' nie für dich wein'n | Au revoir, wir seh'n uns nie wieder | Wir beide nie wieder | Ich glaub' dir nie wieder | Ich glaub' dir nie wieder",23ExvFSDM4Hte2ttH4Z1CW
Pse,Dardan,1,nie,"tag, nacht, immer","Bae, wir wollten nie | Sag, wie echt war'n deine Worte? Denn ich habe sie nie vergessen | Leider wirst du's nie seh'n, denn du merkst es nicht, ey | Bae, wir wollten nie",3r7sw5soVrbMM5jX6ScvYX
Ja sagen,Hava,3,"heute, immer, nie",,"Würdest du mich heute fragen | Würdest du mich heute fragen | Würdest du mich heute fragen | Würdest du mich heute fragen | Würdest du mich heute fragen | Würdest du mich heute fragen | Könnte für immer mit dir liegen, Babe, ich will nicht lügen | Ich wollte sowas nie, doch plötzlich will ich es für immer | Für immer deinen Ring an meinem Finger | Ich will für immer mit dir bleiben, ich schwör', das würd mir reichen | Ich wollte sowas nie, doch plötzlich will ich es für immer | Für immer deinen Ring an meinem Finger | Doch seit ich dich kenn', weiß ich, ich war nie wirklich in Love | Dieses Gefühl, nein, das bleibt nie lange“ | Doch seit ich dich kenn', weiß ich, ich war nie wirklich in Love | Ich wollte sowas nie, doch plötzlich will ich es für immer | Ich bin ehrlich, ich war noch nie so ich wie neben dir | Ich bin ehrlich, ich war noch nie so sicher wie mit dir | Ich wollte sowas nie, doch plötzlich will ich es für immer",2ehr9UaqyQOXJihoJ7lg3l
2011,Dardan,1,nie,"heute, immer","Denn die, denn die Augen lügen nie (Chico) | Ja, du wirst nie wieder | Ja, du wirst nie wieder | Ja, du wirst nie wieder | Ja, du wirst nie wieder",44IkrAeQhRxZpuyshIeVEW
Pistoleta,Olexesh,1,immer,nacht,"Wusste schon immer, Akhi, wir sind next up, der Plan geht au-au-auf | Ich geb' immer noch hier kei'm Vertrau'n | Wusste schon immer, Akhi, wir sind next up, der Plan geht au-au-auf | Wusste schon immer, Akhi, wir sind next up, der Plan geht au-au-auf",7ciTcePUxWjBbaouXk7Bvf
Substanzen feat Aymen Jiyo  ilo 7araga,Rap La Rue,1,heute,,"Mon Bébé, ich klär' dich heute auf Schnelle | Schau' ihr zu, wie sie heute tanzt | Mon Bébé, ich klär' dich heute auf Schnelle",1EypcNrXUoHSv6siw5FNPi
malade,Rap La Rue,1,nie,"heute, immer",Ob wir uns kenn'n? Noch nie geseh'n | Ob wir uns kenn'n? Noch nie gesehen | Ob wir uns kenn'n? Noch nie geseh'n | Ob wir uns kenn'n? Noch nie gesehen,7ltRwr9d32MnqHLsWMCXNM
GHETTOGIRL,CAPO,1,tag,nacht,,3idbCPumlga23rxFA08fZE
kAdaLe,Dardan,1,nie,heute,"Kadale, kadale, vielleicht seh'n wir uns nie wieder | Kadale, kadale, vielleicht seh'n wir uns nie wieder (nie wieder) | Kadale, kadale, vielleicht seh'n wir uns nie wieder (mmh, ja)",18VRnJOBksZVjCwwvMazA3
Komm in meine Arme,Lune,1,heute,nacht,,2cJsBA3fbleMmnlveGVBlo
Bisou ,Lune,1,immer,"juni, tag, nacht",,22KhP6WmIYtF5SKlnxgFoy
NuR Du ,Lune,1,nie,"tag, nacht, heute, immer","Und ja, ich glaub', ich hab's dir nie gesagt (No) | Ja, ich weiß, es wird nie wieder wie damals | Du warst meine Eins, doch du wolltest nie | Ja, ich weiß, es wird nie wieder wie damals",57rRFuUDGCBjQWlxoKGhR0
Tränen aus Kajal,CÉLINE,1,nacht,immer,,21ejNiqWaIe99otCtD9unS
Zoey,Nimo,1,tag,heute,,0dGSOCj6hdV5Nr0V8FjONc
Nie wieder,Nimo,1,woche,"monat, tag, nie",,65F822tpD9sLd0tKnCe98B
Nur wegen dir,Nimo,1,immer,,"Ja, immer wenn du lachst, lacht mein | Ja, immer wenn du lachst, lacht mein | Ja, immer wenn du lachst, lacht mein | Und immer wenn du weinst, weint mein | Ja, immer wenn du lachst, lacht mein | Und immer wenn du weinst, weint mein | Ja, immer wenn du lachst, lacht mein | Und immer wenn du weinst, weint mein",0ui2kVwPZKHaZxGhdIzBrp
Lambo Diablo GT feat Nimo,CAPO,1,nacht,immer,,6HxFJbQahRd5rWQ752D710
Jede Nacht,Schubi AKpella,1,heute,nacht,Ich komm' heute vorbei so wie jede Nacht | Du bist heute top gestylt so wie jede Nacht | Ich komm' heute vorbei so wie jede Nacht (Jede Nacht) | Du bist heute top gestylt so wie jede Nacht (So wie jede Nacht) | Ich komm' heute vorbei so wie jede Nacht | Du bist heute top gestylt so wie jede Nacht,3eGI9ETrSY2nU1hbsohC0H
Familia feat Morad,Luciano,3,"nacht, heute, nie","woche, morgen, morgen, immer","Doch die Sonne geht auf, heute mach' ich die Tür'n auf für Familia | Denn die Sonne geht auf, heute mach' ich die Tür'n auf für Familia | Doch die Sonne geht auf, heute mach' ich die Tür'n auf für Familia | Denn die Sonne geht auf, heute mach' ich die Tür'n auf für Familia | Heute geht es uns besser, verlor nie die Hoffnung von Nacht zu Nacht | Werd' den Pain nie vergessen, trag' ihn immer noch tief in mei'm Herz | Heute geht es uns besser, verlor nie die Hoffnung von Nacht zu Nacht | Werd' den Pain nie vergessen, trag' ihn immer noch tief in mei'm Herz",11sME7QBXXMvBmjNr6sPIv
Ohne mein Team,Bonez MC,1,nie,"tag, morgen, heute, morgen","Gesmokt wird nie ohne mein Team | Alle woll'n mich oben ohne bedien'n, doch nie ohne mein Team",05Mp2UJulSttxQ4E6hQPH3
Palmen aus Plastik,Bonez MC,2,"sommer, nacht","morgen, heute, morgen",,6wHRm1KR8pzVDPdmR6Qovj
Safari,Maxwell,1,nie,"gestern, heute","(Nie, nie, nie, nie) Nie wieder Konten im Dispo | (Nie, nie, nie, nie) Nie wieder Konten im Dispo | (Nie, nie, nie, nie) Nie wieder Konten im Dispo",6hjck7ERXicpsW51UkdHCA
Chinchilla feat KC Rebell  Capital Bra,Summer Cem,2,"jahr, heute","winter, immer, nie","Ich trag' den Chinchilla-Pelz, weil heute kalt ist (Ja) | Ich trag' den Chinchilla-Pelz, weil heute kalt ist (Huh) | Ich trag' den Chinchilla-Pelz, weil heute kalt ist (Ja) | Ich trag' den Chinchilla-Pelz, weil heute kalt ist (Huh) | Mach' aus der Fashion-Week heute noch Battlefield | Ich trag' den Chinchilla-Pelz, weil heute kalt ist (Ja) | Ich trag' den Chinchilla-Pelz, weil heute kalt ist (Huh) | Ich trag' den Chinchilla-Pelz, weil heute kalt ist (Ja) | Ich trag' den Chinchilla-Pelz, weil heute kalt ist (Huh)",3a5qsP4xawpweFRXgzG6VP
Überlebt,Azet,1,heute,"tag, immer","Ich hab' bis heute überlebt | Doch ich hab' bis heute überlebt | Ich hab' bis heute überlebt | Doch ich hab' bis heute überlebt | Viel passiert, doch hab' bis heute überlebt | Ich hab' bis heute überlebt | Doch ich hab' bis heute überlebt | Ich hab' bis heute überlebt | Doch ich hab' bis heute überlebt",5ODK0R10oNrzGrZxRzwHvR
Baller los,MERO,1,bald,immer,"QDH (Wird bald groß, groß, groß) | Und bald bin ich in den Charts, QDH (QDH, baller' los, ah-ah, brrra) | Und mein Name wird bald groß, groß, groß | Aber jetzt wird's krasser! (Wird bald groß, groß, groß) | Und bald bin ich in den Charts, QDH (QDH, baller' los, ah-ah, brrra) | Und mein Name wird bald groß, groß, groß | QDH (Wird bald groß, groß, groß)",1uNzKXVNwq7jwV0rhjXqLB
DNA,KC Rebell,2,"tag, nacht","woche, immer",,6yL5RjG5eeFOE5iU7qPho8
Murcielago,KC Rebell,1,immer,"jahr, gestern, heute, nie",Und immer wenn der Rebell-Abi kommt | Aber während du dein ganzes Leben lang den Bus immer verpasst | Aber während du dein ganzes Leben lang den Bus immer verpasst | Im Keller immer mit den Jungs gezogen hat? | Aber während du dein ganzes Leben lang den Bus immer verpasst,39qlqpwVzRkQP6WsILfIB5
Kokaina,Miami Yacine,1,bald,"nacht, nie","Alles rein wie Mona Lisa, bald bin ich Großverdiener | Alles rein wie Mona Lisa, bald bin ich Großverdiener | Alles rein wie Mona Lisa, bald bin ich Großverdiener | Alles rein wie Mona Lisa, bald bin ich Großverdiener",6bN6XXylz4unPfOCBIg0z5
Standard feat Trettmann Gringo Ufo361  Gzuz,KITSCHKRIEG,1,mitternacht,"heute, nie",,5WxzuqQCeCsFlUEStzTp3K
Heute mit mir,Nimo,2,"morgen, morgen","oktober, heute","Ja, ich weiß, du musst morgen zur Arbeit | Ja, ich weiß, du musst morgen zur Arbeit | Ja, ich weiß, du musst morgen zur Arbeit | Ja, ich weiß, du musst morgen zur Arbeit | Ja, ich weiß, du musst morgen zur Arbeit | Ja, ich weiß, du musst morgen zur Arbeit | Ja, ich weiß, du musst morgen zur Arbeit | Ja, ich weiß, du musst morgen zur Arbeit",7fUWZUNj5qbEuoL6K9947g
Casanova,Summer Cem,2,"nacht, heute","mai, morgen, morgen",Mit dir will ich heute Nacht allein sein (Ahh),0jB0RNZIfaihaDKNmdrI40
Scheiß auf eure Party,Ufo361,1,immer,"september, minute","Ja, wir rauchen uns tot, immer fett — Onkel Phil | Ich bin immer noch derselbe | Ich bin immer noch derselbe | Ich bin immer noch derselbe | Ich bin immer noch derselbe, ja | Ich bin immer noch derselbe, ich bin immer noch derselbe, ja | Ich bin immer noch derselbe | Ich bin immer noch derselbe | Ich bin immer noch derselbe | Ich bin immer noch derselbe, ja | Ich bin immer noch derselbe, ich bin immer noch derselbe, ja | Ich bin immer noch derselbe | Ich bin immer noch derselbe, ja",1Syhm4vkn6n2DYuFnyI60s
Nummer 1,Zuna,1,immer,"märz, tag",Hab' 'ne Wumme immer unter mei'm Sitz | Und deshalb hab' ich immer auf der Waage zu viel,7rhVer0f2bF0lkBIC2z1mx
CC,Jazeek,1,heute,"nacht, immer","Ruft mich heute an, schon zum sechsten Mal | „Ich brauch' dich heute Nacht bei mir, Bae“ | „Ich brauch' dich heute Nacht bei mir, Bae“",4a84lPY76pFWTxWL4x4iCC
In a minute,Luciano,1,immer,"minute, heute",,1LNoGh5OXX51mulO24mfg1
Delale,SHABAB,1,immer,"tag, nacht","Ja, wir sind für immer (Ja, wir sind für immer) | Ja, wir sind für immer | Ja, wir sind für immer, ja, wir sind für immer | Ja, wir sind für immer",2sbg1omBXnFOeHvbWyR1Vv
Wenn der Himmel weint,Bausa,1,immer,"morgen, morgen, nie","Ich hab' gedacht, du würdst für immer bleib'n | Will dich bei mir hab'n, dacht, du wärst für immer meins | Das, was ich hatte, das habe ich immer geteilt, yeah | Ich hab' gedacht, du würdst für immer bleib'n",6yT1Qf1EKbUfiROeOWtzeN
Dunya,Amo,2,"tag, nie","morgen, gestern, heute, morgen","Das Leben, es kann nie perfekt sein | Das Leben, es kann nie perfekt sein | Das Leben, es kann nie perfekt sein | Das Leben, es kann nie perfekt sein",4eIdT2bW2gaTDdJnMgt7Ue
Komm wir chillen feat Yonii  Bausa,CAPO,2,"nacht, heute","immer, nie","Du darfst Ferrari fahr'n, denn wir chill'n heute nacht | Du darfst Ferrari fahr'n, denn wir chill'n heute nacht (Vay, ey, Baui, komm, wir chill'n, ey) | Du darfst Ferrari fahr'n, denn wir chill'n heute nacht | Du darfst Ferrari fahr'n, denn wir chill'n heute nacht | Du darfst Ferrari fahr'n, denn wir chill'n heute nacht | Du darfst Ferrari fahr'n, denn wir chill'n heute nacht | Du darfst Ferrari fahr'n, denn wir chill'n heute nacht (Vay, ey, Baui, komm, wir chill'n, ey) | Du darfst Ferrari fahr'n, denn wir chill'n heute nacht | Du darfst Ferrari fahr'n, denn wir chill'n heute nacht | Du darfst Ferrari fahr'n, denn wir chill'n heute nacht",4BtGQ89Xgmf9NmnFD9RBRc
AKON,Jazeek,1,heute,nacht,"Baby, sei meine Begleitung heute Nacht | Und das geb' ich heute aus mit dir im Club, uh-là-là | Komm zu mir, wir machen Party heute Nacht | Deshalb will sie heute mit mir komm'n (Oh-ah), ja",6YFNhYf7A33biVmMG1JSQf
BlaBla,Azzi Memo,1,immer,nacht,"Kann nicht sauer auf dich sein, denn du bist immer noch mein Sohn | Kann nicht sauer auf dich sein, denn du bist immer noch mein Sohn",71lIucZDjYS6q5wP2q8svt
Gibi feat QBANO,C ARMA,1,immer,nie,"Für immer gibi, Ring am Finger gibi | Will dich für immer oder gar nicht | Will dich für immer oder gar nicht | Will dich für immer oder gar nicht | Will dich für immer oder gar nicht | Will dich für immer oder gar nicht | Will dich für immer oder gar nicht | Will dich für immer oder gar nicht | Will dich für immer oder gar nicht",1QDePD6RFZ2aRZd0HGJMaV
Unlock,Luciano,1,immer,,"Hab' immer noch gute Verbindung (Und immer) | Hab' immer noch gute Verbindung (Und immer) | Wird immer mehr, umso größer du bist (Money, Money) | Hab' immer noch gute Verbindung (Und immer)",044C22X5gRELj72l3D81Rs
Jean Paul Gaultier,Luciano,1,immer,monat,"Sweater von Burberry, immer Flex, wenn du mich siehst | Sweater von Burberry, immer Flex, wenn du mich siehst | Sweater von Burberry, immer Flex, wenn du mich siehst | Sweater von Burberry, immer Flex, wenn du mich siehst",56DP74K3QXG718EKuVIB2U
Mula,Mert,1,heute,immer,Es geht heute nur noch um Mula-la | Es geht heute nur noch um Mula-la | Es geht heute nur noch um Mula-la | Es geht heute nur noch um Mula-la,0BYw9Vmcja679bOotJ1QYk
Hit One,Luciano,1,immer,tag,"Geh' immer noch raus, wenn die Fam mich braucht | Geh' immer noch raus, wenn die Fam mich braucht",5OeScOAa7LAx2jN11RRVJe
Frag mich nicht,Miksu  Macloud,1,immer,"morgen, nacht, gestern, morgen","Denn es endet immer im Streit, doch wenn es drauf ankommt | Ja, es endet immer im Streit, doch wenn es drauf ankommt | Denn es endet immer im Streit, doch wenn es drauf ankommt | Ja, es endet immer im Streit, doch wenn es drauf ankommt | Denn es endet immer im Streit, doch wenn es drauf ankommt | Ja, es endet immer im Streit, doch wenn es drauf ankommt",1eiQc3mTqBmqHjUR3uDj5F
sag wieso,Lune,1,immer,"gestern, nie, bald","Seh' ich sein'n Augen immer nur dich? | Aber ich sah immer nur dann eine Zukunft, als ich mit dir war | Seh' ich sein'n Augen immer nur dich? | Seh' ich sein'n Augen immer nur dich? | Seh' ich sein'n Augen immer nur dich? | Seh' ich sein'n Augen immer nur dich?",3zMWsfPgegUuJ6P7Qb7b54
AC Milan,Luciano,1,heute,immer,"Damals noch Gauner Lacoste, heute Millionengeschäft (AC Milan) | Damals noch Gauner Lacoste, heute Millionengeschäft (AC Milan) | 4-9, ich shoot' jetzt mein Shot, Feinde von damals sind heute am flieh'n | Damals noch Gauner Lacoste, heute Millionengeschäft (AC Milan)",3hp6a3AGZ0eM0qwgxN5dqT
Nie wieder,Morpheuz,1,nacht,nie,,46pPNgX8MDQfFtWjLoNbg8
Ruf mich an,Morpheuz,1,immer,nie,"Ganz egal, in welcher Stadt, ich werd' immer nach dir seh'n | Ganz egal, in welcher Stadt (Ich werd' immer nach dir seh'n) | Ganz еgal, in welcher Stadt (Welchеr Stadt), ich werd' immer nach dir seh'n | Ganz egal, in welcher Stadt, ich werd' immer nach dir seh'n, mein Babe (Yeah-yeah) | Ich werd' immer nach dir seh'n (Ich werd' immer nach dir seh'n), mhh | Ich werd' immer nach dir seh'n, mein Babe | Ich werd' immer nach dir seh'n | Ich werd' immer nach dir seh'n (Yeah, yeah) | Ganz egal, in welcher Stadt (Welcher Stadt), ich werd' immer nach dir seh'n | Ganz egal, in welcher Stadt, ich werd' immer nach dir seh'n, mein Babe (Yeah-yeah) | Ich werd' immer nach dir seh'n (Ich werd' immer nach dir seh'n), mhh | Ich werd' immer nach dir seh'n, mein Babe | Ich werd' immer nach dir seh'n | Ich werd' immer nach dir seh'n (Yeah, yeah)",2irNEyuG8VTKYnPkWcGgzi
Siehst dus auch so,Morpheuz,1,nie,nacht,"Handy nie auf lautlos, doch dein Anruf kam nie | Ich stell' die Frage, doch die Antwort wird nie ankomm'n | Handy nie auf lautlos, doch dein Anruf kam nie | Handy nie auf lautlos, doch dein Anruf kam nie",6GFGIBvEfBama5eAcjvfyi
Love all night,Amo,1,nie,"stunde, nacht",(Krieg' nie genug) | Krieg' nie genug | Krieg' nie genug | Krieg' nie genug | Krieg' nie genug | Krieg' nie genug,4PCNkLfMpaPYEwBMsknI8R
Sure Shots,Luciano,1,immer,nie,"Die Straße bleibt immer besteh'n, Negro (Boh, boh) | Die Straße bleibt immer besteh'n, Negro (Boh, boh) | Trage immer noch Blickys wie Sully (Ja) | Die Straße bleibt immer besteh'n, Negro (Boh, boh)",2rus6RzlKwTYPod5pFBcUU
PECHSCHWARZ,CAPO,1,tag,nie,,0tSHpfI5eqtR6WVUjSkacP
Pole Position,Luciano,1,immer,"tag, nacht, heute","Es ist nicht immer leicht hier, das Leben on the top | Es ist nicht immer leicht hier, das Leben on the top | Treffen auf dem Ozean, immer wenn ich vibe | Und das soll für immer sein, 'til the end of time | Es ist nicht immer leicht hier, das Leben on the top",2mW3KRKLCR2jshXKaot4EL
Schmerz,Dardan,1,nie,,"Ich tausch' Hunnis gegen Glück, hoff', sie geh'n mir nie aus | Will euch nie wieder seh'n, ich fick' die Welt und zieh' am Juana | Es wird nie wieder mehr wie am Anfang | Du warst nie ein Bruder, du wolltest nur mein'n Hype | Will euch nie wieder seh'n, ich fick' die Welt und zieh' am Juana | Es wird nie wieder mehr wie am Anfang",4SXUbnaYt80pFpAebHVR5Q
Syt,Azet,1,nie,gestern,"Es wird nie mehr, wie es war | Nein, es wird nie mеhr, wie es war | Es wird nie mehr, wie es war | Nein, es wird nie mehr, wie es war",4UxVPXznavq6dwRv9bro7G
Häagen Dazs,Sosa La M,1,stunde,"heute, nie",,5gBDMQlmL0DBjxTxpgTgMn
Halbmond,Kurdo,2,"nacht, bald",heute,"Sie sagt: „Baby, es macht bald boom | Sie sagt: „Baby, es macht bald boom | Sie sagt: „Baby, es macht bald boom | Sie sagt: „Baby, es macht bald boom | Sie sagt: „Baby, es macht bald boom | Sie sagt: „Baby, es macht bald boom | Sie sagt: „Baby, es macht bald boom | Sie sagt: „Baby, es macht bald boom",2QwVg1uFqqf9SLRsaZWqmB
Caliente feat Jamal,Kurdo,1,immer,,,7v6dMftPuVECeQDXxJDGVG
Baba aller Babas,XATAR,1,bald,"tag, morgen, morgen, immer","Alles oder nichts, glaub' mir, dieser Junge schafft's bald | Alles oder nichts, glaub' mir, dieser Junge schafft's bald | Alles oder nichts, glaub' mir, dieser Junge schafft's bald | Alles oder nichts, glaub' mir, dieser Junge schafft's bald | Alles oder nichts, glaub' mir, dieser Junge schafft's bald | Alles oder nichts, glaub' mir, dieser Junge schafft's bald | Alles oder nichts, glaub' mir, dieser Junge schafft's bald | Alles oder nichts, glaub' mir, dieser Junge schafft's bald",4KuanDu96tDjBXdrsMWPmu
Ich bring dir keine Blumen,Dardan,2,"nacht, heute","morgen, morgen, nie","Bin für dich da, heute Nacht | Nur für dich da, heute Nacht | Bin für dich da, heute Nacht | Nur für dich da, heute Nacht",4WzMfpZwQoYdwe6W5BT1rg
ONE NIGHT IN PARISDEEP DOWN,reezy,1,nie,"freitag, sonntag","Aber sag mir, wieso warst du nie real? | Ich hatt nie eine Antwort bei Fragen nach dir | Du hast nie mit offenen Karten gespielt | Du warst nie official, denn du wolltest mich hopsnehmen | Und egal, was du versuchst, du bist ein offenes Buch, doch trotzdem wurd ich nie aus dir schlau",6rcz59uAJ37rbEGJza8Is8
Highlight,Dardan,1,nacht,"tag, heute, immer",,0nd48LMAguVX2qHmHlA7lr
Effizient,Luciano,1,tag,"morgen, nacht, morgen",,7sqY47Gnfqm1CvttBA490C
SANTA FREESTYLE,THIZZY52,1,immer,gestern,,2kOxp9BK7kiD2e4odseUN2
ô dis où tes,Monet192,1,immer,,,0azT4o4XLP8EHkneDyuOeb
Unzertrennlich,Morpheuz,1,immer,,"Für immer ist vergänglich, ah-eh, ah-ahh | Für immer ist vergänglich, ah-eh, ah-ahh | Für immer ist vergänglich, ah-eh, ah-ahh (Ja, ja) | Für immer ist vergänglich, ah-eh, ah-ahh",72UkeHvH9lQOgjnTZUuifX
Nur geträumt,Nena,1,heute,immer,Ich hab' heute nichts versäumt | Ich hab' heute nichts versäumt | Ich hab' heute nichts versäumt | Ich hab' heute nichts versäumt | Ich hab' heute nichts versäumt,27DEhFC0G2olRFgCTksnfw
1000 und 1 Nacht  Remastered 2008,Klaus Lage,1,nie,nacht,"Was war eigentlich los? Wir hab'n nie was gefühlt | Wär nie drauf gekomm'n, denn das warst ja du | Hätt ich nie geahnt, du warst der Schlüssel dazu | Doch so aufgewühlt hab' ich dich nie geseh'n",52jP6hYf7FQxYiyK493YRb
Amsterdam,Cora,1,nie,,Und nie verblüh'n | Und nie verblüh'n | Und nie verblüh'n | Und nie verblüh'n,7FrsdB6c1buzMfSndN4UQL
Wann wirds mal wieder richtig Sommer,Rudi Carrell,3,"juni, september, jahr","mai, sommer, winter, nacht, heute, bald",,59VR9MekNIMRLxQYfSn3Qr
13 Tage,Schweizer,2,"tag, bald","morgen, heute, morgen",,0RmWwc5mdIxgsgQUL1al41
Tanze Samba mit mir,Tony Holiday,3,"morgen, nacht, morgen",heute,,297Df1Umk2S406Pf7K5LbY
Er steht im Tor,Wencke Myhre,4,"sommer, winter, herbst, nie","april, heute","Ich hab' mich im Leben nie für Fußball intressiert | Sie hat sich im Leben nie aus Fußball was gemacht | Mag es regnen, mag es schnei'n, er ist nie im Tor allein | Mag es regnen, mag es schnei'n, er ist nie im Tor allein",6Xpd2qTFOFdJMp8A2Y3QwX
Mein Fahrrad,Die Prinzen,1,immer,,Und wie immer konnt ich nur hoffen | Und sind immer schneller da | Und sind immer schneller da | Und sind immer schneller da,0V49TipwXXpnyyqmxLVADV
Liebe auf den ersten Blick,Münchener Freiheit,1,immer,nie,Was immer ich tu | Was immer ich tu | Was immer ich tu | Was immer ich tu,4QRsnJRKgHF6gRPZQzNMu8
Herz aus Glas  Single Version,Münchener Freiheit,2,"immer, nie",,"Du wirst immer noch verlegen | Ich erkenn dich wie du immer warst | Ich erkenn dich wie du immer warst | Ich erkenn dich wie du immer warst | Weckst Gefühle, die ich nie vergaß | Ich hätte nie gedacht | Weckst Gefühle, die ich nie vergaß | Weckst Gefühle, die ich nie vergaß",7fKE1svR1JOPtNHBthtpR8
Bis wir uns wiedersehn,Münchener Freiheit,1,nacht,frühling,,7eAZgnEueDKrf7iNDLoBt6
Zu nah am Feuer,Stefan Waggershausen,1,nacht,,,17Kn7Sfe7zsPM1MfOiXGGB
Josie,Peter Maffay,1,tag,"morgen, nacht, gestern, morgen",,22Kw9zlfCNZe07YWvnK5Qh
Es gibt kein nächstes Mal,Münchener Freiheit,1,nie,"morgen, morgen, immer",Wird es nie mehr wie früher sein | Wird es nie mehr wie früher sein | Wird es nie mehr wie früher sein | Wird es nie mehr wie früher sein,1UMOloVdcUiD2AcrVEUseh
So Heiß,Münchener Freiheit,3,"morgen, morgen, nie",jahr,"Wieder vereint, nie wieder getrennt | Wir werden es erleben wie nie zuvor, oh | Wieder vereint, nie wieder getrennt | Wir werden es erleben wie nie zuvor, oh | Wieder vereint, nie wieder getrennt | Wieder vereint, nie wieder getrennt | Wieder vereint, nie wieder getrennt | Wieder vereint, nie wieder getrennt",3pQ9unmqXwDuVSdbb1dTjX
Ich will Dich nochmal,Münchener Freiheit,1,immer,"nacht, heute","Ich glaub, ich vermiss dich noch immer | Ich glaub, ich vermiss dich noch immer | Ich glaub, ich vermiss dich noch immer | Ich glaub, ich vermiss dich noch immer | Ich glaub, ich vermiss dich noch immer | Ich glaub, ich vermiss dich noch immer | Ich glaub, ich vermiss dich noch immer | Ich glaub, ich vermiss dich noch immer",0rqulg5HBe0m5SUkYoMJeh
Bis wir uns wiedersehn,Münchener Freiheit,1,nacht,frühling,,7v1T0XjWGS5HGu0Kn0rcu4
Verlieben Verlieren,Münchener Freiheit,2,"sekunde, nacht","minute, immer, nie",,3BVsXBcB0d67VEIX44h5uD
Die Welt steht auf Pause,Adel Tawil,2,"tag, nacht",immer,,0xAij1Uf2yqEj0PHbgJZ6b
Unsterblich,Baschi,1,nie,,"Alles, was du nie vergisst | Alles, was du nie vergisst | Alles, was du nie vergisst | Alles, was du nie vergisst",3fHXjvWD0VnUCR6l1n6erb
Sonne in der Nacht,Peter Maffay,1,nie,nacht,,3W7vuxEpcvr6EzXfCfxm3J
Horizont,Udo Lindenberg,1,nie,"tag, immer","Doch zwei wie wir, die dürfen sich nie verlier'n | Das mit uns ging so tief rein, das kann nie zu Ende sein | Zwei wie wir, die können sich nie verlier'n | Das mit uns ging so tief rein, das kann nie zu Ende sein | Denn zwei wie wir, die können sich nie verlier'n",6oXjl47yMZ8AigDIqyMx0I
Aller Herren Länder,Heinz Rudolf Kunze,1,nie,,Du wirst nie zuhause sein | Dir fällt nie der Zauber ein | Du wirst nie zuhause sein | Dir fällt nie der Zauber ein,7po1h1swSVjeJdz5Xrs8Se
Herz aus Glas,Münchener Freiheit,2,"immer, nie",,"Du wirst immer noch verlegen | Ich erkenn dich wie du immer warst | Ich erkenn dich wie du immer warst | Ich erkenn dich wie du immer warst | Weckst Gefühle, die ich nie vergaß | Ich hätte nie gedacht | Weckst Gefühle, die ich nie vergaß | Weckst Gefühle, die ich nie vergaß",3tHGXFRaArjFl71kq0HppD
SOS,Münchener Freiheit,2,"nacht, nie","jahr, immer",Diese Nacht geht sonst nie vorüber | Diese Nacht geht sonst nie vorüber | Diese Nacht geht sonst nie vorüber | Diese Nacht geht sonst nie vorüber | Diese Nacht geht sonst nie vorüber,62cf7zcZd21a1pbMDybvDi
Immer so,Karat,1,gestern,immer,,4X5onrK9IcmwpSW3CUT7ak
Sag ihm dass ich dich liebe,Roland Kaiser,1,immer,,"Dann bin ich immer noch für dich da | Sag ihm, dass ich dich noch liebe, für immer und ewig | Dann bin ich immer noch für dich da | Dann bin ich immer noch für dich da | Dann bin ich immer noch für dich da",2WwXoKotheUec8FjONuA7q
Joana,Roland Kaiser,2,"morgen, morgen",,,4HRtevJUIf3h4vcc0LXL4Q
Flieger,Nino de Angelo,1,nie,nacht,Ich hab' die Zeit nie ganz vergessen | Ich hab' die Zeit nie ganz vergessen | Ich hab' die Zeit nie ganz vergessen | Ich hab' die Zeit nie ganz vergessen,1NykPmcn7onKXOX6epi4ag
Es fährt ein Zug nach nirgendwo,Christian Anders,1,immer,"tag, stunde, gestern, bald",Und dass ich dich für immer hab | Was auch immer mit der ander'n war | Und dass ich dich für immer hab' | Was auch immer mit der ander'n war,385BL9eNjryVLEcc8YbkoE
Wegen dir,Nicki,1,immer,,Daß des immer bleibt was uns zwei verbind' | Daß des immer bleibt was uns zwei verbind' | Daß des immer bleibt was uns zwei verbind' | Daß des immer bleibt was uns zwei verbind',3EiuQJheZ6bEBTqksH1Ez3
Du entschuldige  i kenn di,Peter Cornelius,1,jahr,,,0rJ6zR9AFRCSJBxYBGIXhA
Nenn es Liebe oder Wahnsinn,Michelle,1,nacht,"morgen, morgen",,2X4WeSme3nJJRf3MXnMZx9
Servus machs guat  Single Version,Nicki,3,"april, september, november","august, winter",,5uoqvrRY3iD1xTlTqhCWlZ
Wer von uns,Howard Carpendale,1,immer,"morgen, heute, morgen",Wer von uns hat immer geglaubt | Und sah im ander'n immer den BÑsen | FÑr mich gibt es immer nur dich | FÑr mich gibt es immer nur dich,54P7x3VxYoFhikoMGVMZdn
Frauen,Roland Kaiser,2,"immer, nie",,"Frauen wollen immer nur das Eine | Sie kriegen immer, was sie woll'n | Frauеn wollen immer nur das Eine | Frauen wollen immer nur das Eine | Sie kriegen immer, was sie woll'n | Frauen wollen immer nur das Eine | Frauen wollen immer nur das Eine | Sie kriegen immer, was sie woll'n | Frauen wollen immer nur das Eine | Sie kriegen immer, was sie woll'n | Frauen wollen immer nur das Eine | Denn sie lassen sich nie auf das erste Beste ein | Denn sie lassen sich nie auf das erste Beste ein | Denn sie lassen sich nie auf das erste Beste ein | Denn sie lassen sich nie auf das erste Beste ein",5PmsBFt4R7YqH79LNsBmqj
So was wie Liebe,Michelle,1,immer,"nacht, nie",Ganz tief in meiner Seele bist immer so | Wo du auch immer bist vergiss das eine nicht | Ganz tief in meiner Seele bist immer so | Wo du auch immer bist vergiss das eine nicht | Ganz tief in meiner Seele bist immer du | Wo du auch immer bist vergiss das eine nicht | Wo du auch immer bist vergiss das eine nicht,5xP015BwzcMmlVCIhbAGGn
Sehnsucht ist unheilbar,Juliane Werding,1,nie,"tag, stunde, nacht, immer","Sie wollte nie ein ,,Nein"" akzeptiern | Sie wollte nie die Neugier verliern | Sie wollte nie ein ,,Nein"" akzeptiern | Sie wollte nie die Neugier verliern | ""Ich werde nie ein 'Nein' akzeptiern | Ich möchte nie die Neugier verliern",7aq18SdztU5YTkj85G10b1
Ganz oder gar nicht,Roland Kaiser,3,"nacht, heute, nie",immer,"So war's bis heute Abend, doch ich fühl' genau | Und ich konnte alles tun, du hast mich nie gefragt | Heute Nacht oder nie | Heute Nacht oder nie | Ich will nie mehr von dir gehen, wir sind uns immer nah | Heute Nacht oder nie | Heute Nacht oder nie | Heute Nacht oder nie | Heute Nacht oder nie | Heute Nacht oder nie | Heute Nacht oder nie | Heute Nacht oder nie",2jtbJCDhVmnauEQAuTzpcY
Er gehört zu mir,Marianne Rosenberg,1,nie,"tag, immer","Ist es wahre Liebe (Uh-uh-uh), die nie mehr vergeht? (Uh-uh-uh) | Doch vergess' ich nie, wie man allein sein kann | Nein, ich hab' es ihm nie leichtgemacht | Ist es wahre Liebe (Uh-uh-uh), die nie mehr vergeht? (Uh-uh-uh)",6COzABVCHQzyvc3rTMtrXn
Mit viel viel Herz,Howard Carpendale,2,"morgen, morgen","nacht, heute",,7kRvLoEdsokpmyAs8hTI2X
Ruf mich an,Howard Carpendale,2,"nacht, immer",,Wir haben uns doch immer geliebt (Immer geliebt) | (Immer nah) Warst mir immer nah,6xCeg8hYy1tlBuAvZr6qOg
Die Liebe bleibt,Klaus Lage,1,immer,nie,Ich hab die Welt noch immer nicht in Ornung gebracht | Du träumst für ihn ist das Wichtigste noch immer nicht verlor'n | Du weißt es doch ein Kuß ist immer noch ein Kuß | Die Blöcke und die Zeichen sind immer noch die gleichen | Puls in den Ohren immer noch so laut | Ich hab die Welt noch immer nicht in Ornung gebracht | Und trotzdem ist das Wichtigste noch immer nicht verlor'n,1E9IRb4OATa8sRcHkoJYV6
Heute und hier,Roland Kaiser,1,nie,heute,"Wir haben Fehler noch nie bereut | Außerdem, es ging uns nie, nie so gut wie heut | Außerdem, es ging uns nie, nie so gut wie heut | Wir haben Fehler noch nie bereut | Außerdem, es ging uns nie, nie so gut wie heut",2w7TBpNXPYJ12ujdxqJxEC
Joana,Roland Kaiser,2,"morgen, morgen",,,5xofqZu5VoLiFbjqjICMaw
Ich will dich Temptation,Roland Kaiser,1,nacht,"tag, morgen, morgen, immer, nie",,6qPn86Jzf1cfl8GYsA2WdO
Du wirst weinen,Roland Kaiser,1,nie,stunde,Doch du wirst nie ohne Hoffnung sein | Doch du wirst nie einsam sein | Doch du wirst nie ohne Hoffnung sein | Doch du wirst nie einsam sein,34PG3oGWKLhqSmv8a8NuHv
Joana,Roland Kaiser,2,"morgen, morgen",,,79XArQEmQIS5YKGQopUXqH
Ich glaub es geht schon wieder los,Roland Kaiser,1,nie,"morgen, morgen",Und wird auch nie vorbei sein | Und wird auch nie vorbei sein | Und wird auch nie vorbei sein | Und wird auch nie vorbei sein,1h4oA8peXQ2vWXicplZhVZ
Frauen,Roland Kaiser,2,"immer, nie",,"Frauen wollen immer nur das Eine | Sie kriegen immer, was sie woll'n | Frauеn wollen immer nur das Eine | Frauen wollen immer nur das Eine | Sie kriegen immer, was sie woll'n | Frauen wollen immer nur das Eine | Frauen wollen immer nur das Eine | Sie kriegen immer, was sie woll'n | Frauen wollen immer nur das Eine | Sie kriegen immer, was sie woll'n | Frauen wollen immer nur das Eine | Denn sie lassen sich nie auf das erste Beste ein | Denn sie lassen sich nie auf das erste Beste ein | Denn sie lassen sich nie auf das erste Beste ein | Denn sie lassen sich nie auf das erste Beste ein",5mBmD5daHQLOUgSnrzqpD6
Südlich von mir  Long Version,Roland Kaiser,3,"sekunde, morgen, morgen",,,0QY3jUrgIacH9rQVwD6xsg
Was wäre wenn,Roland Kaiser,2,"nacht, heute",,,7GpyjqqenUouQHIRfMDiZj
Heute und hier,Roland Kaiser,1,nie,heute,"Wir haben Fehler noch nie bereut | Außerdem, es ging uns nie, nie so gut wie heut | Außerdem, es ging uns nie, nie so gut wie heut | Wir haben Fehler noch nie bereut | Außerdem, es ging uns nie, nie so gut wie heut",5AViYHSjsn4crbcAUdghyJ
Verrückt nach dir,Roland Kaiser,2,"nacht, heute",,,4QTvi35IrUHNKVInJbKjDX
Morgen früh wirst du gehn  Essential 2,Howard Carpendale,1,tag,"morgen, morgen, früh",,5COoMIjc9GpsFwatp2ZY8B
Der Abend ist zu Ende,Howard Carpendale,1,immer,,Es ist nicht immer leicht zu verstehen | Damit еs für immer bleibt | Der Mut uns immer treu zu sein | Der Mut uns immer treu zu sein | Der Mut uns immer treu zu sein,0uL2YsCKMf7A5hRZs6ys7j
Auf den Meeren,Karat,2,"morgen, morgen",nie,"Morgen hör' ich auf, morgen hör' ich auf | Morgen hör' ich auf, morgen hör' ich auf | Morgen hör' ich auf, morgen hör' ich auf | Ich schwör auf Big Daddy Kane: Alter, morgen hör' ich auf! | Morgen hör' ich auf, morgen hör' ich auf | Morgen hör' ich auf, morgen hör' ich auf | Morgen hör' ich auf, morgen hör' ich auf | Morgen hör' ich auf, morgen hör' ich auf | Morgen hör' ich auf, morgen hör' ich auf | Morgen hör' ich auf, morgen hör' ich auf | Ich schwör auf Big Daddy Kane: Alter, morgen hör' ich auf! | Morgen hör' ich auf, morgen hör' ich auf | Morgen hör' ich auf, morgen hör' ich auf | Morgen hör' ich auf, morgen hör' ich auf",5TOaOXls2ts5Ey2C3yU46S
Der Liebe Fluch,Karat,1,immer,,"Aber immer wieder, immer zu ihr hin | Aber immer wieder, immer zu ihr hin | Doch er geht immer wieder, immer zu ihr hin | Doch er geht immer wieder, immer zu ihr hin | Doch er geht immer wieder, immer zu ihr hin | Doch er geht immer wieder, immer zu ihr hin",1SVzfVUhqXvNJYXzw5vr78
Ganz egal,Karat,1,immer,"tag, nacht",Du kommst aus Zimmer Nummer fünf immer zu mir rüber | Ich rauch' heimlich immer noch deine John Player aufm Hof | Und mit jedem Atemzug denk' ich immer noch,42lCu3oQ5pzrpqW0jabQHU
Der Boxer,Karat,1,immer,"tag, nie",,5d58QOjwJDlJ2a8XkOg969
Ganz oben,Karat,1,immer,"tag, nacht",Du kommst aus Zimmer Nummer fünf immer zu mir rüber | Ich rauch' heimlich immer noch deine John Player aufm Hof | Und mit jedem Atemzug denk' ich immer noch,6SCmRA68Fk0UmzLQumd8cs
Und ich liebe dich,Karat,3,"nacht, heute, nie",immer,Ein anderes Wort für nie | Ein anderes Wort für nie | (Ein anderes Wort für nie) | Irgendwann ist immer nur ein anderes Wort für nie,59a0aw1N9KaYI7zmf1uR3k
Magisches Licht,Karat,1,immer,heute,"Wir woll'n mehr davon, immer mehr davon (Ah) | Gib mir mehr davon, immer mehr davon | Gib mir mehr davon, immer mehr davon | Wir woll'n mehr davon, immer mehr davon (Ah) | Gib mir mehr davon, immer mehr davon | Gib mir mehr davon, immer mehr davon (Ah) | Gib mir mehr davon, immer mehr davon",6b5aN3pyww5e9QJarDgTNv
und der Mond schien rot  Live im SteintorVariete Halle  Nov 1984,Karat,3,"nacht, heute, nie",immer,Ein anderes Wort für nie | Ein anderes Wort für nie | (Ein anderes Wort für nie) | Irgendwann ist immer nur ein anderes Wort für nie,13dQDu2KNcS9OyWg4NAfVV
Such ein Zimmer,Karat,1,nie,,"Kto nie rucha ten jest gej, tylko jak tu ruchać tej | No i lipa, ją to boli, Cypis dziś nie popierdoli | Czuję, że dzisiaj nie ruchnę, spójrz na jaja, cały puchnę | Zaraz małej powiem nara, nie jest mokra jak Niagara | W cipie nie był zanurzony, co za wieczór spierdolony | Co mam zrobić, kutas blady, mówię Ci ja nie dam rady | Chyba wykurwię przez okno bo w twej dziurce nie jest mokro",4HlidxXepM0kzqtMAM3WZ0
bad bunnies,Zsá Zsá,1,heute,,"Bin heute Abend wieder draußen mit den Hoes | Thirst-Trap, illegal, ich leg' heute Insta lahm | Bin heute Abend wieder draußen mit den Hoes | Bin heute Abend wieder draußen mit den Hoes | Thirst-Trap, illegal, ich leg' heute Insta lahm | Bin heute Abend wieder draußen mit den Hoes | Bin heute Abend wieder draußen mit den Hoes",4aAZTaXHlm625nZhF6Zr12
80qm,Nina Chuba,2,"immer, nie","november, gestern, heute","Und fahr'n mit dir heut für immer davon (Brumm, brumm) | Tanz' zu den Songs, die du immer gehasst hast | Mein Baby wollt für mich nicht immer nur das Beste | Hab' nie genau hingeschaut, die war'n da schon immer drauf | Tanz' zu den Songs, die du immer gehasst hast | Dein'n Wagen nie mehr in der Einfahrt seh'n | Dein'n Wagen nie mehr in der Einfahrt seh'n (Mh) | Mocht ich noch nie, nimm ruhig mit, wenn du gehst | Hab' nie genau hingeschaut, die war'n da schon immer drauf | Die Klingel ohne dein'n Nam'n sieht so schick aus wie noch nie | Dein'n Wagen nie mehr in der Einfahrt seh'n (Mh) | Mocht ich noch nie, nimm ruhig mit, wenn du gehst",13Ozua7wPk2dU3NIIgJJJo
Fata Morgana feat Tokio Hotel,Nina Chuba,1,nie,"tag, nacht, immer","Ich schau' in die Augen, die nie für mich da war'n | Ich schau' in die Augen, die nie für mich da war'n | Ich schau' in die Augen, die nie für mich da war'n | Ich schau' in die Augen, die nie für mich da war'n | Ich schau' in die Augen, die nie für mich da war'n",7a4O4FPGjTL4084bbvFeJF
Ich glaub ich will heut nicht mehr gehen,Nina Chuba,1,nie,"tag, heute, immer","Ich glaub', ich will nie mehr nach Haus (Nie mehr) | Ich glaub', ich will nie mehr nach Haus (Nie mehr)",4zLCLlqLivpZXvYfQCqTWh
Ich will dich wiedersehen,Provinz,1,immer,,"Und immer da, wo du bist | Waren immer hellwach, in der Stadt, die immer schläft | Und immer, wenn wir high war'n, wie wir uns befreit hab'n",13J5FpNFQEFMy3GfLdrSnV
Lieder,Adel Tawil,2,"tag, immer","minute, nie",Whitney wird mich immer lieben | Whitney wird mich immer lieben | Whitney wird mich immer lieben | Whitney wird uns immer lieben,6UpBIHZ59KWFLrnZ0wcwWd
Sowieso  Radio Version,Mark Forster,1,immer,,"Doch die Ernte kommt immer, Mann, es ist gut gesät und | Doch immer sicher im Gemetzel dank der schicken Tarnung | Und streikt der Sendeton, bleibt immer die Erinnerung",07TAUihsoCBnLWWXuZYUyw
Nicht so schnell,Max Giesinger,1,immer,frühling,Es schlägt mit der Zeit immer langsamer | Es schlägt mit der Zeit immer langsamer | Es schlägt mit der Zeit immer langsamer | Es schlägt mit der Zeit immer langsamer | Es schlägt mit der Zeit immer langsamer,30WNL8yuWun7cvfia1qiAS
Nie vergessen,Glasperlenspiel,2,"tag, immer","gestern, nie","Werd' dich für immer vermissen, ich werd' dich nie vergessen | Jeden goldenen Tag werd' ich für immer vermissen | Werd' dich für immer vermissen, ich werd' dich nie vergessen | Jeden goldenen Tag werd' ich für immer vermissen | Werd' dich für immer vermissen, ich werd' dich nie vergessen | Jeden goldenen Tag werd' ich für immer vermissen | Werd' dich für immer vermissen, ich werd' dich nie vergessen | Jeden goldenen Tag werd' ich für immer vermissen | Werd' dich für immer vermissen, ich werd' dich nie vergessen | Jeden goldenen Tag werd' ich für immer vermissen | Werd' dich für immer vermissen, ich werd' dich nie vergessen | Jeden goldenen Tag werd' ich für immer vermissen",5rqICdFqIuA4apO5hP0o5t
Still,Jupiter Jones,1,immer,tag,"Für immer, für immer und ein Leben und es war | Warum dieses Gefühl für immer bleibt | Warum dieses Gefühl für immer bleibt | Und wo immer du auch gerade bist | Warum dieses Gefühl für immer bleibt",2TSoLv5tMkqikfpM5irrqZ
Whatever,CRO,2,"morgen, morgen","woche, nacht, heute, nie","Denn mir ist scheißegal, was morgen kommt | Denn mir ist scheißegal, was morgen kommt | Denn mir ist scheißegal, was morgen kommt | Denn mir ist scheißegal, was morgen kommt | Denn mir ist scheißegal, was morgen kommt | Denn mir ist scheißegal, was morgen kommt | Denn mir ist scheißegal, was morgen kommt | Denn mir ist scheißegal, was morgen kommt | Denn mir ist scheißegal, was morgen kommt | Denn mir ist scheißegal, was morgen kommt | Denn mir ist scheißegal, was morgen kommt | Denn mir ist scheißegal, was morgen kommt",3S4F48POUIMUglbZoP7LSx
Einmal um die Welt,CRO,3,"morgen, morgen, nie","tag, heute","Gib mir nur deine Hand, ich kauf' dir morgen die Welt | Denn ab heute leb' ich jeden Tag, als ob ich morgen tot wäre | Gib mir nur deine Hand, ich kauf' dir morgen die Welt | Gib mir nur deine Hand, ich kauf' dir morgen die Welt | Gib mir nur deine Hand, ich kauf' dir morgen die Welt | Gib mir nur deine Hand, ich kauf' dir morgen die Welt | Denn ab heute leb' ich jeden Tag, als ob ich morgen tot wäre | Gib mir nur deine Hand, ich kauf' dir morgen die Welt | Gib mir nur deine Hand, ich kauf' dir morgen die Welt | Gib mir nur deine Hand, ich kauf' dir morgen die Welt | Baby, bitte mach dir nie mehr Sorgen um Geld | Baby, bitte mach dir nie mehr Sorgen um Geld | Sie kann sich kaufen, was sie wollte, doch nie hatte | Baby, bitte mach dir nie mehr Sorgen um Geld | Baby, bitte mach dir nie mehr Sorgen um Geld",5NEH0mwJD0MreMuM7WIVx3
Stimme,EFF,1,immer,,"War da nicht immer diese Stimme | Die dir hilft und zwar immer? | Sie war immer da, komm, hör auf ihren Rat | Alles offen und immer wieder neu | War da nicht immer diese Stimme | Die dir hilft und zwar immer? | Sie war immer da, komm, hör auf ihren Rat | Sie war immer da, komm, hör auf ihren Rat | Da ist noch immer diese Stimme | Die dir hilft, immer | Sie war immer da, komm, hör auf ihren Rat",6M4vjlLzb7oij9ZQ2QaabN
Ultraleicht,Andreas Bourani,1,immer,nacht,"Und fühlst dich dabei an als hätt's dich immer schon gegeben | (Es bleibt für immer, für immer so leicht, so leicht) | (Es bleibt für immer, für immer so leicht, so leicht)",5dAhClprLlWd10J4FEWEEY
Cello feat Clueso  MTV Unplugged Radio AtmoVersion,Udo Lindenberg,1,immer,heute,Ich saß immer in der ersten Reihe | Wir wollten immer zusammen bleiben | Ich saß immer in der ersten Reihe,62BukCU8nVt44KQXm0LUff
Ernten was wir säen,Die Fantastischen Vier,1,immer,"heute, nie","Immer, immer hab' ich Pech, alles, alles ungerecht | Was, was es auch is' fast, fast immer nur Beschiss | Wieso, wieso bin immer ich der Idiot?",0YzLyr9resZQQdfLu61PeW
Altes Fieber  Live,Die Toten Hosen,1,immer,nie,"Und immer wieder | Drei Kreuze, dass wir immer noch hier sind | Und immer wieder | Das immer dann hochkommt | Und immer wieder | Das immer dann hochkommt | Das immer kommt",2KLW4W2J2L4k1Zt4njROP5
Herz über Kopf,JORIS,1,immer,,"Und immer, wenn es Zeit wär, zu geh'n | Trägst deine Haare immer noch wie früher | Musik ist aus und du kommst immer näher | Und immer, wenn es Zeit wär, zu geh'n | Und immer, wenn es Zeit wär, zu geh'n | Lass' ich dich immer noch nicht geh'n | Lass' ich dich immer noch nicht geh'n | Und immer, wenn es Zeit wär, zu geh'n | Und immer, wenn es Zeit wär, zu geh'n",69kCVBamC48sizKB1qNQWE
Wovon sollen wir träumen,Frida Gold,1,immer,"nacht, nie","Dann fängt es immer so an, ich schlafe immer zu lang | Und deine Hand, die meine Hand für immer festhält | Wir wachen dann auf bei immer andern Geliebten",5xkhzuMwzoWhYXQyQp1h1y
Polarlichter  Single Mix,Adel Tawil,1,nacht,"heute, immer, nie",,6K748ecwGaYfLga4fSCMxL
Zusammen feat Clueso,Die Fantastischen Vier,1,heute,"tag, nachmittag, nacht",Wir feiern heute bis zum Morgengrau'n | Wir feiern heute bis zum Morgengrau'n | Wir feiern heute bis zum Morgengrau'n | Wir feiern heute bis zum Morgengrau'n,35Ma4j9sPWhUAJ471naHV3
Hier mit dir,Wincent Weiss,1,nie,"jahr, sekunde","Ich will nie woanders sein | Ich will nie woanders sein, -anders sein | Doch hab'n nie vergessen, wie nah wir war'n | Ich will nie woanders sein | Ich will nie woanders sein | Ich will nie woanders sein | Ich will grade nie woanders sein | Ich will nie woanders sein | Ich will nie woanders sein",3fqmx4fMxm2GPCrYe1TPOB
An guten Tagen,Johannes Oerding,1,nie,"tag, gestern, immer","An guten Tagen steh' ich einfach nie im Stau | Vielleicht nach vorn, doch nie zurück | Vielleicht nach vorn, doch nie zurück | Vielleicht nach vorn, doch nie zurück",3bu4iYpzzg2Ww4GUAS1VjI
Eiserner Steg,Philipp Poisel,1,immer,nie,"Dir einmal noch nah sein, bevor ich dich für immer verlier' | Für immer verlier' | Dir einmal noch nah sein, bevor ich dich für immer verlier' | Für immer verlier' | Will dich einmal noch atmen, bevor ich dich für immer verlier' | Für immer verlier' (Für immer, für immer, für immer verlier', für immer, für immer) | Für immer verlier' (Für immer, für immer, für immer verlier', für immer, für immer) | Ich will einmal noch schlafen (Für immer, für immer, für immer verlier') | Dir einmal noch nah sein, bevor ich dich für immer verlier' | Für immer verlier'",3qHY7QLhUBSXWLf3i07ZUg
Fern,Streichelt,1,immer,,"Doch du bist immer hier, doch niemals da | Doch du bist immer hier, doch niemals da | Doch du bist immer hier, doch niemals da | Doch du bist immer hier, doch niemals wirklich da (Niemals wirklich da) | Doch du bist immer hier, doch niemals da (Niemals wirklich da) | Doch du bist immer hier, doch niemals wirklich da",3LhL5Vzr5VOuMv7PGLCc6V
immatrikuliert,Kasi,2,"nacht, gestern","morgen, heute, morgen, nie",Weißt du noch gestern Nacht? | Weißt du noch gestern Nacht? | Weißt du noch gestern Nacht? | Weißt du noch gestern Nacht?,0IQN1UjYkpP8I36Z7HrNfC
Zuckerrand,Streichelt,1,nie,immer,Doch scheinbar war es nie genug um bis zum Ende zu besteh'n | Hast du denn nie gesehen wie es mich langsam bricht? (Ja) | Doch scheinbar war es nie genug um bis zum Ende zu besteh'n | Hast du denn nie gesehen wie es mich langsam bricht? (Ja) | Hast du denn nie gesehen wie es mich langsam bricht? (Ja),64G2hh0TqAVlGAHGTLGYc8
Schau dir zu,Edwin Rosen,1,tag,,,327J4B693gp2yhtwHSVfKL
Nimm mir die Angst,Kilian Knight,1,nie,immer,Mir fiel's nie schwer allein zu sein | Mir fiel's nie schwer allein zu sein,3qbqkQGpwUUEBdqcJERdCC
Wenn Du jetzt gehst,Buntspecht,1,nie,,"Wie schnell der Wind dreht, hab' ich nie wirklich verstanden | Wie schnell der Wind dreht, hab' ich nie wirklich verstanden | Wie schnell der Wind dreht, hab' ich nie wirklich verstanden | Wie schnell der Wind dreht, hab' ich nie wirklich verstanden | Wie schnell der Wind dreht, hab' ich nie wirklich verstanden",5S3WepJKbCnGjdrJ0xEpg7
Lieder,Adel Tawil,2,"tag, immer","minute, nie",Whitney wird mich immer lieben | Whitney wird mich immer lieben | Whitney wird mich immer lieben | Whitney wird uns immer lieben,2ZoO0uLQRp2WhTlyIH8PJf
Wieder zurück feat Edwin Rosen,Jassin,1,nie,"sommer, tag, nacht, immer","Wollte nie, dass sich das ändert, war noch nicht bereit | Wollte nie, dass sich das ändert, war noch nicht bereit | Wollte nie, dass sich das ändert, war noch nicht bereit",4ffiPZkDwWUAvSUUfar0j9
Omnipräsent,Longus Mongus,1,nacht,immer,,6ueEw27MgqwSwN5rFbhDdy
Bitter,Sperling,1,immer,,"Ich box immer noch Schatten und such jedes Mal nach Gegnern | Mach immer noch Versprechungen, diе ich nicht halten kann | Kleine Stolpersteine aus all den immer gleichen falschen Entscheidungen | Dieser Teil von mir bleibt und ich glaub er bleibt für immer | Nur am Ende schmeckt es immer etwas bitter",637hxXseYeksA5BwinpX45
Das erste Mal,Souly,1,nie,immer,"Ich komm' nie zurück (Facts), ich komm' nie zurück, nein | Ja, die Luft ist so perfekt, es wird nie etwas Perfekteres zum Atmen geben (Ich lieb's) | Ich komm' nie zurück (Shawty), ich komm' nie zurück, nein | Ich komm' nie zurück, ich komm' nie zurück, nein",4WeHpXTdNPBa3WI1qLI84W
SSS,Edwin Rosen,1,heute,,"Wenn ich dir sag', dass ich heute nicht allein schlaf, ist dir das egal? | Und wenn du weißt, dass ich heute nicht vorbei komm' | Wenn du weißt, dass ich heute nicht vorbei komm' | Und wenn du weißt, dass ich heute nicht allein schlaf",5PgOdXIUuImFutOxcVcVyF
Mensch am Mond,Leftovers,1,nie,"morgen, heute, morgen",Ich müsste nie wieder Heizung zahl'n,4VyZE8o6zBc5LYLRVBgFRl
Wintermärchen,Kilian Knight,1,nie,bald,"Ich hab dich nie so fallen gelassen | Ich hab dich nie so fallen gelassen | Lass uns keine Lüge bleiben, auf das wir uns nie verirren | Ich hab dich nie so fallen gelassen | Ich hätt dich nie so fallen gelassen!",3OivUyzrZxP0uwgfviPeyE
Vielleicht,Pablu,1,immer,,"Es ist immer das Gleiche | Doch glaub' ich dir, immer wieder | Es ist immer das Gleiche | Doch glaub' ich dir, immer wieder",7hXLtKxITSBQJlPj0gmy7m
Ich hab dich lieb,Schnuffel,1,immer,nie,"Ich bin immer für dich da, du bist mein Star | Dass die Sonne immer strahlt | Damit du immer bei mir bist | Ich bin immer für dich da, du bist mein Star | Ich bin immer für dich da, du bist mein Star",1paddSni0yjlMoALAZZJQa
Rote Augen lügen nicht,Bawsti,2,"immer, nie",,So soll's nie wieder sein | So soll's nie wieder sein | So soll's nie wieder sein | So soll's nie wieder sein,1TLQVi4PBpilyX9KszDRBe
Der Winter kam  ging ohne dich,NILS KEPPEL,1,bald,"sommer, winter, nie",,1smQavoQmnGYxFPfd2rTnM
Kein Tag ohne dich feat Paul,Provinz,1,nacht,"tag, immer",,6HLqM8MzToL6o3LJ6V8GbO
Ein Anruf entfernt,Zartmann,1,nie,"tag, nacht","Ich werd' wohl nie versteh'n, wie kann etwas, was so weh tut ei'm so fehl'n und (Oh-mh) | Wir war'n noch nie so am Ende und das ist erst der Anfang | Ich vermiss' den ganzen Tag jemand, den ich nie gut gekannt hab' | Dass ich noch Dinge von dir hab', doch bring' sie dir nie vorbei, mh (Mh)",3Xqqsi0zw6p3eYkKzzzag0
ist auch okay,Liebestrunken,1,nie,"montag, heute, immer","Ich mich nur halt nie getraut, ihr meine Liebe zu gesteh'n | Ich mich nur halt nie getraut, ihr meine Liebe zu gesteh'n | Es zu zerbrechen vermochte ich nie | Ja manchmal glaub' ich, ich war nie wie sie | Ich mich nur halt nie getraut, ihr meine Liebe zu gesteh'n",1q3kR4lmBdpGseGqptYDPG
Ms Jackson,Pashanim,1,immer,tag,"Und sie fragt: „Ist das für immer?“, doch ich kann's ihr nicht versprechen | Und sie fragt: „Ist das für immer?“, doch ich kann's ihr nicht versprechen | Und sie fragt: „Ist das für immer?“, doch ich kann's ihr nicht versprechen | Und sie fragt: „Ist das für immer?“, doch ich kann's ihr nicht versprechen",3ilgxZl5g7MOQCUiky3VOG
Uschi,MC WINDHUND,1,nie,,Ich hab' dich nie gefragt | Ich hab' dich nie gefragt | Ich hab' dich nie gefragt | Ich hab' dich nie gefragt | Ich hab' dich nie gefragt | Ich hab' dich nie gefragt | Ich hab' dich nie gefragt | Ich hab' dich nie gefragt,3qQfiiHy3mekxkF4zjYzin
Letztendlich,MC WINDHUND,2,"nacht, immer","tag, heute, nie, früh","Ich dachte früher immer, man trennt sich nur, wenn man sich betrügt | Und ich dachte immer, Mama und Papa, die hab'n sich lieb | Ich dachte früher immer, man trennt sich nur, wenn man sich betrügt | Und ich dachte immer, Mama und Papa, die hab'n sich lieb | Ich dachte früher immer, man trennt sich nur, wenn man sich betrügt | Und ich dachte immer, Mama und Papa, die hab'n sich lieb | Ich dachte früher immer, man trennt sich nur, wenn man sich betrügt | Und ich dachte immer, Mama und Papa, die hab'n sich lieb",6Ysm6WDVXjmAZOnOtjtmD0
Häschenparty,Schnuffel,1,heute,,"Jay, Jay, J-J-J-Jay, heute ist Bunnyparty | Jay, Jay, J-J-J-Jay, heute ist Bunnyparty | Jay, Jay, J-J-J-Jay, heute ist Bunnyparty | Jay, Jay, J-J-J-Jay, heute ist Bunnyparty | Jay, Jay, J-J-J-Jay, heute ist Bunnyparty | Jay, Jay, J-J-J-Jay, heute ist Bunnyparty | Jay, Jay, J-J-J-Jay, heute ist Bunnyparty | Jay, Jay, J-J-J-Jay, heute ist Bunnyparty",5HVlfkBAzYwrtXMgxJQdxO
Walzer,Provinz,1,immer,nie,"Bin nach Hause gerannt, den gleichen Weg wie immer | Für immer, so lang (Da-da-da-da) | Und immer wenn du lachst, lache ich auch | Und immer wenn du lachst, lache ich auch",1We3jgIztlD2Tkb0yOoX4b
Ich hab Angst,RAUM27,1,immer,nie,Deshalb leg' ich uns immer zu den Zigaretten | Deshalb leg' ich uns immer zu den Zigaretten | Deshalb leg' ich uns immer zu den Zigaretten,1XtwDqT2JXWQ70d3D4LYld
Tausend Dinge,Pablu,1,nacht,sommer,,39QaDJ86dR9HIPwwYqUuqF
17 Juli 1989,Betterov,3,"tag, morgen, morgen","juli, nacht",,6S0TLeKgZ34PLBF7vbFcJP
100 Milliarden,RAUM27,1,heute,"immer, nie","Ganz еgal, was du heute trägst | Ganz egal, wiе viele neue Ziele du dir heute setzt | Ganz egal, was du heute trägst | Ganz egal, wie viele neue Ziele du dir heute setzt | Ganz egal, was du heute trägst | Ganz egal, wie viele neue Ziele du dir heute setzt",0Uanb9D6xgeGrvukb4xrfw
Schlaf gut,Betterov,4,"stunde, morgen, nacht, morgen","tag, mitternacht, immer, früh","Ich zähle die Stunden, wieviel es noch wären bis morgen früh | Ich zähle die Stunden, wieviel es noch wären bis morgen früh",4mT35cJw1TBQtEnSjHmj0i
17 Juli 1989,Betterov,3,"tag, morgen, morgen","juli, nacht",,43MPk9uFbBJUEnHYsoRhs6
17 Juli 1989,Betterov,3,"tag, morgen, morgen","juli, nacht",,7DHvIgZ2R6dK3Rn4BWo5Un
SOS,Münchener Freiheit,2,"nacht, nie","jahr, immer",Diese Nacht geht sonst nie vorüber | Diese Nacht geht sonst nie vorüber | Diese Nacht geht sonst nie vorüber | Diese Nacht geht sonst nie vorüber | Diese Nacht geht sonst nie vorüber,3hXlOqzEMiMP5jpiQYDDp7
Olympia,Betterov,1,immer,"sekunde, morgen, morgen","Doch ich spul' immer, ich spul' immer wieder zurück | Doch ich spul' immer, ich spul' immer wieder zurück",78PcRKSyZaYCT02IP8lT9v
Chemtrails,Betterov,1,immer,tag,"Wir war'n auf einer langen Straße, auf der es immer gradeaus ging | Und immer wenn ein Flugzeug über mir flog | Und immer wenn ein Flugzeug über mir flog | Ja, immer an klaren Tagen, wenn man die Chemtrails gut sieht | Ja, immer an klaren Tagen, wenn man die Chemtrails gut sieht",3jLdoKfmoKmVxtP3OfvAGx
Mein Leben ist monoton,Betterov,1,tag,"immer, nie, bald",,5jgjKIHFEUqcL9B7WCTyKU
Helium,Traumatin,1,immer,"tag, nacht","Ich will immer weiter steigen, nur fallen will ich nicht | Die Luft wird immer dünner, schwebe alleine im Nichts | Meinen Luftballon voll Asche, da bin immer noch nur ich | Da bin immer noch nur ich | Und es wird immer kälter da draußen während ich hier einfach steh' | Und sich die Welt immer noch dreht, aber mich alle überseh'n | Merk' ich wie ich mich verlaufe und ich mich immer mehr verlier' | Ich will immer weiter steigen, nur fallen will ich nicht | Die Luft wird immer dünner, schwebe alleine im Nichts | Meinen Luftballon voll Asche, da bin immer noch nur ich | Da bin immer noch nur ich | Da bin immer noch nur ich",4Os5yLFtTCv9CYc7xPtcpH
Keine Zeit,Edwin Rosen,1,immer,,"Ich denk immer, ich hab Zeit | Ich denk immer, ich hab Zeit | Ich dеnk immer, ich hab Zeit | Ich denk immer, ich hab Zeit",3MSa2px9WWdZPPDsHyHeX4
Farbfilm,OK KID,1,nie,immer,"Ich glaub', so nah war'n wir noch nie | Ich glaub', so nah war'n wir noch nie | Ich glaub', so nah war'n wir uns nie | Ich glaub', so nah war'n wir uns nie | Ich glaub', so nah war'n wir uns nie | Gott, sie werden's nie verstehen, glaub', wir werden's nie erzählen | Glaub', so nah war'n wir uns nie | Ich glaub', so nah war'n wir uns nie (Egal, egal) | Ich glaub', so nah war'n wir uns nie",0bKTOJsvADrn5QY2v8avjP
Paff Paff,Rap La Rue,1,gestern,immer,"Oh, oh-oh (Vergesse, was gestern war) | Mon pote, vergesse, was gestern war | Mon pote, vergesse, was gestern war | Mon pote, vergesse, was gestern war | Mon pote, vergesse, was gestern war | Klopf' auf die Brust, pat-pat-pat (Vergesse, was gestern war) | Bin wieder suff, kla-kla-kla- (Vergesse, was gestern war) | Mon pote, vergesse, was gestern war (Ohh)",6tcGtg5RHQImTM9rjYWRqF
Sommergewitter,Pashanim,1,nacht,"sommer, jahr, heute, immer",,2H7jZg2HliuQhZjfBblLrZ
Dorfkinder,Finnel,2,"nacht, früh",immer,Eskalier'n in der Nacht und sind früh wieder wach | Eskalier'n in der Nacht und sind früh wieder wach | Eskalier'n in der Nacht und sind früh wieder wach | Eskalier'n in der Nacht und sind früh wieder wach | Eskalier'n in der Nacht und sind früh wieder wach,6TJJfeL9UUi0xNnYvte2av
Sommergewitter,Pashanim,1,nacht,"sommer, jahr, heute, immer",,2H7jZg2HliuQhZjfBblLrZ
Was du nicht siehst feat ela,Kool Savas,1,heute,,"(Ich sehe) Ich seh' dich heute noch da sitzen ohne Plan vom Leben | Dein Leben heute Hollywood und Staffel sieben spielt | Seh' den größten Move deiner Karriere, du bist Vater heute",76j4GsRzhvUVfucELTpiS2
Wenn das so bleibt,Apache 207,1,nie,"montag, nacht, gestern, immer, bald","Ich will nie mehr weg von hier, weg von hier, weg von hier, weg, ah | Ich will nie mehr weg von dir, weg von dir, weg von dir, weg, ah | Ich will nie mehr weg von hier, weg von hier, weg von hier, weg, ah | Ich will nie mehr weg von hier, weg von hier, weg von hier, weg, ah | Ich will nie mehr weg von dir, weg von dir, weg von dir, weg, ah | Ich will nie mehr weg von hier, weg von hier, weg von hier, weg, ah | Ich will nie mehr weg von hier, weg von hier, weg von hier, weg, ah | Ich will nie mehr weg von dir, weg von dir, weg von dir, weg, ah | Ich will nie mehr weg von hier, weg von hier, weg von hier, weg, ah | Ich will nie mehr weg von dir, weg von dir, weg von dir, weg, ah",0zQBUaHR4dOlyPPhqRAr27
Geringverdiener,Finnel,1,nie,heute,"Flex' mit meinem Ice, schau' nie aufs Preisschild (Niemals) | Alle Chayas wollen mich, denn ich bin rich wie nie | Flex' mit meinem Ice, schau' nie aufs Preisschild (Niemals) | Flex' mit meinem Ice, schau' nie aufs Preisschild (Niemals)",45brbM7Ij9LxQWjC0DjBXj
Kleiner Finger Schwur,Florian Künstler,1,nie,,"Das ich nie gekannt hab', mit dir ist es anders | Ey, bitte weck mich nie mehr auf | Lass' dich nie wieder los | Damit du's weißt und nie wieder vergisst | Das ich nie gekannt hab', mit dir ist es anders | Ey, bitte weck mich nie mehr auf | Das ich nie gekannt hab', mit dir ist es anders | Ey, bitte weck mich nie mehr auf",34FFsLy4HDUjnnDMjGXEvU
Breaking your heart,Apache 207,1,nie,,"Sowas hat dir noch nie imponiert, uh | Doch noch nie sahst du so viele Pferde zieh'n, yeah | Sowas hat dir noch nie imponiert, uh | Doch noch nie sahst du so viele Pferde zieh'n, yeah",3pyvUdSZvgrmZbXcEsL2bs
Die Sonne,Kontra K,1,bald,"immer, nie","Glaub mir, die Sonne kommt bald wieder | Glaub mir, die Sonne kommt bald wieder (Ey) | Glaub mir, die Sonne kommt bald wieder | Glaub mir, die Sonne kommt bald wieder (Ey) | Glaub mir, die Sonne kommt bald wieder | Glaub mir, die Sonne kommt bald wieder",3T33so3escAbwbrgcIqyRa
Ich kündige,Grossstadtgeflüster,1,tag,nie,,6sMH6GKuVOjDLdwfBR08oA
Meine 1,1986zig,2,"nacht, immer",,"Du bist für immer meine Eins, all night, oh yeah | Du bist für immer meine Eins, all night, oh yeah | Ich will für immer, dass du bleibst, in my life, oh yeah | Du bist für immer meine Eins, all night, oh yeah | Ich will für immer, dass du bleibst, in my life, oh yeah | Du bist für immer meine Eins, all night, oh yeah | Ich will für immer, dass du bleibst, in my life, oh yeah",6QZ7IptsMdWodN4uFuXNkv
Die schönsten Tage,SDP,2,"immer, nie","mai, juni, nacht","Die schönsten Tage war'n schon immer die Nächte | Kein'n Plan zu haben, war schon immer der beste (Oh) | Die schönsten Tage war'n schon immer die Nächte | Kein'n Plan zu haben, war schon immer der beste | Die schönsten Tage war'n schon immer die Nächte | Kein'n Plan zu haben, war schon immer der beste | Wir war'n schon immer anders, aber nie allein (Oh) | Die schönsten Tage war'n schon immer die Nächte (Oh) | Kein'n Plan zu haben, war schon immer der beste (Oh) | Die schönsten Tage war'n schon immer die Nächte | Kein'n Plan zu haben, war schon immer der beste (Oh) | Lass ma' was machen, was wir nie mehr vergessen | In den Club schwarzgefahr'n, hatten nie ein'n Masterplan | Denn man bereut nur das, was man nie gemacht hat | Lass ma' was machen, was wir nie mehr vergessen | Lass ma' was machen, was wir nie mehr vergessen | Wir war'n schon immer anders, aber nie allein (Oh) | Lass ma' was machen, was wir nie mehr vergessen | Lass ma' was machen, was wir nie mehr vergessen (Ah-ah-ah)",5h6yetX656MwIB1jAuAEjI
NuR Du ,Lune,1,nie,"tag, nacht, heute, immer","Und ja, ich glaub', ich hab's dir nie gesagt (No) | Ja, ich weiß, es wird nie wieder wie damals | Du warst meine Eins, doch du wolltest nie | Ja, ich weiß, es wird nie wieder wie damals",3DYJ9tHSIhZqCVT8l5QAd0
Loser,Apache 207,1,heute,nie,Von all den Losern kann dich heute niemand hören | Von all den Losern kann dich heute niemand hören | Von all den Losern kann dich heute niemand hören | Von all den Losern kann dich heute niemand hören | Von all den Losern kann dich heute niemand hören,5f3DCz8dOQdTLxzh8QQuvV
Sterne feat Bozza,Sido,1,nie,,"Wyjebane, jestem z kamienia, nie, nie płaczę z tego powodu | Nauczyłem się, że nie można porównywać tego bólu z bólem | Stoję tam, ale nikt się nie zapytał | Już sam do końca nie wiem, w jaki sposób się tu znalazłem | A gdy teraz upadam, nikt mnie nie łapie | Siedzę w kółku z ludźmi, których w ogóle nie znam | I dlatego, że nie jestem tym kim jestem | Już sam nie wiem kim jestem, heh | Już sam do końca nie wiem, w jaki sposób się tu znalazłem | A gdy teraz upadam, nikt mnie nie łapie | Jako, że nigdy nie wychodzimy na ostatnią prostą | Powinni nazywać nas marzycielami, ale to my nigdy nie śpimy | Gadam sam ze sobą, ale nie rozumiem ani słowa | Już sam do końca nie wiem, w jaki sposób się tu znalazłem | A gdy teraz upadam, nikt mnie nie łapie",3WnBW96ByuZLYGUlAPtqUG
Auf  Ab,Montez,2,"nacht, immer",juli,"Ja, ich weiß, dass die letzte Zeit zwischen uns immer nur 'n Auf und Ab war | Ja, ich weiß, dass die letzte Zeit zwischen uns immer nur 'n Auf und Ab war | Ja, ich weiß, dass die letzte Zeit zwischen uns immer nur 'n Auf und Ab war (Hey, yeah) | Du sagst immer, ich hab' keine Zeit für dich | Ja, ich weiß, dass die letzte Zeit zwischen uns immer nur 'n Auf und Ab war | Ja, ich weiß, dass die letzte Zeit zwischen uns immer nur 'n Auf und Ab war (Hey, yeah)",0RSZ8EmUPEN3ySfCgytPke
Tränen aus Kajal,CÉLINE,1,nacht,immer,,1dy0JB5g1AW1W30zbPknZZ
Deine Schuld,AYLIVA,2,"heute, immer",,"Es tut mir heute nicht— | Es tut dir heute nicht— | Doch ich leg' sie dir heute noch vor deine Tür | Es tut mir heute nicht leid | Egal, worum es ging, es tat mir immer leid | Und immer, wenn du einsam warst",1dXz1boMWgpeiNcTK3jRtU
Schwarz,LEA,1,nie,,Werd' nie mehr jemanden so lieben wie dich | Werd' nie mehr jemanden so lieben wie dich | Werd' nie mehr jemanden so lieben wie dich | Werd' nie mehr jemanden so lieben wie dich (Ey) | Werd' nie mehr jemanden so lieben wie dich | Werd' nie mehr jemanden so lieben wie dich | Werd' nie mehr jemanden so lieben wie dich,0XpTuvT4Yueddiv20w6M9a
Irgendwann ist jetzt,Max Giesinger,1,immer,"jahr, nie","Und sag' immer nur „Irgendwann“ | Schon immer in mir steckt, irgendwann ist jetzt | Doch jedes Mal kommt dann immer was dazwischen | Schon immer in mir steckt, irgendwann ist jetzt | Schon immer in mir steckt, irgendwann ist jetzt",3gMi9DLCVNNAnj9URmWNlD
Auf  Ab,Montez,2,"nacht, immer",juli,"Ja, ich weiß, dass die letzte Zeit zwischen uns immer nur 'n Auf und Ab war | Ja, ich weiß, dass die letzte Zeit zwischen uns immer nur 'n Auf und Ab war | Ja, ich weiß, dass die letzte Zeit zwischen uns immer nur 'n Auf und Ab war (Hey, yeah) | Du sagst immer, ich hab' keine Zeit für dich | Ja, ich weiß, dass die letzte Zeit zwischen uns immer nur 'n Auf und Ab war | Ja, ich weiß, dass die letzte Zeit zwischen uns immer nur 'n Auf und Ab war (Hey, yeah)",0RSZ8EmUPEN3ySfCgytPke
Tränen aus Kajal,CÉLINE,1,nacht,immer,,1dy0JB5g1AW1W30zbPknZZ
Deine Schuld,AYLIVA,2,"heute, immer",,"Es tut mir heute nicht— | Es tut dir heute nicht— | Doch ich leg' sie dir heute noch vor deine Tür | Es tut mir heute nicht leid | Egal, worum es ging, es tat mir immer leid | Und immer, wenn du einsam warst",1dXz1boMWgpeiNcTK3jRtU
Schwarz,LEA,1,nie,,Werd' nie mehr jemanden so lieben wie dich | Werd' nie mehr jemanden so lieben wie dich | Werd' nie mehr jemanden so lieben wie dich | Werd' nie mehr jemanden so lieben wie dich (Ey) | Werd' nie mehr jemanden so lieben wie dich | Werd' nie mehr jemanden so lieben wie dich | Werd' nie mehr jemanden so lieben wie dich,0XpTuvT4Yueddiv20w6M9a
Irgendwann ist jetzt,Max Giesinger,1,immer,"jahr, nie","Und sag' immer nur „Irgendwann“ | Schon immer in mir steckt, irgendwann ist jetzt | Doch jedes Mal kommt dann immer was dazwischen | Schon immer in mir steckt, irgendwann ist jetzt | Schon immer in mir steckt, irgendwann ist jetzt",3gMi9DLCVNNAnj9URmWNlD
Spinner,Revolverheld,2,"heute, immer",nie,Ab heute für immer | Ab heute für immer | Ab heute für immer | Ab heute für immer | Er will eigentlich schon immer | Ab heute für immer | Ab heute für immer | Ab heute für immer | Ab heute für immer,5aXBg6vNTKtO5fzlqYAuC4
Aurélie,Wir sind Helden,1,nie,,"Doch Aurélie kapiert das nie | Aurélie, so klappt das nie | Aurélie, so klappt das nie | Aurélie, so klappt das nie | Aurélie, so klappt das nie | Aurélie, so klappt das nie | Aurélie, so klappt das nie | Aurélie, so klappt das nie | Aurélie, so klappt das nie",6vugYRjEYHJ3nsGP5kScpf
Nie genug,Christina Stürmer,1,immer,"sommer, tag, nie","Immer mehr, immer mehr, immer mehr | Immer mehr, immer mehr, immer mehr | Immer mehr, immer mehr, immer mehr",23Ce3FzyHhhPAuEqf5Nzih
Universum,Ich  Ich,1,immer,jahr,"Ich weiß, ich häng' für immer an dir | Denn ich bin immer dein Zuhaus | Ich weiß, ich häng' für immer an dir | Denn ich bin immer dein Zuhaus | Denn ich bin immer dein Zuhaus | Ich bin immer dein Zuhaus",5CMOpgf9S44Fw8qH9jAPWM
Cello,Udo Lindenberg,1,immer,heute,Ich saß immer in der ersten Reihe | Wir wollten immer zusammen bleiben | Ich saß immer in der ersten Reihe,1LL3Xacz03Hquj1JBkuu6H
An guten Tagen,Johannes Oerding,1,nie,"tag, gestern, immer","An guten Tagen steh' ich einfach nie im Stau | Vielleicht nach vorn, doch nie zurück | Vielleicht nach vorn, doch nie zurück | Vielleicht nach vorn, doch nie zurück",5UUtkgpCWxV9JtQP8iqOzy
Einmal um die Welt,CRO,3,"morgen, morgen, nie","tag, heute","Gib mir nur deine Hand, ich kauf' dir morgen die Welt | Denn ab heute leb' ich jeden Tag, als ob ich morgen tot wäre | Gib mir nur deine Hand, ich kauf' dir morgen die Welt | Gib mir nur deine Hand, ich kauf' dir morgen die Welt | Gib mir nur deine Hand, ich kauf' dir morgen die Welt | Gib mir nur deine Hand, ich kauf' dir morgen die Welt | Denn ab heute leb' ich jeden Tag, als ob ich morgen tot wäre | Gib mir nur deine Hand, ich kauf' dir morgen die Welt | Gib mir nur deine Hand, ich kauf' dir morgen die Welt | Gib mir nur deine Hand, ich kauf' dir morgen die Welt | Baby, bitte mach dir nie mehr Sorgen um Geld | Baby, bitte mach dir nie mehr Sorgen um Geld | Sie kann sich kaufen, was sie wollte, doch nie hatte | Baby, bitte mach dir nie mehr Sorgen um Geld | Baby, bitte mach dir nie mehr Sorgen um Geld",6gQAyT7B7cYGTRBOiFdQUS
Still,Jupiter Jones,1,immer,tag,"Für immer, für immer und ein Leben und es war | Warum dieses Gefühl für immer bleibt | Warum dieses Gefühl für immer bleibt | Und wo immer du auch gerade bist | Warum dieses Gefühl für immer bleibt",6VZmTnxtYpUAKOgBVUW05d
Ich will immer wieder dieses Fieber spürn  Live From O2 World Berlin Germany2010,Helene Fischer,1,jahr,immer,,1ATmwnjJ9V5AwpcHTIFkxZ
Wie es mal war,Wincent Weiss,2,"jahr, bald","tag, sekunde, immer","Ich zähl' die Minuten, bald 'n ganzes Jahr | Ich zähl' die Minuten, bald 'n ganzes Jahr | Ich zähl' die Minuten, bald 'n ganzes Jahr | Ich zähl' die Minuten, bald 'n ganzes Jahr | Ich zähl' die Minuten, bald 'n ganzes Jahr | Ich zähl' die Minuten, bald 'n ganzes Jahr",2XixrBjTfit6rZVgnD7D1V
Du gehst nicht aus meinem Kopf,Kay One,1,immer,,Wieso hab' ich bei dir immer das Gefühl | Warum willst du mich nur immer so verbiegen? | Wie du immer zu mir meintest oder nur Mittel zum Zweck?,3jy5dNLbaVAODjBuvnKxup
Was Helden tun,Noah Levi,1,immer,nie,Wieso fühl' ich mich immer noch so allein? | Wieso fühl' ich mich immer noch so allein? | Wieso fühl' ich mich immer noch so allein? | Weil es immer weitergeht | Wieso fühl' ich mich immer noch so allein? | Wieso fühl' ich mich immer noch so allein? | Wieso fühl' ich mich immer noch so allein? | Wieso fühl' ich mich immer noch so allein? | Wieso fühl' ich mich immer noch so allein?,4XqIfNRBkhBcmXpuLQWRWF
Titanic,Oh Brother,1,nie,immer,"Es wird nie mehr wie es war | Wir wissen beide, es wird nie mehr, nie mehr | Es wird nie mehr wie es war | Es wird nie mehr wie es war | Wir wissen beide, es wird nie mehr, nie mehr | Es wird nie mehr wie es war",2pPE1uMKIYS13JADqSJaJD
Ich lass dich nicht los,Pietro Lombardi,1,nie,immer,,67iP0tSPgIld3OqlzF9pec
Feelings,CIVO,4,"morgen, nacht, morgen, immer","mitternacht, heute, nie","Kauf' ihr Doppel-C und morgen lass' ich uns ein Haus bau'n | Kauf' ihr Doppel-C und morgen lass' ich uns ein Haus bau'n | Kauf' ihr Doppel-C und morgen lass' ich uns ein Haus bau'n | Kauf' ihr Doppel-C und morgen lass' ich uns ein Haus bau'n | Kauf' ihr Doppel-C und morgen lass' ich uns ein Haus bau'n | Kauf' ihr Doppel-C und morgen lass' ich uns ein Haus bau'n | Kauf' ihr Doppel-C und morgen lass' ich uns ein Haus bau'n | Kauf' ihr Doppel-C und morgen lass' ich uns ein Haus bau'n | Kauf' ihr Doppel-C und morgen lass' ich uns ein Haus bau'n | Kauf' ihr Doppel-C und morgen lass' ich uns ein Haus bau'n | Kauf' ihr Doppel-C und morgen lass' ich uns ein Haus bau'n | Kauf' ihr Doppel-C und morgen lass' ich uns ein Haus bau'n | (Sie hat Feelings, immer wenn ich bei ihr auftauch') | Sie hat Feelings, immer wenn ich bei ihr auftauch' | Sie hat Feelings, immer wenn ich bei ihr auftauch' | Sie hat Feelings, immer wenn ich bei ihr auftauch' | Sie hat Feelings, immer wenn ich bei ihr auftauch' | Sie hat Feelings, immer wenn ich bei ihr auftauch' | Sie hat Feelings, immer wenn ich bei ihr auftauch'",0J4ee9wYcPgAwOrtchXVEa
Schwarze Herzen,Vanessa Mai,1,immer,"mai, nie","Mit dir war'n immer die besten Schmerzen (Ah-ah-ah-ah) | Du bist die Sonne, immer wenn es bei mir regnet (Ja) | Mit dir war'n immer die besten Schmerzen | Mit dir war'n immer die besten Schmerzen",40BdeM6V0FwRIHXRW4UH41
Übermorgen,Mark Forster,3,"morgen, heute, morgen","tag, immer","Heute, morgen und übermorgen | Heute, morgen und übermorgen | Heute, morgen und übermorgen | Heute, morgen und übermorgen | Heute, morgen und übermorgen | Heute, morgen und übermorgen | Heute, morgen und übermorgen | Heute, morgen und übermorgen | Heute, morgen und übermorgen | Heute, morgen und übermorgen | Heute, morgen und übermorgen | Heute, morgen und übermorgen | Heute, morgen und übermorgen | Heute, morgen und übermorgen",1NP7bzm8UksJUWXsuFoOwE
Überall,CÉLINE,1,immer,"tag, nie","Überall immer nur du | Überall immer nur du | Überall immer nur du (Nur du, ja) | Überall immer nur du | Überall immer nur du (Nur du, ja-ahh) | Überall immer nur du | Überall immer nur du (Nur du, nur du) | Überall immer nur du (Ja, ja)",1yfH3lBvPoImbq16sQcsxi
Wenn nur Liebe hilft,LEA,1,nacht,"heute, nie",,0UukVVTyf3tqZr4iE5TcYm
Schizophren,KATI K,1,immer,"morgen, gestern, heute, morgen","Gestern meintest du, „Ja, für immer nur wir zwei“ | Gestern meintest du, „Ja, für immer nur wir zwei“",2bTICR4EUhniq2zQerGIYn
Kleiner Finger Schwur,Florian Künstler,1,nie,,"Das ich nie gekannt hab', mit dir ist es anders | Ey, bitte weck mich nie mehr auf | Lass' dich nie wieder los | Damit du's weißt und nie wieder vergisst | Das ich nie gekannt hab', mit dir ist es anders | Ey, bitte weck mich nie mehr auf | Das ich nie gekannt hab', mit dir ist es anders | Ey, bitte weck mich nie mehr auf",0THHEiD7yLQsHxAo6fmtsQ
Chaos,Mathea,1,immer,nie,Für immer vielleicht | Vielleicht für immer | Für immer vielleicht | Vielleicht für immer,6XjhXMNeN3VQTOstpxHy5L
Baby Langsam  Despacito auf deutsch,Voyce,1,immer,"morgen, nacht, morgen, nie","Kann dieser Moment bitte für immer bleibеn? | Ein Schritt nach dem anderen, dabei immer langsam | Ein Schritt nach dem anderen, dabei immer langsam | Ein Schritt nach dem anderen, dabei immer langsam | Ein Schritt nach dem anderen, dabei immer langsam",1e3OuQ4ff7MKUXBuLbpDJD
2x,Mathea,1,immer,"nacht, nie","Man sieht sich immer zweimal | Man sieht sich immer zweimal, zweimal | Man sieht sich immer zweimal | Man sieht sich immer zweimal, zweimal | Man sieht sich immer zweimal | Man sieht sich immer zweimal, zweimal",3Esn90IzUHMGq1xLaiCsex
Für dich feat ille  MABU,lityway,2,"tag, immer",nacht,"Babe, ich schwör' bei Gott, ja, ich hör' dir immer zu | Babe, ich schwör' bei Gott, ja, ich hör' dir immer zu | Babe, ich schwör' bei Gott, ja, ich hör' dir immer zu (Ja, ich hör' dir immer zu) | Ja, hör' dir immer zu, yeah | Ich weiß, ich bin nicht einfach, doch bin immer für dich da, ja | Babe, ich schwör' bei Gott, ja, ich hör' dir immer zu | Babe, ich schwör' bei Gott, ja, ich hör' dir immer zu (Ja, ich hör' dir immer zu) | Baby, ich will, dass du weißt, dass ich für immer bleib' | Babe, ich schwör' bei Gott, ja, ich hör' dir immer zu | Babe, ich schwör' bei Gott, ja, ich hör' dir immer zu (Ja, ich hör' dir immer zu) | Liebe ist einfach dramatisch, denn ich kriege immer Panik | Babe, ich schwör' bei Gott, ja, ich hör' dir immer zu | Babe, ich schwör' bei Gott, ja, ich hör' dir immer zu (Ja, ich hör' dir immer zu)",2e9SUhfqprCWCWNXcZNjxP
alles verloren,Dani Lia,1,nie,,"Und ich glaub', ich werd' mich nie wieder wie damals fühl'n | Nicht realisiert, du bist noch hier, sagen nie wieder „Wir“ | Und ich glaub', ich werd' mich nie wieder wie damals fühl'n | Und ich glaub', ich werd' mich nie wieder wie damals— | Die letzte Szene, du bist nie wieder hier | Und ich glaub', ich werd' mich nie wieder wie damals fühl'n | Und ich glaub', ich werd' mich nie wieder wie damals fühl'n",5mjlXpzwGp0iCZKQWU2lqL
Parfum,LEA,1,nie,nacht,War noch nie so hellwach | Ich will nie mehr nach Hause | Hättest du mir das bloß nie gezeigt | Ich will nie wieder alleine sein | Hättest du mir das bloß nie gezeigt | Ich will nie wieder alleine sein,2FMi26sVkDIPmJTqv1JNg2
Warum,KAYEF,1,immer,nie,"Hab' ich immer noch deine Sachen in mei'm Schrank? | Stell' ich mir immer wieder vor, du hättst sie an? | Hab' ich immer noch deine Sachen in mei'm Schrank? | Stell' ich mir immer wieder vor, du hättst sie an? | Hab' ich immer noch deine Sachen in mei'm Schrank? | Hab' ich immer noch deine Sachen in mei'm Schrank? | Stell' ich mir immer wieder vor, du hättst sie an? | Hab' ich immer noch deine Sachen in mei'm Schrank? | Hab' ich immer noch deine Sachen in mei'm Schrank? | Stell' ich mir immer wieder vor, du hättst sie an? | Hab' ich immer noch deine Sachen in mei'm Schrank? | Hab' ich immer noch deine Sachen",4czTM2LHecuYCvcjHXDPHj
Deine Schuld,AYLIVA,2,"heute, immer",,"Es tut mir heute nicht— | Es tut dir heute nicht— | Doch ich leg' sie dir heute noch vor deine Tür | Es tut mir heute nicht leid | Egal, worum es ging, es tat mir immer leid | Und immer, wenn du einsam warst",2g4FPrvea8sYly3ihGRgwE
1 Bein im Knast  PasticheRemixMashup,Brass Knuckle,1,immer,jahrzehnt,,5Dr8ZRTtKv3PLORNcFwd4I
Mittendrin  PasticheRemixMashup,Brass Knuckle,2,"heute, immer",tag,"Bin wieder am zocken, heute will ich was gewinn'n | Bin wieder am zocken, heute will ich was gewinn'n | Bin wieder am zocken, heute will ich was gewinn'n | Bin wieder am zocken, heute will ich was gewinn'n | Will den Bonus einstecken, immer abrufbereit | Taş purer Stein, immer absolut rein | Von der Straße in die Charts, bleib' für immer Idéal (Ja) | Von der Straße in die Charts, bleib' für immer Idéal (Ja) | Von der Straße in die Charts, bleib' für immer Idéal (Ja) | Von der Straße in die Charts, bleib' für immer Idéal (Ja)",3fnuGAXhwQJe1A5XWFftm0
Schicksal  PasticheRemixMashup,Brass Knuckle,1,nie,"tag, nacht",Das Schicksal hat noch nie irgend 'ne Scheiße überseh'n | Das Schicksal hat noch nie irgend 'ne Scheiße überseh'n | Das Schicksal hat noch nie irgend 'ne Scheiße überseh'n | Das Schicksal hat noch nie irgend 'ne Scheiße überseh'n,1elZd9JRE5JMkf1twIEQwB
Schief in jedem Chor,Kraftklub,1,immer,,"Ich hab' noch immer Bock auf Streit, ich singe schiеf in jedem Chor | Ich hab' für immer Bock auf Streit, ich singe schief in jedem Chor | Ich hab' noch immer Bock auf Streit, ich singe schief in jedem Chor | Ich hab' für immer Bock auf Streit, ich singe schief in jedem Chor | Ich hab' für immer Bock auf Streit, ich singe schief in jedem Chor",3R0Zxhfq5fOdcla83Payr6
Hoch,Tim Bendzko,1,immer,,"Wir gehen immer weiter hoch hinaus | Wir gehen immer weiter hoch hinaus | Immer, immer weiter hoch hinaus | Wir gehen immer weiter hoch hinaus | Wir gehen immer weiter hoch hinaus | Immer, immer weiter hoch hinaus | Wir gehen immer weiter hoch hinaus | Wir gehen immer weiter hoch hinaus | Immer, immer weiter hoch hinaus",7gqefhSJfWyN1qQ2huvEze
Der letzte Tanz  Akustisch,Bosse,1,immer,"morgen, morgen, nie","Man merkt immer erst beim Abschied, was es ei'm bedeutet | Und nix ist immer, für immer, für immer | Nix ist für immer, nix ist für immer | Nichts ist für immer, alles Einwegmomente | Nix ist immer, für immer, für immer | Nix ist für immer, nix ist für immer | Warum merkt man immer erst beim Abschied | Warum merkt man immer erst beim Winken | Nix ist für immer, nix ist für immer",1Vlhq78M5WhYA5mLHku0Ik
Das ist dein Leben Radio Version,Philipp Dittberner,2,"immer, nie",heute,"Und wir immer wieder aufstehen und anfangen zu gehen | Wird's immer wieder neu riskiert | Und wir immer wieder aufstehen und anfangen zu gehen | Und wir immer wieder aufstehen und anfangen zu gehen | Ja, genau, das ist dein Leben und du wirst es nie verstehen | Du sagst, wir haben uns nie verlaufen | Ja, genau, das ist dein Leben und du wirst es nie verstehen | Ja, genau, das ist dein Leben und du wirst es nie verstehen",6BQxwopryITuMc45c600HZ
1000 gute Gründe,Adel Tawil,1,tag,"morgen, morgen, immer",,57bLA9uR1Qo4DWmSk0YbmF
Auf uns,Andreas Bourani,2,"tag, immer",nacht,Wird das auch immer so sein | Der immer bleibt | Der immer bleibt (Oh) | Der immer bleibt (Oh),3D968Y95PpnFfJaSYUbSFI
Ich danke allen Menschen,Xavier Naidoo,1,nie,immer,Vielleicht hatten sie nie Böses im Sinn | Vielleicht hatten sie nie Böses im Sinn | Vielleicht hatten sie nie Böses im Sinn | Vielleicht hatten sie nie Böses im Sinn,6102ef9az8qyy7kwAbvDfu
Tanz,Cassandra Steen,2,"nacht, nie",,Diese weiße Nacht die nie vergeht | Ich weiß das hört nie wieder auf | Die schöne weiße Nacht die nie vergeht | Diese weiße Nacht die nie vergeht | Ich weiß das hört nie wieder auf | Die schöne weiße Nacht die nie vergeht,1lqmumFw6zU2mF0EmadIdg
Nie vergessen  Akustik Edit,Glasperlenspiel,2,"tag, immer","gestern, nie",Werd‘ dich für immer vermissen | Werd‘ ich für immer vermissen | Werd‘ dich für immer vermissen | Werd‘ ich für immer vermissen | Werd‘ dich für immer vermissen | Werd‘ ich für immer vermissen | Werd‘ dich für immer vermissen | Werd‘ ich für immer vermissen | Werd‘ dich für immer vermissen | Werd‘ ich für immer vermissen,5pqpkj911dusdRpbvTI9AW
Augen zu Musik an  Live in Hamburg Sporthalle 2019,Bosse,1,immer,nacht,"War nicht immer leicht, kann ich beim Tiefseetauchen seh'n (Oh-oh-oh) | Ihn'n werd' ich immer glauben | Ihn'n werd' ich immer glauben | Ihn'n werd' ich immer glauben",31UrGVAeuEEJCmWYS7Ln18
Ich kann nicht aufhören unser Leben zu lieben,Revolverheld,1,immer,winter,"Hier drüben im Hamburg liegt immer noch Schnee | Und decke noch immer für uns beide den Tisch | Sie versuchen noch immer, mir aus dem Wege zu geh'n | Und ich geh' immer, immer später nachhaus",6Hxa4eiFel56MYRYRF4Ovy
Was du Liebe nennst,Bausa,2,"nacht, heute",,"Ich park' mein Herz bei dir heute Nacht, yeah | Ich park' mein Herz bei dir heute Nacht, heute Nacht, Baby | Ich park' mein Herz bei dir heute Nacht, yeah (Baby, gib mir mehr) | Ich park' mein Herz bei dir heute Nacht, heute Nacht, Baby | Ich park' mein Herz bei dir heute Nacht, yeah (Baby, gib mir mehr) | Ich park' mein Herz bei dir heute Nacht, heute Nacht, Baby | Ich park' mein Herz bei dir heute Nacht, yeah | Ich park' mein Herz bei dir heute Nacht, wouh",4hKWUzhQWsOkgT6LnDEASe
Ich frag mich  4K Remix,Philipp Dittberner,1,immer,nie,Ich frag' mich wieso häng ich immer noch an dir? | Häng' ich immer noch an dir | Ich frag' mich wieso häng ich immer noch an dir? | Häng' ich immer noch an dir?,1JD4clJs1fRmRYuzd3tydG
Nur die Musik,JORIS,3,"nacht, immer, früh","morgen, gestern, heute, morgen, nie","Will immer viel doch heute wenig | Drück immer wieder auf Repeat | Drück immer wieder auf Repeat | Drück immer wieder auf Repeat | Es ist viel zu früh, kurze Nacht | Es ist viel zu früh, kurze Nacht | Ist morgens früh noch müde (Oh ja) | Es ist viel zu früh, kurze Nacht | Es ist viel zu früh, kurze Nacht",4zbjLM7jut3CaojmphTOdG
KO  OK,Vincent Malin,1,nie,"morgen, gestern, morgen","Es war noch nie so schwer, sich selbst zu finden | War nie so leicht, sich zu verlier'n | Es war noch nie so schwer, sich selbst zu finden | War nie so leicht, sich zu verlier'n | Renn der Sonne hinterher und hol'n sie doch nie ein",6aeqv1rTsiFDjtKQAENb1a
Hier mit dir,Wincent Weiss,1,nie,"jahr, sekunde","Ich will nie woanders sein | Ich will nie woanders sein, -anders sein | Doch hab'n nie vergessen, wie nah wir war'n | Ich will nie woanders sein | Ich will nie woanders sein | Ich will nie woanders sein | Ich will grade nie woanders sein | Ich will nie woanders sein | Ich will nie woanders sein",7ySBYnlLSwaoHdaY4en58R
Musik um durch den Tag zu komm,Samy Deluxe,2,"jahr, immer","tag, morgen, heute, morgen, nie","Es ist tragisch, aber die Motivation ist immer die gleiche",6f8dgnH1agOYAM8xBzwArS
Zusammen feat Clueso feat Clueso  Extended,Die Fantastischen Vier,1,heute,"tag, nachmittag, nacht",Wir feiern heute bis zum Morgengrau'n | Wir feiern heute bis zum Morgengrau'n | Wir feiern heute bis zum Morgengrau'n | Wir feiern heute bis zum Morgengrau'n,0zFCqZKk59WcPx8hm1JcJw
Leuchtturm  Jerome Extended Remix,Gestört aber GeiL,1,nacht,"heute, immer",,6UYk7zDmPV7pj07NAuQi2O
Vagabund,Bausa,3,"morgen, heute, morgen","immer, nie","Heute hier, morgen da und in jeder Stadt ein Mädchen | Heute hier, morgen da und in jeder Stadt ein Mädchen | Heute hier, morgen da und in jeder Stadt ein Mädchen | Heute hier, morgen da und in jeder Stadt ein Mädchen | Heute hier, morgen da und in jeder Stadt ein Mädchen | Heute hier, morgen da und in jeder Stadt ein Mädchen | Heute hier, morgen da und in jeder Stadt ein Mädchen | Heute hier, morgen da und in jeder Stadt ein Mädchen",3yhaXZury9ZUpfXvdvuWiB
Wieder hier  MTV Unplugged,Westernhagen,1,nie,immer,War nie wirklich weg hab mich nur versteckt | Auch wenn ich dir nie schrieb | War nie wirklich weg hab mich nur versteckt | Und eines ist sicher ich geh nie wieder weg,5OqFn6Ud1uiUZ51VFQUutj
Schüsse in die Luft  Live,Kraftklub,1,nacht,"tag, stunde, immer, nie",,5w75N1pRZHsgHVYTv5Gxh6
Spring,Wincent Weiss,1,nie,"tag, immer","Ja, die Träume sind groß, doch geschlafen wird nie",0X0HcPMdxenZebSOa6vbKi
Allein,Lika Doss,1,tag,,,4Il197Dm00L3WxasipA75p
Flash mich  Greenisland Remix,EmmaMo,2,"nacht, heute",,"Flash mich - heute Nacht | Flash mich, heute Nacht | Flash mich - heute Nacht | Flash mich, heute Nacht",5ZboSO2qRcdvIqTqxw2Oq9
Besser so,Lika Doss,1,nie,,"Du suchst Halt, doch hältst nie an | Du suchst Halt, doch hältst nie an (Hältst nie an) | Du suchst Halt, doch hältst nie an (Hältst nie an)",5kaLyhUKlQpvLo4ESDRIvg
Wenn du bei mir bist,Tim Schulz,2,"tag, immer",nie,Fühl mich noch immer wie in Trance | Noch immer dieses Kribbeln in meinem Bauch | Fühl mich noch immer wie in Trance | Noch immer dieses Kribbeln in meinem Bauch | Fühl mich noch immer wie in Trance | Noch immer dieses Kribbeln in meinem Bauch,43hbf7tfot9EYEJ5yuyPsJ
Flash mich,EmmaMo,2,"nacht, heute",,"Flash mich - heute Nacht | Flash mich, heute Nacht | Flash mich - heute Nacht | Flash mich, heute Nacht",5YOC5HeoXQ4qzmOyzOHCbs
Bessa Bessa,Die Orsons,1,nie,,"Sich nicht für Andere interessieren war nie so meins | Lang telefonier'n war nie so meins | Eifersüchtig sein war nie so meins | Gleich zurück zu schreiben war nie so meins | Aufhören zu rauchen war nie so meins | An das Gute glauben war nie so meins | Für Jemanden da sein war nie so meins | Morgens schon am Start sein war nie so meins | Vielleicht, vielleicht, vielleicht war nie so dein's",7lIHWW8BnJgMkArK2yDva7
Auf uns,Andreas Bourani,2,"tag, immer",nacht,Wird das auch immer so sein | Der immer bleibt | Der immer bleibt (Oh) | Der immer bleibt (Oh),41QCaZw3YTYWYAk51zFqdn
Tagtraum,EmmaMo,1,nacht,,,1jiEmRF7ez1CchvjDr97Gq
Paradies,Kroner,3,"tag, immer, nie",früh,Bin immer ganz früh aufgewacht | Kommt immer ans Ziel | Du musst immer wieder lernen | Du musst immer wieder lernen | Ich werd nie mehr zweifeln | Ich werd nie mehr zweifeln | Ich werd nie mehr zweifeln | Ich werd nie mehr zweifeln,2pma0ZluwoOvFLdJQvd266
Lieder,Adel Tawil,2,"tag, immer","minute, nie",Whitney wird mich immer lieben | Whitney wird mich immer lieben | Whitney wird mich immer lieben | Whitney wird uns immer lieben,5Zd6xRDfkWRT1FF1CnmvOG
Nie vergessen,Glasperlenspiel,2,"tag, immer","gestern, nie","Werd' dich für immer vermissen, ich werd' dich nie vergessen | Jeden goldenen Tag werd' ich für immer vermissen | Werd' dich für immer vermissen, ich werd' dich nie vergessen | Jeden goldenen Tag werd' ich für immer vermissen | Werd' dich für immer vermissen, ich werd' dich nie vergessen | Jeden goldenen Tag werd' ich für immer vermissen | Werd' dich für immer vermissen, ich werd' dich nie vergessen | Jeden goldenen Tag werd' ich für immer vermissen | Werd' dich für immer vermissen, ich werd' dich nie vergessen | Jeden goldenen Tag werd' ich für immer vermissen | Werd' dich für immer vermissen, ich werd' dich nie vergessen | Jeden goldenen Tag werd' ich für immer vermissen",1SX19MvK2uNsY1ZRU7zG8T
Einfach nur weg,Johannes Oerding,1,nie,,Ich war noch nie irgendwo in Afrika | Ich war noch nie in New York | Ich war noch nie irgendwo in Afrika | Ich war noch nie in New York,45Lp7RkfuyxHBD8d1ojNfk
Whatever,CRO,2,"morgen, morgen","woche, nacht, heute, nie","Denn mir ist scheißegal, was morgen kommt | Denn mir ist scheißegal, was morgen kommt | Denn mir ist scheißegal, was morgen kommt | Denn mir ist scheißegal, was morgen kommt | Denn mir ist scheißegal, was morgen kommt | Denn mir ist scheißegal, was morgen kommt | Denn mir ist scheißegal, was morgen kommt | Denn mir ist scheißegal, was morgen kommt | Denn mir ist scheißegal, was morgen kommt | Denn mir ist scheißegal, was morgen kommt | Denn mir ist scheißegal, was morgen kommt | Denn mir ist scheißegal, was morgen kommt",2jO7Xg9rLlecW5f0vMm6bh
Einmal um die Welt,CRO,3,"morgen, morgen, nie","tag, heute","Gib mir nur deine Hand, ich kauf' dir morgen die Welt | Denn ab heute leb' ich jeden Tag, als ob ich morgen tot wäre | Gib mir nur deine Hand, ich kauf' dir morgen die Welt | Gib mir nur deine Hand, ich kauf' dir morgen die Welt | Gib mir nur deine Hand, ich kauf' dir morgen die Welt | Gib mir nur deine Hand, ich kauf' dir morgen die Welt | Denn ab heute leb' ich jeden Tag, als ob ich morgen tot wäre | Gib mir nur deine Hand, ich kauf' dir morgen die Welt | Gib mir nur deine Hand, ich kauf' dir morgen die Welt | Gib mir nur deine Hand, ich kauf' dir morgen die Welt | Baby, bitte mach dir nie mehr Sorgen um Geld | Baby, bitte mach dir nie mehr Sorgen um Geld | Sie kann sich kaufen, was sie wollte, doch nie hatte | Baby, bitte mach dir nie mehr Sorgen um Geld | Baby, bitte mach dir nie mehr Sorgen um Geld",7tPx0INxzHlxWgOYnmNSgd
Besonders,Annett Louisan,1,immer,,"Papa, sie mag dich immer noch | Doch ich find' sie auch immer noch besonders schön | Doch ich find' sie auch immer noch besonders schön | Doch ich find sie auch immer noch besonders schön",5WUMhGPYxpLKy6YaHoFXxk
Hinterland,Casper,1,nie,"tag, immer","Nehmen nie zu viel, bisschen fürs Bauchgefühl | Werfen Schatten, wo das Licht nie scheint, für kurze Zeit | So müde von der Stadt, die nie schläft, bleib' in Bewegung | Arm in Arm singend über Leben, die wir nie leben werden | Und die Zeit scheinbar nie vergeht, vergeht, vergeht | Und die Zeit scheinbar nie vergeht, vergeht, vergeht | Und die Zeit scheinbar nie vergeht, vergeht, vergeht | Und die Zeit scheinbar nie vergeht, vergeht, vergeht | Und die Zeit scheinbar nie vergeht, vergeht, vergeht | Und die Zeit scheinbar nie vergeht, vergeht, vergeht",2uPDOny5jb6teyb9WEKFyc
Ja,Silbermond,1,tag,immer,,1o7VoexABptcWX6AUWHWUL
Einfach nur weg,Johannes Oerding,1,nie,,Ich war noch nie irgendwo in Afrika | Ich war noch nie in New York | Ich war noch nie irgendwo in Afrika | Ich war noch nie in New York,45Lp7RkfuyxHBD8d1ojNfk
Rennen  Stolpern,Jupiter Jones,1,immer,,Für immer reicht genau von hier zum Punkt wo man vergisst | Für immer reicht genau von hier zum Punkt wo man vergisst | Für immer reicht genau bis hier | Für immer reicht genau von hier zum Punkt wo man vergisst,4Jr5kPz7av96l7iCZgczph
Deine Stärken,Silly,1,nie,,"Hab' nie verstanden, warum ich's tu' | Hab' nie verstanden, warum ich's tu' | Hab' nie verstanden, warum ich's tu' | Hab' nie verstanden, warum ich's tu'",3dkO6saTabdXMEc1QMOTSo
Ich will nur  Live,Philipp Poisel,1,immer,,"Ich will nur, dass du weißt: Ich hab' dich immer noch lieb | Ich will nur, dass du weißt: Ich hab' dich immer noch lieb | Ich will nur, dass du weißt: Ich hab' dich immer noch lieb | Ich will nur, dass du weißt: Ich hab' dich immer noch lieb",2oXZArJmwrFX6SvvdHo3SZ
Grenzenlos,Glasperlenspiel,1,heute,nacht,"Ich schwör' dir, heute sind wir grenzenlos | Ich schwör dir heute sind wir grenzenlos | Ich schwör dir, heute sind wir grenzenlos | Ich schwör dir, heute sind wir grenzenlos | Ich schwör dir heute sind wir grenzenlos | Ich schwör dir heute sind wir grenzenlos",0re2JzXOLhpeQvNDCPdwW0
Stein für Stein,Chima,2,"morgen, morgen","tag, nie",Wenn du morgen wieder aufrecht gehst | Wenn du morgen wieder aufrecht gehst | Wenn wir morgen wieder aufrecht gehen | Wenn wir morgen wieder aufrecht gehen | Wenn du morgen wieder aufrecht gehst | Wenn du morgen wieder aufrecht gehst | Wenn wir morgen wieder aufrecht gehen | Wenn wir morgen wieder aufrecht gehen,7rcW0FfgqGL3dJcGYKjWBE
Mit dir teilen,Chima,2,"tag, morgengrauen","immer, nie, bald",,0PylXP7dA1DyaOAZZ7ahKO
Troy  unplugged II,Die Fantastischen Vier,1,immer,"heute, nie","Und immer wieder diese Popstar-Show | Doch irgendwie hat irgendwo immer irgendwas gefehlt | Scheint, als wären wir immer jung geblieben | Doch immer trafen wir den richtigen Ton",1jiU3TEfkXC1B6aPrHqYUn
Alles versucht,Maxim,4,"morgen, heute, morgen, immer","tag, nie","Heute ist man Jäger, morgen wird man gesucht | Ob wir morgen noch hier sind, wird kein'n kümmern | Heute ist man Jäger, morgen wird man gesucht | Denn heute kommt der Tag und ich hol’ mir alles (Hol' mir alles) | Doch an das hier heute wird man sich erinnern | Heute ist man Jäger, morgen wird man gesucht | Ob wir morgen noch hier sind, wird kein'n kümmern | Heute ist man Jäger, morgen wird man gesucht | Doch aus jedem Fehler lernt man immer dazu | Ich zieh' nur pures Taş, keine Ruhe, immer wach | Doch aus jedem Fehler lernt man immer dazu | Ich zieh' nur pures Taş, keine Ruhe, immer wach",7N2nb4o4DAMRdm8kXRd7RT
Spinner,Revolverheld,2,"heute, immer",nie,Ab heute für immer | Ab heute für immer | Ab heute für immer | Ab heute für immer | Er will eigentlich schon immer | Ab heute für immer | Ab heute für immer | Ab heute für immer | Ab heute für immer,5Xeppus1VcUatqv9zS1sg6
Single,Die Fantastischen Vier,1,nie,"immer, bald","Ich möchte nie wieder Single sein | Ich möchte nie wieder Single sein, krieg es nicht hin allein | (Ich möchte) hoch mit dir und nie wieder runter | (Ich möchte) deine Melodie nie aus dem Kopf | Deshalb sag ich nie 'Stop!' im Namen des Rock",3sl4BbOCH4qILcy0cfPeNI
Ich  Du,Anna Depenbusch,1,immer,"morgen, nacht, morgen",Ja immer wenn du meinen Namen rufst,4qfwh0dloTZ7kSPTGZy94B
Herz über Kopf,JORIS,1,immer,,"Und immer, wenn es Zeit wär, zu geh'n | Trägst deine Haare immer noch wie früher | Musik ist aus und du kommst immer näher | Und immer, wenn es Zeit wär, zu geh'n | Und immer, wenn es Zeit wär, zu geh'n | Lass' ich dich immer noch nicht geh'n | Lass' ich dich immer noch nicht geh'n | Und immer, wenn es Zeit wär, zu geh'n | Und immer, wenn es Zeit wär, zu geh'n",5O02usHqDBjUD1i8qBDu23
Wayne feat Curlyman,Culcha Candela,1,tag,sommer,,5tkLNSsmIXNsEZd72X8h2u
Jetzt,Irie Révoltés,3,"morgen, morgen, nie",,"Vis ta vie! - Nicht morgen, sondern jetzt | Denn das Leben ist nicht morgen, sondern jetzt | Vis ta vie! - Nicht morgen, sondern jetzt | Denn das Leben ist nicht morgen, sondern jetzt | Nicht morgen sondern jetzt | Nicht morgen sondern jetzt | Nicht morgen sondern | Nicht morgen sondern | Vis ta vie! - Nicht morgen, sondern jetzt | Vis ta vie! - Nicht morgen, sondern jetzt | Denn dein Leben ist nicht morgen, sondern jetzt | Denn dein Leben ist nicht morgen, sondern jetzt! | Vis ta vie! - Nicht morgen, sondern jetzt | Denn das Leben ist nicht morgen, sondern jetzt | Vis ta vie! - Nicht morgen, sondern jetzt | Denn das Leben ist nicht morgen, sondern jetzt | Nicht morgen sondern jetzt | Nicht morgen sondern jetzt | Nicht morgen sondern | Nicht morgen sondern | Vis ta vie! - Nicht morgen, sondern jetzt | Vis ta vie! - Nicht morgen, sondern jetzt | Denn dein Leben ist nicht morgen, sondern jetzt | Denn dein Leben ist nicht morgen, sondern jetzt! | Ich schon seit Jahren, hab mich selber nie gefunden | Ich werde nie mehr sein, was ich soll | Ich werde nie mehr sein, was ich soll | Ich werde nie mehr sein, was ich soll | Ich werde nie mehr sein, was ich soll | Ich werde nie mehr sein, was ich soll | Lass uns nie mehr sein, was wir sollen | Lass uns nie mehr sein, was wir sollen",6ts298DHQJw5Ket4IJrl5p
Ab gehts,Die Lochis,4,"morgen, nacht, heute, morgen","sommer, nie","Oh Baby, du weißt, heute Nacht wird geil (Geil) | Komm, pack deine Freunde mit ein, heute Nacht bist du nicht allein | Oh Baby, du weißt, heute Nacht wird geil (Geil) | Komm, pack deine Freunde mit ein, heute Nacht bist du nicht allein",2uDt96iLNnsqKkYozZVEvI
Das kann uns keiner nehmen feat Rea Garvey  MTV Unplugged 1 Akt,Revolverheld,1,nacht,"morgen, morgen, immer",,7mBsCdOtqIc1E0SNaQwb2u
Zu Dir Weit Weg,Mark Forster,1,immer,"morgen, heute, morgen","Bist du doch immer irgendwie dabei | Bist du doch immer irgendwie dabei | Dann glaub' ich fest, dass es für immer geht | Dann glaub' ich fest, dass es für immer geht",0FUhdaMHNR003lNMEpDEol
Wie soll ein Mensch das ertragen  Projekt Seerosenteich Live,Philipp Poisel,1,nacht,,,5rOFeQ18pbdUm209Lcq7rp
Paris,Glasperlenspiel,1,immer,,Wir können immer noch frei sein | Wir haben immer noch Paris | Wir können immer noch höher | Wir haben immer noch Paris | Wir haben immer noch Paris | Wir haben immer noch Paris | Wir haben immer noch Paris | Wir haben immer noch Paris | Wir haben immer noch Paris,2tiJuxgaGblXl1T3rTkNiD
Das ist dein Leben  Radio Edit,Philipp Dittberner,2,"immer, nie",heute,"Und wir immer wieder aufstehen und anfangen zu gehen | Wird's immer wieder neu riskiert | Und wir immer wieder aufstehen und anfangen zu gehen | Und wir immer wieder aufstehen und anfangen zu gehen | Ja, genau, das ist dein Leben und du wirst es nie verstehen | Du sagst, wir haben uns nie verlaufen | Ja, genau, das ist dein Leben und du wirst es nie verstehen | Ja, genau, das ist dein Leben und du wirst es nie verstehen",3UM6MwCSHS3GnpWkyjWjaC
Ich bleibe,Adesse,1,immer,"mittwoch, samstag, sommer, winter, herbst, nacht","Bin ich sonst immer weg | Bin ich sonst immer abgehaun' | Ich sag grad selten ""Ich"" und immer öfter ""Wir"" | Bin ich sonst immer weg | Bin ich sonst immer abgehaun' | Bin ich sonst immer weg | Bin ich sonst immer abgehaun'",2PvomySHMSgBywLiQVZBEB
Das ist dein Leben,Philipp Dittberner,2,"immer, nie",heute,"Und wir immer wieder aufstehen und anfangen zu gehen | Wird's immer wieder neu riskiert | Und wir immer wieder aufstehen und anfangen zu gehen | Und wir immer wieder aufstehen und anfangen zu gehen | Ja, genau, das ist dein Leben und du wirst es nie verstehen | Du sagst, wir haben uns nie verlaufen | Ja, genau, das ist dein Leben und du wirst es nie verstehen | Ja, genau, das ist dein Leben und du wirst es nie verstehen",6INWEUJgTBB7G4iyrfUrl4
Der Sonne entgegen,Kenay,1,immer,"sommer, morgen, morgen","Ich erzähl' immer so gern unsre Geschichte | Es hat immer noch das letzte Stück gefehlt | 'ne gute Zeit gehabt, es uns nicht immer leicht gemacht | Ich erzähl' immer so gern unsre Geschichte | Ich erzähl' immer so gern unsre Geschichte | Ich erzähl' immer so gern unsre Geschichte",2b7i0tdH37GPTOiwyotm3T
Immer so lieben,Bosse,1,gestern,"sonntag, immer",Ich werd' dich immer so lieben als wärst du gestern gegangen | Ich werd' dich immer so lieben als wärst du gestern gegangen | Ich werd' dich immer so lieben als wärst du gestern gegangen | Ich werd' dich immer so lieben als wärst du gestern gegangen | Ich werd' dich immer so lieben als wärst du gestern gegangen | Ich werd' dich immer so lieben als wärst du gestern gegangen,0D1uJ0jnUSTqNKGHcpxjwC
Neue Welt,Moritz Garth,1,tag,,,5enmOOsX4zMfzC9Tayk8dY
Warum Nicht,Robert Redweik,1,immer,nie,"Ich weiß noch gut, du sagst, es wär für immer mit ihm | Sind zusammengezogen, dacht', es wär für immer | Wenn ich meine Augen schließ', bist du immer noch nicht weg | Wir reden immer über alles, über alles außer uns | Wenn ich meine Augen schließ', bist du immer noch nicht weg | Mir war das immer völlig klar“",1LeH88PM2swmHZLxlCRrTO
Wir Sind Groß,Mark Forster,1,immer,"morgen, morgen, früh","Man sagt, nix hält für immer, doch ey, warum denn nicht? | Für immer bunteste Zeiten | Für immer jung und zeitlos | Für immer bunteste Zeiten | Für immer jung und zeitlos | Für immer jung und zeitlos | Für immer jung und zeitlos",7Ars6vxMVBQPc4LwbwbQKm
Stein für Stein,Konvoy,1,nie,,"Imprezujemy nocą i nigdy to się nie kończy (Nie kończy) | Trzydzieste drugie piętro, my nigdy nie chcemy zwolnić | Imprezujemy nocą i nigdy to się nie kończy (Nie kończy) | Trzydzieste drugie piętro, my nigdy nie chcemy zwolnić | To, co gadasz, to są żarty, nigdy nie wejdziesz mi, suko, na łeb | Jebać, kurwa, to, co tracę, nie zliczę, ile się bałem | Jedno jest pewne na zawsze — to się nie kończy, skurwielu | Dobrze wiem, o co kaman, temu nie odczuwam presji (Yeah-a) | Na urodziny chcę jointy, nie świeczki | Imprezujemy nocą i nigdy to się nie kończy (Nie kończy) | Trzydzieste drugie piętro, my nigdy nie chcemy zwolnić | Imprezujemy nocą i nigdy to się nie kończy (Nie kończy) | Trzydzieste drugie piętro, my nigdy nie chcemy zwolnić | Ja bym się jej nie dotykał, mało kto dobrze dostarcza | Ale weź się nie lękaj, bo wiedz, wszystko da się wszystko zrobić",3Xyx5eVrya6uITVE5kSO10
Heute Hier Morgen Dort,Die Schröders,1,jahr,"morgen, gestern, heute, morgen, nie",,7aJ8GmmQFC65VhO792oej2
Läuft bei dir,FLEX,2,"jahr, tag","sommer, heute",,0KCSL8XlcBzTN00GerpZ3Y
Der Himmel reisst auf,Stereoact,1,immer,"morgen, nacht, morgen","Für immer zusamm'n, die Füße im Wasser | Für immer zusamm'n, wir tanzen im Regen | Für immer zusamm'n, die Füße im Wasser | Für immer zusamm'n, wir tanzen im Regen | Für immer zusamm'n, die Füße im Wasser | Für immer zusamm'n, wir tanzen im Regen",070xDjpupXsnjuoRzcQaDm
Helden,FlowRag,3,"morgen, nacht, morgen",,,5j1n2xOwbhv5T5jwu0fOQT
Musik sein  Salt  Waves Remix,Wincent Weiss,1,immer,nacht,"Ey, da müsste Musik sein, wo auch immer du bist | Endlich mal raus aus unserer Heimat, sie wird im Spiegel immer kleiner | Ey, da müsste Musik sein, wo auch immer du bist | Ey, da müsste Musik sein, wo auch immer du bist | Ey, da müsste Musik sein, wo auch immer du bist",15U182DF6ktEzjdeQ4xlfi
Musik sein,Wincent Weiss,1,immer,nacht,"Ey, da müsste Musik sein, wo auch immer du bist | Endlich mal raus aus unserer Heimat, sie wird im Spiegel immer kleiner | Ey, da müsste Musik sein, wo auch immer du bist | Ey, da müsste Musik sein, wo auch immer du bist | Ey, da müsste Musik sein (Ey, da müsste Musik sein; Oh, oh, oh, oh-oh), wo auch immer du bist (Wo auch immer du bist; Oh, oh, oh, oh-oh)",1v0wLY3hnzzfGeceWS3dS4
Morgenkaffee,MATU,2,"morgen, morgen","tag, heute, immer",Hoffe täglich auf morgen | Hoffe täglich auf morgen | Hoffe täglich auf morgen | Hoffe täglich auf morgen | Hoffe täglich auf morgen | Hoffe täglich auf morgen | Hoffe täglich auf morgen | Hoffe täglich auf morgen,75wwRYwAcSDQdy8Zn1FSHn
Leinen los,KAYEF,1,nie,,"Denn sie geh'n den leichten Weg, hatten nie 'nen Traum | Der Blick über den Tellerrand wurde nie riskiert | Doch werden nie so sein, wenn wir uns einfach dran gewöhn' | Lass uns nie mehr so sein wie der Rest von den' | Lass uns nie mehr | Weil das nie zu mir passte, dieser übliche Schwachsinn | Und nur weil ich nie war so wie der Rest | Ja, nur weil ich nie war so wie der Rest",2zzqsZImpC3I30Gs5Lp5Dp
Regenbogen  Akustik Version,Wincent Weiss,1,immer,,"Du am schlafen und ich immer, und ich immer noch hellwach | Du am schlafen und ich immer, und ich immer noch hellwach",1XL4zhh4ySNzQnyGVghHig
Playlist  Piano Version,Jonas Monar,1,immer,"morgen, nacht, morgen","Und der hilft sonst immer | Und es wird immer schlimmer | Und ich weiß, dass du immer für mich da bist | Schon geil, dass du immer dann am Start bist",4YGbx6OqId8EJBYjRYwPF7
Feuerwerk,Wincent Weiss,1,nie,"morgen, heute, morgen, immer","„Ey, wir warten nie auf morgen!“ (Hey!) | Denn dieser Augenblick kommt nie zurück | „Ey, wir warten nie auf morgen!“ (Hey!) | Denn dieser Augenblick kommt nie zurück | Denn dieser Augenblick kommt nie zurück",17DNnXyihmTHGxMQs1Bm6T
Es wird,VON WELT,1,nie,immer,"Es wird nie mehr so sein, wie es war, wenn wir uns verirren | Es wird nie mehr so sein, wie es war, wenn wir uns verirren | Es wird nie mehr so sein, wie es war, als wir traurig waren | Es wird nie mehr so sein, wie es war, wenn wir uns verirren | Es wird nie mehr so sein, wie es war, als wir traurig waren | Es wird nie mehr so sein, wie es war, wenn wir uns verirren | Es wird nie mehr so sein, wie es war, als wir traurig waren | Es wird nie mehr so sein, wie es war, wenn wir uns verirren | Es wird nie mehr so sein, wie es war, als wir traurig waren | Es wird nie mehr, es wird nie mehr | Es wird nie mehr so sein wie es war, als wir müde waren",5d6u7S1PAfVdgzvXFtZBKW
Alle guten Dinge,Jonas Monar,1,heute,,Weil sich heute die Welt nur für uns dreht | Weil sich heute die Welt nur für uns dreht | Weil sich heute die Welt nur für uns dreht | Weil sich heute die Welt nur für uns dreht,7MzbTr9UCgXFmlOBdCaec4
So schön kaputt,SDP,1,immer,"tag, nie","Wir sind für immer jung, doch bleiben immer die Alten | Doch wir sind immer noch hier und wir sind immer noch wir",2G1BlWRM5zQS9brG0dZhye
Glücklich mit nichts,Max Prosa,1,immer,nie,"Ich wollte immer nur singen (ohne Hass, ohne Schmerz) | Ich wollte immer nur singen (ohne Angst, ohne Wut) | Ich wollte immer nur singen (wie 'ne Klinge im Wind, wie ein Vogel im Flug) | War immer glücklich mit nichts, glücklich mit nichts | War immer glücklich mit nichts, mit nichts, glücklich mit nichts | Ich wollte immer nur singen (ohne Hass, ohne Schmerz) | Ich wollte immer nur singen (ohne Angst, ohne Wut) | Ich wollte immer nur singen (wie 'ne Klinge im Wind, wie ein Vogel im Flug) | War immer glücklich mit nichts, glücklich mit nichts | War immer glücklich mit nichts, mit nichts, glücklich mit nichts | Lass es geschehen, ich wollte immer nur singen | Ich wollte immer nur singen (ohne Hass, ohne Schmerz) | Ich wollte immer nur singen (ohne Angst, ohne Wut) | Ich wollte immer nur singen (wie 'ne Klinge im Wind, wie ein Vogel im Flug) | Ich wollte immer nur singen (ohne Hass ohne Schmerz) | Ich wollte immer nur singen (ohne Angst, ohne Wut) | Ich wollte immer nur singen (wie 'ne Klinge im Wind, wie ein Vogel im Flug) | War immer glücklich mit nichts",35uT4j8EkvABoB3F8Ds7z1
Alle guten Dinge  Akustik Version,Jonas Monar,1,heute,,Weil sich heute die Welt nur für uns dreht | Weil sich heute die Welt nur für uns dreht | Weil sich heute die Welt nur für uns dreht | Weil sich heute die Welt nur für uns dreht,6vlaVSAkoBrLmcn4vj6CKT
Farbenmeer,Joel Brandenstein,2,"tag, immer","gestern, nie","Und immer wenn ich zweifel' | Und immer wenn ich abhau' | Bist es jedesmal immer nur du, die nach mir sucht | Und immer wenn ich zweifel' | Und immer wenn ich zweifel' | Und immer wenn ich abhau' | Bist es jedesmal immer nur du, die nach mir sucht | Und immer wenn ich zweifel' | Ich will, dass hier mit dir für immer seh'n | Und immer wenn ich zweifel' | Und immer wenn ich zweifel' | Und immer wenn ich abhau' | Bist es jedesmal immer nur du, die nach mir sucht | Und immer wenn ich zweifel'",2rwPsvCiQlKmEmtBSsn75L
Vielleicht,Miwata,1,immer,"heute, nie","Jedes nicht ganz klare Nein bleibt wohl für immer ein Vielleicht | Jedes nicht ganz klare Nein bleibt wohl für immer ein Vielleicht | Jedes nicht ganz klare Nein bleibt wohl für immer ein Vielleicht | Jedes nicht ganz klare Nein bleibt wohl für immer ein Vielleicht | Jedes nicht ganz klare Nein bleibt wohl für immer ein Vielleicht | Jedes nicht ganz klare Nein bleibt wohl für immer ein Vielleicht | Jedes nicht ganz klare Nein bleibt wohl für immer ein Vielleicht, Vielleicht | Jedes nicht ganz klare Nein bleibt wohl für immer ein Vielleicht | Jedes nicht ganz klare Nein bleibt wohl für immer ein Vielleicht | Jedes nicht ganz klare Nein bleibt wohl für immer ein Vielleicht (Vielleicht, Vielleicht, Vielleicht)",3hygGk6bBO1PWumOJ8MFs6
Liebe auf Repeat,Laurenz,1,immer,"tag, morgen, morgen, nie","Warum kann es nicht für immer sein? | Kann sie nicht für immer bleiben? | Und warum kann es nicht für immer sein? | Kann sie nicht für immer bleiben? | Warum kann es nicht für immer sein? | Kann sie nicht für immer bleiben? | Und warum kann es nicht für immer sein? | Kann sie nicht für immer bleiben? | Und bleibt für immer immer, immer bei dir | Für immer, immer",1g6qjbX6UalyxXUer6uPVi
Nummer 1,Zuna,1,immer,"märz, tag",Hab' 'ne Wumme immer unter mei'm Sitz | Und deshalb hab' ich immer auf der Waage zu viel,3sgGmPQD2J6aQduN36RDBO
Perfekte Imperfektion  Akustik Version,Swiss  Die Andern,1,immer,nie,"Diese Welt meint es mit dir nicht immer gut, uh | Doch egal wer vor dir steht, du bleibst immer du | Diese Welt meint es mit dir nicht immer gut, uh | Doch egal wer vor dir steht, du bleibst immer du",48Z64A0NGCXl2skhjaDZTp
In meiner City feat Mr Reedoo,Culcha Candela,1,nie,"nacht, immer","In meiner City ist die Party nie over | So gut hier, eigentlich muss ich nie raus | In meiner City ist die Party nie over | In meiner City ist die Party nie over | In meiner City ist die Party nie over",2tWrxmF3cHHW0bWS7jfBn7
Komm näher,JONA,1,nacht,"tag, morgen, morgen, nie",,1wBktwsNpeJN8JcuPU2T8e
Das Leben gibt heut einen aus  Single Mix,Querbeat,3,"morgen, nacht, morgen","stunde, immer, früh",Ich muss morgen mega früh raus | Der frühe Vogel lacht uns morgen wieder aus | Ich muss morgen mega früh raus | Der frühe Vogel lacht uns morgen wieder aus,3cOaZ9Ha6VJIggeuT1Y4J9
Der Junge der rennt,Max Giesinger,1,immer,nie,Muss immer in Bewegung bleiben | Muss immer in Bewegung bleiben | Muss immer in Bewegung bleiben | Muss immer in Bewegung bleiben | Muss immer in Bewegung bleiben | Muss immer in Bewegung bleiben | Muss immer in Bewegung bleiben | Muss immer in Bewegung bleiben,0rLcunkGgHo9qYKZtZg35Y
Sowieso,Mark Forster,1,immer,,"Doch die Ernte kommt immer, Mann, es ist gut gesät und | Doch immer sicher im Gemetzel dank der schicken Tarnung | Und streikt der Sendeton, bleibt immer die Erinnerung",1CLljfgtXG6ODaJONSMkwQ
Eiserner Steg  Akustik Version,Philipp Poisel,1,immer,nie,"Dir einmal noch nah sein, bevor ich dich für immer verlier' | Für immer verlier' | Dir einmal noch nah sein, bevor ich dich für immer verlier' | Für immer verlier' | Will dich einmal noch atmen, bevor ich dich für immer verlier' | Für immer verlier' (Für immer, für immer, für immer verlier', für immer, für immer) | Für immer verlier' (Für immer, für immer, für immer verlier', für immer, für immer) | Ich will einmal noch schlafen (Für immer, für immer, für immer verlier') | Dir einmal noch nah sein, bevor ich dich für immer verlier' | Für immer verlier'",0x4fjLodFXUNk929Y5QEQd
Einmal,Mark Forster,2,"immer, nie","tag, heute","Nicht immer wenn 'n großer Moment vorbei ist | Doch was ich weiß, ich trag' ihn für immer bei mir | Nicht immer wenn 'n großer Moment vorbei ist | Doch was ich weiß, ich trag' ihn für immer bei mir | Nicht immer wenn 'n großer Moment vorbei ist | Doch was ich weiß, ich trag' ihn für immer bei mir | Nicht immer wenn 'n großer Moment vorbei ist | Doch was ich weiß, ich trag' ihn für immer bei mir | Manches kommt und geht und kommt nie mehr, nie mehr | Einmal, einmal, das kommt nie zurück | Weiß ich auch gleich: „Mann, es kommt nie mehr so“ | Weiß ich auch gleich: „Mann, es kommt nie mehr so“ | Einmal, einmal, das kommt nie zurück | Einmal, einmal, das kommt nie zurück | Weiß ich auch gleich: „Mann, es kommt nie mehr so“ | Weiß ich auch gleich: „Mann, es kommt nie mehr so“",2t8QolI8gVL9qv9LsXgBgq
Lichterketten,Sasha,1,nie,nacht,Wir lassen nie mehr los | Wir lassen nie mehr los | Wir lassen nie mehr los | Wir lassen nie mehr los | Wir lassen nie mehr los,6NpATTWV1gg1IPSnmSGiWY
Zuhause,Max Giesinger,1,immer,nie,"Wollt ich's nicht immer so? | Mein Kopf will immer nur weiter | Wo auch immer das ist | Wo auch immer das iiist, iiist | Mein Kopf will immer nur weiter | Wo auch immer das ist | Wo auch immer das iiist, iiist | Will mein Kopf immer weiter | Wo auch immer das ist | Wo auch immer das ist | Mein Kopf will immer nur weiter | Wo auch immer das ist | Wo auch immer das iiist, iiist",3nZit3yvkW3MuAiI6NL1Rv
Playlist  Radio Version,Jonas Monar,1,immer,"morgen, nacht, morgen","Und der hilft sonst immer | Und es wird immer schlimmer | Und ich weiß, dass du immer für mich da bist | Schon geil, dass du immer dann am Start bist",4JatZ9fiE55AoKSWbfsvgb
Hoch,Tim Bendzko,1,immer,,"Wir gehen immer weiter hoch hinaus | Wir gehen immer weiter hoch hinaus | Immer, immer weiter hoch hinaus | Wir gehen immer weiter hoch hinaus | Wir gehen immer weiter hoch hinaus | Immer, immer weiter hoch hinaus | Wir gehen immer weiter hoch hinaus | Wir gehen immer weiter hoch hinaus | Immer, immer weiter hoch hinaus",4SWu9u2dLzmYa8dMieyayQ
Chaos,Mathea,1,immer,nie,Für immer vielleicht | Vielleicht für immer | Für immer vielleicht | Vielleicht für immer,74GrgSGucjqiQ0l7ptknoB
Welt feat Kontra K,Xavier Naidoo,1,immer,nie,"Ist nur der Beweis, dass wir immer wieder aufsteh'n | Aber auch genau der Grund, warum wir immer wieder aufsteh'n | Doch was immer sie tun, sie sind immer verbunden | Doch was immer sie tun, sie sind immer verbunden",0dME4tJbBf9SUI2uZHTHs1
Ja Nein Vielleicht,Stereoact,1,mai,"morgen, nacht, morgen, immer",,5aoZF2BvuhlVthweLbOi0X
Nicht genug,Tim Bendzko,1,immer,tag,Komm'n wir immer noch nicht zur Ruh | Wir woll'n immer mehr und den Rest auch noch dazu | Komm'n wir immer noch nicht zur Ruh | Wir woll'n immer mehr und den Rest auch noch dazu | Komm'n wir immer noch nicht zur Ruh | Wir woll'n immer mehr und den Rest auch noch dazu,3chWf6EbNgwhryGH5nCsxS
Wie Früher Mal Dich,Mark Forster,1,immer,nacht,"Glaub', ich wär zufrieden, weil wir dann für immer hier sind | Geht immer voran und regelt sich",1LgCB98cAk0998h3DI33Xr
Wenn Liebe kommt,LOTTE,1,immer,nie,"Es läuft immer so, nicht nur bei uns beiden | Von „Das hier ist für immer“ zu „Lass uns Freunde bleiben“ | Es läuft immer so, nicht nur bei uns beiden | Von „Das hier ist für immer“ zu „Lass uns Freunde bleiben“ | Es läuft immer so, nicht nur bei uns beiden | Von „Das hier ist für immer“ zu „Lass uns Freunde bleiben“",1MEpVyXTheTBd5J7l6Jliz
Nie stärker als jetzt,Max Giesinger,1,immer,nie,Doch immer dann komm'n die Zweifel auf | Doch immer dann komm'n die Zweifel auf | Mit immer noch wackligen Knien | Mit immer noch wackligen Knien,4lRCMf8HYVfTZ3Ztj3GCpF
Der letzte Tanz,Bosse,1,immer,"morgen, morgen, nie","Und man weiß immer erst beim Abschied, was es ei'm bedeutet | Und nix ist immer, für immer | Für immer | Nix ist für immer, nix ist für immer | Nichts ist für immer, alles Einwegmoment | Nix ist immer, für immer | Für immer | Nix ist für immer, nix ist für immer | Warum merkt man immer erst beim Abschied | Warum merkt man immer erst beim Winken | Warum merkt man immer erst beim Abschied | Warum merkt man immer erst beim Winken | Nix ist für immer, nix ist für immer",3JtIS5WNPJokeMeEVnWWEM
Wie früher mal dich,Helene Fischer,1,immer,nacht,"Glaub', ich wär zufrieden, weil wir dann für immer hier sind | Geht immer voran und rеgelt sich",7vHiHqEE41uKyCu5kND4cp
1000 gute Gründe  Radio Edit,Adel Tawil,1,tag,"morgen, morgen, immer",,7nv3iG8J5lwXfhwL6ctfHv
In meinen Gedanken  Gospel Chor Version,Max Giesinger,1,nie,immer,"An jeden Ort, wo du nie warst | Hast so viele deiner Träume aufgegeben, konntest nie die große Welt sehen | An jeden Ort, wo du nie warst | An jeden Ort, wo du nie warst",46uDZwBFs21Krh7Opg93S5
bissu dumm  MEGALODON REMIX,Bonez MC,4,"tag, heute, immer, nie","mai, morgen, morgen","Ich geh' heute aus mit der Frau von dem Kaulitz | Und platzt, weil er heute einen Lamborghini lenkt | Und heute steh'n Awards im Schrank, die mir beweisen, dass ich der King bin | Ich muss lachen, doch bin froh, dass ich ihn heute draußen seh' | Z-Block, Baby, es wird immer wilder am Court | Ich finde noch immer keine Ruhe, hab' noch immer kein Vertrau'n | Laufe unter Gottes Himmel draußen, immer nie zuhaus (Tick') | Kuzengo BEKA hat gezeigt, hier ist immer Blut an der Kasse | Sei ein Leader und kein folgendes Schaf, immer bereit | Der Bulle guckt schief, weil er weiß, er war nie Abiturient | Von Gucci bis Adidas (Was?), nie wieder schlechte Tage | Laufe unter Gottes Himmel draußen, immer nie zuhaus (Tick') | Chancen war'n nie gleich, das ist der Grund, warum er abpackt | Dicka, nie ohne mein Team, 187 und BC | Wer keine Feinde hat, war nie ein guter Freund | War noch nie in ei'm Gefängnisblock | Und du weißt, dass nie der Hass, sondern die Liebe gewinnt",1IMa0Il4w988MwZCUcISix
Broker,Ski Aggu,1,nie,"sommer, winter, tag","War nie an der Börse, aber ich war früher broker (Abow) | War nie an der Börse, aber ich war früher broker (Abow) | War nie an der Börse, aber ich war früher broker | War nie an der Börse, aber ich war früher broker (Abow) | War nie an der Börse, aber ich war früher broker (Abow)",2ASD3lIvN1z7MUgXqnZd8R
1 ADLER,Ski Aggu,1,immer,"märz, august, winter, frühling, herbst, nacht, nie","Doch dann kam das Drama, immer Theater, ich hab' kein'n Nerv | Du willst mich immer mehr seh'n | Warum will ich immer das, was ich nicht hab'? Ich werde es nie versteh'n (Ne) | Und bis ich land', bleibt es immer so (Ich bin ein Adler, ich bin ein Adler)",36an2kIaMv6GW7UaNXTWTw
Super Wavy,YFG Pave,1,heute,"dienstag, morgen, morgen","Und heute geh'n wir crazy, Baby (Ja, ah, ja) | Und heute geh'n wir crazy, Baby, ja | Sie fragt: „Ski Aggu, biste heute auf der Piste?“ | Und heute geh'n wir crazy, Baby (Ja, ah, ja) | Und heute geh'n wir crazy, Baby, ja | Humboldthain Disko, heute mal locker | Fuck it, heute geh' ich steil, ja | Und heute geh'n wir crazy, Baby (Ja, ah, ja) | Und heute geh'n wir crazy, Baby, ja",4dvjMHUE0FYtQj50JNCIW2
Partyticker,Ski Aggu,1,nie,bald,"War nie ein Ticker, doch verteil' auf Feten Stoff | War nie ein Gangster, mach' das nur als Nebenjob | Ich hab' noch nie ein Problem bеkomm'n | War nie ein Ticker, doch verteil' auf Feten Stoff | War nie ein Gangster, mach' das nur als Nebenjob | Ich hab' noch nie ein Problem bekomm'n",7d6ScLC2TcB4LScb5St96n
Viva Musikvideo,Endzone,1,bald,,"VIVA-Videos, bin bald famous (Brr) | VIVA-Videos, bin bald famous (Brr) | VIVA-Videos, bin bald famous (Brr) | VIVA-Videos, bin bald famous (Brr)",3QtLDVO8q94PY0ACJxhqWm
berky hau mal in die tasten du wunderkind,Ski Aggu,1,monat,jahr,,2G6eJPI0h9rlAjASYawaJg
Z0RNIG 2O24,Ski Aggu,1,monat,"jahr, immer",,4bL1w0m4bPkjqMfi93RK1x
justin bieber,Ski Aggu,1,heute,sommer,"Früher Justin-Bieber-Frise, heute schöne Mullet | Früher Justin-Bieber-Frise, heute schöne Mullet",6EDZ4yXd4Kh9mBZpBavsjT
Theater,Ski Aggu,1,heute,"august, nacht, immer, nie","Schrei laut, heute machen wir Theater | Schrei laut, heute machen wir Theater | Schrei laut, heute machen wir Theater | Schrei laut, heute machen wir Theater | Schrei laut, heute machen wir Theater",0SGtCOR4G9fx9PQq9shKkw
mietfrei,Ski Aggu,1,immer,tag,"Hab' gehofft, Erinnerung ist weg, doch sie bleibt immer noch | Hab' gehofft, Erinnerung ist weg, doch sie bleibt immer noch | Hab' gehofft, Erinnerung ist weg, doch sie bleibt immer noch | Hab' gehofft, Erinnerung ist weg, doch sie bleibt immer noch | Hab' gehofft, Erinnerung ist weg, doch sie bleibt immer noch",1CknK1sYAhoYxZEs5OfqEq
Broker,Ski Aggu,1,nie,"sommer, winter, tag","War nie an der Börse, aber ich war früher broker (Abow) | War nie an der Börse, aber ich war früher broker (Abow) | War nie an der Börse, aber ich war früher broker | War nie an der Börse, aber ich war früher broker (Abow) | War nie an der Börse, aber ich war früher broker (Abow)",0fmZFIfyvdcg6dVkczBpwF
Früchtetee mit Honig,Ski Aggu,1,gestern,bald,,5PBavpcTOJACTGXjbWQFWt
skpaden,Ski Aggu,1,nie,mai,Jetzt nie mehr überseh'n so wie ein kaputtes Schiff | Jetzt nie mehr überseh'n so wie ein kaputtes Schiff | Jetzt nie mehr überseh'n so wie ein kaputtes Schiff | Jetzt nie mehr überseh'n so wie ein kaputtes Schiff,7MZR7EiBxAVMGk7qsKGiIL
Z0RNIG 2O24  Niklas Dee  Berky Remix,Ski Aggu,1,monat,jahr,,78PEp6PRRLCCMlCVKjm7d9
Broker,Ski Aggu,1,nie,"sommer, winter, tag","War nie an der Börse, aber ich war früher broker (Abow) | War nie an der Börse, aber ich war früher broker (Abow) | War nie an der Börse, aber ich war früher broker | War nie an der Börse, aber ich war früher broker (Abow) | War nie an der Börse, aber ich war früher broker (Abow)",28eI53WyFJVjjQwSnWTh9K
Partyticker,Ski Aggu,1,nie,bald,"War nie ein Ticker, doch verteil' auf Feten Stoff | War nie ein Gangster, mach' das nur als Nebenjob | Ich hab' noch nie ein Problem bеkomm'n | War nie ein Ticker, doch verteil' auf Feten Stoff | War nie ein Gangster, mach' das nur als Nebenjob | Ich hab' noch nie ein Problem bekomm'n",1o6vTibvqeuAPoyBw0Us0C
Ski Aggu Typebeat,Ski Aggu,1,bald,"heute, immer","Ein Diamond, bald Logo wie Volcom | Dass sie bald aussterben wie das Fernseh'n | Hitt' den Jibbit und die Hits auf meinem Handy kommen bald | Habe bald viel Klicks",1yLRntOrbGxvgTh5SJESQK
PARKPLATZ,PAPKE,1,immer,"jahr, tag, heute, nie",Draußen immer viel [?] Hänger wie ihr spielt (Ihr seid am häng'n) | Sind immer aufm schmal'n Grad | Sind immer aufm schmal'n Grad | Sind immer aufm schmal'n Grad | Sind immer aufm schmal'n Grad,6X95BDkuYDR5bRRPisBwMU
Erinnerung,CRO,1,immer,"jahr, tag, nacht, heute, nie","Und immer dann wenn es nach oben geht | Und immer wenn ich dann am Boden bin | Ey sorry, immer noch broke, keine Kohle am Start | Noch immer ohne Vertrag, noch immer ohne die Charts | Noch immer weit entfernt von irgend nem Millionenbetrag | Und immer dann wenn es nach oben geht | Und immer wenn ich dann am Boden bin | Und immer dann wenn es nach oben geht | Und immer wenn ich dann am Boden bin",4XF4ZDKXUeJUqfF1qDVerS
Bad Chick,CRO,1,immer,"monat, nacht, gestern, heute","Ey, egal, wie viel Uhr, ich bin immer zu spät | Der Typ aufm Sofa, der immer nur schläft | Immer nur gähnt, immer nur fehlt | Und immer wenn ich bei ihr penn', mache ich kein Auge zu | Stellt meinen Wecker immer drei Stunden nach | „Oh, man, kann doch nicht dein Ernst sein. Alter, kotzt echt an, dass du immer zu spät bist.“ | „Nee, nee, immer so blöde Ausreden, irgendwelche Mädchen, dir fällt immer irgend'n Quatsch ein.“",7H2fsBhT608o7R6lsfZ2gJ
Wir waren hier II,CRO,1,tag,"sommer, nacht, heute, immer, nie",,3aJFSX8G1YaVEu1pZtB47s
Du,CRO,1,nie,"tag, bald","Und jeder Club spielt ihr Lieblingslied, sie will nie wieder heim, yeah | Ich will nie wieder weg, denn es ist cool | Ich will nie wieder weg, denn es ist cool | Ich will nie wieder weg, denn es ist cool | Ich will nie wieder weg, denn es ist cool | Ich will nie wieder weg, denn es ist cool | Ich will nie wieder weg, denn es ist cool",0iVUirMdCUcLe04AUnxxNd
Einmal um die Welt,CRO,3,"morgen, morgen, nie","tag, heute","Gib mir nur deine Hand, ich kauf' dir morgen die Welt | Denn ab heute leb' ich jeden Tag, als ob ich morgen tot wäre | Gib mir nur deine Hand, ich kauf' dir morgen die Welt | Gib mir nur deine Hand, ich kauf' dir morgen die Welt | Gib mir nur deine Hand, ich kauf' dir morgen die Welt | Gib mir nur deine Hand, ich kauf' dir morgen die Welt | Denn ab heute leb' ich jeden Tag, als ob ich morgen tot wäre | Gib mir nur deine Hand, ich kauf' dir morgen die Welt | Gib mir nur deine Hand, ich kauf' dir morgen die Welt | Gib mir nur deine Hand, ich kauf' dir morgen die Welt | Baby, bitte mach dir nie mehr Sorgen um Geld | Baby, bitte mach dir nie mehr Sorgen um Geld | Sie kann sich kaufen, was sie wollte, doch nie hatte | Baby, bitte mach dir nie mehr Sorgen um Geld | Baby, bitte mach dir nie mehr Sorgen um Geld",7zIoLnb51purKkmx7t79bh
Ein Teil,CRO,1,immer,,"Für immer ist noch ganz schön lang, ich glaub', das war's, leb wohl, bis dann | Du bist nicht mehr intressant, aber hängst noch immer an der Wand | Für immer ein Teil von mir | Für immer ein Teil von mir | (Für immer ein Teil) | Für immer ein Teil von mir | Für immer ein Teil von mir | (Für immer ein Teil)",2m12tvHgk0NQP0B8h4i0yO
Whatever,CRO,2,"morgen, morgen","woche, nacht, heute, nie","Denn mir ist scheißegal, was morgen kommt | Denn mir ist scheißegal, was morgen kommt | Denn mir ist scheißegal, was morgen kommt | Denn mir ist scheißegal, was morgen kommt | Denn mir ist scheißegal, was morgen kommt | Denn mir ist scheißegal, was morgen kommt | Denn mir ist scheißegal, was morgen kommt | Denn mir ist scheißegal, was morgen kommt | Denn mir ist scheißegal, was morgen kommt | Denn mir ist scheißegal, was morgen kommt | Denn mir ist scheißegal, was morgen kommt | Denn mir ist scheißegal, was morgen kommt",5gEoXMr5k4d43lW7Y5JOo3
Chillin,CRO,1,immer,"tag, heute, nie","Du und ich allein in deiner kleinen Bude immer noch im Bett und chillen | Wenn ich sage du bist immer noch das Allerbeste was mir je passiert ist, na dann ist das untertrieben | Immer, immer, immer, immer, immer | Immer, immer, immer, immer, immer | Würdest du mir nicht immer den Mund verbieten | So wie Sterne am Tag und immer wieder merk ich, wie selten ich sag, wie sehr ich dich mag | Deine ehrliche Art und es wird immer mehr seit dem ersten Tag | Und ja ich weiß, es ist nicht immer leicht und wir beide haben leider hin und wieder Streit | Jeder von uns beiden weiß, das Leben ist so schnell vorbei und deshalb lass uns doch so tun als hätten wir für immer Zeit doch irgendwann alles wieder so… | Immer, immer, immer, immer, immer | Immer, immer, immer, immer, immer",7HQwB25ucRKvtTed1wfKgX
Wie Du,CRO,1,nie,immer,"Du bist immernoch mein Lieblingsmensch, bist nie verklemmt, wohin es geht, du schiebst den Benz | Du bist immernoch mein Lieblingsmensch, bist nie verklemmt, wohin es geht, du schiebst den Benz | Doch sie ruft mich nicht an, sie meldet sich nie, als hätte sie kein' Plan wie man 'n Telefon bedient | Du bist immernoch mein Lieblingsmensch, bist nie verklemmt, wohin es geht, du schiebst den Benz",5nTIFhiEQAsOhl7LBdqdSO
ASZENDENT BITCH,Ikkimel,1,immer,nie,"Ich bin wie ein Subway-Sandwich, ich bin immer frisch belegt (Ah, ah) | Fotzenstyle kommt immer geil | Ich hab' immer Spaß beim Frauenarzt | Fo-Fotzenstyle kommt immer geil | Fo-Fo-Fotzenstyle kommt immer geil",17nC1WwJOz67JD5xwBMCD2
ICH SEH GUT AUS  Lenny Fuck Remix,Ikkimel,1,immer,,"Jeden Abend wird es spät, weil ich geb' immer gut aus (Gut) | Ich geb' immer gut aus (Gut) | Jeden Abend wird es spät, weil ich geb' immer gut aus (Gut aus) | Jeden Abend wird es spät, weil ich geb' immer gut aus (Aus) | Ich geb' immer gut aus (Gut)",7KvKiNtJB5N8yEKnYNyfnO
ZOOM CALL,Whitey en vogue,1,montag,"donnerstag, woche, heute",,1m4juqM2fqfLfKMYKUJB0h
SWEET BABY JESUS  Let It Snow,Ikkimel,1,immer,,"Ich hab' immer harte Nippel, komm' ich trotzdem in den Himmel? | La-lass mich für immer geil bleiben, ah, salve, Bitches | Ich hab' immer harte Nippel, komm' ich trotzdem in den Himmel? | Ich hab' immer harte Nippel, komm' ich trotzdem in den Himmel? | Ich hab' immer harte Nippel, komm' ich trotzdem in den Himmel? | Ich hab' immer harte Nippel, komm' ich trotzdem in den Himmel?",0Qn1aGvjdyex7v7nFSIYIp
SWEET BABY JESUS,Ikkimel,1,immer,,"Uh, uh, ich hab' immer harte Nippel | La-lass mich für immer geil bleiben, ah, salve, Bitches | Uh, uh, ich hab' immer harte Nippel | Uh, uh, ich hab' immer harte Nippel (Oh, oh) | Uh, uh, ich hab' immer harte Nippel | Uh, uh, ich hab' immer harte Nippel",6lz00XY25dd3VTK78QmcK6
FEIERABEND,Ikkimel,1,immer,heute,"Für dich bin ich immer noch Ikkimel der Bastard | Für dich bin ich immer noch Ikkimel der Bastard | Für dich bin ich immer noch Ikkimel der Bastard | Schätz ma' meine Nummer, da ist eh immer besetzt (Ah) | Für dich bin ich immer noch Ikkimel der Bastard | Für dich bin ich immer noch Ikkimel der Bastard",3UPcqd5AOkppcbhkWI2Rfq
RAN AN DIE BULETTEN,PA69,1,heute,"immer, nie","Baby, lass dich geh'n, denn heute wird nicht gelöffelt | Baby, lass dich geh'n, denn heute wird nicht gelöffelt | Baby, lass dich geh'n, denn heute wird nicht gelöffelt | Baby, lass dich geh'n, denn heute wird nicht gelöffelt | Baby, lass dich geh'n, denn heute wird nicht gelöffelt | Baby, lass dich geh'n, denn heute wird nicht gelöffelt",4iHgHwghOMGzqX9kZ0QgHY
TIPPS VON MIR,Ikkimel,2,"immer, nie",,"Regel Nummer eins: Fotos immer editiert | Regel Nummer eins: Fotos immer editiert | Piercings immer gut, so Zunge oder Bauch | Regel Nummer eins: Fotos immer editiert | Regel Nummer eins: Fotos immer editiert | Wenn sie reden, fall ihn'n immer ins Wort | Das kommt immer sehr gut, vertrau mir | Cockblocken immer gut, es sei denn, du willst ficken | Regel Nummer eins: Fotos immer editiert | Regel Nummer eins: Fotos immer editiert (Ja) | Vergiss nie deine Freunde, wenn du hast viel Bares (Vergiss sie nicht) | Vеrgiss nie deine Freunde, wenn du hast viel Bares (Mh-mh) | Vergiss nie deine Freunde, wenn du hast viel Bares | Vergiss nie deine Freunde, wenn du hast viel Bares | Vergiss nie deine Freunde, wenn du hast viel Bares (Vergiss sie nicht) | Vergiss nie deine Freunde, wenn du hast viel Bares (Ey)",09WZdoBnw7iQ9HIuvaH8yZ
