name,artist,totalMatches,foundWords,unplayableWords,matchedLines,track_id
Kalorier  kokain,Hov1,1,i,"upp, under",För det finns inga kalorier i kokain | Och det finns inte något gluten i ketamin | För det finns inget vackert i någonting | Det finns inte någon skam i en walk of shame | För det finns inga kalorier i kokain | Och det finns inte något gluten i ketamin | För det finns inget vackert i någonting | Det finns inte någon skam i en walk of shame,4GVknQFMoAQiih18N9itGG
Försent,Hov1,1,i,"mitten, fram, ut","Försent för en Greklandresort i mitten av sommaren | Du stod och vänta i entrén, men jag gick aldrig tillbaks | Jag kom sent, men jag har aldrig varit i tid | Jag kommer sent till min begravning, jag är sen i nästa liv | Jag trodde ändå alltid att det ska bli vi, jag skiter i | Och jag har vadat runt i dy, jag har svalt en tår | Har velat fly från den här stan i så många år | Jag har tröttnat på det mesta, testa gå i mina skor | Det är inte tårar, det är tårgas i himlen ikväll",1U49LNwMAgAwlLMQxeqWL6
Gamora,Hov1,1,i,ut,"Jag har en bad bitch, hon bor där i Dandеryd | Hon har gjort mycket för att åka i en gangsters bil | Du vet det mycket som händer i en gangsters liv, yeah | Hon får en fucking G, bror, gå spränga in i Prada | Säger att du hatar oss men lärt dig varje ord i smyg | Och hennes härlighet, den doftar gott i varje väderlek | Bara peka i butiken, den är din, darling",2Gd0oV24QsH0zb9nKFx7s5
Jag kommer,Veronica Maggio,2,"i, ut",upp,"I taxin, i trappen, i hissen, i hallen, jag faller, faller | Tiotusen meter upp i luften ser jag allt så klart (Allt så klart) | I taxin, i trappen, i hissen, i hallen, jag faller, faller | I taxin, i trappen, i hissen, i hallen, jag faller, faller | I taxin, i trappen, i hissen, i hallen, jag faller, faller | I taxin, i trappen, i hissen, i hallen | Du, håll ut, du vet att | Du snälla vänta, vänta, håll ut | Du, håll ut, du vet att | Du, håll ut, du vet att",5M2y8QdDepGYMsWyxhoxQU
Ikväll Igen,Bolaget,1,i,,Och jag har legat naken i en cell | Och jag har legat naken i en cell | Och jag har legat naken i en cell | Nu ville du va han som försvann i det här | Och jag har legat naken i en cell | Och jag har legat naken i en cell | Och jag har legat naken i en cell,4o5Ob60pz8QHcFKcr4MWyf
Välkommen in,Veronica Maggio,2,"upp, i",ner,"Jag bor fyra trappor upp och du är välkommen in | För det är kö från gatan upp till hallen | För det är kö från gatan upp till hallen | Ja, det är det är kö från gatan upp till hallen | Flackande blickar upp och ner och igen, åh | För det är kö från gatan upp till hallen | För det är kö från gatan upp till hallen | Du, jag slänger ner en nyckel ifrån fönstret i köket | Massa skor i hela hallen, folk vid fläkten som röker | Det är fest hos mig i kväll och hela världen är min | Nu är alla i mitt kök och jag är alldeles paj",5MEuFY2DxrozPEgGpR8Fji
Sommartider,Gyllene Tider,1,i,ute,"Snurra runt i en stad som glöder | Som viskar, ""Bli min i natt"" | Läppar mot läppar som tar mig i land | Lev ditt lev i den tid som brinner | Läppar mot läppar, två hjärtan i brand | Läppar mot läppar som tar mig i land | Läppar mot läppar, två hjärtan i brand",1d1BeKPNgaQ36wcxGqnfU3
Trädgården en fredag,Veronica Maggio,2,"ner, i","långt, ut","Dom har legget i handen, blicken ner i marken, ingen blir vald | Dom har glitter på kinden, blicken ner i marken, alla på rad | Dom har legget i handen, blicken ner i marken, ingen blir vald | Dom har glitter på kinden, blicken ner i marken, alla på rad | Dom har legget i handen, blicken ner i marken, ingen blir vald | Dom har glitter på kinden, blicken ner i marken, alla på rad | Före i kön till trädgården en fredag? | Kan inte se svår ut, har handen i håret | Dom har legget i handen, blicken ner i marken, ingen blir vald | Dom har glitter på kinden, blicken ner i marken, alla på rad | ""Du är fin i neon"", sa du och jag tror att jag log | Dom har legget i handen, blicken ner i marken, ingen blir vald | Dom har glitter på kinden, blicken ner i marken, alla på rad | Dom har legget i handen, blicken ner i marken, ingen blir vald | Dom har glitter på kinden, blicken ner i marken, alla på rad",1oFoY6INRnHIpHY6ssPxBm
Töntarna,kent,1,ner,"upp, i","Så lägg dig ner och sov, lilla syster | Bara lägg dig ner och bida din tid nu | Lägg dig ner nu och sov, lilla syster | Bara lägg dig ner och bida din tid nu",6obXvjVF91KAeLNDOECFvi
Debut,Oskar Linnros,1,ner,"i, ut","Vi kan ta en paus i breaket, men nu går jag ner | Bara lägg dig ner | Det är första gången för mig med, bara lägg dig ner | Det är första gången för mig med, så lägg dig ner",1pz5OQpD60mtOyqX3fDf78
Egoist,kent,1,i,,Runt om i Sverige glöder bokbålen | Och plötsligt står du där övergiven i regnet | En fot i graven bland syrener och studenter | Och plötsligt står du där övergiven i regnet | En fot i graven bland syrener och studenter,6ZZA5LtiMyhmo4jU3oldOZ
Verkligheten,Veronica Maggio,1,i,ute,"Stanna kvar i tiden | Fin i tunnelbaneljuset | Skrev i imma, ""hjälp mig"" | Någon drar i dörren | Jag går som i en video",0ndLVZeY2xxbsphiUIK3JF
Förlåtelsen,kent,2,"långt, i",upp,"Nu är vi så långt, långt, långt, långt, långt | Alla hus i ruiner | Hand i hand med ett spöke | Finns det någon mening i att vänta på förlåtelsen, förlåtelsen? | Högt upp i ett sekelskifteshus | Och allting i min värld gick sönder | Finns det någon mening i att vänta på förlåtelsen, förlåtelsen?",4lgFAspCCj6QFU5Pk985kR
Drömmen har sagt sitt,Klara Keller,1,i,"upp, under",Din rygg den målas i zebramönster | Stoppljus färgat i blodrött | Står lutad mot en målad mur för mycket rödfärg i din kontur | Sina läppar togs i hans som att en ska bli två,4ti4WMgTHrusCrug8kfedk
Gjord av sten,Veronica Maggio,1,i,upp,"Fåglarna försvinner bort i fjärran och jag | Vet att det är nåt som står i vägen för att | Ingen orkar fråga sig i mörkret | Halvt i sömnen, halvt i drömmen",0jrcxfpLNXhbMGsHT0YkW8
För er,Daniel AdamsRay,1,i,"inne, långt, ut",Ett handslag i natten som får mig att tro att jag bottna | Nån satte klubben i brand (brand...) | Minns hur jag pekar mot himlen i Kenya | Dansar i natten till Miriam Makeba,1ih6Frm9HIWo9xYjDXKF7K
Ålen,Amason,1,i,"fram, ut","Byggt hus i en livbåt, åkt | Mitt i apokalypsen ska | Mitt i ingenstans | Mitt i ingenstans",29VkJ1UHrhjKaSlPRnSsK6
Nattpojken  Dagflickan feat Anna Ternheim,kent,2,"upp, i",,Du måste stå upp för sakerna du gör | Jag måste stå upp för sakerna jag gör | Vi måste stå upp för drömmarna vi säljer | Vi måste stå upp för sakerna vi gör | Nu är de luft i ett luftslott | Som maskrosfrön i vindarna | Nånting händer i mig | På min sida i striden för nu är det krig | En kyss i skyttegravarna?,4qx4LtQrMBRyy7oozNZuQ2
Snook svett  tårar,Snook,1,i,"upp, ner, ut","Jag rappade för fö-fö-fö-första gången i Rissne Centrum | Som Miklo i Blood In Blood Out | Vi är clownen med ess i ärmen | Men känner oss fanemej bäst i världen, så fuck you! | Jag flippar när jag hittar undanstoppade trumstockar i den garderob där vi spela in plattan | Och vilka förutom dubbel-O K har gjort det? Vi är kungar i år! | Tio år från 2006 är i våran tid lika med 2026",0Q74vFnksX7lUe8bhm5tGD
Alla vill till himmelen men ingen vill dö,Timbuktu,1,i,bakåt,"Och står någon i min väg, ja då smäller det bra | Så dom tvingar oss att simma runt i ett hav av lögn | Jag kanske hittar svaren i sista ronden | Så det hela resulterar i en nedåtspiral",6I1kZgg3bGrPKxhZOltbRW
Vadfanärdetmedmig,Nadja Evelina,1,i,ute,Orkar inte gråta biter mig hårt i läppen (i läppen) | Man är så gullig och kär i fucking Köpenhamn och | För det finns nästan ingenting fint kvar i världen ändå,3GVh6i812Qj0INRuj5JNW3
Alla drömmar är uppfyllda,Håkan Hellström,1,i,"upp, ner, fram, ut, under",De som aldrig fått näsan nedtryckt i livet | Asteroider i kuverten | Det de älskar dig för i början | Du har buntat ihop dig själv i verser,0zdIjvHllQn24vOZCzpbVu
Den vänstra stranden,kent,1,i,,"Gruset knastrar, dammar i vårsolen | Som tårar och blod i sanden | En vit ros i din hand | Som tårar och blod i sanden | En vit ros i din hand | Minnas varje detalj din tysta lilla etta där i regnet | Bästa de gled in i varann och försvann | Som tårar och blod i sanden | En vit ros i din hand",7rT0E6Zdt9pUXWg4E5UXVI
Hela huset,Veronica Maggio,1,i,"upp, ut",Går runt i T-shirt och är trött | Jag lånar någons stövlar i storlek fyrtiofem | Går runt i T-shirt och är trött | Går runt i T-shirt och är trött | Går runt i T-shirt och är trött,71CFZjdSm2WSh5S6TPd69A
Du står kvar,Ida Redig,1,ute,i,"Oh-oh, nånting där ute | Oh-oh, nånting där ute | Oh-oh, nånting där ute | Oh-oh, nånting där ute",2rHzX9RO1Rtv8nZNkoqBKK
Simrishamnsgatan,Llojd,1,i,nära,Jag är i en fas av hat | Mellan ljusen i Folkets park | Nästan vem som helst att hålla i | Nästan vad som helst att ligga i | Och somnar i trappen på nyårsafton | Trots nazister i riksdagen | Nästan vem som helst att hålla i | Nästan vad som helst att ligga i | Och somnar i trappen på nyårsafton | Som jag nyss hamnat i | Som jag nyss fastnat i,0jWjdBq3eQh5OWev7CbSUJ
Super 8,Little Jinder,1,i,fram,"Det är lite kallt i fönstret nu men röken lugnar mig | Det ligger ensamhet i luften, ingen saknar mig | Det är bara steg som ekar tomt i tunneln bakom mig | Det ligger ensamhet i luften, ingen saknar mig | Tror kroppen dunsta i min saknad, den är kvar hos dig | Det ligger ensamhet i luften, ingen saknar mig",1eYX9oRvZFiWrtac2v1H9F
La Belle Epoque,kent,1,i,,Jag är tårgas i handväskan | Jag är med i Ravekommisionen | Jag är dimman i minneslunden | Jag är kniven i innerfickan | Jag röstar inte längre i valet | Jag är de som går in i väggen | Jag bor i den största staden,4uL4P9fbyFQIbVO5WLEhmU
Den sista sången,kent,1,i,,Svala stillahavsvindar lekte i ditt hår | Med tårar i ögonen | Allt fanns i ögonen | Allt finns i ögonen | Vi lämnade blodstänk i spåren | Men i minnet blåser vindarna | Dina wayfarers i ditt hår | De sjöng i kör,0C0AlZKEPGUzpePvzqwkxP
Fuldans,Fulkultur,1,ut,"ner, framåt",Du verkar tycka jag ser dum... ut | Det ser bara psykopatiskt ut | Det ser bara psykopatiskt ut | Det ser bara psykopatiskt ut,0F2lR2lRl4EkSoSvF5RUW0
Boten Anna  Radio edit,Basshunter,1,i,upp,Hon röjer upp i våran kanal | Hon röjer upp i våran kanal | För i mina ögon är hon | Hon röjer upp i våran kanal,4rino0wsmUcK36Ro4CCrke
Ser du månen där du är ikväll Tillsammans igen,Thomas Stenström,1,ner,"upp, långt, i, ut","Ta min hand så tar vi ner den | Rakt ut i mörkret ner mot stadens ljus, lyser allt vi lämnat kvar | Ta min hand så tar vi ner den | Ta min hand så tar vi ner den | Ta min hand så tar vi ner den",4SLYrBfzgbLmiEdoKajyHL
Längesen feat Veronica Maggio,Petter,2,"upp, i","ner, låg, fram, ut","Varför jag aldrig släppt det och aldrig gett upp | Jag gav aldrig upp dig när du försvann | Känslor bubblar upp utan att tänka tillbaks | För allt som flyger upp måste landa till slut | Jag gav aldrig upp dig när du försvann | Sen den stunden satt jag fast i ett nät, förtrollad, bunden | Tappa hjärtat i knät, kunde inte tänka logiskt eller sunt | Började sakta uppvakta på avstånd i brev | Tar tag i din hand, du brister ut i ett skratt | Och drömmar i mitt liv har jag aldrig förlagt",5VkQnKKveR6C7MngcsoZ6P
Trakten min,Yasin,1,i,"upp, hög, inne, ut","Jag springer runt i trakten från hörn till hörn | Ah, väktarna de klagar, det stinker i hela klubben | Jag skiter i din hunger, det handlar om produkten | Du vet jag är i huset så fort du känner lukten | Du kan inte va i trakten min om du inte härifrån, härifrån | Du kan inte va i trakten min om du inte härifrån, härifrån | Jag har huvudet i spelet | Jag är uppväxt i knas | Du kan inte va i trakten min om du inte härifrån, härifrån | Du kan inte va i trakten min om du inte härifrån, härifrån",2HuMRW4PILLHwRb21oUhdO
Se på mig nu feat Linnea Henriksson  Singelversion,Petter,2,"ner, i","vänster, långt, fram, ut","Jag dansar tills kristaller faller ner mot min hud | Om allt rasar, faller jag ner | Jag dansar tills kristaller faller ner mot min hud | Jag dansar tills kristaller faller ner mot min hud | Borta i tankar och märker det knappt | Ljussken som glittrar i mörkret | Men hon drar mig i tröjan, tätt intill | Har speglat mig i timmar för att hitta nån som du | Klänningen skiner, ser din glöd i natt | Jag är så blyg, jag tittar i smyg | Det är då jag ser dig i vimlet | Har speglat mig i timmar för att hitta nån som du | Vill ta dig i handen, lämna nu | Din blick? Sliter i stycken | Någon drar i mig, men det är inte du | Har speglat mig i timmar för att hitta nån som du",7rklm17yoayxw45lpzv5uv
Svag,Victor Leksell,1,i,upp,Men jag kan inte va i samma rum som dig | Men jag kan inte va i samma rum som dig | Nu vill jag bara va i samma rum som dig | Men jag kan inte va i samma rum som dig,4SS4YfDAEQG0fZAe1xfgn3
Ansvar feat Eye NI,Petter,1,i,"upp, ner","Kollar mig i spegeln, aldrig ångrar nåt | Har satt mig i knepiga situationer (Yeah) | Jag vill kasta pengarna i sjön | Känna blodet koka i mig | Lik en gecko, ödla som stenat och fastnat i position | Jag sitter lugnt kvar i botten, fast jag väntar på | Jag vill kasta pengarna i sjön | Känna blodet koka i mig | Jag vill kasta pengarna i sjön | Känna blodet koka i mig",01pOAvqEUFkWnm1WnUt02U
Lose my mind,Myra Granberg,1,i,"nära, ut",Så jävla trygg i smuts och damm | När kyrkklockor ringer ut i moll | Jag håller i dig så du nästan blöder | Håller du hårt i mig så håller jag hårt i dig | Håller du hårt i mig så håller jag hårt i dig,5D2ZobLrLLFcPoOWw5YE0e
Sol vind och vatten,Ted Gärdestad,1,i,ut,"För jag tror, jag tror på friheten jag lever i | Men det är på dig jag tänker i hemlighet | Men än doftar blommorna i skuggornas dal | Men det är på dig jag tänker i hemlighet",0lwJH1BDr8Z4wfXvi6yC9y
Jag lovar,Veronica Maggio,1,i,,Står kvar i hamnen och mår illa | Handen i fickan fast jag bryr mig | Du hade säkert ångrat dig i dag (Hey!) | Minns inget från i går kväll (Jag lovar!) | Du hade säkert ångrat dig i dag,72VZdaavE1q0kHihIfr8eh
Ett sista glas,Miriam Bryant,1,i,ut,De lät jag gå i vänners lag | Så finns en kille här i stan | Han har mitt hjärta i förvar | Så finns en kille här i stan | Han har mitt hjärta i förvar,1SZDQMXX1FrA97YY7Lt3Fj
Spontanitet,Kaliffa,1,upp,"i, ut","Fucka upp nåns smink, spontanitet | Du pressar din grej, upp emot mig | Fucka upp nåns smink, spontanitet | Fucka upp nåns smink, spontanitet | Fucka upp nåns smink, spontanitet",6MdKTNPEDaD8HLRSyRISAd
Från och med Du,Oskar Linnros,2,"i, ut",,"Står i din port, står bara still | Ser dig på blåa i april | I telefon, i nya jeans | Och i din port har ingenting | (Somliga ljus brinner aldrig ut) | Står inte ut, står inte ut | Somliga ljus brinner aldrig ut",6sjGsKuInpaK3uoaWGe22W
Satellit,Ted Gärdestad,2,"upp, i","ner, fram, ovanför","Åh, som en satellit, högt upp i det blå | Åh, som en satellit högt upp i det blå | Åh, som en satellit högt upp i det blå | Åh, som en satellit högt upp i det blå | Åh, som en satellit högt upp i det blå | Åh, som en satellit högt upp i det blå | Åh, som en satellit högt upp i det blå | Åh, som en satellit, högt upp i det blå | Åh, vad världen är liten ändå (Högt i det blå) | Åh, som en satellit högt upp i det blå | Åh, som en satellit högt upp i det blå | Åh, vad världen är liten ändå (Högt i det blå) | Åh, som en satellit högt upp i det blå | Åh, som en satellit högt upp i det blå | Åh, som en satellit högt upp i det blå | Åh, som en satellit högt upp i det blå",10AwlsmVEASSiWORkKcgRo
Över dig,Newkid,1,under,"upp, i",Jag vill hellre va under eller över dig | Jag vill hellre va under eller över dig | Jag vill hellre va under eller över dig | Jag vill hellre va under eller över dig | Jag vill hellre va under eller över dig | Jag vill hellre va under eller över dig | Jag vill hellre va under eller över dig,0yMqsfOKzzKnUqPtsSmwVy
Eiffeltornet,Ted Gärdestad,2,"ner, i",upp,"Jag tänker hoppa ner från Eiffeltornet om du sviker mig | Mmm, jag hoppar ner från Eiffeltornet om du lurar mig | Åh, jag hoppar ner för Eiffeltornet om du lurar mig | Jag tänker hoppa ner från Eiffeltornet om du sviker mig | Åh, jag hoppar ner från Eiffeltornet om du lurar mig | Jag såg i tidningen att nu finns det en chans | Men jag hoppas att jag stoppas i hissen upp av dig | Men jag hoppas att jag stoppas i hissen upp av dig | Men jag hoppas att jag stoppas i hissen upp av dig",1bqIqDtDl9BJYKwppd9bbK
Vill ha dej,Style,2,"fram, i","upp, låg","Åh, jag lättar, jag flyger, jag svävar fram | Åh, jag lättar, jag flyger, jag svävar fram | Åh, jag lättar, jag flyger, jag svävar fram | Åh, jag lättar, jag flyger, jag svävar fram | Åh, jag lättar, jag flyger, jag svävar fram | Åh, jag lättar, jag flyger, jag svävar fram | Åh, jag lättar, jag flyger, jag svävar fram | Vi har gått i samma klass i snart ett år | Vi går i första ring, men jag fattar ingenting | Vill ha dig i mörkret hos mig | Vill ha dig i mörkret hos mig | Jag låg och grubbla, ensam i min stora säng | Vill ha dig i mörkret hos mig | Vill ha dig i mörkret hos mig | Vill ha dig i mörkret hos mig | Vill ha dig i mörkret hos mig | Vill ha dig i mörkret hos mig",1gprScNuzOM4pOQuE2VQk7
När vindarna viskar mitt namn,Roger Pontare,1,i,,"Jag blev fångad i ett mörker, jag såg inget ljus | Fast allt runt omkring stod i brand | Jag ser yxan i krigarens hand | Jag ser yxan i krigarens hand | Jag ser yxan i krigarens hand",6NfqYh7rujA0HOLhYhJTSJ
Miss Decibel,Medina,1,i,upp,"Och jag känner samma sak än i dag, även fast jag är din slav | Det säger bara pop-pop som flaskorna i Båstad | Och jag känner samma sak än i dag, även fast jag är din slav | Ända in i skelettet känner jag din själ | Vi har krigat i många nätter, bråkat i många dar | Ända in i skelettet känner jag din själ | Vi har krigat i många nätter, bråkat i många dar",1DLgyG3oqFB1pZacMOsdLB
Min kärlek,Shirley Clamp,1,i,upp,En dag i sänder | Så klar som en stjärna i natten | Sin väg i det djupaste vatten | Så klar som en stjärna i natten | Sin väg i det djupaste vatten | Så klar som en stjärna i natten | Sin väg i det djupaste vatten (Oohh),5dpkOqj8pVFn3nS8OvMJNG
Värsta schlagern  Radio Version,Markoolio,1,i,upp,Och titeln ska sitta som ett slag i magen | Och titeln ska sitta som ett slag i magen | Så allihopa håll i hatten nu | Och titeln ska sitta som ett slag i magen,05B2RicVswcCU2To7wPVtw
Tillfälligheter,Veronica Maggio,1,i,,"Med lugg i ögonen och alltid blyg (Med lugg i ögonen och alltid blyg) | Önskar bara att jag aldrig haft handen i ditt hår, tungan i din mun | Jag önska bara att jag aldrig fått träffa din familj, din nyckel i min hand",0rBj6lYQUMHwTJ33sdj6Qz
Evighet,Carola,1,i,,Du finns i varje andetag | Du är den värld jag lever i | Det blåser en vind i hjärtat som brinner | Långt bortom allt i evighet,6XGIQNU8VmOBRIdL5OBYKp
Ingen sommar utan reggae,Markoolio,1,i,"upp, ner, ute","Ligga o gassa i Visby o jassa | Hälsa på morsan i stugan i Skanör | Ja, jag sa Reggae (Jag får se lite händer i luften nu då) | Ute servering, mitt i stan (hehe) | På kvällen, grillfest i nån park | Åka båt i sött och salt | Bara glida runt i shorts och linne | Bira i handen | Då faller alla ner i gråt | Ja, jag sa Reggae (Jag får se lite händer i luften nu då)",5YuLlTsWYK9uslUdGM83dJ
Bra vibrationer,Kikki Danielsson,1,i,,"Visst fanns det andra i mitt liv | Varje gång du tar min hand i din | Att ha dig i min närhet | Men i natt, vet jag att | Varje gång du tar min hand i din | Varje gång du tar min hand i din",0FSlaiuv4eBrrjz05jpxz6
E det fel på mej,Linda Bengtzing,1,i,"upp, ner",Som kan plocka i en diskmaskin | Men ändå i min fantasi | Finns en annan i mitt liv | Men ändå i min fantasi | Finns en annan i mitt liv | För någonstans i fantasin | Finns en annan i mitt liv,3Xu7jqTBv5dpYAWIjPwit1
Sensuella Isabella,Tomas Ledin,1,i,ner,"Och trillar rakt ner i din fälla | Du viskar hest i mitt öra, ""Vad ska vi göra?"" | Dansa på min mage, ryck mig i min svans | Jag viskar artigt i ditt öra: ""Får man förföra?"" | Dansa på min mage, ryck mig i min svans | Dansa på min mage, ryck mig i min svans | Dansa på min mage, ryck mig i min svans",3gix2z7XVD0siCCBf37A4X
Vi drar till fjällen,Markoolio,1,i,"upp, fram","Se upp i backen | Utmattad och helt paj i kroppen | Se upp i backen | Fixar brallorna med tejp jag tjacka i macken | Provar igen ""tusen hål i nacken"" | Ligger i hundratjugo i kuperad terräng | Plötsligt ""smack"" in i en gran | Se upp i backen",4IxxFoYgZJ7tGoklB6UCOr
Gå  fiska,Gyllene Tider,1,ut,"vänster, höger, i","Åker ut, ut och fiskar (Oh, oh, oh) | En chans att andas in, andas ut | Åker ut, ut och fiskar (Oh, oh, oh) | En chans att andas in, andas ut | Andas ut | Din chans att andas ut | Åker ut, ut och fiskar (Oh, oh, oh) | En chans att andas in, andas ut",0qOaBijMN2tDbSDogOmhYC
Kung för en dag,Magnus Uggla,1,i,"upp, ut","Men i samma stund | Man är kung, kung, kung i baren | Man är kung, kung, kung i baren | Tvingas sätta stereon i pant | Man är kung, kung, kung i baren | Man är kung, kung, kung i baren | Man är kung, kung, kung i baren | Man är kung, kung, kung i baren",1DzYDC7LD4dyKSp0AeLj63
Tusen och en natt,Charlotte Perrelli,1,i,"upp, nära","Himlens alla stjärnor lyser upp i natten | Du finns i mina drömmar | Om du älskar mig i tusen och en natt | När det ljusnar vill jag vara i din närhet | Du finns i mina drömmar | Om du älskar mig i tusen och en natt | Skuggor som faller i den blåa skymningen | Du finns i mina drömmar, tusen och en natt | Om du älskar mig i tusen och en natt | Ooo, för jag ska älska dig i tusen och en natt",6JIwvW8ioos5KFp0Q0mS3Y
Herr Mannelig,Garmarna,1,i,ut,Herr Mannelig herr Mannelig trolofven i mig | Om i viljen eller ej: | Herr Mannelig herr Mannelig trolofven i mig | Om i viljen eller ej: | Herr Mannelig herr Mannelig trolofven i mig | Om i viljen eller ej: | Stridsplatsen skolen i väl vinna | Herr Mannelig herr Mannelig trolofven i mig | Om i viljen eller ej: | Herr Mannelig herr Mannelig trolofven i mig | Om i viljen eller ej: | Herr Mannelig herr Mannelig trolofven i mig | Om i viljen eller ej: | Herr Mannelig herr Mannelig trolofven i mig | Om i viljen eller ej,2ovD5JwItQasZDVBJgarfK
Den första är alltid gratis,Veronica Maggio,1,i,,Är född med trubbel i mitt blod | Det kostar ingenting i början | Står alltid först i alla led | Det kostar ingenting i början | Är född med trubbel i mitt blod,5barc5pR0YG8wm2Kecqxyz
Caramelldansen,Caramella Girls,1,vänster,upp,Ta några steg åt vänster | Ta några steg åt vänster | Ta några steg åt vänster | Ta några steg åt vänster | Ta några steg åt vänster,7MwwPyZJ7UKFROj2oVnH6R
Händerna mot himlen,Petra Marklund,2,"upp, i",,"Händerna upp i luften | Händerna upp i luften, vi ska bli fulla | Händerna upp i luften | Händerna upp i luften, vi ska bli fulla | Tror du att vi kommer leva lyckliga i alla våra dar? | Händerna upp i luften | Hamnar i himlen, där änglarna gråter | Händerna upp i luften, vi ska bli fulla | Händerna upp i luften | Hamnar i himlen, där änglarna gråter | Händerna upp i luften, vi ska bli fulla",14AJI1RloVWTh8bJe9gBPM
Själens skrubbsår,Mando Diao,1,i,ut,Med skörade segel drev båten i land | Rosen av frost dör i solstrålens glans | Som lögnen i sanningens ljus | Dimmorna lättar i minnenas land,4gORhI3PNglK7JHL5WeLKl
Kajanaland,Vasas flora och fauna,1,i,upp,"Jag har fått ett jobb i Kajanaland | För nu har jag fått jobb i Kajanaland | Nå, nu har jag ett jobb i Kajanaland | Nu packar jag i väg mot himlens rand",0LAjfEwZE58Job2o7bGsLl
Sordin,Iiris Viljanen,1,i,ut,Jag är i mitt nya hem | Här är jag i nya händer | Jag stannar här i min säng | Vakar du i min sal,0j1V3RqSFwicuJ1fQ4O9lx
Blå,Maja Gödicke,1,i,låg,"Mamma sa bli inte kär i en doktorand | Så jag, bet mig i läppen för hjärtat krossade | Trasiga drömmar i vår tambur | Resa mig i sista ronden | Resa mig i sista ronden | Resa mig i sista ronden | Resa mig i sista ronden",6OyURAWisqW2PIVxFpF9EW
Ibland gråter jag bara för att tiden går,Marit Bergman,1,i,,"Jag har bott vid en landsväg i hela mitt unga liv | Sara, ta mig i handen, du är min bästa vän | Knyt på dina Martens så drar vi i skymningen | Vi dansar i lera med dimma i ögonen | Det som sken så klart i oss då, finns det nånting kvar | Tisdag morgon i mars ser dem frysa vid Fridhemsplan | Vi bor på samma linje men inte i samma stad",3qhYl8zFudxYVMeOnq9j9r
Jag är en idiot,Ludwig Bell,1,i,,Kom häll mer salt i mina sår | Kom häll mer salt i mina sår | Två hinkar salt i mina sår | Kom häll mer salt i mina sår | Två hinkar salt i mina sår,71a4XKZQzF6kFpUWYWte3e
Amerika,1987,1,i,,Är du kvar i Amerika? | Är du kvar i Amerika? | Är du kvar i Amerika? | Är du kvar i Amerika? | Jag är här i Amerika?,0gseT0WDmRTXqpqsfP8ygZ
Ett steg fram,Junie,1,bak,"fram, ut","Och jag tar två steg bak | Och jag tar två steg bak | Och jag tar två steg bak | Och jag tar två steg bak | Och jag tar två steg bak, mm | Och jag tar två steg bak, mm | Och jag tar två steg bak (Ett steg bak) | Och jag tar två steg bak (Ja, ja, yeah, whoa)",2qnIZKUoJxwZjUbMqW2KYz
Du gamla Du fria,Ida Redig,1,i,,"Ja jag vill leva, jag vill dö i norden | Ja jag vill leva, jag vill dö i norden | Jag byter dig ej mot allt i en värld | Nej jag vill leva, jag vill dö i norden | Nej jag vill leva, jag vill dö i norden | Ja jag vill leva, jag vill dö i norden | Ja jag vill leva, jag vill dö i norden",1HqMkGAXTQFOBp4myl8G31
Andromeda,kent,1,i,"upp, långt",Vi var kids (Just kids) i en spökstad | Kommer eka mycket högre i en död stad | Även om det går i tusen bitar | Vi var kids (Just kids) i en spökstad | Kommer eka mycket högre i en död stad | Vi var kids (Just kids) i en spökstad | Kommer eka mycket högre i en död stad,4kDxEgxDsxbvepRR3LwpOn
Max 500,kent,1,i,,500 mil i snön | Och i en blixt ser jag | Som magi ett ljus man drunknar i | 500 mil i snön | Och i en blixt dansar | Som magi ett ljus man drunknar i | 500 mil i snön | På magi ett ljus man drunknar i,770E8KGmhSNiv6tD7PQ55E
Alla dessa gånger,Victor Leksell,2,"nära, i",långt,"Alltid när du grät så var jag nära dig, nära dig | Alltid när du grät så var jag nära dig, nära dig | Alltid när du grät så var jag nära dig, nära dig | Du håller fast i mig, vill lämna allt | Det nått så kallt i dig, du är så fast | Du håller fast i mig, vill lämna allt | Det nått så kallt i dig, du är så fast",6zOl4SRKOapc0rQmJQ1Fjm
Vad jag kan nå,Wiktoria,1,i,"långt, ut",Men jag lockas ut till havet som drar i mig med sin kraft | Ifall vinden i seglet på havet är med mig | Men här i min själ finns en annan ton | Vill att vinden i seglet på havet är med mig,4ms1Vy7ta7b7cpAksfoMT4
God Morgon,Ida Redig,1,i,fram,"God morgon, har du sett nått glatt i tidningen? | Se här kommer dagen, gladare i sinnet | Flaggan i toppen, ömsa gamla skinnet | Se här kommer dagen, gladare i sinnet | Flaggan i toppen, ömsa gamla skinnet | Se här kommer dagen, gladare i sinnet | Flaggan i toppen, ömsa gamla skinnet",0gPbQF0inZBrudiuEPAm4a
Visa vid vindens ängar,Mats Paulson,1,i,,Det fladdrar till i en tyllgardin | Med sol och blomdoft i melodin | Jag bara lyssnar i björklövssal | Det fladdrar till i en tyllgardin | Med sol och blomdoft i melodin | Det går en flicka i aspelunden | Det fladdrar till i en tyllgardin | Med sol och blomdoft i melodin,2f9Wq2T8qty2EmsUMNNPxq
Döda hjärtan kan slå igen,Daniel AdamsRay,1,i,ut,"Vissa kommer lyckas men ingen i vårat gäng | Hade några spänn i månaden men aldrig nån månadspeng | Och jag dansar i skenet som faller över våran bänk | Våra namn i våt cement, jag kan se dem stå där än",4CZAKCH7hNagnKhJe60IyU
Brev från kolonien,Cornelis Vreeswijk,1,i,ut,Vi bor tjugoåtta gangstergrabbar i en | Ute i skogen finns baciller | När vi släppte ut en huggorm i matsalen | Och som han säljer i baracken nästan gratis | Ute i skogen finns det rådjur,4bl8idKCKkuvOyHRFSWot4
Somliga går med trasiga skor,Cornelis Vreeswijk,1,i,,Gudfader som i himmelen bor | Gudfader som i himmelen bor | Ner i din mörka grav | Dolt i min älsklings hår | Djävulen som i helvetet bor,3RziapqS8nr6DiejCtI3cd
Jag ska fånga en ängel,Ted Gärdestad,1,i,"upp, ut",Ängel i sjunde himlen | Ängel i sjunde himlen | Även om ditt samvete kommer i kläm? | Ängel i sjunde himlen | Ängel i sjunde himlen,3No0idjeViPyWDP4gh1YGo
En midsommarnattsdröm,Håkan Hellström,1,i,"upp, låg, under","Som växte i takt med himlen | Låta det explodera i skyn | Satte mig i baksätet | Freakin' doktorer, tjugofem konstaplar i gathörnen | Du var alldeles runt hörnet, i kvarteret | Du var alldeles runt hörnet, i kvarteret - Överallt",2PD70CPXPOsnTxJdoaaN95
Ramlar,Håkan Hellström,1,ner,"upp, fram, i, ut",Och det är en lång väg ner | Och det är en lång väg ner | Lång väg ner | Det är en lång väg ner,6BvtcJlv2kdlUodAt7PD6c
Kom igen Lena,Håkan Hellström,1,i,"upp, mitten, nära, långt","Men det äter upp dig när du ligger i din säng | Jag vet att det bara är fantasier och nu är hon i mig | Men det struntar jag i | Och UT på synthesizer-golvet, NER i ljuva livet | När jag går RUNT här i feber, NERE vid kanalerna | (Åh, det är bara så det är, upp i taket Timo!)",4UDaVq5tm2mQ6tNgWydhUX
Valborg,Håkan Hellström,1,i,,"Och i Azalea kan man inte undgå att bli kär | Mhm, ja, jag är din, om du vill ha en idiot, lägg din hand i min | Mhm, lägg din hand i min | Har ingen plats att kalla hem i detta pissiga vårregn | Ett förortsgäng kapar en spårvagn hem i vårkvällen | Vill ha en idiot, lägg din hand i min | Mhm, lägg din hand i min",0Hz0ySp6XYrBhEQPU16Hz8
Inga kläder,Veronica Maggio,1,i,ut,Jag vet hur du ser ut i inga kläder | Och fast du tycker du lyckas vet jag i alla fall | Du är nån annan nu i och för sig | Vi stod i fönstret bara du och jag | Du är nån annan nu i och för sig,2GbyU3ZuI1gDuSCQJCXwe1
Fallskärm,Timbuktu,1,i,"upp, hög, låg, långt, ut, under","Trettiotusen meter upp i stratosfären | Jag var påväg mot jorden, i hundranitti knyck | Jag stirra in i väggen, men du hade utsikt | Du segla sju hav, jag satt i en ankdamm | Jag var ett löv i kuling, men du var ankrad | Du fånga mig i kragen, fem i tolv på sjätte dan | Du var guld i djungeln, jag låg som grus i parken | Men du flydde aldrig, jag var så djupt i knarket | Men väckarklockan ringde, mitt i mitt zombie mode | Knuffa mig in i nuet, fast jag bad att få vänta",2Uq9eAI5PWA5Qb0CD94c5V
Gammal sång,Veronica Maggio,1,i,ut,"Ingenting, ingenting i min kalender idag | 26, bor i andra hand och har inget kul | Som i en gammal sång (gammal sång) | Röker fyra cigaretter i rad | Som i en gammal sång (gammal sång) | För jag gör ingenting i flera dagar | Som i en gammal sång",4bdXNuylEniUuSdynoc8nz
Havanna Mamma,Veronica Maggio,1,i,"ner, långt, ut",Hon hade sparat i ett år | På en strand ut i Havanna | På en strand ut i Havanna | På en strand ut i Havanna,7gybDAR6f9GVls39O1aYT2
Fru Gårman,Tjuvjakt,1,i,"låg, inne, ut","Vi låg med kikar'n i gräset och kika på asset | Så jag rensade rabatterna i hopp om att någon dag få känna på på pattarna | Iklädd kostym, med skäggväxt och portföljen i handen | Jag satte hjärtat i halsgropen",0MYpplGQfDR5YNFNWZE4aR
Tandtråd,Tjuvjakt,1,i,fram,"Du vet att jag alltid vart den bästa rapparen i staden | Troligtvis därför som jag klippt den bästa guzzen här i staden | Bucklan i handen, jag håller den högt | Jag står längst fram i ett segertåg",1K2a8QcaPTDTZ1e4M0s8gQ
Mister Cool,Snook,1,i,"ner, bakåt, nära","Coolaste katten i det långa landet falukorv | Han är din räddare i nöden han, han är din högra hand | Under en trapp, över en buss, de var hack i häl | Men han greppar tag i en visare på det stora jävla uret på väggen",1AfdWCYXaJHzHWsgGVkjhe
Sunnanvind,Mares,1,i,,Du hade sidenband i håret | Du var det vackraste i våren | Du var det vackraste i våren | Du var det vackraste i våren | Du var det vackraste i våren | Ur våra koppar i Berså | Du var det vackraste i våren | Du var det vackraste i våren | Du var det vackraste i våren | Vi är det vackraste i våren | Ur våra koppar i Berså | Ur våra koppar i Berså | Ur våra koppar i Berså (Hey),6PGTdXzd26BqY33EXVWWgg
Höga klackar,Mares,1,framåt,i,"Du vill framåt, men du faller | Du vill framåt, men du backar | Du vill framåt, men du faller | Du vill framåt, men du backar | Du vill framåt, men du faller | Du vill framåt, men du backar",4rSpx8I0BBXMQPHpawaDs2
Mina områden,Kartellen,2,"i, ut",ute,"Svär att alla här sitter fast i psykosen | Det är thaismack här ute som flödar i barns ådror | Svär att alla här sitter fast i psykosen (I psykos) | Jag följde bara strömmen, ville komma i land | Svär att alla här sitter fast i psykosen (I psykosen) | Träffar lillgrabb som säger, ""Jag kör hårt, jag skiter i"" | Min son uppväxt har jag i cellen missat | Life is a bitch, men jag krigar den bitchen in i det sista | Svär att alla här sitter fast i psykosen (I psykosen) | In och ut, ut och in från Kriminalvården | In och ut, ut och in från Kriminalvården | In och ut, ut och in från Kriminalvården | In och ut, ut och in från Kriminalvården",1TFlvQ12TtF9nHmvXCaLpx
När solen går ner,AKI,2,"upp, i","ner, ute, ut, under","Allting går upp för mig när solen går ner | Allting går upp för mig när solen går ner | Vi växer upp med känslan av att ha förlorats | Allting går upp för mig när solen går ner | Allting går upp för mig när solen går ner | Där de lägger upp taktiken hur de ska spela | Allting går upp för mig när solen går ner | Allting går upp för mig när solen går ner | Ayo, vakna, varning, upplopp i staden | Droger i området, ser min broder överdosa (Aha) | Jotman sitter slagen och hotad, i handklovar | Yo, vi har vissnat in i roten, svårt här ute att florera | Och vi är ba brickor i spelet, inget mera",68GdZAAowWDac3SkdNWOwo
SEVILLA,Thrife,1,i,ut,"Gillar festa i Dior, men gillar skjuta i Adidas | Skickar tio keys i veckan, bokar möten i Sevilla | Min broder tar dig i en Nike Tech | Ut i skogen man fick han att prata ut | Du blir poppad i Stockholm på gatan nu | Gillar festa i Dior, men gillar skjuta i Adidas | Skickar tio keys i veckan, bokar möten i Sevilla | Glocks i olika generationer | Röker gram där i en svit | Pickadolen är på mig i väskan när benim går ut | Gillar festa i Dior, men gillar skjuta i Adidas | Skickar tio keys i veckan, bokar möten i Sevilla",1YRrnU7iBSHsdyG5AVIC2Y
Cyklar ni så springer jag,Mares,2,"fram, i","upp, ner","Vi kanske kommer fram en dag, men cyklar ni så springer jag | Vi kanske kommer fram en dag, men cyklar ni så springer jag | Vi kanske kommer fram en dag, men cyklar ni så springer jag | Vi kanske kommer fram en dag, cyklar ni så springer jag | Iväg från både skuld och tvång, i jakten på en solnedgång | Vi har vandrat mörkrets tomma gator ensamma i världen | Vi vandrar vägar upp och ner och lämnar allt i tystnad | Vi vandrar vägar upp och ner och lämnar allt i tystnad | Vi vandrar vägar upp och ner och lämnar allt i tystnad",7ihOAPfUkJPrIAiQEv9GfW
Porrfilm,Tjuvjakt,1,ut,i,"Och du ser ut som Halle Berry, Hail Mary | Gör det rakt ut och skammar ingenting på mig | Kalla mig bäst i världen kom igen vi skriker ut det | Hittar mig i tidningen på sättet som jag viker ut mig",7yg2VnVRlEygNpn9MdbNY2
Solen har gått ner,Veronica Maggio,1,i,"upp, ner, ute","Är vi nu på samma sida i bråken? | Jag ställer mig på tå här i baren | Slänger nötter på nån i personalen | Det är jag, några kids och en man i kostym | Jag står kvar här på sträcken i ljuset, i ljuset",10ylH6P7Lk02UVQbHSLSuJ
Blåmärkshårt Mi Amor,Miriam Bryant,1,i,,"Jag är sjuk i huvudet, säg det bara | Jag höll blåmärkshårt i dig | Och jag är kvar i sängen | Jag är sjuk i huvudet, säg det bara | Jag höll blåmärkshårt i dig | Jag höll blåmärkshårt i dig | Jag höll blåmärkshårt i dig",2qKtQuFukH2d0m3FNROcqH
Hornstullsstrand,Hov1,1,i,"nära, ut",En utefest i Hornstullsstrand | Jag har varit i alla länder | En utefest i Hornstullsstrand | En utefest i Hornstullsstrand,2kju4JyRnNmiwQYhFrLgKy
Dör för dig,Danny Saucedo,1,i,,"Vi har känt varann i 100 år | Rektors expeditionen, vi var i trubbel båda två | Vi går från askan och rätt in i elden | Vi går från askan och rätt in i elden | Minns när vi båda blev kära i samma gäri | Kan aldrig glömma har ett ärr i min hand | Vi går från askan och rätt in i eld | Vi går från askan och rätt in i elden | Vi går från askan och rätt in i elden",1J8teo08q8FlNWIJh9QFr3
Jag ber dig,Magnus Carlson,1,ut,,"Jag ber dig, ber dig nu. Sträck ut din kärleksfulla hand! | Jag ber dig, ber dig nu. Sträck ut din kärleksfulla hand! | Jag ber dig, ber dig nu. Sträck ut din kärleksfulla hand! | Jag ber dig, ber dig nu. Sträck ut din kärleksfulla hand! | Jag vill leva, så sträck ut din hand | Hjälp mig nu, kom tillbaks. Låt mig äntligen få vila ut hos dig | Jag ber dig, ber dig nu. Sträck ut din kärleksfulla hand! | Jag ber dig, ber dig nu. Sträck ut din kärleksfulla hand! | Jag ber dig, ber dig nu. Sträck ut din kärleksfulla hand! | Jag ber dig, ber dig nu. Sträck ut din kärleksfulla hand! | Jag ber dig, ber dig nu. Sträck ut din kärleksfulla hand! | Jag ber dig, ber dig nu. Sträck ut din kärleksfulla hand till mig!",5mcZ5ndKIfF4DBuYXZfFja
Vi har bara varandra,Di Leva,1,i,ut,Rötterna strävar i jorden | Allting kan finnas i ägget | Vargarna ylar i stormen | Del i det som sker | Det bor ett möte i vårt hopp,0ElJ5jot7ef29sibDAfhGl
Sommaren är kort,Tomas Ledin,1,i,långt,Med en glass i min mun | Och i sandaler av plast | Går jag i solen | Jag sitter i skuggan | För ett hopp i det blå,0mXJHQQsh6gwGtUZKVIf7b
Min stad,Frida Hyvönen,1,i,"upp, ner, norr, ut",Och dyker ner i Hornstull | Häller vi upp i glasen | Men jag står fortfarande i valet och kvalet | Köpte ett hus i Västerbotten | Har jag fått tomt i glaset,3c7EayFeReSx5L7BVI81Ab
Länge leve vi,Ison  Fille,2,"upp, i",,"Huvet högt, ryggen rak, vi tar oss upp dit vi ska | Huvet högt, ryggen rak, vi tar oss upp dit vi ska | Huvet högt, ryggen rak, vi tar oss upp dit vi ska | Huvet högt, ryggen rak, vi tar oss upp dit vi ska | Inspelad i Let’s Make That… Read More [Vers 1: Fille] | Tog min plats i världen, de gav mig blodat tand | Åsidosatta i programmen, vi kom alltid sist | Vi hoppar hinder o vi ligger i | Och hungern är återupplivad, kolla här jag har gamet i min ficka | Jag skiter i, går min egen väg (Vilken shono) | Ligger i den lådan jag är värd (Vilken shono)",7qIN01nqIMqmVA0RLC96k2
Bara Få Va Mig Själv,Laleh,1,ner,"upp, i, ut","Nä, jag tittar inte ner mer | Men jag ska aldrig mer titta ner igen | Nä, jag tittar inte ner mer | Nä, jag tittar inte ner mer",22sxprFgWzvVY4ToELTmOV
Sarah,Mauro Scocco,2,"i, ut",fram,"Hon finns i alla rum | Med hennes bild i fickan | De e hjältarna i filmen | Och stjärnorna sjunger i kör | Jag står i hennes port | Jag väntar i hörnet vid 7-eleven | Jag väntar i hörnet vid 7-eleven | Åh, kom ut ikväll | Åh Sarah, kom ut ikväll | Ta på dig jackan, så går vi ut och går | Åh, kom ut ikväll... | Åh Sarah, kom ut ikväll | Ta på dig jackan, så går vi ut och går | Kom ut, kom ut | Kom ut ikväll...",4uBbgoKiRzcjgjVH6FqgTS
Vem tänder stjärnorna,Eva Dahlgren,1,i,,Som aldrig vilat i min mun | Som nya väggar i ett rum | Som bara jag ser i dina ögon | Som bara jag ser i dina ögon,0xljZqZHvXhVfse33fQ9bK
Sjön,Frida Hyvönen,2,"i, ut","upp, ner, låg, ute","Fast det är mitt i sommaren."" | Och pratade i telefon | ""Varför i all fridens dar?"" | Åran låg redan i min hand | Mitt hjärta i brand | Mitt hjärta i brand | Mina tårar i sjön | Mina tårar i | Mina tårar i sjön | Vi sköt ut båten | Sen rodde han ut oss | Du ser faktiskt blek ut | Hade han slängt sig ut | Hade han slängt sig ut | Och sköt ut den från land",5CpILSRTZHzJfCioMK1Pvf
Himlen runt hörnet,Lisa Nilsson,1,i,,En egen ängel i en säng | En egen ängel i en säng | (En egen ängel i en säng) | Och en egen ängel i en säng | (En egen ängel i en säng) | Och en egen ängel i en säng,3uhF5EBcuqqXELlszBhIOy
Genesarets Sjö,Kjell Höglund,1,i,"upp, ner, framåt","Mina minnen är som körsbär i punsch | Och det rinner som en flod i min inre värld | Låt mig gråta, låt mig vara i fred | Våra liv blir till sist i harmoni | Med den värld vi har ett leva i | Har jag mod att försvinna i en tyst minut | Vi visar några målningar i blått | Kan du minnas vår sommar i Palalda | Hur vi målade i olja och skrattade så gott | Jag kan höra åskan mullra i det blå | Och studera förloppet i ett experiment | Jag har funnit några papper i en grav | Egyptens drottning väntar i sin loge | Jag ska stilla alla stormar i min själ | Bara dyningar ska gunga i godan ro",31ui4AOsd31MndbYaztzGt
Jag vill ut,Lilla Sällskapet,1,i,"ner, ut",Medan tiden bara flåsar mig i nacken | Och jag trampar runt i papper i mitt rum | Känns som mitt liv är i nån annans händer | Kan inte nån sätta käppen i mitt hamsterhjul | Kan inte nån sätta käppen i mitt hamsterhjul,5oaKMbpHlfk6oaPtbaqJPc
100 ,Fattaru,1,i,"upp, vänster, fram, ut","Två bärs i baren kostar hundra spänn | Inte ett skit samma sak varje dag, tar en dag i sender | Finns men i klister äre vilket jag sitter | Två bärs i baren kostar hundra spänn",3zBZNVuIm14Q3WOPxYLqa0
Suedi,Erik Lundin,2,"upp, i",ut,"Valfri solig dag, trettio shunos rullar upp som tour de France/ mangas står i vägen, det blir coup de grâce/ | Dyker upp med Valparaíso,  Teheran och Conakry/ | Ja vakna upp och va Suedi | Ja vakna upp och va Suedi | Ja vakna upp och va Suedi | Ja vakna upp och va Suedi | Ja vakna upp och va Suedi | Ja vakna upp och va Suedi | Ja vakna upp och va Suedi | Ja vakna upp och va Suedi | Ja vakna upp och va Suedi | Ja vakna upp och va Suedi | Ja vakna upp och va Suedi | Ja vakna upp och va Suedi | Trivdes bäst i orten, kanske bråkigt/ | Blir hellre catchad med en i linningen än mot tinningen/ | Valfri solig dag, trettio shunos rullar upp som tour de France/ mangas står i vägen, det blir coup de grâce/ | Vi satt som kundtjänst i luren, abi, wallahi billahi/ | Omkring mig fanns det folk i klister, folk i kistor/ | Trivdes ändå bra i landet full av frågor ingen verkar vilja ta i/",1bGSy8Y0mY0AMZzp4d4xTK
Haffa Guzz,Lilla Namo,1,i,"upp, ner, nära","Guzzarna i Stockholm fina, Angelina Jolie | Snubbar fett jobbiga, juletid gå ner i din arbetstid | Jag hade haffat guzz i orten, grillen | Jag hade haffat guzzen på ditt jobb, i ditt fikarum | Hade haffat guzzen i ditt sovrum, frugan | Snubben du e i Stockholm inte USA, jetlag",1wnk3fXw1oQr9urMBZ1lH5
Det löser sej,Timbuktu,1,i,"ner, långt, fram","Men… vad jag tror är att om vi skiter i det och inte gör ett piss | Jag kastar bollen i luften, ser var den landar | Planerar aldrig i förväg, jag spar på tiden | Vi har ungt blod i ådrorna, studs i dojan | Gå från värsta misären till förfest i baksäten",2naC3HbsJonvMZSbBRWodj
Rara söta Anna,Ronny  Ragge,2,"upp, i",ut,"Du kan hoppa upp och ta dig | Du kan hoppa upp och ta dig | Du säger du vill ha mig, du kan hoppa upp och ta dig | Äh Stick, och du köp dig ett skärp va' så du får upp brallorna | Vi träffade Anna i korvkioskkön | Varför går hon i moll och inte i dur? | Hon verkar ju dum i huvet | Aaa Det har du fan rätt i",09o8YE3Ta7YRXh5NI9HPZQ
Ooa hela natten,Attack,1,i,"upp, bak, ut","Fick en knäpp upp i knoppen | Klöste repor i bordet när du gick förbi | Hör du ugglor i mossen, ja, då är jag där | Helt i dina händer, ta mig dit du vill",2pa73fbZD7ltJ09AB0Teox
Utan dina andetag,kent,1,i,,Utan din luft i mina lungor | Mitt hjärta i din hand | Det fastnar i ditt hår | Utan din luft i mina lungor | Utan din luft i mina lungor,5eJ314ozT4CTPlyjdsGq78
Fan va bra,Jakob Karlberg,2,"fram, i",ner,"Mitt mod försvann med åren hur ska jag nu gå fram hur | Fan va bra, i stegen fram slår hjärtat tvåhundrafem | Fan va bra, i stegen fram slår hjärtat tvåhundrafem | Fan va bra, i stegen fram slår hjärtat tvåhundrafem | Fan va bra, i stegen fram slår hjärtat tvåhundrafem | Och hon kan slänga sig i väggen om hon hitta på | Så intressant och tänka hand i hand på vägen hem | Fan va bra, i stegen fram slår hjärtat tvåhundrafem | Fan va bra, i stegen fram slår hjärtat tvåhundrafem",4pItP9yMHJ4Klk8U6eOmLx
Mikrofonkåt,September,2,"långt, i",,Jag siktar mot toppen så långt jag kan nå | Jag siktar mot toppen så långt jag kan nå | Jag siktar mot toppen så långt jag kan nå | Jag siktar mot toppen så långt jag kan nå | Och jag kommer in rullar hårt i Stockholmsterräng | Ni finns i familjen där mitt blod flyter fett | Och jag kommer in rullar hårt i Stockholmsterräng | Och jag kommer in rullar hårt i Stockholmsterräng | Och jag kommer in rullar hårt i Stockholmsterräng,0xjVgqTMOdT2dxPuXgSORm
Ju Mer Dom Spottar,Kapten Röd,1,i,"upp, ner, ute","Håll hårt i din goda vän för där ute finns det gott om ormar | Hugger dig i ryggen när du vänder dig om | De vill se oss som en byggsten i deras stela system | Men gropen som de gräver kommer de själva falla i | Tänk i andra banor, jag ber dig | Håll hårt i din goda vän för där ute finns det gott om ormar | Har inget hat i mitt bröst, åh nej | Håll hårt i din goda vän för där ute finns det gott om ormar",3uVO0fpvKhuPCfGCAjJev0
Den vilda,One More Time,1,i,ut,Härden i värdshuset värmer | De dansar som virvlar i ett vattenfall | Dansar som virvlar i ett vattenfall | Men rykten i stugorna sprids | Dom rusar som virvlar i ett vattenfall | Rusar som virvlar i ett vattenfall | Droskan försvinner i natten | De dansar som virvlar i ett vattenfall | Dansar som virvlar i ett vattenfall | Dansar som virvlar i ett vattenfall,0TYwFP4MxszHAXAJMYhi3E
Professorn Den makalösa manicken,Michael B Tretow,1,i,"fram, ut","Och går sen vidare i verket fram till motorn här | Som i sin tur leder vattnet till ett skovelhjul | Som sitter fast i en mast i vårat cykelskjul | Jo, i ändan utav masten är det en pedal | Och då kan man koka gröt där uppe i tratten | Mitt i sommaren?)",10EteXmTcnJLkMlkJap4Tj
Var ska vi sova inatt,Perikles,1,i,,"Hon är prinsessan i en otrolig saga | Hon finns i drömmen, hon är där hela natten | (Var ska vi sova i natt?) Jag har en säng som står tom | (Var ska vi sova i natt?) En lägenhet med två rum | (Var ska vi sova i natt?) Jag har en skamlig idé | (Var ska vi sova i natt?) Ja, du kan väl följa med? | (Var ska vi sova i natt?) Jag har en säng som står tom | (Var ska vi sova i natt?) En lägenhet med två rum | (Var ska vi sova i natt?) Jag har en skamlig idé | (Var ska vi sova i natt?) Ja, du kan väl följa med? | (Var ska vi sova i natt?) Jag har en säng som står tom | (Var ska vi sova i natt?) En lägenhet med två rum | (Var ska vi sova i natt?) Jag har en skamlig idé | (Var ska vi sova i natt?) Ja, du kan väl följa med?",454J9ZekfjmjWbfcpFaur3
Dansar aldrig nykter,Magnus Uggla,1,i,"upp, framåt, fram, ut, under",Kunna svänga sig i dans | Som framåt tolv går hem i smyg | Mitt under en sådan natt i jakt på synd | När vi har gift oss och man i samstämd hals | Och fast jag står bland släkten i inhyrd frack,6IUQMT0yDbYnYTUO37lJZ6
Instruktionsboken,Miss Li,1,i,"upp, ner, nära",För dom som är lost i livet | Djupt i flaskan | Trodde lyckan fanns i kändisarnas slattar | Gjorde hundra lyckotester i mobilen | För dom som är lost i livet,7zKTQhQPCGnh2PgP93Pxsu
Kyss bort allt det onda,Havet,1,i,"upp, ner, ut","Nån som man kan va mitt i mörkret | Nån som man kan va mitt i mörkret | Nån som man kan va mitt i mörkret | Som vänt i rännstenen som jag | Nån som man kan va mitt i mörkret | Nån som man kan va mitt i mörkret | Kom, kom, kom till mig mitt i natten | Kom, kom, kom till mig mitt i natten | Kom, kom, kom till mig mitt i natten | Nån som man kan va mitt i mörkret | Nån som man kan va mitt i mörkret | Nån som man kan va mitt i mörkret",5zC3m7fsSmVtCP5f2GTX2x
Ingen annan rör mig som du,Norlie  KKV,1,i,,"Vi träffas, har sex i bland | Du ringer ditt ex i bland, vafan händer? | Såklart det blir fel i bland | Du vill ha nåt som håller i längden",25V8NDi9if73rYvHwDKKw5
Albatraoz,Albatraoz,2,"upp, i",,"Kolla in kolla upp | Loggar in söker upp lägger till som en vän o backa för bruden | Bryt upp, bryt upp den nya dagen gryr oändligt är de stora | I buren jag kan sätta på vaginalt lika enkelt som i hål nummer två | Upp i en säng o är still jävligt bäng | Fuck that game, nu sjunger vi i kör | Nog finns det mål och mening i vår värld",1EqYoza9iMnxB9O0TwAeOO
17 år,Veronica Maggio,1,upp,"i, ut","Där jag växte upp och så | Vi bodde högst upp, vad mer vill du veta? | Där jag växte upp och så | Där jag växte upp och så",7MzmBmyI9KkyQJaPNLdtUi
Efter plugget,Factory,1,i,ut,"En klump i halsen av allvar | Du... ta en dag i taget | Man ska in i cirkeln och vandra | Du, ta en dag i taget | Du efter plugget, ta en dag i taget",0985mUC5n2eBXsX4YEaiTg
Från hjärtat feat Hoosam Sabo  Aleks,Ison  Fille,1,i,"upp, ner, söder, fram, ut, ovanför, under","Mamma fick en son som är en krigare i grunden | Förenade i slummen faller vi med flaggan på topp | Långt in i hjärtat, ni känns i varje hjärtklapp | Inget är sig likt, för allt är i förändring | Tiden vi lever i och få nånting att glädjas åt | Långt in i hjärtat, ni känns i varje hjärtklapp | En blatte i kamp med vissa på rampen, ovanför sin avgrund | Bakgrund i orten, min röst är från gatan | Bilarna brinner i orten, tider det blir nåt drastiskt | Långt in i hjärtat, ni känns i varje hjärtklapp | Långt in i hjärtat, ni känns i varje hjärtklapp",3wkE1y8yv65YFY9HZV8u2j
Sommar Och Sol,Markoolio,1,i,upp,"Ingen brud som gick i fällan | Finlandsbåten, lägger om i strategi | Jag måste få ett dopp om jag inte trillar i | Rota' i fickan efter lite cash | Jag flyger runt i cellen och tänker nu är jag död",0gDuGPOhdmbNQZ0OCeBFzQ
Öppna landskap,Ulf Lundell,1,i,"nära, långt, under","Jag trivs bäst i öppna landskap, där vindarna får fart | Där lärkorna står högt i skyn och sjunger underbart | Jag trivs bäst i öppna landskap, nära havet vill jag bo | Jag trivs bäst i fred och frihet, för både kropp och själ | Ingen kommer i min närhet, som stänger in och stjäl | Jag trivs bäst i fred och frihet, för både kropp och själ | Jag trivs bäst i öppna landskap",1WVjxyTSZ5UiI6TlcHyUPh
Hej hallå,Thomas Stenström,2,"i, under",ut,Vi är i våra sista dar | Polarn hämta mig i bilen | Vi är i våra sista dar | Vi är i våra sista dar | Allting brinner under oss två | Allting brinner under oss två | Allting brinner under oss två | Allting brinnеr under oss två | Allting brinner under oss två | Allting brinner under oss två | Allting brinner under oss två | Allting brinner under oss två | Allting brinner under oss två | Allting brinner under oss två | Allting brinner under oss två | Allting brinner under oss två,6BT8CwzsMOi2FSIDa5zZwN
We Are All The Winners,Nick Borgen,1,ner,upp,"Han står där lika lycklig och regnet öser ner | Även om de mulnar och ridåen har gått ner | Även om de mulnar och ridåen har gått ner | De kan aldrig regna, ridåen går aldrig ner",51cOCcB9c8tjUI50trrD4r
Köra fort som fan,Ronny  Ragge,1,i,"ner, fram",Nu ska vi dra i bilen | Som håller krampaktigt i sin ratt | Drar i hundra knyck | Plattan ner i botten | Å mätarn står i topp | Då plötsligt i vår spegel | Sensmoralen i de här e lätt | Drar i hundra knyck,4enF8mIoBKWLB4R2Gau6Zc
Vårt år,estraden,1,i,"inne, ut","Ge mig inga löften i den för det är vårat år | Men 15,000 i publiken, ser ba' fucking sjukt ut | Ge mig inga löften i den för det är vårat år | Glömmer inte hur vi stod sist i kön | Ge mig inga löften i den för det är vårat år | Ge mig inga löften i den för det är vårat år",2U8MK6O02FVG2DDTY9ttyv
Hon Kommer Med Solsken,Östen Med Resten,1,i,"upp, ute, fram","Slipsen knöt jag klar redan i går | Jag väntar på bussen som stannar nere i byn | Den brukar komma klockan kvart i två | Senast när vi möttes in i stan | Ja, det var i våras vi sågs på en dansrestaurang",4mKXtd5wOFqk4ay32Bwwff
Sommar sommar sol,JLC,1,i,ner,"Vi kommer samla laget kötta in i kaklet | Känner värmen ner i benen joho | För det är sommar sol, känner det i luften | Känner värmen ner i benen joho",6yuG9MJgec1f18LA7fWJW0
Hela världen är min,Victor Leksell,1,i,"ner, under",Jag blandar mina känslor ner i min drink | Har sprungit där i flera år | Jag blandar mina känslor ner i min drink | Jag blandar mina känslor ner i min drink,07l5IJqrY6ERJw7HNdnM0G
Jag mår illa,Magnus Uggla,1,upp,"ner, i, ut",Som älskar visa upp sitt fula flin | Där menlösa fån visas upp varenda år | När jag ser Orup upp i Mercan fria till Sofia | När Arja Sarja visar upp sin franska frilla,1wdRo9hSIYSsQDwLd40a1W
En del av mitt hjärta,Tomas Ledin,1,ut,"fram, i",Det finns bilder som aldrig suddas ut | Det finns bilder som aldrig suddas ut | Det finns bilder som aldrig suddas ut | Det finns bilder som aldrig suddas ut,0gQtd0FQjuJSsuK2qHFYoF
Jag kommer  Spotify Studio Its Hits Recording,Myra Granberg,2,"i, ut",upp,"I taxin, i trappen, i hissen, i hallen, jag faller, faller | Tiotusen meter upp i luften ser jag allt så klart (Allt så klart) | I taxin, i trappen, i hissen, i hallen, jag faller, faller | I taxin, i trappen, i hissen, i hallen, jag faller, faller | I taxin, i trappen, i hissen, i hallen, jag faller, faller | Du håll ut, du, du vet att | Du snälla vänta, vänta, håll ut | Du håll ut, du, du vet att | Du, håll ut | Du håll ut, du, du vet att",7mo7CfYuvDyhP4C63SJKnV
Midsommarnatt,Eddie Meduza,2,"ner, i","upp, långt, under",Midsommarnatt och solen går aldrig ner | Midsommarnatt och solen går aldrig ner | Midsommarnatt och solen går aldrig ner | Midsommarnatt och solen går aldrig ner | Ifrån bryggan i viken hörs dragspel och fnitter och skratt och sång | Det känns så skönt i hjärtat när midsommarnatten ler | För alla är lika glada i våran midsommarnatt | Ifrån bryggan i viken hörs dragspel och fnitter och skratt och sång | Det känns så skönt i hjärtat när midsommarnatten ler | För alla är vi vänner i våran midsommarnatt | Ifrån bryggan i viken hörs dragspel och fnitter och skratt och sång | Det känns så skönt i hjärtat när midsommarnatten ler | Ifrån bryggan i viken hörs dragspel och fnitter och skratt och sång | Det känns så skönt i hjärtat när midsommarnatten ler,5LAnTrLaN2SzUfWOglKPIy
Tess,Peter LeMarc,1,i,,"Hon strör mandel, aprikos i sina spår | Vi träffas i en glasblåsa i ett rivningshus | Bak en trasig rullgardin i ett vinfärgat ljus | En sekund i taget, säkert tidlös lång | Som i en strömvirvel, jag är ett sjunkande skepp",3lLh4EHR2PBdmBFrMDIIuC
Omåomigen,Pelle Almgren,2,"i, ut","upp, ner, hög, låg, fram","Tog du tag i mej och drog hem till dej och så låg jag utan kläder | Men så en dag när som vanligt jag mediterade i skogen | Du hällde vodka i när ingen kunde se | Jag är OK men förut led jag fram i gråa kläder skred jag | Väntar vid din säng längtar i din säng | In å ut, ut å in, in å ut igen | In å ut, ut å in, in å ut igen | In å ut, ut å in, in å ut igen | In å ut, ut å in, in å ut igen",4fwOeFfLQoTjEsldLpDngl
DoverCalais,Style,1,i,nära,"Vi står tysta i natten och hör vågorna som | Dovers vita klippor, i solnedgång | Drunknar i ett gyllne hav | Vi närmar oss varandra, när vinden tar i | Och du satte mig i brand",6eWs5GR8iLbolcOjj3gKjx
Delirium,Lena Philipsson,1,i,upp,"Jag lever i min fantasi | Jag skaffar mig ett annat liv i mitt rum | Jag lever i delirium | Jag gör vad ingen annan vet i mitt rum | Jag lever i delirium | När jag blir i min värld där ingen kontrollerar mig | Ska jag gömma mig i min dröm | Jag lever gärna i delirium | Vi regerar här i alla dagar | Jag lever i min fantasi | Jag skaffar mig ett annat liv i mitt rum | Jag lever i delirium | Jag gör vad ingen annan vet i mitt rum | Jag lever i delirium | Jag lever i min fantasi | Jag skaffar mig ett annat liv i mitt rum | Jag lever i delirium | Jag gör vad ingen annan vet i mitt rum | Jag lever i delirium | (Jag lever i delirium, jag lever bara i mitt rum) | Jag lever i delirium jag lever bara i mitt rum | Jag lever i delirium x3 | Jag lever bara i mitt rum | Jag lever i delirium",4FQ4m9whOZuTc205hI8WDa
Bärsärkagång,Drängarna,1,i,"ner, under","Ve den dräng som i sitt glas nu spottar | Glömmer att i morgon ska hon mjölka klockan fem (måste hem) | Måste se i syne, snälla Britta skona mig (snälla du, skona mig) | Jag vaknar på ett hospital, i en madrasserad sal | Vi slogs vid gärdesgården i blint raseri",37kSYO0ly14YHLZATjR2v7
Du får göra som du vill,Patrik Isaksson,1,i,,"För när du försvann och gick bort dig i natten | I världar av smärta, i rum utan ljus | Av kärlek du missat i rädsla för svek | För när du försvann och gick bort dig i natten",2T6eHFvCm6sFxiQeGYJL4C
Efterfest,Magnus Uggla,1,i,ut,"Som när han står i färgad stubb på någon inrökt Indieklubb | Så vi kan hångla friskt och dricka Chardonney i kartong | Som han aldrig skulle ta i med tång! | Da'n därpå tillbaks i Indieland - | Så vi kan hångla friskt och dricka Chardonney i kartong | Som bara älskar att få sjunga med i ""Dansa i Neon"" | Som han aldrig skulle ta i med tång! | När han ska sticka får han en fråga i smyg ställd utav sagda skribent | Så man kan hångla friskt och dricka Chardonney i kartong | Som han aldrig skulle ta i med tång!",1GmwF2m6zfChfOLHOHsMmQ
Gå och fiska,Gyllene Tider,1,ut,"vänster, höger, i","Jag går och fiskar, och tar en tyst minut åker ut, ut ochfiskar | En chans att andas in, andas ut | Jag går och fiskar, och tar en tyst minut åker ut, ut ochfiskar | Min chans att andas in, andas ut.Aaaaandas ut | En chans att andas ut | Åker ut, ut och fiskar | En chans att andas in andas ut",4LZhxPSsWW6djAWn9IaI2F
Fula gubbar,Magnus Uggla,1,i,"upp, ner, ut","É en i skinnslakts lönnfet modesprätt, som tror han é tjuett | Som sätter småflickors gunst i svaj, tänk att få följa mé hem till Kaj | På en i smygspetsad lemonad å jacuzzibad | Han har blonderat sitt gråa hår å lyft bort fett i från höft å lår | För å slippa hålla andan på nordhustrand, i jakten på en konfirmand | Styv å stel ut i sin kropp, utom just hans pillesnopp. Som tvärtom jämt é mjuk",0SMs1eUeMnSlMhr3ZZXJgC
Giftig,Mange Schmidt,3,"upp, ner, i",,"Om du sitter i en cabbad bil, öppna upp den | Och jag rullar upp i en bil som hörs, för jag pumpar tungt (woo) | Japp, jag glider upp utan några problem | Vägrar att bromsa, vrider upp mitt system (oo-wee) | Vi tar det upp till en ny nivå | Den e giftig och den smittar ner dig | Den e giftig och den smittar ner dig | Den e giftig och den smittar ner dig | Den e giftig och den smittar ner dig | Den e giftig och den smittar ner dig | Den e giftig och den smittar ner dig | Den e giftig och den smittar ner dig | Den e giftig och den smittar ner dig | Det rycks och det slits och det skriks i mitt öra | Om du sitter i en segelbåt, öppna ruffen | Om du sitter i en cabbad bil, öppna upp den | Tänk på guzzen, försiktigt i guppen | Och det e så vi gör det här i Stockholm | Och jag rullar upp i en bil som hörs, för jag pumpar tungt (woo) | När du rullar i din custom made med din tjej",2ataTDIyktOJSnxeMlBggw
Aldrig ska jag sluta älska dig,Jonas Gardell,1,upp,"ner, i, ut",Ge inte upp | Ge inte upp | Ge inte upp | Ge aldrig upp,2MpXdpwJUPgN26SXVvQzVF
Dé é sommar,Ronny  Ragge,1,i,ut,"Hoppar i bilen, o petar om milen | I kväll så har vi pök i blick. Framme vid parken | O folk i parken | Festen ska vara natten lång, de blir ett jäla håll i gång | O folk i parken | O folk i parken | O folk i parken | Me folk i parken",0EWaUpAQtTWET3E14ye6ZV
Vågorna,Uno Svenningsson,1,i,"ner, under",Med solen i ryggen och vinden i mitt hår | Vid mästarens sida i närhet av vänner | Med solen i ryggen och vinden som viskar | Ännu en liten själ klev in i detta rum | Med solen i ryggen och vinden i mitt hår,6mPvmqLqpQPgYAfUFKcMeX
Sånger från förut,GAMMAL,1,i,,"Nånstans i Stockholm där står en man | Han hittade sig själv i ett annat land | Nu står vi här i gräset och dansar fult | Förälskad, som i alla sagor | Nu står vi här i gräset och dansar fult | Nu står vi här i gräset och dansar fult",10us5dfi90LZXjrq8Dwep7
Volvo,Eddie Meduza,1,i,"upp, ner, ut","Om där fanns nåt att sätta staken i, nån liten brud med glöd och energi | 360 hästarn vrål och rök, tog mig förbi den faan i nästa krök | En Volvo med en åtta i som jag kan jaga snygga brudar med | En jättetrimmad Volvo, en Volvo med en åtta i som ryter och som går som själve faan",01vfSVYtIhFmd2aNBIhcvf
Folköl och dunkadunka  Live,Svenne Rubins,1,ut,i,Det ser inte ut som om det skulle finnas nån gräns | Och den ska va millionär som skall ut på nån krog | Då blev det väl så hett så man inte stod ut | Och svettis och friskis och blommor som aldrig slog ut,00luqtaQ7gIO8byEgh1xWs
Där dit vinden kommer feat Jaqe Duvchi jj  Joy,Lorentz,1,i,"upp, ner, långt, fram, ut","Jobbar hela dagarna, uppe i klubben hela nätterna | De behöver mera Banja i sitt liv, ha | Tre på natten i Jesus | Tror det är narcissismen, tror hon ser mig i fel ljus | Petunia, du är som tårar i ett kom tillbaks | Som en M'Batha vill jag vara i ljuset",46JdPZmwWfkCJHVzd5gi8v
Änglahund,Hasse Andersson,1,i,,"När jag hörde någon mumla nåt om saknad, där i | Får man ta hunden med sej in i himlen | När jag satt mig i bilen tänkte jag | Får man ta hunden med sej in i himlen | Får man ta hunden med sej in i himlen | Får man ta hunden med sej in i himlen | Får man ta hunden med sej in i himlen",4GgAm1IIj5mIUsA8ucKA0k
Sommarnatt,Snowstorm,2,"fram, i",,"Sommarnatt, när jag svävar fram i mörkret, aha | Sommarnatt, när jag glider fram på gatan, aha | Sommarnatt, när jag svävar fram i mörkret, aha | Sommarnatt, när jag glider fram på gatan, aha | Sommarnatt, när jag svävar fram i mörkret, aha | Sommarnatt, när jag glider fram på gatan, aha | Sommarnatt, när jag svävar fram i mörkret, aha | Sommarnatt, när jag glider fram på gatan, aha | Rosa lack och kromad list i '59 års modell | Jag öser på för fullt i stan som en 50-talsrebell | Sommarnatt, när jag svävar fram i mörkret, aha | Sommarnatt i min jättemaskin | En enda liten kort signal, ja där ligger de flesta i lä | Där gäller bara håll i gång och vem som | Sommarnatt, när jag svävar fram i mörkret, aha | Sommarnatt i min jättemaskin | Rosa lack och kromad list i '59 års modell | Jag öser på för fullt i stan som en 50-tals rebell | Sommarnatt, när jag svävar fram i mörkret, aha | Sommarnatt i min jättemaskin | Sommarnatt, när jag svävar fram i mörkret, aha | Sommarnatt i min jättemaskin",6VKZGo3YyFeoU9sENXERz0
Det hon vill ha,Christer Sandelin,1,i,"upp, ner, ut",Den enda i sitt slag | Att tro dom är i himmelen | Att tro dom är i himmelen | Att tro dom är i himmelen | Att tro dom är i himmelen,5gyPbAixchH4iPhqKWthfB
Ha dig igen,Victor Leksell,1,i,ut,Jag har dansat i din skugga | Har suttit där i flera dar | Jag har dansat i din skugga | Jag har dansat i din skugga,6FY1QdP2WeXZ73ERGaSXVN
Jag är en vampyr,Markus Krunegård,1,i,"upp, långt, ut","Foten i huv'et. Gud vet vad som hade hänt om hunden hade varit bunden och inte kunnat komma o' skälla i tunnel'n | Hela världens hunger samlad i mig. Hela världens hunger samlad i mig | O' vem blir inte ful i sextio Watts ljus? | Toaletten, duschen - jag har gömt mig för sista gången i den | O' vem blir inte kall, naken o' våt i en tom hall? | Hela världens hunger samlad i mig. Hela världens hunger samlad i mig",4nXeZFbbcZNvX4nHMJR5xJ
Toppen av ett berg,Petter,1,i,"upp, under","Om jag starta i kaos är det bättre nu? | Vi har kryssat i motvind | Full gas, aldrig kört i halvfart | Och jag känner elden i mig | Om jag inte orkar kryper in i mål (in i mål) | Sand i timglas | Och jag känner elden i mig | Om jag inte orkar kryper in i mål (kryper in i mål) | Och jag känner elden i mig",2N7claLHWD1ypZARTJNtjI
Mikrofonkåt,Petter,1,långt,"upp, i, ut",Siktar mot toppen så långt jag kan nå | Siktar mot toppen så långt jag kan nå | Siktar mot toppen så långt jag kan nå | Siktar mot toppen så långt jag kan nå,7affuyDflV8wvNI4UhuHjX
Om du lämnade mig nu,Lars Winnerbäck,1,i,upp,Jag skulle vakna mitt i natten och gå upp och ta en lång promenad | Jag skulle låta blicken möta andra ögon i en främmande stad | Jag skulle andas i det tomrum som blev över om du lämna mig nu | Jag kanske skulle leta upp nån yngre som en fjäder i hatten | Det skulle bli för tomt om ingen fanns där som värmde mig i natten | Jag skulle fastna i min ensamhet igen om du lämna mig nu,17q9gSD214wClyCjqrhmgH
Jag mår bra nu feat Newkid,Molly Sandén,2,"upp, i",,"Du sa, ""Jag ringer upp"" | För du ringer bara mig på vägen upp | Och precis när jag nått toppen dök du upp (Ooh-ooh) | Priset har gått upp (Det har gått upp) | Vart var du när jag knappt kunde ta mig upp? (Ooh) | För du ringer bara mig på vägen upp | Och precis när jag nått toppen dök du upp | För du ringer bara mig på vägen upp | (Hon ringer bara mig på vägen upp) | Och precis när jag nått toppen dök du upp | Verkar aldrig va i synk | Har försökt ta tag i mig ett tag nu | Har försökt ta tag i mig ett tag nu | Har försökt ta tag i mig ett tag nu",6PsjkCsky6zazqsFp7fswp
Astrologen,Magnus Uggla,1,upp,"hög, framåt, ut",Du har väckt upp det jag trott var dött | Du har väckt upp det jag trott var dött | Du har väckt upp det jag trott var dött | Du har väckt upp det jag trott var dött,7qmb9QR1EOt2i0PmXXmYFl
Du ska va president,Imperiet,1,i,"upp, under","I en gruva i Hell City verkar muskler av stål | Under nattens svarta himmel är det fest i timmar tolv | Men vårt liv är kort, ett party i en papperskorg | Nånstans nere i bunkern dunkar hammarslagens sång | Låt den eka i din hjärna, du är ett måste, du e stjärna",3ohXW41Z5iU6pL4pfpAMO0
Köttbullelåten,Ronny Rooster,1,i,upp,Hon säger köttbullar i näsan det är inget för en karl | Du får inte stoppa köttbullar i näsan Markus | Du får inte stoppa köttbullar i näsan där | Sluta upp att stoppa köttbullar i näsan Markus | Du får inte stoppa köttbullar i näsan sisådär,4LhNXZuh5AW19h6ptCmbVU
Blommor där du står,GAMMAL,1,i,,Gråter i en Uber hem | Gick i tusen bitar för du älskar hennes fräknar | Du har blommor i ditt hår | Salt i sår,0jKrDRQcTkvcJLJMj00AAO
Vingar,Mikael Rickfors,2,"fram, ut","bak, i",Och flyga fram över ängarna | Och flyga fram över ängarna | Och flyga fram över ängarna | Och flyga fram över ängarna | Och flyga fram över ängarna | Och flyga fram över ängarna | Och flyga ut över ängarna | Aldrig haft semester eller tagit ut nån lön | Och flyga ut över ängarna | Och flyga ut över ängarna | Vända dig mot vinden och skrika ut ditt svar | Och flyga ut över ängarna,3ng7C6llxYZDBefPfbaDUt
Varning på stan,Magnus Uggla,3,"upp, ner, i",fram,"Så jag skyndar mig snabbt att ragga upp en annan tjej | Hon hängde me upp hem till mig | Och jag pinglar upp Jerry och, ""Tjena hur är det läget | Hon hängde me upp hem till mig | Let's go, let's go, let's go, let's go, let's go ner på stan | Let's go, let's go, let's go, let's go, let's go ner på stan | Let's go, let's go, let's go, let's go, let's go ner på stan | Let's go, let's go, let's go, let's go, let's go ner på stan | Let's go, let's go, let's go, let's go, let's go ner på stan | Let's go, let's go, let's go, let's go, let's go ner på stan | Varning på stan för nu kommer vi som hållit i gång hela dan | Vi ska supa och slåss och ragga brudar förstås då ere draget i stan | Och i stan så ger vi järnet och vi bangar inte för nåt | Och hur var det i går kväll?"" | Jo jag fick tag i en biff och hon va fin som fan, hon va fotomodell | Och i stan så ger vi järnet och vi bangar inte för nåt | Och i stan så ger vi järnet och vi bangar inte för nåt",58GT40XJGSS1ScUygvyPAt
Super 8,Danny Saucedo,1,i,,"Det är lite kallt i fönstret nu men röken lugnar mig | Det ligger ensamhet i luften | Det är bara steg som ekar tomt i tunneln bakom mig | Det ligger ensamhet i luften | Är snart tillbaka här i soffan, äcklig, ful och tom | Det ligger ensamhet i luften, ingen saknar mig",7dWJBwpPuUWqUoTZ0FXQg5
Dansar i månens sken,Suzzies Orkester,1,under,"i, ut",Jag dansar naken under stjärnorna | Jag dansar naken under stjärnorna | Jag dansar naken under stjärnorna | Jag dansar naken under stjärnorna,4UBYbC0qKvmUvgJgyDKJDV
Little Willie John  Version,Peter LeMarc,1,upp,"ner, inne, långt, i",Spela upp en sorgsen sång med Little Willie John | Spela upp en sorgsen sång med Little Willie John | En sång som väcker upp all längtan | Spela upp en sorgsen sång med Little Willie John,7M57AuAeA5M4lnWqpUGRIR
Bara hon älskar mig,Blond,1,i,,Blir jag den man hon ser i sina drömmar | Blir jag den man hon ser i sina drömmar | Blir jag den man hon ser i sina drömmar | Blir jag den man hon ser i sina drömmar,5dEHUYf0NkT1pZeEJOCMsW
Joey Killer,Magnus Uggla,1,i,"upp, ut","Men allra ballast när han juckar i sin | Men mitt i den sången hörs från sceningången | Går han upp i en slottsruin | Sen i ett laserrökfyllt extranummer nackar han | Somnar som i trans drömmer om ett fans, som ropar | Men mitt i den gråten hörs den gamla låten",7B5NnCY27qsWb1neu5MhXa
113 officerare,Stefan Andersson,1,i,ut,113 officerare skulle ut i krig | Vem har sagt att vi lever i frihet i vår fjällhöga nord? | 113 officеrare fick tvivel i sin själ | Vem har sagt att vi lever i frihet i vår fjällhöga nord? | Vem har sagt att vi lever i frihet i vår fjällhöga nord? | Vem har sagt att vi lever i frihet i vår fjällhöga nord?,35r2D3oTBkr33rLYWvfGwJ
Halmstad,Linnea Henriksson,1,i,upp,Vad är det för fel i att älska det man har | Försten i vattnet vinner | Men vad är det för jävla fel i att bli den som blir kvar | Vad är det för fel i att älska det man har | Försten i vattnet vinner | Försten i vattnet vinner,1UmPfQAPqLnjSuRtcLJeoF
Mer för varandra,Norlie  KKV,1,långt,upp,Vi har gått för långt nu för att stanna | Vi har gått för långt nu för att stanna | Vi har gått för långt nu för att stanna | Vi har gått för långt nu för att stanna | Vi har gått för långt nu för att stanna,5GC6b6Ukc7PfwG8VfYO3ar
Tusen bitar,Björn Afzelius,1,i,fram,Men ett hjärta kan gå i tusen bitar | Men ett hjärta kan gå i tusen bitar | Det sägs att det finns alltid nånting bra i det som sker | Men mitt hjärta kan gå i tusen bitar | Men mitt hjärta kan gå i tusen bitar,5odXFIUE5YFAbA7iEdL0w8
Kräm så nära får ingen gå,kent,1,i,"ner, nära",Fäst den i mig | En rörelse i ögonvrån | En rörelse i ögonvrån | Lägg dig ner i gräset nu,58eqhe4CIuvHW8X2eBlFzC
Semester,Arvingarna,1,i,ner,"Snö i mängder va' man kunde se | Semester, lata dar' i solen | Semester, spela boll i sanden | Semester, lata dar' i solen | Semester, spela boll i sanden | Semester, lata dar' i solen | Semester, spela boll i sanden | (Semester, lata dar' i solen) | (Semester, spela boll i sanden)",4s3u3P0UiSUBFEcHvifOCX
Köppäbävisan,Bengt Pegefelt,1,i,"ute, ut","Å ja' va' uppa' å nera' å inna å' uta' i Köppäbä, määän | Få'nt' ja' en körv så huppä' ja' i älva' | Få'nt' ja' en körv så huppä' ja' i älva' | Få'nt' ja' en körv så huppä' ja' i älva' | Fassan' o' mossan ha' kåk ut' i Fossa', dit ska ja' åka å strula å' jåssa' | Få'nt' ja' en körv så huppä' ja' i älva' | Få'nt' ja' en körv så huppä' ja' i älva' | Få'nt' ja' en körv så huppä' ja' i älva' | Jobbä' i verkä' å' plättä' i Dosa', sen ut'te Valsan styr ja mi' kosa, där ha' ja' stuga å' mölje' hela sömmern' lång | Få'nt' ja' en körv så huppä' ja' i älva' | Få'nt' ja' en körv så huppä' ja' i älva' | Få'nt' ja' en körv så huppä' ja' i älva' | Hä' va' eftemidda' ute i Köppöbä, å' ja' va' hännä' å' dännä' | Å ja' va' uppa' å nera' å inna å' uta' i Köppäbä | Få'nt' ja' en körv så huppä' ja' i älva' | Få'nt' ja' en körv så huppä' ja' i älva' | Få'nt' ja' en körv så huppä' ja' i älva' | Få'nt' ja' en körv så huppä' ja' i älva' | Få'nt' ja' en körv så huppä' ja' i älva' | Få'nt' ja' en körv så huppä' ja' i älva'",0WU15SAYHClmfKPR2GtVPZ
En runda till,John De Sohn,1,i,"upp, fram",Möt mig i baren | Möt mig i baren | Möt mig i baren | Möt mig i baren,6dJc9S96pAZdwA2gSr4dD8
Underbar,Fronda,3,"upp, inne, i","ner, fram, ut","Men spegeln äter upp det positiva som hon ser | Två, fingrar i halsen - hostar upp mina problem | Det äter upp mig inifrån, självkänslan | Ensamheten förför mig varje dag jag kliver upp | Det finns ingenting som går upp, allting går ner | För innerst inne vet dom om att dom har fel och du är underbar | För innerst inne vet dom om att dom har fel och du är underbar | För innerst inne vet dom om att dom har fel och du är underbar | För innerst inne vet dom om att dom har fel och du är underbar | För innerst inne vet dom om att dom har fel och du är underbar | För innerst inne vet dom om att dom har fel och du är underbar | Två, fingrar i halsen - hostar upp mina problem | Han blev kär i alkoholen, tar familjen sist | Ligger i respirator så skadad och väntar | Hur ska jag bete mig i sociala sammanhang? | Det känns som första dagen i skolan ja, fast varje dag | Blickarna i korridoren är som knivhugg i låren",7G4jxL5jCy4EuzMPqkgrE0
Container,David Shutrick,1,i,upp,Men i sverige är det mycket | Jag vill röjja upp i röran | De bästa i mitt liv har varit gratis | De bästa i mitt liv har varit gratis | Det bästa i mitt liv har varit gratis | Det bästa i mitt liv har varit gratis | Det bästa i mitt liv har varit gratis,65yylycZ36rlCyXstyz36z
Se på mig,Jan Johansen,1,i,,"Så se på mig, åhå..., en hamn i stormen | Ja, se på mig, åhå..., i ljus och mörker | När du står en dag vid ett vägskäl i ditt liv | Så se på mig, åhå..., en hamn i stormen | Ja, se på mig, åhå..., i ljus och mörker | Så se på mig, åhå..., en hamn i stormen | Ja, se på mig, när ljuset blir till mörker i ditt liv",5E0DPn2m1oAigfof05lKmJ
Den första gång jag såg dig feat Linnea Henriksson,State of Sound,1,i,,Dom stod där bugande i par vid par | Så bländande som svanen i sin skrud | Om ock i vinterns dag | Och vågens brus i alla fulla fall,2bhRDMgssdQXr7o9J4Tykr
Vindarna,Freda,1,i,,"Vindarna leker i mitt hår, heppbereppbeberebebepp! | Du dansar runt på ängarna, du svävar i det blå | Du dansar runt på ängarna, du svävar i det blå | Blåser liv i glömda passioner här | Du dansar runt på ängarna, du svävar i det blå | Du dansar runt på ängarna, du svävar i det blå | Du dansar runt på ängarna, du svävar i det blå | Du dansar runt på ängarna, du svävar i det blå",2OVQRlkVtYKLr9YBQmWaKx
Macken,Galenskaparna  After Shave,1,i,,Bilar kör i krock | Blommor vissnar i en vas | Bilar i extas | Oljan rinner i en gammal sko,1N57gaReHnIlmZ010zbUhd
Flytta på dej,Alina Devecerski,2,"upp, ner",ut,"Jag bygger, bygger upp | Du vägrar ge upp | För jag klättrar, klättrar upp | Jag bygger, bygger upp | Du vägrar ge upp | För jag klättrar, klättrar upp | Jag bygger, bygger upp | Du vägrar ge upp | För jag klättrar, klättrar upp | Jag bygger, bygger upp | Du vägrar ge upp | För jag klättrar, klättrar upp | Jag bygger, bygger upp | Du vägrar ge upp | För jag klättrar, klättrar upp | Och du river, river ner | Och du drar mig, drar mig ner | Och du river, river ner | Och du drar mig, drar mig ner | Och du river, river ner | Och du drar mig, drar mig ner | Och du river, river ner | Och du drar mig, drar mig ner | Och du river, river ner | Och du drar mig, drar mig ner",0jfvayR4o86rv0UwQ1g3fX
Dra dit pepparn växer,Casanovas,1,i,,"Du har en annan i Landskrona, en i Växjö | En i Lund | Du har någon i Karlskrona | Och en TILL i Östersund",4RU3y1BkMuNyLfZNvQvinw
Symfonin,Loa Falkman,1,upp,"ner, långt, fram, i",Den stiger upp mot stjärnorna den melodin | Den stiger upp mot stjärnorna den melodin | Den stiger upp mot stjärnorna den melodin | Den stiger upp mot stjärnorna den melodin,5UC6JqZnGgTzKk0NM3xhZr
Var kommer barnen in,Hansson de Wolfe United,1,i,ut,Men hjärtat slår i varje ord | Men livet strömmar i en kontinuitet | Från förgånget in i framtiden | Men hjärtat slår i varje ord,1qAu9Y6Akd0CLAF6xLFtET
Vinden har vänt,Petter,1,i,"upp, fram","Har hiphop i fodret, yo jag har hiphop i blodet | Detaljeras, planeras in i det sista | Eyo jag blåser hål i top 40:s lista | Liv, planerar mina kliv i livets | Vad som än händer jag sätter ormar i panik- | Bada i fina viner, dränkas av cash | I format av laviner, jag skiter i allt det där | Natural Bond, Growing Pains, vi simmar i stim",1RumnunzRSwsoQAfBlIxHz
Vart står vi nu,Jobe,1,upp,"ute, ut",Jag borde stanna upp och andas | Dom säger att man aldrig ska ge upp hoppet | Jag borde stanna upp och andas | Dom säger att man aldrig ska ge upp hoppet | Dom säger att man aldrig ska ge upp hoppet,22WmW6zfWvJAhuIMfu7geX
34an,Eddie Meduza,1,i,,"Denna kåk har varit snäll och den var vår i vått och torrt | Nu går 34: an i himlen in | Och den var vår i alla väder, fastän gisten, ful och skev | Nu går 34: an i himlen in | Här i kåken har vi härjat sen vi alla varit små | Här i kåken klådde morsan vicevärden gul och blå | Nu går 34: an i himlen in | Nu går 34: an i himlen in",5CqLGYG9WPnvtCZurOfAx4
Dont Say Go,Trance Dance,1,i,,Don't say go go go i keep on running | Oh if this is my chance i need it | Don't say go go go i keep on running | Don't say go go i keep on running,45KlEPPU38wRcAjz1JhNuh
Mina Hundar,Fattaru,1,i,"upp, vänster, bakåt, ut","Springa strunta i det, det finns ingen chans att | När stämningen stiger till stadiet då stolar och saker börja flyga i taket | Är du blyg eller dryg eller vad, varför smyger du bakåt i lokalen | Vi attackerar de vidriga asen som styr i vår stad och som sprider ut hat | Så får du runda upp min del i det hela grabben det är nog bäst att du | Jag går till vänster som i rulltrappor medan ni håller deg som bullpapper | Mingan skiter i stil och klass softar och käkar biosnacks | Av någon ännu sämre jag skiter i vem du känner och vem som har skapat | Sen dess har vi varit i gyllene salen (röst: näe) fått gratis fyller i baren | Och snart blir vi hyllade var än vi går och i somras så fyllde vi nalen | Som monika zetterlund när vi går genom Stockholm och sätter i gung | Hela stan med den där snubben som... som vi hittade på en toalett i lund | O med de raderna passar jag micken till en ny medlem i fattaruklicken | När jag ser dig i din volvo rycker av | Alla pengarna i väskan sen sticker jag | Vi gör det som faller oss i Hany Bany skjuter med sin Smith & Wesson | Som Billy The Kid ut i vild västern",7cS8Z27XiJmHQfi7f2jKBZ
Dansa Pausa,Panetoz,1,i,,Skiter i om du art tjock small fin eller ful | Skiter i om du art tjock small fin eller ful | De dom kraver ar kanslan i dans sa vi ger dom | Skiter i om du art jock small fin eller ful | Skiter i om du art jock small fin eller ful | Dansa i staden sedan lag in den pa laden? | Dansa pa scenen och dansa i publiken dansa for rappet | Skiter i om du art jock small fin eller ful | Skiter i om du art jock small fin eller ful,2gNAGt7gUiMkagkhIiDLPm
Klär av dig,Victor Leksell,2,"upp, ut",i,"Att vakna upp, va bredvid dig | Jag kommer aldrig ge upp tills jag har dig | De andra borde se upp | Jag kommer aldrig ge upp tills jag har dig | De andra borde se upp | Jag kommer aldrig ge upp tills jag har dig | Jag kommer aldrig ge upp tills jag har dig | De andra borde se upp | Har varit så in och ut | Men vet att jag håller ut, baby | Har varit så in och ut | Men vet att jag håller ut, baby",2YdXecjfECHt5P7bv8XVA6
Öl  Karaoke,Arvid Nero,1,i,"upp, ut",Välkomnad av en skylt i blå neon | Som höll mig fången i min telefon | Av nöden tvungen att gå före i kön | Alla som stått i kö som grät och skrek,6K60YhqRoswjZRC3AFpO20
KOMMER DU IHÅG,Hooja,1,i,"ner, bakåt, fram","Mygg i luften, det lukta bränt | Hade ingen täckning i skogen då | Var på bilsemester, i Luleå (Luleå) | Käka Max första gången i livet | Hade ingen täckning i skogen då | Hade ingen täckning i skogen då",7yfMu3Ez41fQXuD9gUbFjQ
Tröjan du hatar,Norlie  KKV,4,"ner, ute, i, ut",,"Allt du brände ner, låt det regna ner | Allt du brände ner, låt det regna ner | Bruka gå ner för dig, nu är du död för mig | Nu ligger dina kläder ute på gatan | Nu ligger dina kläder ute på gatan | Nu ligger dina kläder ute på gatan | Nu ligger dina kläder ute på gatan | Nu ligger dina kläder ute på gatan | Jag kastar ut det sista av dig som finns kvar i mitt liv | Och jag går i dagar i tröjan du hatar, ah-ah-ah | Så ha det bra, vi hörs, vi ses i dina drömmar | Att du vart i min famn varje natt gör mig kall (Kall) | Jag kastar ut det sista av dig som finns kvar i mitt liv | Och jag går i dagar i tröjan du hatar, ah-ah-ah | Jag kastar ut det sista av dig som finns kvar i mitt liv | Och jag går i dagar i tröjan du hatar, ah-ah-ah | Jag vet hur du funkar, jag kan dig ut och innantill | Jag kastar ut det sista av dig som finns kvar i mitt liv | Jag kastar ut det sista av dig som finns kvar i mitt liv | Jag kastar ut det sista av dig som finns kvar i mitt liv",3BG2oJZKN6SfUOcz8bSzhU
Välkommen in  Radio Edit,Veronica Maggio,1,upp,"ner, i","Jag bor fyra trappor upp och du är välkommen in | För det är kö från gatan upp till hallen | För det är kö från gatan upp till hallen | Ja, det är kö från gatan upp till hallen | Flackande blickar upp och ner och igen, åh | För det är kö från gatan upp till hallen | För det är kö från gatan upp till hallen",79zrl0KEYfELHCmZ8NoPVX
Jeg vil ha Parlamentet,Fjellrev,2,"ute, i",,Jeg trenger tre gram når jeg er ute | Jeg vil ha tre gram når jеg er ute | Jeg trenger tre gram når jeg er ute | Jeg vil ha tre gram når jeg er ute | Jeg trenger tre gram når jeg er ute | Jeg trenger tre gram når jeg er ute | Jeg vil ha tre gram når jeg er ute | Jeg trenger tre gram når jeg er ute | Jeg trenger tre gram når jeg er ute | Sitter i hjørnet med noe blow | Baby du vet det er cash i mine jeans (baby du vet det er cash) | Sitter i hjørnet med noe blow | Sitter i hjørnet med noe blow | Sitter i hjørnet med noe blow | Baby du vet det er cash i mine jeans (baby du vet det er cash) | Sitter i hjørnet med noe blow | Sitter i hjørnet med noe blow,64wEOlCnjWxwRevRrXl3ot
Heaven med dig,Veronica Maggio,1,i,,"(Hamnar i helvetet) | Hamnar i helvetet ändå, vem bryr sig? | Försöker låta bli men hamnar i | Hamnar i helvetet ändå, vem bryr sig? | Hamnar i helvetet ändå, vem bryr sig? | Försöker låta bli men hamnar i | Hamnar i helvetet ändå, vem bryr sig? | (Hamnar i helvetet) | Försöker låta bli men hamnar i | (Hamnar i helvetet) | Hamnar i helvetet ändå, vem bryr sig?",03UV6Xr4KkBwN4ej2C1irI
Superlim  silvertejp,Molly Sandén,1,ut,i,"Önskar att jag visste vägen ut, vägen ut | Önskar att jag visste vägen ut, vägen ut | Håll ut, det blir nog bra till slut | Håll ut, det blir nog bra till slut",5lOGSH8HAnmJlvwnVFBa1s
Meteor,De Vet Du,1,upp,i,Vi ställer oss upp på borden (Oh-oh-oh) | Jag reser mig och tar mina händer upp mot himlen | Vi ställer oss upp på borden (Oh-oh-oh) | Jag reser mig och tar mina händer upp mot himmelen,3m9QgZjD3k4lfAOLbBV7DW
All in för Sverige VMlåt 2026,Brandsta City Släckers,1,i,,Jag hörde att sommarn i år ska bli het | Vi svettas i soffan att Göken gör mål och stan exploderar i vrål | Hör blågula hjärtan som dunkar i takt,3AGFGLUAhu0Cwv1Mkea3d4
Atom,Lovet,1,i,"upp, under",Du passar bättre bredvid mig i en cockpit | Supernova i min ådra | Och jag vet ingenting om att skita i | Så allting i mig fucking skriker att jag är gjord för att vara din,24j5pHISv4r7Au45ueiZ8r
Långt från alla andra,JULIETT,1,nära,"långt, fram, i, ut",Men du är så nära ändå långt ifrån mig | Du är så nära ändå långt ifrån mig | Men du är så nära ändå långt ifrån mig | Du är så nära ändå långt ifrån mig,1b9zyY3MjTdVSoNToIr9iN
Fiji,Victor Leksell,1,i,ut,Du är en skatt i mina ögon | Och jag lägger mitt hjärta i dina händer | Jag vill se solnedgångarna i Fiji | Och jag lägger mitt hjärta i dina händer | Och jag lägger mitt hjärta i dina händer,4goZlS7441L0Atf2BzC2lH
Berusade ord,noll2,1,i,upp,Smakade på orden som har fastnat i min hals | Smakade på orden som har fastnat i min hals | Smakade på orden som har fastnat i min hals | När jag smakade på orden som har fastnat i min hals | Smakade på orden som har fastnat i min hals,0RxBz475eVWbDQQwcY7DNa
Tusen spänn,Tjuvjakt,1,i,upp,"Klockan kvart i två? | Du yrar i mössan, du blir aldrig vuxen | Så du har helt rätt i vad du säger | Klockan kvart i två? | Klockan kvart i två?",01RdEXps15f3VmQMV6OuTM
Viva LAmor,Medina,1,ner,"upp, långt, i",När allting faller ner | När allting faller ner | När allting faller ner | När allting faller ner | När allting faller ner | När allting faller ner,7AfJuBQaZQxmKDofbP73TT
Väntat,Victor Leksell,1,i,ut,"Fast i ett mönster, kan vi hitta ut? | Fast i ett mönster, kan vi hitta ut? | Så lätt att bara falla (Bara falla, i dina armar) | Fast i ett mönster, kan vi hitta ut?",6FlICUJXQ6JcBsdR7y9wuM
Blåögd,Molly Sandén,1,i,,"Mina klackar e så vassa, e så stor i orden | Gått i terapi i tusen år | Huvet i det blå | Gått i terapi i tusen år | Huvet i det blå (Blå) | Gått i terapi i tusen år | Huvet i det blå (Huvet i det blå)",7mpBXaF68UdXcsBdfRKLA5
Lys på mig,Victor Leksell,2,"i, under",,"Jag bor i den mörka solens stad | Jag är ljuset i natten, vingavakten | Jag bor i den mörka solens stad | Jag bor i den mörka solens stad | Och under skinnet är jag | Jag behöver ljuset men ligger under bordet | Jag behöver ljuset men ligger under bordet | Men ligger under bordet",3kbNesyQPnUreP6bD7aADS
Lost and found,Molly Sandén,1,i,"fram, ut",Du kanske måste ut i världen | Du kanske måste ut i natten | Leta i ditt mörker | För det vi gömt i snö | Här i lost and found,7AIr6shgnOlUrx3StZUkce
Sommarkatt,Lovet,1,i,"upp, ut","Skit i allt å' kyss min hals | Du kom som jordgubb i strutar, du är som smultron på stråna | Skit i allt å' kyss min hals | Hej du, allt har vaknat till, som fåglar i April | Du får mig när du vill, jag är i öppet fritt fall | Oh yeah ja, jag faller in i trans, jag hade ingen chans | Så såg jag när du sov där med himmelen i håret | Skit i allt å' kyss min hals | Skit i allt å' kyss min hals",57AHVmaxTYWoBBB5CFr9Ts
Dansa med mig själv,Miss Li,1,ut,"ner, i",Jag kan gå ut ikväll | Jag kan gå ut ikväll | Jag kan gå ut ikväll | Jag kan gå ut ikväll | Jag kan gå ut ikväll | Jag kan gå ut ikväll,3n3Ltm3NcITJwJLLDvFpSi
INGET E SAMMA,Reyn,1,nära,i,Jag vill va nära dig | Jag vill va nära dig | Jag vill va nära dig | Jag vill va nära dig,13aLtHCE3vPPDCct3nz6Iz
Jack  Coke,Miss Li,1,i,fram,Men nu står jag här i hörnet som en liten tönt | Med en Jack and Coke i handen som jag snart har tömt | En kille kommer fram och lägger något i min hand | En kille kommer fram och lägger något i min hand | Så lost i grisch och rosa strobe,3zXXeMCgfZKj7OHEzoCuqh
SOS feat LOAM,Emilia Pantic,1,ut,ner,"Ser ut som ett fucking skämt, känner SOS | Ser ut som ett fucking skämt, känner SOS | Ser ut som ett fucking skämt, känner SOS | Ser ut som ett fucking skämt, känner SOS | Ser ut som ett fucking skämt, känner SOS | Ser ut som ett fucking skämt, känner SOS | Ser ut som ett fucking skämt, känner SOS | Ser ut som ett fucking skämt, känner SOS | För du ser ut som ett fucking skämt, känner SOS",6vE2RZwkgeZyzyGZvCWKiR
Skriker mitt namn,Victor Leksell,1,fram,"låg, i, ut","Jag krigar, krigar mig fram | Jag krigar, krigar mig fram | Jag krigar, krigar mig fram | Krigar, krigar mig fram",3jGTLWpILJexFMVibAjij9
Bara du är där feat Von Disco,Ella Tiritiello,3,"upp, ner, i",,"Räkna upp till tre | Kan du få riva upp ett efter ett | Kan du få riva upp ett eftеr ett | Kan du få riva upp ett efter ett | Andas, varva ner | Ligga ner på marken, förblöder | Spränga mina gränser och krascha ner med huvudet först | Om det måste rasa ner | Ligga ner på markеn, förblöder | Spränga mina gränser och krascha ner med huvudet först | Ligga ner på marken, förblöder | Spränga mina gränser och krascha ner med huvudet först | Dansa i ett mörker med aska som konfettiregn | Mitt hjärta det är lindat i din taggtråd | Dansa i ett mörker med aska som konfettiregn | Dansa i ett mörker med aska som konfettiregn",3No7Damf9LQeDkxQwW7NmM
Romeo återvänder ensam,kent,1,i,inne,Och inne i staden råder ständigt lågsäsong | Och snön hjälper spillrorna i land | Som en Romeo i jeans på din balkong | Och din klänning är som trasor i min hand | Och jag lämnar inga fotspår ens i sand,1QflF8PmqQYcLHO6Lsv5hW
Halvfullt sprucket glas,IdaLova,2,"i, ut",under,"Det fina kan visa sig i tö | Tänk en blomma gömd i snö | Hans och Greta som i en saga | Det fina kan visa sig i tö | Tänk en blomma gömd i snö | Vi kommer falla, vi kommer dö, men håll ut | Håll ut för natten blir till dag | Vi kommer falla, vi kommеr dö, men håll ut | Håll ut för natten blir till dag | Håll ut för natten blir till dag",67kdOBbNGrgqVo8yk1Ue6h
Bullerbyn är död,Simon Superti,1,i,ner,"Vid den fläckfria fasaden, i ett sekelskifts kvarter | Där lyser lamporna i rad så fort som solen har gått ner | Jag vill leva jag vill dö i Norden | Jag vill leva jag vill dö i Norden | Jag vill leva jag vill dö i Nordеn | Jag vill leva jag vill dö i Norden | Med min еna fot i graven | Jag vill leva jag vill dö i Norden | Jag vill leva jag vill dö i Norden | Jag vill leva jag vill dö i Norden | Jag vill leva jag vill dö i Norden | Jag vill leva jag vill dö i Norden | Jag vill leva jag vill dö i Norden | Jag vill leva jag vill dö i Norden | Jag vill leva jag vill dö i Norden",1fOQl3GYdJLb6Gtzn0jdO4
Maraton feat Eah Jé,Miss Li,1,i,"upp, ner, långt, fram, ut",Hålla mig hårt i handen? (För jag) | Alltid andan i halsen (Säg mig) | Utan telefonen i vår högra hand | Lägger mig ner i gräset | Ser figurerna i ett moln | Utan telefonen i vår högra hand,4xjToEGaH7o07vuGIEg0fX
På Måndag,Miss Li,2,"upp, i",,"Mina vänner har växt upp för längesen | Ska hon inte ta och växa upp och bli nåt vettigt nån gång? | Bara kunde växa upp och vara lite mindre naiv | Ska hon inte ta och växa upp och bli nåt vettigt nån gång? | Bara kunde växa upp och vara lite mindre naiv | På måndag ska jag ta tag i mitt liv | Jag ska bli en sån som alltid går hem i tid | Åh, ska sluta ringa dig mitt i natten | Jag ska ta tag i det på måndag | Jag ska ta tag i det på måndag",4TnoZMlHYaYVCVB8BXMVj9
Natthimlen,Victor Leksell,1,i,ner,Ligger i vår kalla säng | Den är så tyst i min ensamhet | Med hjärtat i min hand | Fastnat i en labyrint,1ABS9QUpgdLMiNzEDiilAs
Utan dig  Newkid Version,Molly Sandén,1,i,"upp, låg","När du var i bland molnen | Och jag kan inte förlora mig i dig | Och jag kan inte förlora mig i dig | Och jag kan inte förlora mig i dig | Och jag kan inte förlora mig i dig | Har något 50/50 i min kopp (Kopp) | Stackar upp promille i min kropp | Upp i klubben skriker, ""Mannen ni vet ingenting om oss"" (No) | Och jag kan inte förlora mig i dig (Baby, jag förstår dig)",6InfeLllkM2yhfPosY8Edi
Ramla,Victor Leksell,1,i,upp,Allt jag tar i brinner upp | Jag har fastnat i ett hål men ska resa mig och gå | Jag vill inte ha dig kvar i mina minnen | Allt jag tar i brinner upp | Jag har fastnat i ett hål men ska resa mig och gå,5CnD1LeJ2698VHja6YkL4z
Misstag,Miss Li,1,i,"upp, långt",Du vaknar i en säng med både skor och kläder | Ölburkar och glas i hela lägenheten | För jag har gått i dina slitna skor | Du kommer springa in i många söta pojkars famn | För jag har gått i dina slitna skor | För jag har gått i dina slitna skor (Slitna skor),1E8vzxJWTniTxyeTXzBoRx
Regnblöta skor,Miriam Bryant,1,i,,Som fick ha huvudet i din famn | Du står kvar i dina regnblöta skor | Ser alltid slutet i varje stad | Du står kvar i dina regnblöta skor | Och du står kvar i dina regnblöta skor,2YYsb4d39JKLpQgTMpXOQ0
Världen är inte vacker men det är vi,estraden,1,i,,Världen är inte vacker men du gör den värd att leva i | Världen är inte vacker men du gör den värld att leva i | Du och jag är ögat i en orkan | Världen är inte vacker men du gör den värd att leva i | Du och jag är ögat i en orkan | Världen är inte vacker men du gör den värd att leva i,4kpu0HVUbw1Ozb1pV1pXIX
Istället,Reyn,1,i,ut,"Jag har bokat rum för två här i natt (Yeah-yeah-yeah) | Men det är ingen som ska sova i natt (Yeah-yeah-yeah) | Tur jag droppa tio lax här på Grand här i natt (Yes sir) | Låt nån i receptionen ta dina väskor, säg ba mitt namn om dom frågar dig | Jag har bokat rum för två här i natt (Yeah-yeah-yeah) | Men det är ingen som ska sova i natt (Yeah-yeah-yeah) | Jag har bokat rum för två här i natt (Yeah-yeah-yeah) | Men det är ingen som ska sova i natt (Yeah-yeah-yeah)",6owXSHo7XvqG97VZ6A22B3
Sommarkort,Cornelis Vreeswijk,1,i,"långt, under","Andra säger lyckan finns i ett ögonblick | Fast dom aldrig hann i fatt de dom fick | Tar vi ett kort på barnen i sommar tid | Om du går runt i cirklar, eller rakt dit du vill | Om du står långt i från eller tätt intill | Tar vi ett kort på barnen i sommartid | Tar vi ett kort på barnen i sommartid",0P5wCXpGqItUpYbj2bUK0d
Men bara om min älskade väntar,Thåström,2,"låg, i",,Bara om hon låg här tätt intill mig | Bara om hon låg här tätt intill mig | Bara om hon låg här tätt intill mig | Bara om hon låg här tätt intill mig | Jag kan inte se min spegelbild i vattnet | Det finns skönhet i flodens silversånger | Det finns skönhet i gryningssolens sken | Men då ser jag i min älskades ögon,3I1cKBHKRyZc6BNkO8IELx
Vintersaga  Live på Börsen,Jerry Williams,1,i,,"Ett träningspass på Ullevi i dis | Gränsstationen i Torneå, en gumma på en spark | Tät snö som gloppar i Mariabergets backar | Hett och svett på Statt i Härnösand | En tradare i snörök mellan Kiruna och fjärran | Flämtande ljus i Visby hamn | En ensam Volvo sliter i motvinden på Tjörnbron | Bion i Pajala ger ""Den sista färden"" | Stockholm city svajar i sitt rus | Tradarfik i Docksta i motorvägens skugga | Frusen törst i kön till stadspuben i Luleå",7dEkdqVswyP3m9u8LSrtKt
Men bara om min älskade väntar,Nationalteatern,1,i,låg,Om i morgon inte kändes så oändlig | Jag kan inte se min spegelbild i vattnet | Det finns skönhet i flodens silversånger | Men då ser jag i min älskades öga,15EZ0MVbTowb8ZvzgB02eO
Ännu en dag,Bo Kaspers Orkester,1,i,upp,På ett fik i en vrå inget vet vad man dricker | Man ska spotta i näven och ta sig i kragen | Skärpa till sig lyfta upp sig i håret,3AXlLiKJboUMoImzU2xzMK
Polaren Per är kärlekskrank,Cornelis Vreeswijk,1,i,,"Skönaste damen i vår stad | ""Jävlar i det"" sa polaren Per | Tuffaste damen i vår stad | ""Jävlar i det"" sa polaren Per | Vi satt i hennes dyschatell | Hon sveper en åtta drinkar i rad | ""Jävlar i det"" sa polaren Per | ""Jävlar i det"" sa polaren Per | ""Jävlar i det"" sa polaren Per | Dyraste damen i vår stad | ""Jävlar i det"" sa polaren Per | ...Jävlar i det"" sa polaren Per",6TdoQdhklJ3vfoYjoQqJB3
Kolla kolla,Nationalteatern,1,i,fram,Och trodde jag var stark - men jag hamna i en park | Så när jag kommer härifrån - värker det i hjärtevrån | Men är man hederlig i stället och jobbar på i tjyvsamhället | Även om jag kanske kommer i frihet en dag | Lika så bra jag kör direkt i ån | När jag kommer härifrån - i en stulen Amazon,3AKMye0eCEnCVqOZrwGDwl
Förlorad igen,Niklas Strömstedt,1,i,långt,Iväg - och allting i världen var nytt | Jag såg mig i spegeln och såg någon annan | Ensam och vilsen i främmande land | Mitt i ett liv som jag långt ifrån kan | Med blommor i handen och blicken i marken,3usteEaIdwAaKKl7wlMGMi
Pojken på månen,Rikard Wolff,1,i,"ner, framåt","Den största sorgen i livet är den att jag aldrig blev vald | Så älskade mamma, kom håll din gosse i hand | Med ångbåt på min pyjamas och liljekonvaljer i blick | Fjärran från verkliga fasor, vilar till sist i sin sömn | Så många jag älskat i mörkret, jag har älskat för kärlekens skull | Men nu är det dags att fara, man blåser i ångvisslan strax | För alla barn i världen han viskar ett trösterikt ord",7d5il3pdj4Wgq7bOICSF6U
Fulla för kärlekens skull,Eldkvarn,1,i,"ute, fram, ut",Söndagkväll i den stad jag föddes | Jag står i en bar med gamla vänner | Och bilder från min hemstad jagar mig i sömnen | Jag går ut naken mitt i natten | Och det är sommar i en sekund | Och mellan väggarna i kyrkan ekar tusen år av ord | Och vi pratade i mörkret | Och jag sätter mig i bilen,3myN8VIQbnMGr9qHiczMcf
Romantiken feat Ane Brun,Tomas Andersson Wij,1,i,,De som gömmer en i ljus | Jag är fast i mitt | Som du är fast i ditt | Livet krymper gör sig vant i oss,3uWrO0I338XeRbFMLxVWln
Tror jag hittar hem,Lars Winnerbäck,1,i,"vänster, höger, öster, inne, långt, ut","I halva mitt liv, i två decennier | Det fanns en stjärna i öster | Kall som tjälen här i Nord | Jag har sett vänner gå in i mörkret | Jag har sett lögner komma ut i ljuset | Släpp mig varsomhelst i världen | Och vi sitter i en bil och vi lämnar | Utan nånting i potten | Nu ser vi tornen i Högalid",3sPZOuqxS1jzwTDKZHrsWa
Jag vill tacka Livet,Arja Saijonmaa,1,i,långt,"Som i all sin vidhet | Över stränder, berg, i Öknar och på slätt land | Som i grunden darrar | När jag ser in i dina klara ögon",49CcYj1bsJ0fjkICI8hIrR
Till min kära,Björn Afzelius,1,i,upp,"Se dig omkring, se dig omkring i världen: | Människor slåss, kämpar i hela världen | Se dig omkring, se dig omkring i Sverige: | Det finns de som slåss, finns de som slåss i Sverige",5nZfVQiF1TxKgkQSR4Gfez
Andetag,Visby Allmänna Sången,1,i,,"Längtans starka lust hörs i dina andetag | Sorg och glädje möts i varenda sekund | Av nåd och ömhet i kärleken | Någonting dröjer kvar i vindens fart, solens ljus | I strandens grus och i tysta natten | En dag är du en av dem, som har levat förut i en svunnen tid | Dina gärningar, ditt ord, din tro vandrar vidare i dina barnbarns blod | Så som havet bär var våg i sin famn, famnar tillvaron evigt människan | Vinden bär i sig hela livets hemlighet | Allt vad gjort och sagt ryms i det som vi minns | En dag är du en av dem, som har levat förut i en svunnen tid | Dina gärningar, ditt ord, din tro vandrar vidare i dina barnbarns blod | Så som havet bär var våg i sin famn, famnar tillvaron evigt människan | Nu och här i ett andetag | Ditt liv vilar i vinden | Vinden bär i sig hela livets hemlighet | Allt vad gjort och sagt ryms i det som vi minns | En dag är du en av dem, som har levat förut i en svunnen tid | Dina gärningar, ditt ord, din tro vandrar vidare i dina barnbarns blod | Så som havet bär var våg i sin famn, famnar tillvaron evigt människan | En dag är du en av dem, som har levat förut i en svunnen tid | Dina gärningar, ditt ord, din tro vandrar vidare i dina barnbarns blod | Så som havet bär var våg i sin famn, famnar tillvaron evigt människan",6WRPcPq6bVO0wNx7ulmTif
Trubbel,Håkan Hellström,1,i,"ner, inne, ute, ut, under","Men i min trädgård är det visset, mörkt och kallt | Och lika hopplöst, trist och grått som i mitt bröst | Ett liv i synd och utan omsorg att bli frälst | Då blev det dödstyst här i trädgården igen | När han kom ut i sidenscarf och sa, ""Goddag"" | Jag går omkring i mitt Pompeji bland ruiner | Och jag trampar runt i resterna utav vårt liv",4HMfyF1N7spvVdWuAzyk3C
Där gullvivan blommar,Grymlings,1,i,"upp, ner, mitten",När jag går hem i natten å jag böjer mitt knä | De ska lysa å dofta i din sovkammare | Just när gullvivan blommar får du ro i din själ | Som e mäktigt att tämja har en plats i min själ | Men i mitten av livet för en rik ålderdom | Finns det stunder att gömma i sin djupaste själ | Men en lindring i hjärtat e väl ändå | Att i släktled tillbaka | Som e mäktigt att tämja har en plats i min själ,7zcGWhYVwLzmjbukHIulkE
Lugnare Vatten,Kjell Höglund,1,i,"fram, ut, under","Vingarna slog i graniten | Som hade sargats i många stormar | Vågorna häver sig i tysta, tunga kullar | Seglen smattrar i vinden",1dwm3o8uv51QUvKZ17mcLj
Balladen om briggen Blue Bird av Hull,Sofia Karlsson,1,i,"upp, låg, ut","Över soten i snöstorm med nerisad rigg | Fast i snöglopp och stänk | Han fick den i lo | Och i lä där låg Smögen | - Vi har Hållö om styrbord och brott strax i lä | - Båt i lä! | - Båt i lä! | - Båt i lä! sjöng han ut | - Alle man hoppa i, dom är här ni blir bärgade då | Nio supar i spetsiga glas | Och han slog det i golvet i kras | - Gud i himlen var är då min son? | Det blev dödstyst bland männen i vrån! | - Nämn ej namnet på briggen som har gått i kvav",6HIZgEQBQM32mxwcFTnRiQ
Stjärnorna,Mando Diao,1,i,,"Rött guld i går, torrt löv i dag | Rött guld i går, torrt löv i dag | I natt i rymden runtomkring | Rött guld i går, torrt löv i dag | Rött guld i går, torrt löv i dag | I natt i rymden runtomkring",40MIB7FJk0P2E9WO5DHhMH
Johan  Johanna,Dan Berglund,1,i,"långt, ut","Och trots att men blev varnad så fastna man i skiten | Sen springer du och slösar i stans alla affärer | Ja, då går jag ut på krogen, jag ger fan i alltihop | Och se dig själv i spegeln så får du se en ful en",6a5LaE3jHaXLSgCLYc3Gc8
Balladen om briggen Blue Bird av Hull,Imperiet,1,i,"upp, låg, ut","Över Soten i snöstorm med nerisad rigg själva julafton sjuttiotvå | Han stod halvblind, han fick den i lo | Och i lä, där låg Smögen, hans hem, där hans mor | Vi har Hållö om styrbord och brott strax i lä!"" | ""Båt i lä! Båt i lä! Det är far, det är vi! | Båt i lä!"" sjöng han ut | ""Dom är här! Jumpa i, alle man! Vi blir bärgade då!"" | Nio supar i spetsiga glas | Det tionde glaset han tog, och han slog det mot golvet i kras | Gud i himlen var är då min son?! | Det blev dödstyst bland männen i vrån... | Nämn ej namnet på briggen som har gått i kvav",4ZquU8ADRO4QkZKUS2W9uo
Sjösala vals,Evert Taube,1,ut,i,"Och se, så många blommor som redan slagit ut | Och se, så många blommor som redan slagit ut | - Och se, så många blommor som redan slagit ut | Och blommorna, de blommor som redan slagit ut",39sX8zIABMzPBY0cDblp91
Fanfar,Staffan Hellstrand,1,i,under,Dom som ser lyckan i det dom har näraC/Am | Dom som kan leva en dag i sänderF/G | Dom som inte alltid letar efter spänningen i nattenF/G | Eller snortar i sig drömmar runt Karlaplan | Som inte schackrar och dealar i en blåfrusen ström,0tSFMKW57niXaWSyyIaY9o
Hon kom över mon,Contact,1,i,fram,Nånstans i mitt inre hon slog an en ton | Som jag plocka o spara djupt i mitt sinn | Vill du dela min tid fram till dess vi skall multna i jord | Det var hon som en gång i mig slog an en ton,6XsCAoxHy2LcIrGJoe5tLH
Balladen om Olsson,NJAgruppen,1,i,"upp, ner, fram",Dom tryckte ner han i skiten för Olsson börja' bli farlig | Så en dag blir det stopp i maskinen | Att dricka kaffe i grupp | Då kom befälet fram och kastade Olsson i golvet | Dom tryckte ner han i skiten för Olsson börja' bli farlig,0U1Wnt8psBMe0ml3pKGYqh
Årstider,Allan Edwall,1,i,"ner, fram",Och mesen som i holken bor | Och i fabriken är det stopp | Går han på i parti och minut | Och marken gror och går i knopp | Och mesen som i holken bor | Och juice i tetrapack | Och det skiter man i,2M0tJhXhOibVQpQfXXLAFU
Vaggvisa,Allan Edwall,1,i,nära,"Ty i svarta natten, över skog och mark | Sov mitt lilla hjärta, roligt i din bädd | Sov mitt lilla hjärta, roligt i din bädd | Ligger han i nästa ögonblick i blod | Sov mitt lilla hjärta, roligt i din bädd",4HU8drwBFpVQusCwixXwTy
Nu blåser vi ut ljusen stolta stad,Lasse Tennander,1,i,ut,"O mitt hem det är där borta, du ser det snart min vän, Ja mitt hem det är i tornet där | Och i Kungsträdgårdens bleka dis | Statister från nån opera rör sig stel och som i trance | Men där borta i dom vita bergen | Det lyser svagt i tornet där men det är också allt | Ser du himlen rodna svagt i öst",6aBsA53RrkSOBmLhYva6wY
AlaskaAll aska,Moonica Mac,1,i,ut,Eller blommande äng med gråten i halsen | I full blom och i brand | Eller blommande äng med gråten i halsen | Eller blommande äng med gråten i halsen,7FgxItLwN9ufwdWi2idcge
Kosters klippor,Totta Näslund,1,i,"långt, fram, ut",Jag kunde haft dig än i denna dag | Få känna frihet i ett enda andetag | Jag kunde haft dig än i denna dag | Få känna frihet i ett enda andetag | Jag kunde haft dig än i denna dag | Få känna frihet i ett enda andetag,2odnMYPlkGpt1R5lin6txM
Köksevangelium,Darya  Månskensorkestern,1,i,ut,Vem ska köra sista tåget hem i detta vinterland? | Tror du hedarna var lediga då i Betlehem? | Just i år är det väldigt svårt för mig att komma loss | Snälla tänk på mig i denna stund och tänd ett tomtebloss,2qlg3nw7mVuCNYJLqjBwuU
Den här gången är det på riktigt,Håkan Hellström,1,i,"ner, långt, ut","Att jag var kär i någon | Så skit i det, för den här gången | Känns som vi snurrar i regnet i svartvitt | Så skit i det, för den här gången | Känns som vi snurrar i regnet i svartvitt",1JKQN9pttrg4jyavKaW95W
Född fri,Björn Afzelius,2,"i, ut","upp, låg","Och förde den in i mitt hus | Och i mina stunder av sorg och förtvivlan | Med fågeln i huset var min ensamhet 'ver | Tills den somnade in i sin bur | Den satt i sin bur och såg ut genom fönstret | Och först i oktober förstod jag till sist | Jag går runt i min trägård och sneglar mot himlen | Att få leva i frihet igen | Framför brasan tills elden brann ut | Den satt i sin bur och såg ut genom fönstret | Och jag såg hur min fögel flög ut | Det går emot vår, snart ska träden slå ut",0f7BZMoK13kj3ci4trrhqA
Den ena handen vet vad den andra gör,Blå Tåget,1,i,fram,Och till och med betala mindre i lön | De sitter i samma båt | De sitter i samma båt | De sitter i samma båt,6H7I7KeoWApFvXV79oWMJu
Mitt hjärtas fågel,Mikael Wiehe,1,i,"upp, nära",När jag finns i dina ögon | När jag är i dina tankar | När jag finns i dina ögon | När jag är i dina händer | När jag är i dina händer | Och låt mej vakna i din famn,4Je0KTIZsShucBtWfhQW1v
Påtalåten,Ola Magnell,1,i,"upp, ner, ut",Märren ränner hän i sken över tiljan | Bonden studsar upp i sin nya slåttermaskin | I att vara lite vilsen i vår nya sköna värld | Bror står i jorden och påtar | Så sent som i fjol stod en tupp där och gol | Jag blir snart desperat av att leva i en stat | Som i vår kristna gistna västerländska dollarcivilisation | Gick du i din barndoms hage bland snår,56DWBKKeeEyKQGDThccBrs
Okända land  Acoustic Version,Sara Yasmine,1,i,,Som gör ont i huvudet ditt | Ångra dig i samma stund | Med lykta i din hand | Även i okända land | Lägg din sorg i mina armar | Med lykta i vår hand | Med lykta i vår hand | Med lykta i vår hand | Även i okända land,7qr5iQXQep3WwHg3Dpe8ud
Juanita,Hoola Bandoola Band,1,i,"upp, ner, ut","När de möttes i Madrid för längesen | Och Juanita måste gömma sig i bergen | Hans båda söner var i Spanien förra sommar'n | Och om sin far som en gång varit i Madrid | Är som honung i förtryckarnas mun!""",0J3bi00Zc5QLyRuRQeLS0M
En flicka som är stark,Mimikry,1,ner,"i, ut",Men om jag plockar ner en liten bit | Jag gräver ner mig som en skatt | Så jag ger mig ut bland gröna träd och plockar ner | Men om jag plockar ner en liten bit | Jag gräver ner mig som en skatt | Jag ska plocka ner en liten bit | Jag gräver ner mig som en skatt | Men om jag plockar ner en liten bit | Jag gräver ner mig som en skatt | Men om jag plockar ner en liten bit | Jag gräver ner mig som en skatt,5sC0F0nplmSJhG7vknJLl4
Du är ånga,kent,2,"långt, i","ner, ut","Så var vi långt, långt, långt härifrån | Så är vi långt, långt, långt härifrån | Jag är född i en tid precis när dammet lagt sig ner | Och visst bor det ett skrik någonstans i ditt lugna, tysta liv | En vild fantasi som dränks i lådvinsnostalgi | Att ta ut, att ta in i någonting nytt",1WBeZmxIZ1w6gxrcxpOKz0
Balladen om K,Björn Afzelius,1,i,"ner, ut",Så vi satt i vår lägenhet | Gick runt i min bur | Jag levde i skräck | Ett halvår i sträck | Och jag ville ju bara va i gång | Så en dag i april | En spillra i stormande sjö | Man får sove sej in i himmelen,2yrCYBxv621YlsJeYtWGcu
Millioner rosor,Arja Saijonmaa,1,i,långt,Kärlek i tidiga år | Dofter i vinden som kärleken stundom gör | Sätter min längtan i glöd | Guld i mitt hjärta den är | Dofter i vinden som kärleken stundom gör | Dofter i vinden som kärleken stundom gör,2CKjd92ZWuPUdoj2yga4w7
Springa,Ane Brun,1,i,"upp, fram","Genom döden in i livet | Genom mörkret in i ljuset | Passa på att leva, stå mitt i det | Genom döden in i livet | Genom mörkret in i ljuset | Genom döden in i livet | Genom mörkret in i ljuset | Över gapet, in i faran | Genom döden in i livet | Genom mörkret in i ljuset | Genom döden in i livet | Genom döden in i livet",6pi2mFYsZhaKcDRwfoc5Kp
Berget,Dina Ögon,1,i,"upp, ut, under",Men i början av slutet | Men i början av slutet | Men i början av slutet | Men i början av slutet,7gdRvpMZATkoCadNtNDZyH
Du tappa dä,Dina Ögon,1,i,ut,"Åh du tror att det lätt, hugga i och dra | Händerna rörde sig i sidled | Åh du tror att det lätt, hugga i och dra | Händerna rörde sig i sidled",2i7HYPaJBVefvd6OwQ2rD2
Stockholmsserenad,Adolphson  Falk,1,i,"upp, ut, under","I Stockholm, i en Stockholmsserenad | I Stockholm, i en stockholmsserenad | I Stockholm, i en Stockholmsserenad | I Stockholm, i en stockholmsserenad | Innan Jonny står i sin datacentral | I Stockholm, i en Stockholmsserenad | I Stockholm, i en stockholmsserenad | I Stockholm, i en Stockholmsserenad | I Stockholm, i en stockholmsserenad | I Stockholm, i en Stockholmsserenad | I Stockholm, i en stockholmsserenad",2YOZEiaJ8714ZvGRfRD89X
Idag,Daniel Ögren,2,"fram, under",i,"Om det ska fram så kommer det fram | Började i hörnen, rörde sig längs väggen ända fram | Om det ska fram så kommer det fram | Ingenting får glömmas eller gömmas under locken eller lämnas till nån annan | Ingenting får glömmas eller gömmas under locken eller lämnas till nån annan | Ingenting får glömmas eller gömmas under locken eller lämnas till nån annan | Ingenting får glömmas eller gömmas under locken eller lämnas till nån annan",2icKiQsAWwLwR1siV6moaJ
Samlar minnen,LEVIAL,2,"upp, i",,"Häller upp en drink o de sveper några shots | Låt mig visa änglar, vill visa upp min värld | Låt mig vibea runt, låt mig leva upp det här | Eyo fyra fingrar upp för det kommer att gå bra | Catch me if you can, vi rullar i en sport | 2 step när vi softar där i Cali | Flashbacks trådarna brinner men jag skiter i | Här, i min värld, ingenting är gratis och vi alla lär | Så jag dansar in i dimman vill att kroppen domnar av | Att sitta kvar på samma plats i flera år",6DD23w3H7YHrxZFYHMB6l4
När jag ser dig,Hov1,1,i,"låg, ut","Så jag ser dig i nån annan när jag dansar ikväll | Bra kvällar, sent i Högalid | När jag såg dig i nytt motiv | Din doft, den sitter i mig | Är vänner som vi haft från ett liv i en annan tid | Att man älskar nån annan som man lämnat när allt stod i brand? | Så jag ser dig i nån annan när jag dansar ikväll | Du kan gråta i din jacka jag klippte på Nitty Gritty | Så jag ser dig i nån annan när jag dansar ikväll",5WBaMuA6gMy90SZXyS4Yz0
Dina skor,Alex Järvi,1,i,,Som du lämnade i hallen när du drog från mig | Och jag skiter i vem då för bara du kan få mig falla | Som du lämnade i hallen när du drog från mig | Som du lämnade i hallen när du drog från mig | Som du lämnade i hallen när du drog från mig,5TLLem07XrAMY8Oc58Zfqs
Tokken,Hov1,1,i,"upp, långt","De vill äta upp min själ mеn gå på fest i min loge | Kors i taket, vi kan snacka konton, Noel flowade | Boss life, sitter och rattar i en Ferrari | Boss life, sitter och rattar i en Mercedes",0ke6TRt2S3KTOFZzRUXtH7
Tavla utan ram,Simon Forslund,1,i,fram,Så den hamnade i skrivbordslådan | Men nu ser jag penseln i din hand | Och du är i vinden som bär mig fram | Du är i solen på min arm | Men vi håller i varann | Står i fönstret som du en dag öppna | Men nu ser jag penseln i din hand | Och du är i vinden som bär mig fram | Du är i solen på min arm | Men vi håller i varann | Men håller ändå alltid i varann,1Lsf2rUzd5H6YbDmnGWvqy
Kommer Över Dig,Elov  Beny,1,i,,Men slutet är början på början på slutet och ljuset i tunneln är senare nätter på krogtoaletten med tjejer med piercing i läppen | Viskar stönar i mitt öra | Ohhhh woaow och jag skiter i konsekvenserna | Ohhhh woaow och jag skiter i konsekvenserna inatt,30NxHMhXWJMNU0bRodamDK
Höga klackar  O2H remix,Mares,1,framåt,i,"Du vill framåt, men du faller | Du vill framåt, men du backar | Du vill framåt, men du faller | Du vill framåt, men du backar",1dfp2EhrvsFLg75lS2ibm9
Eld  lågor,Victor Leksell,1,i,låg,Din silhuett i horisont | Mina tårar bara brinner i mig | Du dansa in i min famn? | Du dansa in i min famn? | Du dansa in i min famn?,5etlUg6yiQ8565mdyrWUiP
Blå,Hov1,2,"långt, i","upp, vänster, höger, norr, nära","Och jag ska gå så långt det går | Och jag ska gå så långt det går | Och vi ska gå så långt det går | Och jag ska gå så långt det går | För att få vinna dig i— | För dig så har jag sprungit runt i lera, stått i regnet och jonglerat | För att få vinna dig i— | Från fjällen upp i norr till Rosengård | För att få vinna dig i— | Vi kommer från Manchеster och Italien, men i norr | Inga pengar här i världen får mig lämna mi amor | Vi kommer ifrån landet upp i Norden som har glömts bort utav solen | Men vårt hjärta, det hör hemma i norr | Det spelar ingen roll vart vinden vänder, inget solljus i december | Och om ni står i vägen kör vi över er",0hel3UahHwK9SfUF85M1WK
Sexcigg,Lovet,1,i,"vänster, höger, låg","Yeah, airpods i, o vilket flow (Woo!) | Möter boysen i TC, ey, vill att du ska vara här med | Kastar tröjan och glider i sommaren | Ska jag va ärlig, det kittlar i magen | Solen i ryggen, jag cyklar i staden | Tänk o va nykär, jordgubbar och en filt i en mysvärld | Det pirrar i kroppen om du undrade | Jag kastar ett frö i ditt hjärta med hopp om det bästa",4GWDWSQiMOVVOFoMSgmids
Neon,Hov1,1,i,"upp, hög, ut","Jag var där i Paris när jag såg dig | Ey, har en spliff i min loftgång | Hon vill dansa i neon, hon vill slänga med sitt hår | Hon vill dansa i neon med nån ny nu | Hon vill dansa i neon, hon vill dansa i neon | Hon vill dansa i neon med nån ny nu | Det är som om hon är född i neon | Jag borde tänka på miljön, har rest för mycket i år | Vi ses väl nån gång och dansar i New York eller nåt | Och jag låtsas ha tjej för att inte vara i vägen | Jag dansar i neon och där är du igen | Dyker alltid upp i slutet på varenda fest | Du stirrar in i mina ögon i lokalen | Jag var där i Paris när jag såg dig, borde hälsat då",3ohk7UW328iwdvQLz9sxCv
Ma chérie,Hov1,1,i,ut,"Men jag är hemma i betong, så jag har väntat på dig | Och där är du igen, du står i öppningen och håller i den biljett jag rev för längesen | Det står ""svindlare"" i passet på mitt efternamn | Jag har en cigg nu bakom örat och en flaska i min högra hand | Så jag kan hålla i din hand om det blir vi igen | För varje hållplats i mitt liv är en bit ifrån dig | Skymtar dig i en sekund vid varenda grå perrong | Och rosta bort i evighet som ingenting hänt",102vyskJwrkuJy9tlCLD25
Barn av vår tid,Hov1,3,"upp, i, ut","vänster, låg","Min kompis är förlorad, han har snortat upp en årslön | Så vakna han upp varje torsdag utan— | Jag kanske skjuter upp en skola eller tar jag mitt liv | Ingen vill ju upp men jobb är inte valfritt | Ingen vill ge upp men ingen som vill jobba | Några bor i stan men de kallar det för trakten | Dricker bara rent, ingen mjölk i mitt kaffe | Kysst varenda tjej snart i Stockholm som är vackеr | Var att bo i andra hand mitt enda alternativ | För att hugga dig i ryggen sen | Alla skriver ""Horungebarn"" i sitt CV | Någon köper sex och han gråter ut i TV | Och jag skiter i det ni kallar koldioxid | Alla vill bo stort men inte stort i Bagis | Ingen vill gå in om de måste stå i kö | Så i samarbete med varenda jävel som ni känner | Sitter i direktsändning, pratar ut med torskar | Killarna gör gang signs fast de bor i Bromma | Kan knappt gå ut, måste se mig över axeln | Och varje onsdag gick han ut och då med säkerhet | Någon köper sex och han gråter ut i TV | De talar ut om det och plötsligt får de bokkontrakt | Sitter i direktsändning, pratar ut med torskar | Den här går ut till Sverige, välkommen till Stockholm",5YIMEJOJYmHaeZ0x4qAZjI
Jag kommer  Mash Up International Remix,Veronica Maggio,1,i,ut,"I taxin, i trappen, i hissen, i hallen, jag faller, faller | Reser mig, hon kollar RnB i Vaken | Du vill komma i min mun | Skriker för högt i ditt gamla flickrum | I taxin, i trappen, i hissen, i hallen, jag faller, faller | I taxin, i trappen, i hissen, i hallen, jag faller, faller | I taxin, i trappen, i hissen, i hallen, jag faller, faller | I taxin, i trappen, i hissen, i hallen, jag faller, faller",1c4ZMVziaCtUll3h71NasA
Afterwork,Bolaget,1,upp,"ner, låg, i, ut","(Kanske så det ska upp på en afterwork) | Vaknar upp sen, laddar om igen | (Kanske så det ska upp på en afterwork) | (Kanske så det ska upp på en afterwork)",0m6S7gcwMuLI2r0PXkgoYy
Smokebreak,Hov1,1,i,"upp, ut","Det är samma tid, samma plats i min trappuppgång | Och vårt tal, det var skit, satte Sverige i brand | Tio-tiotusen meter går vi upp i luften | Jag är president i tiotusenmetersklubben | Enda sättet som de tar mig är i ambulans",0fS7SRHFHU0gItNj0gqRK9
Våra vackra dar,Hov1,1,i,"upp, ut","Planerar mina resor in i minsta detalj | Och jag har tappat bort mig själv i alla stereotyper | Och jag låtsas att jag vet men vi bor i en | Vi smög i tunneln, ah | Det står skrivet i himlen med hans ord (Eh) | Skrev haikus, handla om tiden i high school, ey | Har fångat mig i ögonblicken",3qqZaP3TSW6Rn8rwTBUKIn
Dagen efter,Tjuvjakt,1,i,upp,"Och jag vinglar in i rummet med en galen guzz | Men som springer hem ruffs i håret där mitt i natten | Het ikväll, imorgon nyskild men ligger i min egna med morgonrock och en blykepa | Vi brukar stå i baren ta varannan och dansa till låtar som aldrig nånsin blir gamla",77sD8F6Wj8b6rUBj2mueU8
Hit the club,Hov1,1,ut,"nära, i","Kompis hon är IMG, hon ser skön ut | Hon vill ut och dansa, rulla med en thug | Hon vill ut och dansa, rulla med en thug | När jag kommer dit ska han ta mig ut på sightseeing | Hon vill ut och dansa, rulla med en thug",7aEoH0aL6hQEgRFwRb6fXb
Mitten av september,Hov1,1,i,mitten,"Om det nånstans bottnar i att du faktiskt är rädd | Men varje gång jag somnar är jag ensammast i världen | Om det nånstans bottnar i att du faktiskt är rädd | Och vi står i sista scenen nu, finns inget jag inte sagt förut | Och den tog med sig allt det fina som jag såg i din själ | Om det nånstans bottnar i att du faktiskt är rädd",7jjLKYImKi4sXsvPKwLoRq
Kära mamma,Hov1,1,i,"upp, ut","Så de fick värma sig i varenda trapp | Och du har ingen konkurrens i mitt hjärta | Finns plats för dig och kärlek som jag fick i ditt hem | Du hade rektorns nummer inlagt för jag hamna i bråk | Vad är vackert i perfekt, nej vi var aldrig som nån | Förlåt, jag sätter dig i centrum och det hatar du | Så de fick värma sig i varenda trapp | Varenda port som vi har värmt oss i | Varje port som vi har värmt oss i | Fattar nu i efterhand att du var allt jag ville ha | Så de fick värma sig i varenda trapp",2v9sTeANiy5mh60M9Ne77Q
Postcard,Eric Saade,2,"i, under",,"Tanken den var fin men i praktiken var det katastrof | På ett Eiffeltorn i Paris (i Paris) | Minns när vi drog från en efterfest yeah, och hamna i ett annat land | På ett Eiffeltorn i Paris | Tog ett kort under bar sommartid | Tog ett kort under bar sommartid | Tog ett kort under bar sommartid (tar ett kort under bar sommartid) | Tog ett kort under bar sommartid (ta ett kort ifrån Paris) | Tog ett kort under bar sommartid (tar ett kort under bar sommartid)",0kdeQQQxOxN4Vobt53XsEW
MATADOR,Sarettii,2,"upp, i",,"Om du inte tror på mig att jag är där på riktigt, snälla, snälla, snälla ba dyk upp | Rulla upp den, låt den (Pah, pah, pah, pah) | Rulla upp den, låt den (Pah, pah, pah, pah) | Den femte, tumme upp till youngins, dags att gå kö' skit | Med min broder i en no-go, popo kommer rappa på | Om du steppar runt i GBG city, closе your eyes | Nån är redo för att hamna i klistret | För rätt summa, in i garaget och hämta en trumma | Till folket har fått nog och det blir stress i hans gård | Med min broder i en no-go, popo kommer rappa på",64s0ZmTEwVhztlrEP6Xt9J
Mandy Moore,Hov1,1,i,ut,Och du kan catcha mig i sängen gör bara grejer som hon älskar nu | Älskar det stökiga i våran cell | Som blodet jag blöder det droppar i timmar ibland | Jag kan köpa dig rosor i plast | Så catcha mig i sängen gör bara grejer som hon älskar nu | Min första kyss i regnet,2vD1hN8Oxqfh4umefOVIqP
Svart sommar,Veronica Maggio,1,i,,"Händerna håller hårt i räcket | Vi kommer minnas allt i färg | Vi kommer minnas allt i färg | Vi kommer minnas allt i färg, efteråt | Vi kommer minnas allt i färg | Vi kommer minnas allt i färg, efteråt",3ipcu1diTYgtTCO7IBu9os
Asteroid,Lovet,1,i,,"Exploderar i extas som en granat | Sa du ville älska, doggystyle i himmelen | Vi tar en tur i kärran och lyssnar på Sheeran | Säg Sofie, kom du hit i en asteroid? | Men jag har drömt om dig i år | Säg Sofie, kom du hit i en asteroid? | Jag lovar, fjärilarna lyfter mig i tårna | Jag ser oss vara tillsammans i det blåa | Säg Sofie, kom du hit i en asteroid? | Säg Sofie, kom du hit i en asteroid?",1S6DSE6xXdlAUT52z1bk1n
Pari,Hov1,1,i,ut,"Ska vi åka taxi hela natten ut i Stockholm | Fashion week här i London (Woo!) | Fashion week här i London (Woo!) | Vi är i en annan zone | Köper drinkar så vi synkar, bar i sängen, har du tid? | Vilken radiotid i sängen, baby, låt oss göra film | Flyg från Stockholm via London sen semester i Paris | Sen semester i Paris | Nu ringer dom mig mitt i natten | Fashion week här i London (Woo!) | Vi är i en annan zone",4cLVqhNOTUavKjorcU4TqN
Det stora röda huset,Benjamin Ingrosso,1,i,"ner, ut","Sommarns alla färger, dom finns kvar i mig | Aj jag ser, nu ramlar du med cykeln, rakt i nässlor som bränns | Ta nu i, och sjung ut allt du tänker och lev i din fantasi",7HMjYD6vVNaHpHPQGR2W63
Flickan på min gata,Benjamin Ingrosso,1,i,"ner, ut","Och varsamt ta din hand i min | Hon kan sitta där i timmar | Så får jag aldrig ta din hand i min, mmm | Så kanske hon vill ta sin hand i min, mmm",5YD98iiTp0pT29M3iFDk7J
Långsamt farväl,Benjamin Ingrosso,1,i,,När jag ser dig i ögonen så säger de | Med nån annan i din hand | När jag ser dig i ögonen så sägеr de | När jag ser dig i ögonen så säger de,1hZENos4Dryrp0P4icM9kT
FUCK MITT EKS,LOAM,1,i,ner,Du kan dunka huvudet i en vägg enda tills du blir sne | Men jag hade också kokat om jag gick i dina skor | Du kan dunka huvudet i en vägg enda tills du blir snе | Men jag hade också kokat om jag gick i dina skor | Du kan dunka huvudet i en vägg enda tills du blir sne | Du kan dunka huvudet i en vägg enda tills du blir sne,0IgvbLS4DCkEe7DaaB0azl
LEV MED MIG,SVM,2,"upp, i","ner, långt, ut","Häller upp en till, skapa liv i natt | Lev med mig när ja fuckar upp | Ja fuckar upp Ja fuckar upp | Lev med mig när ja fuckar upp | Ja fuckar upp Ja fuckar upp | När ja fuckar upp | Står du upp för mig när de går, går, går, går ner? | Lev med mig när ja fuckar upp | Ja fuckar upp | Ja fuckar upp | Lev med mig när ja fuckar upp | Ja fuckar upp | Ja fuckar upp | När ja fuckar upp | När jag fuckar upp | När ja fuckar upp | Häller upp en till, skapa liv i natt | Andra tar det lätt, det gör hål i mig, hål i mig | Å tigger ingen hand i kväll | Isbit i mitt bröst | Ja ser nåt annat i dig yeah",0FFmOv2xAdQHU9JR66hIze
NotreDame,Mares,1,i,,"Evighet tillsammans, när jag springer i min dröm | Tacoma Bridge i resonans (I resonans) (Hey) | Tacoma Bridge i resonans (I resonans) (Hey) | Tacoma Bridge i resonans (I resonans) (Hey) | Tacoma Bridge i resonans (I resonans) (Hey) | Tacoma Bridge i resonans (i resonans) | Tacoma Bridge i resonans (i resonans)",10pQM8gBw9gpzDJz05jlHQ
Fri,Mares,1,ute,,Att tiden snart är ute fast du ännu ej levt | Att tiden snart är ute fast du ännu ej levt | Att tiden snart är ute fast du ännu ej levt | Att tiden snart är ute fast du ännu ej levt,2C7ZrtqafoU0jTYpoT1pap
Judy min vän,Benjamin Ingrosso,1,i,ner,"Judy, min vän, du säger knappt nånting i telefon | Men det fanns en dröm; jag målade i färger | Men drömmar går i kras; vi hade våra dar | Men det fanns еn dröm; jag målade i färger",5flLqSnIXqIPWXdbzNlwf1
FCK MINA OPPS,25,1,i,,"Riskera två år om de söker i min bralla | Riskera två år om de söker i min bralla (Boom, pow) | Riskera två år om de söker i min bralla | Riskera två år om de söker i min bralla | Riskera två år om de söker i min bralla | Riskera två år om de söker i min bralla (Boom, pow)",02g6wZQZ0cByIqVgjSHBzy
Hiphop N RnB,Yasin,1,i,"upp, ut","Jag vet att de drar i dig, men du valde att dra i mig (Yeah, yeah) | Jag vet att de drar i dig, men du valde att dra i mig (Oh yeah) | Jag vet att de drar i dig, men du valde att dra i mig | Men du gör det svårt för mig att hålla händerna i styr | Du ser alldeles för bra ut i din klänning | Jag vet att de drar i dig, men du valde att dra i mig (Yeah, yeah) | Jag vet att de drar i dig, men du valde att dra i mig (Oh yeah) | Jag vet att de drar i dig, men du valde att dra i mig (Oh yeah) | Jag vet att de drar i dig, men du valde att dra i mig (Yeah, yeah) | Jag vet att de drar i dig, men du valde att dra i mig (Oh yeah) | Jag vet att de drar i dig, men du valde att dra i mig (Oh yeah)",5bx4stZRInFwFz40fHDa7h
Där jag hänger min hatt,Norlie  KKV,1,i,,"Men mina vänner säger, ""Stopp, stopp håll i hatten"" | Vi båda gick hand i hand | Du hade pluggat i Amsterdam | Du rullade en spliff och satt i famnen på mig | Men mina vänner säger, ""Stopp, stopp håll i hatten"" | Men mina vänner säger, ""Stopp, stopp håll i hatten""",0ix0QiT745Gyqo06J75hWs
Hjärtslag,Hov1,1,i,låg,"Svarta kläder, du var svart i själen, jag ser svart i dina ögon | Jag är ingen ängel men är bra i sängen så du ber för mig ändå | Men i min skalle är du fucking Kim K",09n5FTXMxUhK1SRtaFc7A8
Älskling,Hov1,1,i,nära,Och alla andra som jag träffat förblir en i mängden | En ängel i mörkret som snuddar min axel | Jag vill bara stanna här i en minut | Jag tror jag börjar gilla han i spegeln nu | Så förena dig med mig i dessa dova ljus | En ängel i mörkret som ler när hon pratar,1xfpESQg5gIB4nCoG022Wh
Vindar på Mars,Hov1,1,i,"upp, ut","Har letat efter dig i varje bar, varje sommar, varje stad jag besöker ibland | Så många nätter jag har funnit mig i ditt kvarter | Och varje dörr jag snubblat in i bär ditt efternamn | Jag sitter ensam på Mars, har gjort i flera år | Har letat efter dig i varje bar, varje sommar, varje stad jag besöker ibland | Vill leka mamma, pappa, barn i denna fuckade värld | Och jag ska hålla i ditt hår om du vill spy på nån gård | Har letat efter dig i varje bar, varje sommar, varje stad jag besöker ibland | Om jag hittar våra namn i samma träd, vid samma bar | Jag står i ögat av stormen och allt jag ser är du | Har letat efter dig i varje bar, varje sommar, varje stad jag besöker ibland",1OZaXbFDU6QxtyaD6elsKs
Två steg från helvetet,Hov1,3,"upp, ner, i","låg, nära",Och vi sa: aldrig ska vi ge upp | Aldrig ska vi ge upp | Och vi sa: aldrig ska vi ge upp | Aldrig ska vi ge upp | Och lågan har brunnit ner | Och himlen har fallit ner | Och lågan har brunnit ner | Och himlen har fallit ner | Och du vill gå i spillror | Ser du nånting i mig | Ser du nånting i mig | Jag vill va vinden i ditt hår | Ser du nånting i mig | Ser du nånting i mig | Och jag hoppas att du ser nånting i mig | Och du vill gå i spillror,2Rnovc1XuaXP1yc7X1AqbK
Ge upp igen,Miriam Bryant,1,i,"upp, nära, långt, ut, under","Jag har förlorat mig i dig | Jag har förlorat mig i dig | Djävulen i Louis Vuitton, hon kysser mig på franska | Jag spelar in i studion tills jag tappar rösten | Munnen har en kassa, deras lögner står i kö | Du vet vad som sägs om det som göms i snö | Fin på utsidorna men väldigt ful i munnen | Hon blev kär i den fula ankungen | Jag har förlorat mig i dig | Han växte upp i en tuff klimat | Han växte upp i en tuff klimat | Förlorat mig i dig",5IONrCRMaQomlgoKpIoI8O
Räkna dagar,Hov1,1,i,"upp, ner, nära, ut, under",Brukar sjunga kör i Maria Magdalena | Och gå på stranden med någon vacker där i handen | Bara hittat vänner i de vänner som jag haft | Jag och mina grabbar i Maria Magdalena,7GWtRLE1ZeFat9k9iauEef
Bara om jag känner för det,Yasin,2,"upp, i",under,"Högst upp i hotellet, jag röker värsta kushen | Om jag känner för det, jag bjuder upp henne till rummet | Högst upp i hotellet, jag röker värsta kushen | Om jag känner för det, jag bjuder upp henne till rummet | Om jag känner för det, jag meckar upp en till | Om jag känner för det, bartendern häller upp en till | Högst upp i hotellet, jag röker värsta kushen | Om jag känner för det, jag bjuder upp henne till rummet | Jag stackar mina pengar för att slänga dem i luften | Högst upp i hotellet, jag röker värsta kushen | Jag har fullt med pengar i min ficka (Cash) | Jag stackar mina pengar för att slänga dem i luften | Högst upp i hotellet, jag röker värsta kushen | Jag stackar mina pengar för att slänga dem i luften | Högst upp i hotellet, jag röker värsta kushen",6O4LH1iTTZSeVujl8TzydH
Stanna kvar feat Julia Lov,Oscar Ahlgren,1,i,"ut, under",Står utanför ditt fönster klockan kvart i fem | Första kyssen mitt i regnet under månljus | Och vi kan sitta i din bil och bara köra tills vi inte har bensin | Jag gick förbi ditt fönster klockan kvart i fem | Sitter du och gråter i ditt mörka rum?,61HKBFPd1HSXbUMIXS1Ljv
Sena nätter tomma glas feat Veronica Maggio,Ison  Fille,1,upp,"i, ut","Jag skjuter upp problemet för ett tag | Hela kvällen vi tänder vänner så att röken åker upp | Alla händer måste upp, Alla händer måste upp | (Hela kvällen vi gendish vännen, tills botten åker upp) | (Botten måste upp, hajde broshan botten upp)",6oBAcy7m0amy7KUD5uRLWw
Vill inte ha dig,Hov1,1,i,"upp, låg, mitten, ut, under",Vi viker på mitten och kastar iväg och vi ser hur det flyger i natten | För att änglarna gråter i kör | De brukade lysa i natten | Och igår låg en främling i våran säng,291FQ6qTl1k3OkYm8NJkZg
Tjuvheder,Hov1,1,i,"upp, vänster, inne","Sitter här i köket, kokar upp ett långkok | Alla era jobb går i arv från en förälder | Jag har ingen back-up, bara i min hårddisk | Jag och Noel hade kunnat vinna i På spåret",7p9Z1ynUiwOZYkQR82YK6v
G63,CGambino,1,i,"upp, ner, nära, långt, ut","Vi glider runt i en G63, Tour de France | Växte upp i en ghettostad | Snurrar runt i en ghetto car | Vi glider runt i en G63, Tour de France | Växte upp i en ghettostad | Snurrar runt i en ghetto car | Vi glider runt i en G63, Tour de France",3pBTElvw1OK7pDDI3MR4qC
Har Dig,Yasin,2,"långt, i",upp,"Inte långt kvar tills jag kommer hem | Inte långt kvar tills jag kommer hem | Inte långt kvar tills jag kommer hem | Inte långt kvar tills jag kommer hem | Inte långt kvar tills jag kommer hem | Inte långt kvar tills jag kommer hem | Inte långt kvar tills jag kommer hem | Inte långt kvar tills jag kommer hem | Men om jag kör ikväll vi kommer krocka i träd | Fast i en loop, om och om igen | Jag är fast i en loop, om och om igen | Men om jag kör ikväll vi kommer krocka i träd | Fast i en loop, om och om igen | Jag är fast i en loop, om och om igen | Vi tar inga samtal i natt, det är telefonförbud | Men om jag kör ikväll vi kommer krocka i träd | Fast i en loop, om och om igen | Jag är fast i en loop, om och om igen | Jag är fast i en loop, om och om igen | Jag är fast i en loop, om och om igen",4FGvRqZ1pPaflN2jjLBMB9
Rigatoni,Hov1,1,i,upp,"Tjugofyra timmar i en cell, jag satt och grät | Ni hittar mig i baren med Quentin på Sundance | Och jag tänkte lägga av, kasta pennan i en vrå | Och hon har en kniv i munnen som en pirat eller bandit | Så hon hugger mig i ryggen så som vackra kvinnor gör",6Pj5RRNZlLA7fFMtPThgyJ
Hädanefter,Veronica Maggio,1,i,,I radioprogrammet Musikguiden i P3: Osignat… Read More [Vers 1] | Jag kan göra vad som helst för dig i världen | Jag ska lägga mig i tid för dig | Börja gå i terapi för dig,20eB0hhLoBykHXsnnyYhxE
Aqua Aura,Fricky,1,i,"upp, norr","Jag har lutat utmed berg i flera år | Aqua Aura i min sfär som en auror | Nya människor i mitt liv, på min telefon (Ring) | Hade ba puckar i min glob (Oja), yeah | Sen jag fick Aqua i mitt liv (Yeah), nu jag står på scen | Nu de frågar om mitt liv och vad som i det | Aqua Aura i min sfär som en auror | Nya människor i mitt liv, på min telefon (Ring) | Brukar bruka allt som växer upp i norr (Allt) | Nya människor i mitt liv, men det c'est la vie (Bye bye), ooh, ah | Men de undrar hur det går i alla fall | Aqua Aura i min sfär som en auror | Nya människor i mitt liv, på min telefon (Ring)",468ooECb1oRgt4gGfLeAoH
Se på mig nu,Medina,2,"upp, i",ner,"Hon var djävulen själv, så jag lekte med eld. Hon brände mig till och med kläderna på mig har smält. Jag skulle gjort vad som helst för dig men du lurade mig upp och ner när du sa jag älskar dig | För jag ska resa mig ur aska, upp från mina knän | För jag ska resa mig ur aska, upp från mina knän | För jag ska resa mig ur aska, upp från mina knän | Som en fluga fastnat i ditt nät och du var spindeln | Värsta superman, jag krossar allt i min väg | Som en fluga fastnat i ditt när och du var spindeln | Värsta superman, jag krossar allt i min väg | Jag störta ner i djupet när du lämna mig | Som en fluga fastnat i ditt nät och du var spindeln | Värsta superman, jag krossar allt i min väg",1c3RPquwmsQAJKWrWUkl6m
Drip,Ant Wan,1,i,"ner, under","Du kan inte vara i min zon (Mhm) | Jag la tabben i din mun och sen i bagen, ah | Min broder la dahab i big bags (Ey) | Du kan inte vara i min zon (Mhm) | Kulorna i magget, de är DD | Jag är bäst i landet och ni alla vet det (Yeah)",1FnR4tCrLOcUaYu3JbyAEx
17,ADAAM,2,"upp, i",,"Det var 17 år, 17 år i staden där jag växte upp och så | Sa det var 17 år, 17 år i staden där jag växte upp och så | Ey, när jag kom upp med Barre | Det var 17 år, 17 år i staden där jag växte upp och så | Sa de var 17 år, 17 år i staden där jag växte upp och så | När jag var 13 år, vi såg upp till kranen, alla ville steppa så | Jag var 17 år, 17 år i staden där jag växte upp och så | Sa de var 17 år, 17 år i staden där jag växte upp och så | Det var 17 år, 17 år i staden där jag växte upp och så | Sa det var 17 år, 17 år i staden där jag växte upp och så | Vad ska du göra i ruschen, bramme? | Men jag svär vi äter gott där i den | Det var 17 år, 17 år i staden där jag växte upp och så | Sa de var 17 år, 17 år i staden där jag växte upp och så | Jag var 17 år, 17 år i staden där jag växte upp och så | Sa de var 17 år, 17 år i staden där jag växte upp och så",0Apl0ndMj1fWIY6rnD7gnY
Grät,Hov1,1,i,"upp, ner, ut",Men de skulle aldrig slita mig i hundra delar | Alldeles för många nummer nu i telefonen | Jag ångrar mycket i mitt liv men aldrig att jag träffat dig | Jag ångrar mycket i mitt liv men aldrig att jag träffat dig | Vi pratade ett tag och i en sekund var allting vanligt men | Jag ångrar mycket i mitt liv men aldrig att jag träffat dig,1VJBnmHm3gUyJnPKetgC3j
Dum av dig,Daniel AdamsRay,1,i,,"Sprickor blev hål i fasaden | Håll i mig och släpp aldrig taget | Svartskalle, stoltast i staden | Du är inte en i mängden, men jag är en utav dem få",29bOAzAR0Ev2UVSa9rkyts
Hur mycket pengar vill du ha,Hov1,1,i,"upp, långt","Hur många ikoner får plats i ett rum? | Vi sitter i studion och jobbar på skisser | Jobba i studion nån gång sjuttio-sju | Rollen på armen och stjärnor i taket | Bror, mina hatare pundar i cеntrum | Om jag nånsin pundar, jag gör det i stan | Så slutet blir bättre i sagan, bap-bap | Jag har förlorat mig själv i min spegelbild | Åker iväg i DeLorean-bilen | Min kompis han gjorde en mille i år",0F5L21B9FbT2Y9AM2OnCgE
Svartsjuk,Hov1,2,"i, ut",upp,"Hon är inte blyg så nu knullar vi i dagsljus | Ögon så blå att hon drunknar i min charm nu | Men kolla på dig i spegeln och säg mig nu vad du ser? | Hon är inte blyg så nu knullar vi i dagsljus | Ögon så blå att hon drunknar i min charm nu | Händerna mot dörren när jag tar dig i min hall nu | Hey, så hon rider mig i dagsljus | Och din rygg mot min höft när du kommer i år | Hon är inte blyg så nu knullar vi i dagsljus | Ögon så blå att hon drunknar i min charm nu | Händerna mot dörren när jag tar dig i min hall nu | Hey, så hon rider mig i dagsljus | Försöker lista ut vad du ser hos mig | Har du sett hur du ser ut? | Har du sett hur du ser ut? | Har du sett hur du ser ut?",3zYkiaVV22ZjeZPS1YrFRa
SVAG,MIGI,1,i,"upp, ner","Jag har redan börjat skissa på livet som vi ska leva i förväg | Ey, du vill att jag går, men står i min väg | Kolla dig i ögonen, han skulle inte våga | Det var ba i din kropp han var kär | Ey, du vill att jag går, men står i min väg",4ONPQrk76tFwINmmnDVUTS
Hur Kan Du Säga Saker,Hov1,1,i,"ner, under","Va fuck menar du spel? Va finns i din skalle? | Du skiter i mig och du skiter i allt | Som vi sa, som vi skrivit i texterna | Som vi sa, som vi skrivit i texterna | Finns du typ ens i mitt liv? | Som vi sa, som vi skrivit i texterna | Som vi sa, som vi skrivit i texterna",1cxUcd6YEtyjvQXV9l9GXq
Salut,Mapei,1,ut,"upp, i",Jag har stått ut | Vi skålar livet ut | Jag har stått ut | Vi skålar livet ut | Jag har stått ut | Vi skålar livet ut | Jag har stått ut | Vi skålar livet ut,3kUWzhuTmwA5Y8vzFDLyEy
JA HOPPAS,LOAM,2,"ner, i",,"Att du halkar på din cykel och kör rakt ner i en sjö | Att du halkar på din cykel och kör rakt ner i en sjö | Att du halkar på din cykel och kör rakt ner i en sjö | Att du halkar på din cykel och kör rakt ner i en sjö | Jag hoppas att du klämmer fingret i en dörr | Att du halkar på din cykel och kör rakt ner i en sjö | Jag hoppas att du klämmer fingret i en dörr | Att du halkar på din cykel och kör rakt ner i en sjö | Jag hoppas att du klämmer fingret i en dörr | Att du halkar på din cykel och kör rakt ner i en sjö | Jag hoppas att du klämmer fingret i en dörr | Att du halkar på din cykel och kör rakt ner i en sjö | Spelar ingen roll om man har varit tillsammans i två veckor eller tjugo år, man kan göra slut när man vill, asså på riktigt",367OEGavo6GRpELfLi4QQB
BUBBEL PÅ BALKONGEN,Elov  Beny,1,ut,i,Men jag ville bara ut å ströga | Men jag ville bara ut å ströga | Men jag ville bara ut å ströga | Men jag ville bara ut å ströga | Ville bara ut å ströga | Men jag ville bara ut å ströga | Men jag ville bara ut å ströga,1RwQZNgaXl01krZHuSUlE8
Varför väntade du till sommaren,noll2,1,i,låg,Hon får fria drinkar nu i baren | Ändå så låg du där i hennes famn | Hon får fria drinkar nu i baren | Hon får fria drinkar nu i baren,3QvHp2UMWG31LBxXdaMH3N
Shuffla,Samir  Viktor,1,i,"norr, söder",Dansa in i gryningen | Och vi ska komma in i trans | Dansa in i gryningen | Och vi ska komma in i trans | Ha is i magen inga stunder får försakas,3bnS9O5Q9Zn9MD4Z3zDV62
Hela världen väntar,Samir  Viktor,1,i,,Till hjärtan som klappar i vår takt | Din hand i min hand | Hjärtan som klappar i vår takt | Din hand i min hand | Din hand i min hand,0KnatBv9CtD7s3LMFfJiAm
PS jag hatar dig,Miriam Bryant,1,i,ut,"En cigg i fönsterblecket, blickar ut | Jag förlora mig i dig | Jag vill känna nåt i en minut | Jag förlora mig i dig",5rJV3q2Z2QIZaJWSfhPt2w
Rosa Luftballong,TRENDEN,1,i,"upp, hög","Har druckit hela kvällen nu så dansar du i min famn, yeah | Du kollar mig i ögonen och frågar om mitt namn, yeah | Jag kan pull up i en rosa luftballong | Så låt mig pull up i en rosa luftballong | Jag kan pull up i en rosa luftballong | Så låt mig pull up i en rosa luftballong | Jag kan pull up i en rosa luftballong | Så låt mig pull up i en rosa luftballong",3ir9NB2KrXbqedTQ2XhoWc
Hela vägen hem,JLC,1,långt,i,"Vi ska visa hela världen, hur långt vi kommer gå | Vi ska visa hela världen, hur långt vi kommer gå | Vi ska visa hela världen, hur långt vi kommer gå (visa hela världen) | Gå (ooh-oh), (hur långt vi kommer gå), vi ska gå (hela vägen nu)",4GzWKYWHvKD3ucyIr9tV3M
Behöver inte dig idag,Clara Klingenström,1,i,,Struntar i alla svar | Styrkan som finns i mig | Att nu va ensam i den kärleksdröm som var | Struntar i alla svar | Styrkan som finns i mig | Struntar i alla svar | Styrkan som finns i mig | Struntar i alla svar,61YmcO62hGjw1RlDHZ0XEg
Saxofuckingfon,Samir  Viktor,1,upp,,Vi laddar upp så hårt det bara går | Vi laddar upp så hårt det bara går | Vi laddar upp så hårt det bara går | Vi laddar upp så hårt det bara går,115wngouCO5AUFjTA4PdRV
Groupie,Samir  Viktor,1,upp,"fram, i",Så ställ er upp | Ställ er upp | Ställ er upp (Ställ er upp) | Ställ er upp (Ställ er upp) | Så ställ er upp (Ställ er upp) | Ställ er upp (Ställ er upp),4ldXgqnQ9jJ1mYRTmg9O9B
Kär  galen,Cleo,3,"upp, i, ut",,"Jag ska upp på taket skrika ut att jag är kär och galen | Jag ska upp på taket skrika ut att jag är kär och galen | Så står du bara där och fuckar upp allting | Jag ska upp på taket skrika ut att jag är kär och galen | Jag ska upp på taket skrika ut att jag är kär och galen | Jag ska upp på taket skrika ut att jag är kär och galen | Jag ska upp på taket skrika ut att jag är kär och galen | Jag chokar när jag ser dig i publiken | Så jag är i sverige, du är kvar på Goa | Jag chokar när jag ser dig i publiken | Jag chokar när jag ser dig i publiken | Jag ska upp på taket skrika ut att jag är kär och galen | Jag ska upp på taket skrika ut att jag är kär och galen | Jag ska upp på taket skrika ut att jag är kär och galen | Jag ska upp på taket skrika ut att jag är kär och galen | Jag ska upp på taket skrika ut att jag är kär och galen | Jag ska upp på taket skrika ut att jag är kär och galen",6Q2gvZICjpceA8gthJJ0b6
Toxic,Ant Wan,1,i,"upp, ute, ut","Mitt i sommarn med en drink vid min pool | Jag vet inte vad de tror, lakk, jag skiter i musiken för min bror | Tänker på dig hela tiden, mitt i klubben och i bilen (Yeah) | Även om det är mitt i vintern, när det mörkt, du lyser | Mitt i sommarn med en drink vid min pool | Jag vet inte vad de tror, lakk, jag skiter i musiken för min bror | Tänker på dig hela tiden, mitt i klubben och i bilen (Yeah) | Även om det är mitt i vintern, när det mörkt, du lyser",3gY0n2okSRYNGF4LP2MTkm
Malaika,Ant Wan,1,i,,"Jag kommer vara där i alla väder, ah | Tappa inte bort dig i min dimma | Sist jag la min lycka i nån annans händer | Jag börja brinna i nån annans bränder | Men jag håller hårt i dig | Hon är huvudkaraktären i min saga | Tappa inte bort dig i min dimma",2fBL23Dd1X2vJASgoJtGe4
Det Kommer Bli Bra,Laleh,1,i,,"Åh, jag är bara en sten i havet | Du är bara en sten i havet | Håll i min hand, vi går till en park | Jag är bara en sten i havet | Du är bara en sten i havet | Jag är bara en sten i havet | Du är bara en sten i havet",1fGhWImpq7OSJvYy1WcfBD
En sista gång,Albin Johnsén,1,i,,"Snacka om plugg i Paris och i London | Jag hade saker på G här i Stockholm | Såg er på Söder i hand med varandra | Kvart i fem nu och alla andra har gått hem | Sommaren, mitt i natten bara jag och du | För att fylla den luckan jag saknas i | Kvart i fem nu och alla andra har gått hem | Sommaren, mitt i natten bara jag och du | Kvart i fem nu och alla andra har gått hem | Kvart i fem nu och alla andra har gått hem | Sommaren, mitt i natten bara jag och du",4V92HLif7YxJMZsKr6eOTX
Bästa var du,estraden,1,i,upp,Eller tänk om vi vaknar i samma säng | Och jag kysser dig i regnet | Och vaknar med en klump i magen | Och jag kysser dig i regnet | Och vaknar med en klump i magen,3LWnJACVdxYtE99W7mwJEr
Vi två,estraden,1,låg,i,Sen vi låg | Sen vi låg | Sen vi låg | (Sen vi låg),4ONzCQ6Bxx60XhRtbxXPQm
Come Give Me Love  Swedish Version,First Aid Kit,1,ner,"långt, i",Och lägg dig ner | Och lägg dig ner | (Kom sänk ditt huvud och lägg dig ner) | Och lägg dig ner,222G3hi6hSEbPYd2pfpLz2
Lova ingenting,Melissa Horn,1,i,,"Det finns en lättnad i att ingen av oss vet | Och varje gång nån frågar hur jag vill att de ska ta i mig | Det finns en sorg i att ingen av oss vet | Lova ingenting, men stanna i mitt liv för jag är vuxen nu",76Z5evC9cgngkdBexGYo1W
Allt för mig,Victor Leksell,1,ner,,"För jag vet om jag faller ner, faller ner | Dom försöker riva ner | För du vet om du faller ner, faller ner",0XPHalNjrJcDJw9DUjrBhV
100,Ana Diaz,1,i,upp,"Där i trappen | Vi skulle hängt med släkt i Finland | De kör rally, är poeter, i teatern, dör dramatiskt | Min morbror fick ett träd i huvet | Mitt i natten",1fx5GVC6CqeEJCEpYKmrce
Timme som minut,Oskar Häggström,1,i,ut,Och varje gång vi står i samma rum så känns varenda timme som minut | När jag ser dig här i sängen bredvid mig | Och varje gång vi står i samma rum så känns varenda timme som minut | Och varje gång vi stod i samma rum så kändes varje timme som minut | För varje gång vi stod i samma rum så kändes varje timme som minut,5olmKzQvyxkjzcP98L9jt8
